solid OpenSCAD_Model
  facet normal 1 -0 0
    outer loop
      vertex -33 -28 3
      vertex -33 -10 0
      vertex -33 -10 3
    endloop
  endfacet
  facet normal 1 0 0
    outer loop
      vertex -33 -10 0
      vertex -33 -28 3
      vertex -33 -28 0
    endloop
  endfacet
  facet normal 0.0653902 -0.99786 0
    outer loop
      vertex -31.2611 -8.01711 0
      vertex -31 -8 3
      vertex -31.2611 -8.01711 3
    endloop
  endfacet
  facet normal 0.0653902 -0.99786 0
    outer loop
      vertex -31 -8 3
      vertex -31.2611 -8.01711 0
      vertex -31 -8 0
    endloop
  endfacet
  facet normal 0.980814 -0.194947 0
    outer loop
      vertex -32.9829 -9.73895 3
      vertex -32.9319 -9.48236 0
      vertex -32.9319 -9.48236 3
    endloop
  endfacet
  facet normal 0.980814 -0.194947 0
    outer loop
      vertex -32.9319 -9.48236 0
      vertex -32.9829 -9.73895 3
      vertex -32.9829 -9.73895 0
    endloop
  endfacet
  facet normal 0.997861 -0.0653646 0
    outer loop
      vertex -33 -10 3
      vertex -32.9829 -9.73895 0
      vertex -32.9829 -9.73895 3
    endloop
  endfacet
  facet normal 0.997861 -0.0653646 0
    outer loop
      vertex -32.9829 -9.73895 0
      vertex -33 -10 3
      vertex -33 -10 0
    endloop
  endfacet
  facet normal -0.0653902 -0.99786 0
    outer loop
      vertex -31 -8 0
      vertex -30.7389 -8.01711 3
      vertex -31 -8 3
    endloop
  endfacet
  facet normal -0.0653902 -0.99786 -0
    outer loop
      vertex -30.7389 -8.01711 3
      vertex -31 -8 0
      vertex -30.7389 -8.01711 0
    endloop
  endfacet
  facet normal 0.896709 0.442621 0
    outer loop
      vertex -32.732 -29 3
      vertex -32.8478 -28.7654 0
      vertex -32.8478 -28.7654 3
    endloop
  endfacet
  facet normal 0.896709 0.442621 0
    outer loop
      vertex -32.8478 -28.7654 0
      vertex -32.732 -29 3
      vertex -32.732 -29 0
    endloop
  endfacet
  facet normal -0.321348 -0.946961 0
    outer loop
      vertex -30.4824 -8.06815 0
      vertex -30.2346 -8.15224 3
      vertex -30.4824 -8.06815 3
    endloop
  endfacet
  facet normal -0.321348 -0.946961 -0
    outer loop
      vertex -30.2346 -8.15224 3
      vertex -30.4824 -8.06815 0
      vertex -30.2346 -8.15224 0
    endloop
  endfacet
  facet normal 0.659343 -0.751842 0
    outer loop
      vertex -32.4142 -8.58579 0
      vertex -32.2175 -8.41329 3
      vertex -32.4142 -8.58579 3
    endloop
  endfacet
  facet normal 0.659343 -0.751842 0
    outer loop
      vertex -32.2175 -8.41329 3
      vertex -32.4142 -8.58579 0
      vertex -32.2175 -8.41329 0
    endloop
  endfacet
  facet normal 0.94695 0.321382 0
    outer loop
      vertex -32.8478 -28.7654 3
      vertex -32.9319 -28.5176 0
      vertex -32.9319 -28.5176 3
    endloop
  endfacet
  facet normal 0.94695 0.321382 0
    outer loop
      vertex -32.9319 -28.5176 0
      vertex -32.8478 -28.7654 3
      vertex -32.8478 -28.7654 0
    endloop
  endfacet
  facet normal -0.19516 -0.980771 0
    outer loop
      vertex -30.7389 -8.01711 0
      vertex -30.4824 -8.06815 3
      vertex -30.7389 -8.01711 3
    endloop
  endfacet
  facet normal -0.19516 -0.980771 -0
    outer loop
      vertex -30.4824 -8.06815 3
      vertex -30.7389 -8.01711 0
      vertex -30.4824 -8.06815 0
    endloop
  endfacet
  facet normal 0.946922 -0.321463 0
    outer loop
      vertex -32.9319 -9.48236 3
      vertex -32.8478 -9.23463 0
      vertex -32.8478 -9.23463 3
    endloop
  endfacet
  facet normal 0.946922 -0.321463 0
    outer loop
      vertex -32.8478 -9.23463 0
      vertex -32.9319 -9.48236 3
      vertex -32.9319 -9.48236 0
    endloop
  endfacet
  facet normal 0.751826 -0.659362 0
    outer loop
      vertex -32.5867 -8.78248 3
      vertex -32.4142 -8.58579 0
      vertex -32.4142 -8.58579 3
    endloop
  endfacet
  facet normal 0.751826 -0.659362 0
    outer loop
      vertex -32.4142 -8.58579 0
      vertex -32.5867 -8.78248 3
      vertex -32.5867 -8.78248 0
    endloop
  endfacet
  facet normal 0.5556 -0.83145 0
    outer loop
      vertex -32.2175 -8.41329 0
      vertex -32 -8.26795 3
      vertex -32.2175 -8.41329 3
    endloop
  endfacet
  facet normal 0.5556 -0.83145 0
    outer loop
      vertex -32 -8.26795 3
      vertex -32.2175 -8.41329 0
      vertex -32 -8.26795 0
    endloop
  endfacet
  facet normal -1 0 0
    outer loop
      vertex -29 -28 0
      vertex -29 -10 3
      vertex -29 -10 0
    endloop
  endfacet
  facet normal -1 -0 0
    outer loop
      vertex -29 -10 3
      vertex -29 -28 0
      vertex -29 -28 3
    endloop
  endfacet
  facet normal -0.980801 0.195013 0
    outer loop
      vertex -29.0681 -28.5176 0
      vertex -29.0171 -28.2611 3
      vertex -29.0171 -28.2611 0
    endloop
  endfacet
  facet normal -0.980801 0.195013 0
    outer loop
      vertex -29.0171 -28.2611 3
      vertex -29.0681 -28.5176 0
      vertex -29.0681 -28.5176 3
    endloop
  endfacet
  facet normal -0.659343 -0.751842 0
    outer loop
      vertex -29.7825 -8.41329 0
      vertex -29.5858 -8.58579 3
      vertex -29.7825 -8.41329 3
    endloop
  endfacet
  facet normal -0.659343 -0.751842 -0
    outer loop
      vertex -29.5858 -8.58579 3
      vertex -29.7825 -8.41329 0
      vertex -29.5858 -8.58579 0
    endloop
  endfacet
  facet normal -0.89686 0.442314 0
    outer loop
      vertex -29.2679 -29 0
      vertex -29.1522 -28.7654 3
      vertex -29.1522 -28.7654 0
    endloop
  endfacet
  facet normal -0.89686 0.442314 0
    outer loop
      vertex -29.1522 -28.7654 3
      vertex -29.2679 -29 0
      vertex -29.2679 -29 3
    endloop
  endfacet
  facet normal 0.980801 0.195013 0
    outer loop
      vertex -32.9319 -28.5176 3
      vertex -32.9829 -28.2611 0
      vertex -32.9829 -28.2611 3
    endloop
  endfacet
  facet normal 0.980801 0.195013 0
    outer loop
      vertex -32.9829 -28.2611 0
      vertex -32.9319 -28.5176 3
      vertex -32.9319 -28.5176 0
    endloop
  endfacet
  facet normal 0.997862 0.0653521 0
    outer loop
      vertex -32.9829 -28.2611 3
      vertex -33 -28 0
      vertex -33 -28 3
    endloop
  endfacet
  facet normal 0.997862 0.0653521 0
    outer loop
      vertex -33 -28 0
      vertex -32.9829 -28.2611 3
      vertex -32.9829 -28.2611 0
    endloop
  endfacet
  facet normal -0.751826 -0.659362 0
    outer loop
      vertex -29.4133 -8.78248 0
      vertex -29.5858 -8.58579 3
      vertex -29.5858 -8.58579 0
    endloop
  endfacet
  facet normal -0.751826 -0.659362 0
    outer loop
      vertex -29.5858 -8.58579 3
      vertex -29.4133 -8.78248 0
      vertex -29.4133 -8.78248 3
    endloop
  endfacet
  facet normal 0.19516 -0.980771 0
    outer loop
      vertex -31.5176 -8.06815 0
      vertex -31.2611 -8.01711 3
      vertex -31.5176 -8.06815 3
    endloop
  endfacet
  facet normal 0.19516 -0.980771 0
    outer loop
      vertex -31.2611 -8.01711 3
      vertex -31.5176 -8.06815 0
      vertex -31.2611 -8.01711 0
    endloop
  endfacet
  facet normal -0.442344 -0.896845 0
    outer loop
      vertex -30.2346 -8.15224 0
      vertex -30 -8.26795 3
      vertex -30.2346 -8.15224 3
    endloop
  endfacet
  facet normal -0.442344 -0.896845 -0
    outer loop
      vertex -30 -8.26795 3
      vertex -30.2346 -8.15224 0
      vertex -30 -8.26795 0
    endloop
  endfacet
  facet normal -0.5556 -0.83145 0
    outer loop
      vertex -30 -8.26795 0
      vertex -29.7825 -8.41329 3
      vertex -30 -8.26795 3
    endloop
  endfacet
  facet normal -0.5556 -0.83145 -0
    outer loop
      vertex -29.7825 -8.41329 3
      vertex -30 -8.26795 0
      vertex -29.7825 -8.41329 0
    endloop
  endfacet
  facet normal 0.831544 -0.555459 0
    outer loop
      vertex -32.732 -9 3
      vertex -32.5867 -8.78248 0
      vertex -32.5867 -8.78248 3
    endloop
  endfacet
  facet normal 0.831544 -0.555459 0
    outer loop
      vertex -32.5867 -8.78248 0
      vertex -32.732 -9 3
      vertex -32.732 -9 0
    endloop
  endfacet
  facet normal -0.896883 -0.442268 0
    outer loop
      vertex -29.1522 -9.23463 0
      vertex -29.2679 -9 3
      vertex -29.2679 -9 0
    endloop
  endfacet
  facet normal -0.896883 -0.442268 0
    outer loop
      vertex -29.2679 -9 3
      vertex -29.1522 -9.23463 0
      vertex -29.1522 -9.23463 3
    endloop
  endfacet
  facet normal -0.946922 -0.321463 0
    outer loop
      vertex -29.0681 -9.48236 0
      vertex -29.1522 -9.23463 3
      vertex -29.1522 -9.23463 0
    endloop
  endfacet
  facet normal -0.946922 -0.321463 0
    outer loop
      vertex -29.1522 -9.23463 3
      vertex -29.0681 -9.48236 0
      vertex -29.0681 -9.48236 3
    endloop
  endfacet
  facet normal 0.321348 -0.946961 0
    outer loop
      vertex -31.7654 -8.15224 0
      vertex -31.5176 -8.06815 3
      vertex -31.7654 -8.15224 3
    endloop
  endfacet
  facet normal 0.321348 -0.946961 0
    outer loop
      vertex -31.5176 -8.06815 3
      vertex -31.7654 -8.15224 0
      vertex -31.5176 -8.06815 0
    endloop
  endfacet
  facet normal 0.896731 -0.442575 0
    outer loop
      vertex -32.8478 -9.23463 3
      vertex -32.732 -9 0
      vertex -32.732 -9 3
    endloop
  endfacet
  facet normal 0.896731 -0.442575 0
    outer loop
      vertex -32.732 -9 0
      vertex -32.8478 -9.23463 3
      vertex -32.8478 -9.23463 0
    endloop
  endfacet
  facet normal -0.94695 0.321382 0
    outer loop
      vertex -29.1522 -28.7654 0
      vertex -29.0681 -28.5176 3
      vertex -29.0681 -28.5176 0
    endloop
  endfacet
  facet normal -0.94695 0.321382 0
    outer loop
      vertex -29.0681 -28.5176 3
      vertex -29.1522 -28.7654 0
      vertex -29.1522 -28.7654 3
    endloop
  endfacet
  facet normal -0.997862 0.0653521 0
    outer loop
      vertex -29.0171 -28.2611 0
      vertex -29 -28 3
      vertex -29 -28 0
    endloop
  endfacet
  facet normal -0.997862 0.0653521 0
    outer loop
      vertex -29 -28 3
      vertex -29.0171 -28.2611 0
      vertex -29.0171 -28.2611 3
    endloop
  endfacet
  facet normal -0.980814 -0.194947 0
    outer loop
      vertex -29.0171 -9.73895 0
      vertex -29.0681 -9.48236 3
      vertex -29.0681 -9.48236 0
    endloop
  endfacet
  facet normal -0.980814 -0.194947 0
    outer loop
      vertex -29.0681 -9.48236 3
      vertex -29.0171 -9.73895 0
      vertex -29.0171 -9.73895 3
    endloop
  endfacet
  facet normal 0.442344 -0.896845 0
    outer loop
      vertex -32 -8.26795 0
      vertex -31.7654 -8.15224 3
      vertex -32 -8.26795 3
    endloop
  endfacet
  facet normal 0.442344 -0.896845 0
    outer loop
      vertex -31.7654 -8.15224 3
      vertex -32 -8.26795 0
      vertex -31.7654 -8.15224 0
    endloop
  endfacet
  facet normal -0.831368 -0.555723 0
    outer loop
      vertex -29.2679 -9 0
      vertex -29.4133 -8.78248 3
      vertex -29.4133 -8.78248 0
    endloop
  endfacet
  facet normal -0.831368 -0.555723 0
    outer loop
      vertex -29.4133 -8.78248 3
      vertex -29.2679 -9 0
      vertex -29.2679 -9 3
    endloop
  endfacet
  facet normal -0.997861 -0.0653646 0
    outer loop
      vertex -29 -10 0
      vertex -29.0171 -9.73895 3
      vertex -29.0171 -9.73895 0
    endloop
  endfacet
  facet normal -0.997861 -0.0653646 0
    outer loop
      vertex -29.0171 -9.73895 3
      vertex -29 -10 0
      vertex -29 -10 3
    endloop
  endfacet
  facet normal 0.0653902 0.99786 -0
    outer loop
      vertex -31 8 0
      vertex -31.2611 8.01711 3
      vertex -31 8 3
    endloop
  endfacet
  facet normal 0.0653902 0.99786 0
    outer loop
      vertex -31.2611 8.01711 3
      vertex -31 8 0
      vertex -31.2611 8.01711 0
    endloop
  endfacet
  facet normal 0.980814 0.194947 0
    outer loop
      vertex -32.9319 9.48236 3
      vertex -32.9829 9.73895 0
      vertex -32.9829 9.73895 3
    endloop
  endfacet
  facet normal 0.980814 0.194947 0
    outer loop
      vertex -32.9829 9.73895 0
      vertex -32.9319 9.48236 3
      vertex -32.9319 9.48236 0
    endloop
  endfacet
  facet normal 1 -0 0
    outer loop
      vertex -33 10 3
      vertex -33 28 0
      vertex -33 28 3
    endloop
  endfacet
  facet normal 1 0 0
    outer loop
      vertex -33 28 0
      vertex -33 10 3
      vertex -33 10 0
    endloop
  endfacet
  facet normal 0.997861 0.0653646 0
    outer loop
      vertex -32.9829 9.73895 3
      vertex -33 10 0
      vertex -33 10 3
    endloop
  endfacet
  facet normal 0.997861 0.0653646 0
    outer loop
      vertex -33 10 0
      vertex -32.9829 9.73895 3
      vertex -32.9829 9.73895 0
    endloop
  endfacet
  facet normal -0.831368 0.555723 0
    outer loop
      vertex -29.4133 8.78248 0
      vertex -29.2679 9 3
      vertex -29.2679 9 0
    endloop
  endfacet
  facet normal -0.831368 0.555723 0
    outer loop
      vertex -29.2679 9 3
      vertex -29.4133 8.78248 0
      vertex -29.4133 8.78248 3
    endloop
  endfacet
  facet normal -1 0 0
    outer loop
      vertex -29 10 0
      vertex -29 28 3
      vertex -29 28 0
    endloop
  endfacet
  facet normal -1 -0 0
    outer loop
      vertex -29 28 3
      vertex -29 10 0
      vertex -29 10 3
    endloop
  endfacet
  facet normal 0.980801 -0.195013 0
    outer loop
      vertex -32.9829 28.2611 3
      vertex -32.9319 28.5176 0
      vertex -32.9319 28.5176 3
    endloop
  endfacet
  facet normal 0.980801 -0.195013 0
    outer loop
      vertex -32.9319 28.5176 0
      vertex -32.9829 28.2611 3
      vertex -32.9829 28.2611 0
    endloop
  endfacet
  facet normal 0.751826 0.659362 0
    outer loop
      vertex -32.4142 8.58579 3
      vertex -32.5867 8.78248 0
      vertex -32.5867 8.78248 3
    endloop
  endfacet
  facet normal 0.751826 0.659362 0
    outer loop
      vertex -32.5867 8.78248 0
      vertex -32.4142 8.58579 3
      vertex -32.4142 8.58579 0
    endloop
  endfacet
  facet normal 0.896731 0.442575 0
    outer loop
      vertex -32.732 9 3
      vertex -32.8478 9.23463 0
      vertex -32.8478 9.23463 3
    endloop
  endfacet
  facet normal 0.896731 0.442575 0
    outer loop
      vertex -32.8478 9.23463 0
      vertex -32.732 9 3
      vertex -32.732 9 0
    endloop
  endfacet
  facet normal -0.896883 0.442268 0
    outer loop
      vertex -29.2679 9 0
      vertex -29.1522 9.23463 3
      vertex -29.1522 9.23463 0
    endloop
  endfacet
  facet normal -0.896883 0.442268 0
    outer loop
      vertex -29.1522 9.23463 3
      vertex -29.2679 9 0
      vertex -29.2679 9 3
    endloop
  endfacet
  facet normal -0.321348 0.946961 0
    outer loop
      vertex -30.2346 8.15224 0
      vertex -30.4824 8.06815 3
      vertex -30.2346 8.15224 3
    endloop
  endfacet
  facet normal -0.321348 0.946961 0
    outer loop
      vertex -30.4824 8.06815 3
      vertex -30.2346 8.15224 0
      vertex -30.4824 8.06815 0
    endloop
  endfacet
  facet normal 0.997862 -0.0653521 0
    outer loop
      vertex -33 28 3
      vertex -32.9829 28.2611 0
      vertex -32.9829 28.2611 3
    endloop
  endfacet
  facet normal 0.997862 -0.0653521 0
    outer loop
      vertex -32.9829 28.2611 0
      vertex -33 28 3
      vertex -33 28 0
    endloop
  endfacet
  facet normal 0.896709 -0.442621 0
    outer loop
      vertex -32.8478 28.7654 3
      vertex -32.732 29 0
      vertex -32.732 29 3
    endloop
  endfacet
  facet normal 0.896709 -0.442621 0
    outer loop
      vertex -32.732 29 0
      vertex -32.8478 28.7654 3
      vertex -32.8478 28.7654 0
    endloop
  endfacet
  facet normal 0.442344 0.896845 -0
    outer loop
      vertex -31.7654 8.15224 0
      vertex -32 8.26795 3
      vertex -31.7654 8.15224 3
    endloop
  endfacet
  facet normal 0.442344 0.896845 0
    outer loop
      vertex -32 8.26795 3
      vertex -31.7654 8.15224 0
      vertex -32 8.26795 0
    endloop
  endfacet
  facet normal 0.946922 0.321463 0
    outer loop
      vertex -32.8478 9.23463 3
      vertex -32.9319 9.48236 0
      vertex -32.9319 9.48236 3
    endloop
  endfacet
  facet normal 0.946922 0.321463 0
    outer loop
      vertex -32.9319 9.48236 0
      vertex -32.8478 9.23463 3
      vertex -32.8478 9.23463 0
    endloop
  endfacet
  facet normal -0.751826 0.659362 0
    outer loop
      vertex -29.5858 8.58579 0
      vertex -29.4133 8.78248 3
      vertex -29.4133 8.78248 0
    endloop
  endfacet
  facet normal -0.751826 0.659362 0
    outer loop
      vertex -29.4133 8.78248 3
      vertex -29.5858 8.58579 0
      vertex -29.5858 8.58579 3
    endloop
  endfacet
  facet normal -0.997861 0.0653646 0
    outer loop
      vertex -29.0171 9.73895 0
      vertex -29 10 3
      vertex -29 10 0
    endloop
  endfacet
  facet normal -0.997861 0.0653646 0
    outer loop
      vertex -29 10 3
      vertex -29.0171 9.73895 0
      vertex -29.0171 9.73895 3
    endloop
  endfacet
  facet normal -0.997862 -0.0653521 0
    outer loop
      vertex -29 28 0
      vertex -29.0171 28.2611 3
      vertex -29.0171 28.2611 0
    endloop
  endfacet
  facet normal -0.997862 -0.0653521 0
    outer loop
      vertex -29.0171 28.2611 3
      vertex -29 28 0
      vertex -29 28 3
    endloop
  endfacet
  facet normal -0.980801 -0.195013 0
    outer loop
      vertex -29.0171 28.2611 0
      vertex -29.0681 28.5176 3
      vertex -29.0681 28.5176 0
    endloop
  endfacet
  facet normal -0.980801 -0.195013 0
    outer loop
      vertex -29.0681 28.5176 3
      vertex -29.0171 28.2611 0
      vertex -29.0171 28.2611 3
    endloop
  endfacet
  facet normal 0.659343 0.751842 -0
    outer loop
      vertex -32.2175 8.41329 0
      vertex -32.4142 8.58579 3
      vertex -32.2175 8.41329 3
    endloop
  endfacet
  facet normal 0.659343 0.751842 0
    outer loop
      vertex -32.4142 8.58579 3
      vertex -32.2175 8.41329 0
      vertex -32.4142 8.58579 0
    endloop
  endfacet
  facet normal 0.831544 0.555459 0
    outer loop
      vertex -32.5867 8.78248 3
      vertex -32.732 9 0
      vertex -32.732 9 3
    endloop
  endfacet
  facet normal 0.831544 0.555459 0
    outer loop
      vertex -32.732 9 0
      vertex -32.5867 8.78248 3
      vertex -32.5867 8.78248 0
    endloop
  endfacet
  facet normal -0.0653902 0.99786 0
    outer loop
      vertex -30.7389 8.01711 0
      vertex -31 8 3
      vertex -30.7389 8.01711 3
    endloop
  endfacet
  facet normal -0.0653902 0.99786 0
    outer loop
      vertex -31 8 3
      vertex -30.7389 8.01711 0
      vertex -31 8 0
    endloop
  endfacet
  facet normal 0.5556 0.83145 -0
    outer loop
      vertex -32 8.26795 0
      vertex -32.2175 8.41329 3
      vertex -32 8.26795 3
    endloop
  endfacet
  facet normal 0.5556 0.83145 0
    outer loop
      vertex -32.2175 8.41329 3
      vertex -32 8.26795 0
      vertex -32.2175 8.41329 0
    endloop
  endfacet
  facet normal -0.659343 0.751842 0
    outer loop
      vertex -29.5858 8.58579 0
      vertex -29.7825 8.41329 3
      vertex -29.5858 8.58579 3
    endloop
  endfacet
  facet normal -0.659343 0.751842 0
    outer loop
      vertex -29.7825 8.41329 3
      vertex -29.5858 8.58579 0
      vertex -29.7825 8.41329 0
    endloop
  endfacet
  facet normal 0.321348 0.946961 -0
    outer loop
      vertex -31.5176 8.06815 0
      vertex -31.7654 8.15224 3
      vertex -31.5176 8.06815 3
    endloop
  endfacet
  facet normal 0.321348 0.946961 0
    outer loop
      vertex -31.7654 8.15224 3
      vertex -31.5176 8.06815 0
      vertex -31.7654 8.15224 0
    endloop
  endfacet
  facet normal 0.19516 0.980771 -0
    outer loop
      vertex -31.2611 8.01711 0
      vertex -31.5176 8.06815 3
      vertex -31.2611 8.01711 3
    endloop
  endfacet
  facet normal 0.19516 0.980771 0
    outer loop
      vertex -31.5176 8.06815 3
      vertex -31.2611 8.01711 0
      vertex -31.5176 8.06815 0
    endloop
  endfacet
  facet normal -0.5556 0.83145 0
    outer loop
      vertex -29.7825 8.41329 0
      vertex -30 8.26795 3
      vertex -29.7825 8.41329 3
    endloop
  endfacet
  facet normal -0.5556 0.83145 0
    outer loop
      vertex -30 8.26795 3
      vertex -29.7825 8.41329 0
      vertex -30 8.26795 0
    endloop
  endfacet
  facet normal -0.442344 0.896845 0
    outer loop
      vertex -30 8.26795 0
      vertex -30.2346 8.15224 3
      vertex -30 8.26795 3
    endloop
  endfacet
  facet normal -0.442344 0.896845 0
    outer loop
      vertex -30.2346 8.15224 3
      vertex -30 8.26795 0
      vertex -30.2346 8.15224 0
    endloop
  endfacet
  facet normal 0.94695 -0.321382 0
    outer loop
      vertex -32.9319 28.5176 3
      vertex -32.8478 28.7654 0
      vertex -32.8478 28.7654 3
    endloop
  endfacet
  facet normal 0.94695 -0.321382 0
    outer loop
      vertex -32.8478 28.7654 0
      vertex -32.9319 28.5176 3
      vertex -32.9319 28.5176 0
    endloop
  endfacet
  facet normal -0.89686 -0.442314 0
    outer loop
      vertex -29.1522 28.7654 0
      vertex -29.2679 29 3
      vertex -29.2679 29 0
    endloop
  endfacet
  facet normal -0.89686 -0.442314 0
    outer loop
      vertex -29.2679 29 3
      vertex -29.1522 28.7654 0
      vertex -29.1522 28.7654 3
    endloop
  endfacet
  facet normal -0.19516 0.980771 0
    outer loop
      vertex -30.4824 8.06815 0
      vertex -30.7389 8.01711 3
      vertex -30.4824 8.06815 3
    endloop
  endfacet
  facet normal -0.19516 0.980771 0
    outer loop
      vertex -30.7389 8.01711 3
      vertex -30.4824 8.06815 0
      vertex -30.7389 8.01711 0
    endloop
  endfacet
  facet normal -0.94695 -0.321382 0
    outer loop
      vertex -29.0681 28.5176 0
      vertex -29.1522 28.7654 3
      vertex -29.1522 28.7654 0
    endloop
  endfacet
  facet normal -0.94695 -0.321382 0
    outer loop
      vertex -29.1522 28.7654 3
      vertex -29.0681 28.5176 0
      vertex -29.0681 28.5176 3
    endloop
  endfacet
  facet normal -0.946922 0.321463 0
    outer loop
      vertex -29.1522 9.23463 0
      vertex -29.0681 9.48236 3
      vertex -29.0681 9.48236 0
    endloop
  endfacet
  facet normal -0.946922 0.321463 0
    outer loop
      vertex -29.0681 9.48236 3
      vertex -29.1522 9.23463 0
      vertex -29.1522 9.23463 3
    endloop
  endfacet
  facet normal -0.980814 0.194947 0
    outer loop
      vertex -29.0681 9.48236 0
      vertex -29.0171 9.73895 3
      vertex -29.0171 9.73895 0
    endloop
  endfacet
  facet normal -0.980814 0.194947 0
    outer loop
      vertex -29.0171 9.73895 3
      vertex -29.0681 9.48236 0
      vertex -29.0681 9.48236 3
    endloop
  endfacet
  facet normal -0.831544 -0.555459 0
    outer loop
      vertex 32.732 -9 0
      vertex 32.5867 -8.78248 3
      vertex 32.5867 -8.78248 0
    endloop
  endfacet
  facet normal -0.831544 -0.555459 0
    outer loop
      vertex 32.5867 -8.78248 3
      vertex 32.732 -9 0
      vertex 32.732 -9 3
    endloop
  endfacet
  facet normal 1 -0 0
    outer loop
      vertex 29 -28 3
      vertex 29 -10 0
      vertex 29 -10 3
    endloop
  endfacet
  facet normal 1 0 0
    outer loop
      vertex 29 -10 0
      vertex 29 -28 3
      vertex 29 -28 0
    endloop
  endfacet
  facet normal 0.997861 -0.0653646 0
    outer loop
      vertex 29 -10 3
      vertex 29.0171 -9.73895 0
      vertex 29.0171 -9.73895 3
    endloop
  endfacet
  facet normal 0.997861 -0.0653646 0
    outer loop
      vertex 29.0171 -9.73895 0
      vertex 29 -10 3
      vertex 29 -10 0
    endloop
  endfacet
  facet normal 0.0653902 -0.99786 0
    outer loop
      vertex 30.7389 -8.01711 0
      vertex 31 -8 3
      vertex 30.7389 -8.01711 3
    endloop
  endfacet
  facet normal 0.0653902 -0.99786 0
    outer loop
      vertex 31 -8 3
      vertex 30.7389 -8.01711 0
      vertex 31 -8 0
    endloop
  endfacet
  facet normal 0.980814 -0.194947 0
    outer loop
      vertex 29.0171 -9.73895 3
      vertex 29.0681 -9.48236 0
      vertex 29.0681 -9.48236 3
    endloop
  endfacet
  facet normal 0.980814 -0.194947 0
    outer loop
      vertex 29.0681 -9.48236 0
      vertex 29.0171 -9.73895 3
      vertex 29.0171 -9.73895 0
    endloop
  endfacet
  facet normal -0.659343 -0.751842 0
    outer loop
      vertex 32.2175 -8.41329 0
      vertex 32.4142 -8.58579 3
      vertex 32.2175 -8.41329 3
    endloop
  endfacet
  facet normal -0.659343 -0.751842 -0
    outer loop
      vertex 32.4142 -8.58579 3
      vertex 32.2175 -8.41329 0
      vertex 32.4142 -8.58579 0
    endloop
  endfacet
  facet normal 0.5556 -0.83145 0
    outer loop
      vertex 29.7825 -8.41329 0
      vertex 30 -8.26795 3
      vertex 29.7825 -8.41329 3
    endloop
  endfacet
  facet normal 0.5556 -0.83145 0
    outer loop
      vertex 30 -8.26795 3
      vertex 29.7825 -8.41329 0
      vertex 30 -8.26795 0
    endloop
  endfacet
  facet normal 0.19516 -0.980771 0
    outer loop
      vertex 30.4824 -8.06815 0
      vertex 30.7389 -8.01711 3
      vertex 30.4824 -8.06815 3
    endloop
  endfacet
  facet normal 0.19516 -0.980771 0
    outer loop
      vertex 30.7389 -8.01711 3
      vertex 30.4824 -8.06815 0
      vertex 30.7389 -8.01711 0
    endloop
  endfacet
  facet normal -0.946922 -0.321463 0
    outer loop
      vertex 32.9319 -9.48236 0
      vertex 32.8478 -9.23463 3
      vertex 32.8478 -9.23463 0
    endloop
  endfacet
  facet normal -0.946922 -0.321463 0
    outer loop
      vertex 32.8478 -9.23463 3
      vertex 32.9319 -9.48236 0
      vertex 32.9319 -9.48236 3
    endloop
  endfacet
  facet normal 0.831368 -0.555723 0
    outer loop
      vertex 29.2679 -9 3
      vertex 29.4133 -8.78248 0
      vertex 29.4133 -8.78248 3
    endloop
  endfacet
  facet normal 0.831368 -0.555723 0
    outer loop
      vertex 29.4133 -8.78248 0
      vertex 29.2679 -9 3
      vertex 29.2679 -9 0
    endloop
  endfacet
  facet normal 0.997862 0.0653521 0
    outer loop
      vertex 29.0171 -28.2611 3
      vertex 29 -28 0
      vertex 29 -28 3
    endloop
  endfacet
  facet normal 0.997862 0.0653521 0
    outer loop
      vertex 29 -28 0
      vertex 29.0171 -28.2611 3
      vertex 29.0171 -28.2611 0
    endloop
  endfacet
  facet normal 0.321348 -0.946961 0
    outer loop
      vertex 30.2346 -8.15224 0
      vertex 30.4824 -8.06815 3
      vertex 30.2346 -8.15224 3
    endloop
  endfacet
  facet normal 0.321348 -0.946961 0
    outer loop
      vertex 30.4824 -8.06815 3
      vertex 30.2346 -8.15224 0
      vertex 30.4824 -8.06815 0
    endloop
  endfacet
  facet normal 0.946922 -0.321463 0
    outer loop
      vertex 29.0681 -9.48236 3
      vertex 29.1522 -9.23463 0
      vertex 29.1522 -9.23463 3
    endloop
  endfacet
  facet normal 0.946922 -0.321463 0
    outer loop
      vertex 29.1522 -9.23463 0
      vertex 29.0681 -9.48236 3
      vertex 29.0681 -9.48236 0
    endloop
  endfacet
  facet normal 0.980801 0.195013 0
    outer loop
      vertex 29.0681 -28.5176 3
      vertex 29.0171 -28.2611 0
      vertex 29.0171 -28.2611 3
    endloop
  endfacet
  facet normal 0.980801 0.195013 0
    outer loop
      vertex 29.0171 -28.2611 0
      vertex 29.0681 -28.5176 3
      vertex 29.0681 -28.5176 0
    endloop
  endfacet
  facet normal -1 0 0
    outer loop
      vertex 33 -28 0
      vertex 33 -10 3
      vertex 33 -10 0
    endloop
  endfacet
  facet normal -1 -0 0
    outer loop
      vertex 33 -10 3
      vertex 33 -28 0
      vertex 33 -28 3
    endloop
  endfacet
  facet normal -0.0653902 -0.99786 0
    outer loop
      vertex 31 -8 0
      vertex 31.2611 -8.01711 3
      vertex 31 -8 3
    endloop
  endfacet
  facet normal -0.0653902 -0.99786 -0
    outer loop
      vertex 31.2611 -8.01711 3
      vertex 31 -8 0
      vertex 31.2611 -8.01711 0
    endloop
  endfacet
  facet normal 0.751826 -0.659362 0
    outer loop
      vertex 29.4133 -8.78248 3
      vertex 29.5858 -8.58579 0
      vertex 29.5858 -8.58579 3
    endloop
  endfacet
  facet normal 0.751826 -0.659362 0
    outer loop
      vertex 29.5858 -8.58579 0
      vertex 29.4133 -8.78248 3
      vertex 29.4133 -8.78248 0
    endloop
  endfacet
  facet normal -0.896731 -0.442575 0
    outer loop
      vertex 32.8478 -9.23463 0
      vertex 32.732 -9 3
      vertex 32.732 -9 0
    endloop
  endfacet
  facet normal -0.896731 -0.442575 0
    outer loop
      vertex 32.732 -9 3
      vertex 32.8478 -9.23463 0
      vertex 32.8478 -9.23463 3
    endloop
  endfacet
  facet normal 0.659343 -0.751842 0
    outer loop
      vertex 29.5858 -8.58579 0
      vertex 29.7825 -8.41329 3
      vertex 29.5858 -8.58579 3
    endloop
  endfacet
  facet normal 0.659343 -0.751842 0
    outer loop
      vertex 29.7825 -8.41329 3
      vertex 29.5858 -8.58579 0
      vertex 29.7825 -8.41329 0
    endloop
  endfacet
  facet normal 0.94695 0.321382 0
    outer loop
      vertex 29.1522 -28.7654 3
      vertex 29.0681 -28.5176 0
      vertex 29.0681 -28.5176 3
    endloop
  endfacet
  facet normal 0.94695 0.321382 0
    outer loop
      vertex 29.0681 -28.5176 0
      vertex 29.1522 -28.7654 3
      vertex 29.1522 -28.7654 0
    endloop
  endfacet
  facet normal -0.997861 -0.0653646 0
    outer loop
      vertex 33 -10 0
      vertex 32.9829 -9.73895 3
      vertex 32.9829 -9.73895 0
    endloop
  endfacet
  facet normal -0.997861 -0.0653646 0
    outer loop
      vertex 32.9829 -9.73895 3
      vertex 33 -10 0
      vertex 33 -10 3
    endloop
  endfacet
  facet normal -0.442344 -0.896845 0
    outer loop
      vertex 31.7654 -8.15224 0
      vertex 32 -8.26795 3
      vertex 31.7654 -8.15224 3
    endloop
  endfacet
  facet normal -0.442344 -0.896845 -0
    outer loop
      vertex 32 -8.26795 3
      vertex 31.7654 -8.15224 0
      vertex 32 -8.26795 0
    endloop
  endfacet
  facet normal 0.89686 0.442314 0
    outer loop
      vertex 29.2679 -29 3
      vertex 29.1522 -28.7654 0
      vertex 29.1522 -28.7654 3
    endloop
  endfacet
  facet normal 0.89686 0.442314 0
    outer loop
      vertex 29.1522 -28.7654 0
      vertex 29.2679 -29 3
      vertex 29.2679 -29 0
    endloop
  endfacet
  facet normal -0.980801 0.195013 0
    outer loop
      vertex 32.9319 -28.5176 0
      vertex 32.9829 -28.2611 3
      vertex 32.9829 -28.2611 0
    endloop
  endfacet
  facet normal -0.980801 0.195013 0
    outer loop
      vertex 32.9829 -28.2611 3
      vertex 32.9319 -28.5176 0
      vertex 32.9319 -28.5176 3
    endloop
  endfacet
  facet normal 0.442344 -0.896845 0
    outer loop
      vertex 30 -8.26795 0
      vertex 30.2346 -8.15224 3
      vertex 30 -8.26795 3
    endloop
  endfacet
  facet normal 0.442344 -0.896845 0
    outer loop
      vertex 30.2346 -8.15224 3
      vertex 30 -8.26795 0
      vertex 30.2346 -8.15224 0
    endloop
  endfacet
  facet normal -0.321348 -0.946961 0
    outer loop
      vertex 31.5176 -8.06815 0
      vertex 31.7654 -8.15224 3
      vertex 31.5176 -8.06815 3
    endloop
  endfacet
  facet normal -0.321348 -0.946961 -0
    outer loop
      vertex 31.7654 -8.15224 3
      vertex 31.5176 -8.06815 0
      vertex 31.7654 -8.15224 0
    endloop
  endfacet
  facet normal -0.5556 -0.83145 0
    outer loop
      vertex 32 -8.26795 0
      vertex 32.2175 -8.41329 3
      vertex 32 -8.26795 3
    endloop
  endfacet
  facet normal -0.5556 -0.83145 -0
    outer loop
      vertex 32.2175 -8.41329 3
      vertex 32 -8.26795 0
      vertex 32.2175 -8.41329 0
    endloop
  endfacet
  facet normal -0.19516 -0.980771 0
    outer loop
      vertex 31.2611 -8.01711 0
      vertex 31.5176 -8.06815 3
      vertex 31.2611 -8.01711 3
    endloop
  endfacet
  facet normal -0.19516 -0.980771 -0
    outer loop
      vertex 31.5176 -8.06815 3
      vertex 31.2611 -8.01711 0
      vertex 31.5176 -8.06815 0
    endloop
  endfacet
  facet normal -0.980814 -0.194947 0
    outer loop
      vertex 32.9829 -9.73895 0
      vertex 32.9319 -9.48236 3
      vertex 32.9319 -9.48236 0
    endloop
  endfacet
  facet normal -0.980814 -0.194947 0
    outer loop
      vertex 32.9319 -9.48236 3
      vertex 32.9829 -9.73895 0
      vertex 32.9829 -9.73895 3
    endloop
  endfacet
  facet normal -0.94695 0.321382 0
    outer loop
      vertex 32.8478 -28.7654 0
      vertex 32.9319 -28.5176 3
      vertex 32.9319 -28.5176 0
    endloop
  endfacet
  facet normal -0.94695 0.321382 0
    outer loop
      vertex 32.9319 -28.5176 3
      vertex 32.8478 -28.7654 0
      vertex 32.8478 -28.7654 3
    endloop
  endfacet
  facet normal -0.751826 -0.659362 0
    outer loop
      vertex 32.5867 -8.78248 0
      vertex 32.4142 -8.58579 3
      vertex 32.4142 -8.58579 0
    endloop
  endfacet
  facet normal -0.751826 -0.659362 0
    outer loop
      vertex 32.4142 -8.58579 3
      vertex 32.5867 -8.78248 0
      vertex 32.5867 -8.78248 3
    endloop
  endfacet
  facet normal -0.997862 0.0653521 0
    outer loop
      vertex 32.9829 -28.2611 0
      vertex 33 -28 3
      vertex 33 -28 0
    endloop
  endfacet
  facet normal -0.997862 0.0653521 0
    outer loop
      vertex 33 -28 3
      vertex 32.9829 -28.2611 0
      vertex 32.9829 -28.2611 3
    endloop
  endfacet
  facet normal -0.896709 0.442621 0
    outer loop
      vertex 32.732 -29 0
      vertex 32.8478 -28.7654 3
      vertex 32.8478 -28.7654 0
    endloop
  endfacet
  facet normal -0.896709 0.442621 0
    outer loop
      vertex 32.8478 -28.7654 3
      vertex 32.732 -29 0
      vertex 32.732 -29 3
    endloop
  endfacet
  facet normal 0.896883 -0.442268 0
    outer loop
      vertex 29.1522 -9.23463 3
      vertex 29.2679 -9 0
      vertex 29.2679 -9 3
    endloop
  endfacet
  facet normal 0.896883 -0.442268 0
    outer loop
      vertex 29.2679 -9 0
      vertex 29.1522 -9.23463 3
      vertex 29.1522 -9.23463 0
    endloop
  endfacet
  facet normal 0.0653902 0.99786 -0
    outer loop
      vertex 31 8 0
      vertex 30.7389 8.01711 3
      vertex 31 8 3
    endloop
  endfacet
  facet normal 0.0653902 0.99786 0
    outer loop
      vertex 30.7389 8.01711 3
      vertex 31 8 0
      vertex 30.7389 8.01711 0
    endloop
  endfacet
  facet normal 0.896883 0.442268 0
    outer loop
      vertex 29.2679 9 3
      vertex 29.1522 9.23463 0
      vertex 29.1522 9.23463 3
    endloop
  endfacet
  facet normal 0.896883 0.442268 0
    outer loop
      vertex 29.1522 9.23463 0
      vertex 29.2679 9 3
      vertex 29.2679 9 0
    endloop
  endfacet
  facet normal 0.997861 0.0653646 0
    outer loop
      vertex 29.0171 9.73895 3
      vertex 29 10 0
      vertex 29 10 3
    endloop
  endfacet
  facet normal 0.997861 0.0653646 0
    outer loop
      vertex 29 10 0
      vertex 29.0171 9.73895 3
      vertex 29.0171 9.73895 0
    endloop
  endfacet
  facet normal 0.19516 0.980771 -0
    outer loop
      vertex 30.7389 8.01711 0
      vertex 30.4824 8.06815 3
      vertex 30.7389 8.01711 3
    endloop
  endfacet
  facet normal 0.19516 0.980771 0
    outer loop
      vertex 30.4824 8.06815 3
      vertex 30.7389 8.01711 0
      vertex 30.4824 8.06815 0
    endloop
  endfacet
  facet normal 0.659343 0.751842 -0
    outer loop
      vertex 29.7825 8.41329 0
      vertex 29.5858 8.58579 3
      vertex 29.7825 8.41329 3
    endloop
  endfacet
  facet normal 0.659343 0.751842 0
    outer loop
      vertex 29.5858 8.58579 3
      vertex 29.7825 8.41329 0
      vertex 29.5858 8.58579 0
    endloop
  endfacet
  facet normal 0.997862 -0.0653521 0
    outer loop
      vertex 29 28 3
      vertex 29.0171 28.2611 0
      vertex 29.0171 28.2611 3
    endloop
  endfacet
  facet normal 0.997862 -0.0653521 0
    outer loop
      vertex 29.0171 28.2611 0
      vertex 29 28 3
      vertex 29 28 0
    endloop
  endfacet
  facet normal -0.831544 0.555459 0
    outer loop
      vertex 32.5867 8.78248 0
      vertex 32.732 9 3
      vertex 32.732 9 0
    endloop
  endfacet
  facet normal -0.831544 0.555459 0
    outer loop
      vertex 32.732 9 3
      vertex 32.5867 8.78248 0
      vertex 32.5867 8.78248 3
    endloop
  endfacet
  facet normal 0.89686 -0.442314 0
    outer loop
      vertex 29.1522 28.7654 3
      vertex 29.2679 29 0
      vertex 29.2679 29 3
    endloop
  endfacet
  facet normal 0.89686 -0.442314 0
    outer loop
      vertex 29.2679 29 0
      vertex 29.1522 28.7654 3
      vertex 29.1522 28.7654 0
    endloop
  endfacet
  facet normal 0.980801 -0.195013 0
    outer loop
      vertex 29.0171 28.2611 3
      vertex 29.0681 28.5176 0
      vertex 29.0681 28.5176 3
    endloop
  endfacet
  facet normal 0.980801 -0.195013 0
    outer loop
      vertex 29.0681 28.5176 0
      vertex 29.0171 28.2611 3
      vertex 29.0171 28.2611 0
    endloop
  endfacet
  facet normal 1 -0 0
    outer loop
      vertex 29 10 3
      vertex 29 28 0
      vertex 29 28 3
    endloop
  endfacet
  facet normal 1 0 0
    outer loop
      vertex 29 28 0
      vertex 29 10 3
      vertex 29 10 0
    endloop
  endfacet
  facet normal -0.896709 -0.442621 0
    outer loop
      vertex 32.8478 28.7654 0
      vertex 32.732 29 3
      vertex 32.732 29 0
    endloop
  endfacet
  facet normal -0.896709 -0.442621 0
    outer loop
      vertex 32.732 29 3
      vertex 32.8478 28.7654 0
      vertex 32.8478 28.7654 3
    endloop
  endfacet
  facet normal -1 0 0
    outer loop
      vertex 33 10 0
      vertex 33 28 3
      vertex 33 28 0
    endloop
  endfacet
  facet normal -1 -0 0
    outer loop
      vertex 33 28 3
      vertex 33 10 0
      vertex 33 10 3
    endloop
  endfacet
  facet normal -0.997861 0.0653646 0
    outer loop
      vertex 32.9829 9.73895 0
      vertex 33 10 3
      vertex 33 10 0
    endloop
  endfacet
  facet normal -0.997861 0.0653646 0
    outer loop
      vertex 33 10 3
      vertex 32.9829 9.73895 0
      vertex 32.9829 9.73895 3
    endloop
  endfacet
  facet normal 0.831368 0.555723 0
    outer loop
      vertex 29.4133 8.78248 3
      vertex 29.2679 9 0
      vertex 29.2679 9 3
    endloop
  endfacet
  facet normal 0.831368 0.555723 0
    outer loop
      vertex 29.2679 9 0
      vertex 29.4133 8.78248 3
      vertex 29.4133 8.78248 0
    endloop
  endfacet
  facet normal 0.442344 0.896845 -0
    outer loop
      vertex 30.2346 8.15224 0
      vertex 30 8.26795 3
      vertex 30.2346 8.15224 3
    endloop
  endfacet
  facet normal 0.442344 0.896845 0
    outer loop
      vertex 30 8.26795 3
      vertex 30.2346 8.15224 0
      vertex 30 8.26795 0
    endloop
  endfacet
  facet normal -0.442344 0.896845 0
    outer loop
      vertex 32 8.26795 0
      vertex 31.7654 8.15224 3
      vertex 32 8.26795 3
    endloop
  endfacet
  facet normal -0.442344 0.896845 0
    outer loop
      vertex 31.7654 8.15224 3
      vertex 32 8.26795 0
      vertex 31.7654 8.15224 0
    endloop
  endfacet
  facet normal -0.94695 -0.321382 0
    outer loop
      vertex 32.9319 28.5176 0
      vertex 32.8478 28.7654 3
      vertex 32.8478 28.7654 0
    endloop
  endfacet
  facet normal -0.94695 -0.321382 0
    outer loop
      vertex 32.8478 28.7654 3
      vertex 32.9319 28.5176 0
      vertex 32.9319 28.5176 3
    endloop
  endfacet
  facet normal -0.997862 -0.0653521 0
    outer loop
      vertex 33 28 0
      vertex 32.9829 28.2611 3
      vertex 32.9829 28.2611 0
    endloop
  endfacet
  facet normal -0.997862 -0.0653521 0
    outer loop
      vertex 32.9829 28.2611 3
      vertex 33 28 0
      vertex 33 28 3
    endloop
  endfacet
  facet normal -0.0653902 0.99786 0
    outer loop
      vertex 31.2611 8.01711 0
      vertex 31 8 3
      vertex 31.2611 8.01711 3
    endloop
  endfacet
  facet normal -0.0653902 0.99786 0
    outer loop
      vertex 31 8 3
      vertex 31.2611 8.01711 0
      vertex 31 8 0
    endloop
  endfacet
  facet normal 0.980814 0.194947 0
    outer loop
      vertex 29.0681 9.48236 3
      vertex 29.0171 9.73895 0
      vertex 29.0171 9.73895 3
    endloop
  endfacet
  facet normal 0.980814 0.194947 0
    outer loop
      vertex 29.0171 9.73895 0
      vertex 29.0681 9.48236 3
      vertex 29.0681 9.48236 0
    endloop
  endfacet
  facet normal 0.946922 0.321463 0
    outer loop
      vertex 29.1522 9.23463 3
      vertex 29.0681 9.48236 0
      vertex 29.0681 9.48236 3
    endloop
  endfacet
  facet normal 0.946922 0.321463 0
    outer loop
      vertex 29.0681 9.48236 0
      vertex 29.1522 9.23463 3
      vertex 29.1522 9.23463 0
    endloop
  endfacet
  facet normal -0.751826 0.659362 0
    outer loop
      vertex 32.4142 8.58579 0
      vertex 32.5867 8.78248 3
      vertex 32.5867 8.78248 0
    endloop
  endfacet
  facet normal -0.751826 0.659362 0
    outer loop
      vertex 32.5867 8.78248 3
      vertex 32.4142 8.58579 0
      vertex 32.4142 8.58579 3
    endloop
  endfacet
  facet normal 0.751826 0.659362 0
    outer loop
      vertex 29.5858 8.58579 3
      vertex 29.4133 8.78248 0
      vertex 29.4133 8.78248 3
    endloop
  endfacet
  facet normal 0.751826 0.659362 0
    outer loop
      vertex 29.4133 8.78248 0
      vertex 29.5858 8.58579 3
      vertex 29.5858 8.58579 0
    endloop
  endfacet
  facet normal 0.321348 0.946961 -0
    outer loop
      vertex 30.4824 8.06815 0
      vertex 30.2346 8.15224 3
      vertex 30.4824 8.06815 3
    endloop
  endfacet
  facet normal 0.321348 0.946961 0
    outer loop
      vertex 30.2346 8.15224 3
      vertex 30.4824 8.06815 0
      vertex 30.2346 8.15224 0
    endloop
  endfacet
  facet normal -0.321348 0.946961 0
    outer loop
      vertex 31.7654 8.15224 0
      vertex 31.5176 8.06815 3
      vertex 31.7654 8.15224 3
    endloop
  endfacet
  facet normal -0.321348 0.946961 0
    outer loop
      vertex 31.5176 8.06815 3
      vertex 31.7654 8.15224 0
      vertex 31.5176 8.06815 0
    endloop
  endfacet
  facet normal -0.896731 0.442575 0
    outer loop
      vertex 32.732 9 0
      vertex 32.8478 9.23463 3
      vertex 32.8478 9.23463 0
    endloop
  endfacet
  facet normal -0.896731 0.442575 0
    outer loop
      vertex 32.8478 9.23463 3
      vertex 32.732 9 0
      vertex 32.732 9 3
    endloop
  endfacet
  facet normal 0.94695 -0.321382 0
    outer loop
      vertex 29.0681 28.5176 3
      vertex 29.1522 28.7654 0
      vertex 29.1522 28.7654 3
    endloop
  endfacet
  facet normal 0.94695 -0.321382 0
    outer loop
      vertex 29.1522 28.7654 0
      vertex 29.0681 28.5176 3
      vertex 29.0681 28.5176 0
    endloop
  endfacet
  facet normal -0.5556 0.83145 0
    outer loop
      vertex 32.2175 8.41329 0
      vertex 32 8.26795 3
      vertex 32.2175 8.41329 3
    endloop
  endfacet
  facet normal -0.5556 0.83145 0
    outer loop
      vertex 32 8.26795 3
      vertex 32.2175 8.41329 0
      vertex 32 8.26795 0
    endloop
  endfacet
  facet normal -0.659343 0.751842 0
    outer loop
      vertex 32.4142 8.58579 0
      vertex 32.2175 8.41329 3
      vertex 32.4142 8.58579 3
    endloop
  endfacet
  facet normal -0.659343 0.751842 0
    outer loop
      vertex 32.2175 8.41329 3
      vertex 32.4142 8.58579 0
      vertex 32.2175 8.41329 0
    endloop
  endfacet
  facet normal -0.19516 0.980771 0
    outer loop
      vertex 31.5176 8.06815 0
      vertex 31.2611 8.01711 3
      vertex 31.5176 8.06815 3
    endloop
  endfacet
  facet normal -0.19516 0.980771 0
    outer loop
      vertex 31.2611 8.01711 3
      vertex 31.5176 8.06815 0
      vertex 31.2611 8.01711 0
    endloop
  endfacet
  facet normal 0.5556 0.83145 -0
    outer loop
      vertex 30 8.26795 0
      vertex 29.7825 8.41329 3
      vertex 30 8.26795 3
    endloop
  endfacet
  facet normal 0.5556 0.83145 0
    outer loop
      vertex 29.7825 8.41329 3
      vertex 30 8.26795 0
      vertex 29.7825 8.41329 0
    endloop
  endfacet
  facet normal -0.980814 0.194947 0
    outer loop
      vertex 32.9319 9.48236 0
      vertex 32.9829 9.73895 3
      vertex 32.9829 9.73895 0
    endloop
  endfacet
  facet normal -0.980814 0.194947 0
    outer loop
      vertex 32.9829 9.73895 3
      vertex 32.9319 9.48236 0
      vertex 32.9319 9.48236 3
    endloop
  endfacet
  facet normal -0.980801 -0.195013 0
    outer loop
      vertex 32.9829 28.2611 0
      vertex 32.9319 28.5176 3
      vertex 32.9319 28.5176 0
    endloop
  endfacet
  facet normal -0.980801 -0.195013 0
    outer loop
      vertex 32.9319 28.5176 3
      vertex 32.9829 28.2611 0
      vertex 32.9829 28.2611 3
    endloop
  endfacet
  facet normal -0.946922 0.321463 0
    outer loop
      vertex 32.8478 9.23463 0
      vertex 32.9319 9.48236 3
      vertex 32.9319 9.48236 0
    endloop
  endfacet
  facet normal -0.946922 0.321463 0
    outer loop
      vertex 32.9319 9.48236 3
      vertex 32.8478 9.23463 0
      vertex 32.8478 9.23463 3
    endloop
  endfacet
  facet normal 0.896709 -0.442621 0
    outer loop
      vertex -23.3478 -10.2346 3
      vertex -23.232 -10 0
      vertex -23.232 -10 3
    endloop
  endfacet
  facet normal 0.896709 -0.442621 0
    outer loop
      vertex -23.232 -10 0
      vertex -23.3478 -10.2346 3
      vertex -23.3478 -10.2346 0
    endloop
  endfacet
  facet normal 0.980801 0.195013 0
    outer loop
      vertex -23.4319 -11.5176 3
      vertex -23.4829 -11.2611 0
      vertex -23.4829 -11.2611 3
    endloop
  endfacet
  facet normal 0.980801 0.195013 0
    outer loop
      vertex -23.4829 -11.2611 0
      vertex -23.4319 -11.5176 3
      vertex -23.4319 -11.5176 0
    endloop
  endfacet
  facet normal -0.659343 0.751842 0
    outer loop
      vertex 22.9142 -12.4142 0
      vertex 22.7175 -12.5867 3
      vertex 22.9142 -12.4142 3
    endloop
  endfacet
  facet normal -0.659343 0.751842 0
    outer loop
      vertex 22.7175 -12.5867 3
      vertex 22.9142 -12.4142 0
      vertex 22.7175 -12.5867 0
    endloop
  endfacet
  facet normal 0.997862 0.0653521 0
    outer loop
      vertex -23.4829 -11.2611 3
      vertex -23.5 -11 0
      vertex -23.5 -11 3
    endloop
  endfacet
  facet normal 0.997862 0.0653521 0
    outer loop
      vertex -23.5 -11 0
      vertex -23.4829 -11.2611 3
      vertex -23.4829 -11.2611 0
    endloop
  endfacet
  facet normal 0 -1 0
    outer loop
      vertex -21.5 -9 0
      vertex 21.5 -9 3
      vertex -21.5 -9 3
    endloop
  endfacet
  facet normal 0 -1 -0
    outer loop
      vertex 21.5 -9 3
      vertex -21.5 -9 0
      vertex 21.5 -9 0
    endloop
  endfacet
  facet normal -0.0653902 -0.99786 0
    outer loop
      vertex 21.5 -9 0
      vertex 21.7611 -9.01711 3
      vertex 21.5 -9 3
    endloop
  endfacet
  facet normal -0.0653902 -0.99786 -0
    outer loop
      vertex 21.7611 -9.01711 3
      vertex 21.5 -9 0
      vertex 21.7611 -9.01711 0
    endloop
  endfacet
  facet normal -0.997862 0.0653521 0
    outer loop
      vertex 23.4829 -11.2611 0
      vertex 23.5 -11 3
      vertex 23.5 -11 0
    endloop
  endfacet
  facet normal -0.997862 0.0653521 0
    outer loop
      vertex 23.5 -11 3
      vertex 23.4829 -11.2611 0
      vertex 23.4829 -11.2611 3
    endloop
  endfacet
  facet normal -0.659343 -0.751842 0
    outer loop
      vertex 22.7175 -9.41329 0
      vertex 22.9142 -9.58579 3
      vertex 22.7175 -9.41329 3
    endloop
  endfacet
  facet normal -0.659343 -0.751842 -0
    outer loop
      vertex 22.9142 -9.58579 3
      vertex 22.7175 -9.41329 0
      vertex 22.9142 -9.58579 0
    endloop
  endfacet
  facet normal 0.19516 -0.980771 0
    outer loop
      vertex -22.0176 -9.06815 0
      vertex -21.7611 -9.01711 3
      vertex -22.0176 -9.06815 3
    endloop
  endfacet
  facet normal 0.19516 -0.980771 0
    outer loop
      vertex -21.7611 -9.01711 3
      vertex -22.0176 -9.06815 0
      vertex -21.7611 -9.01711 0
    endloop
  endfacet
  facet normal 0.94695 -0.321382 0
    outer loop
      vertex -23.4319 -10.4824 3
      vertex -23.3478 -10.2346 0
      vertex -23.3478 -10.2346 3
    endloop
  endfacet
  facet normal 0.94695 -0.321382 0
    outer loop
      vertex -23.3478 -10.2346 0
      vertex -23.4319 -10.4824 3
      vertex -23.4319 -10.4824 0
    endloop
  endfacet
  facet normal 0.442621 0.896709 -0
    outer loop
      vertex -22.2654 -12.8478 0
      vertex -22.5 -12.732 3
      vertex -22.2654 -12.8478 3
    endloop
  endfacet
  facet normal 0.442621 0.896709 0
    outer loop
      vertex -22.5 -12.732 3
      vertex -22.2654 -12.8478 0
      vertex -22.5 -12.732 0
    endloop
  endfacet
  facet normal 0.751842 0.659343 0
    outer loop
      vertex -22.9142 -12.4142 3
      vertex -23.0867 -12.2175 0
      vertex -23.0867 -12.2175 3
    endloop
  endfacet
  facet normal 0.751842 0.659343 0
    outer loop
      vertex -23.0867 -12.2175 0
      vertex -22.9142 -12.4142 3
      vertex -22.9142 -12.4142 0
    endloop
  endfacet
  facet normal -0.896709 0.442621 0
    outer loop
      vertex 23.232 -12 0
      vertex 23.3478 -11.7654 3
      vertex 23.3478 -11.7654 0
    endloop
  endfacet
  facet normal -0.896709 0.442621 0
    outer loop
      vertex 23.3478 -11.7654 3
      vertex 23.232 -12 0
      vertex 23.232 -12 3
    endloop
  endfacet
  facet normal 0.321348 -0.946961 0
    outer loop
      vertex -22.2654 -9.15224 0
      vertex -22.0176 -9.06815 3
      vertex -22.2654 -9.15224 3
    endloop
  endfacet
  facet normal 0.321348 -0.946961 0
    outer loop
      vertex -22.0176 -9.06815 3
      vertex -22.2654 -9.15224 0
      vertex -22.0176 -9.06815 0
    endloop
  endfacet
  facet normal -0.751826 -0.659362 0
    outer loop
      vertex 23.0867 -9.78248 0
      vertex 22.9142 -9.58579 3
      vertex 22.9142 -9.58579 0
    endloop
  endfacet
  facet normal -0.751826 -0.659362 0
    outer loop
      vertex 22.9142 -9.58579 3
      vertex 23.0867 -9.78248 0
      vertex 23.0867 -9.78248 3
    endloop
  endfacet
  facet normal 0.751826 -0.659362 0
    outer loop
      vertex -23.0867 -9.78248 3
      vertex -22.9142 -9.58579 0
      vertex -22.9142 -9.58579 3
    endloop
  endfacet
  facet normal 0.751826 -0.659362 0
    outer loop
      vertex -22.9142 -9.58579 0
      vertex -23.0867 -9.78248 3
      vertex -23.0867 -9.78248 0
    endloop
  endfacet
  facet normal 0.997862 -0.0653521 0
    outer loop
      vertex -23.5 -11 3
      vertex -23.4829 -10.7389 0
      vertex -23.4829 -10.7389 3
    endloop
  endfacet
  facet normal 0.997862 -0.0653521 0
    outer loop
      vertex -23.4829 -10.7389 0
      vertex -23.5 -11 3
      vertex -23.5 -11 0
    endloop
  endfacet
  facet normal 0.442344 -0.896845 0
    outer loop
      vertex -22.5 -9.26795 0
      vertex -22.2654 -9.15224 3
      vertex -22.5 -9.26795 3
    endloop
  endfacet
  facet normal 0.442344 -0.896845 0
    outer loop
      vertex -22.2654 -9.15224 3
      vertex -22.5 -9.26795 0
      vertex -22.2654 -9.15224 0
    endloop
  endfacet
  facet normal 0 1 -0
    outer loop
      vertex 21.5 -13 0
      vertex -21.5 -13 3
      vertex 21.5 -13 3
    endloop
  endfacet
  facet normal 0 1 0
    outer loop
      vertex -21.5 -13 3
      vertex 21.5 -13 0
      vertex -21.5 -13 0
    endloop
  endfacet
  facet normal 0.5556 -0.83145 0
    outer loop
      vertex -22.7175 -9.41329 0
      vertex -22.5 -9.26795 3
      vertex -22.7175 -9.41329 3
    endloop
  endfacet
  facet normal 0.5556 -0.83145 0
    outer loop
      vertex -22.5 -9.26795 3
      vertex -22.7175 -9.41329 0
      vertex -22.5 -9.26795 0
    endloop
  endfacet
  facet normal -0.442344 -0.896845 0
    outer loop
      vertex 22.2654 -9.15224 0
      vertex 22.5 -9.26795 3
      vertex 22.2654 -9.15224 3
    endloop
  endfacet
  facet normal -0.442344 -0.896845 -0
    outer loop
      vertex 22.5 -9.26795 3
      vertex 22.2654 -9.15224 0
      vertex 22.5 -9.26795 0
    endloop
  endfacet
  facet normal -0.980801 -0.195013 0
    outer loop
      vertex 23.4829 -10.7389 0
      vertex 23.4319 -10.4824 3
      vertex 23.4319 -10.4824 0
    endloop
  endfacet
  facet normal -0.980801 -0.195013 0
    outer loop
      vertex 23.4319 -10.4824 3
      vertex 23.4829 -10.7389 0
      vertex 23.4829 -10.7389 3
    endloop
  endfacet
  facet normal 0.0653902 -0.99786 0
    outer loop
      vertex -21.7611 -9.01711 0
      vertex -21.5 -9 3
      vertex -21.7611 -9.01711 3
    endloop
  endfacet
  facet normal 0.0653902 -0.99786 0
    outer loop
      vertex -21.5 -9 3
      vertex -21.7611 -9.01711 0
      vertex -21.5 -9 0
    endloop
  endfacet
  facet normal 0.831544 -0.555459 0
    outer loop
      vertex -23.232 -10 3
      vertex -23.0867 -9.78248 0
      vertex -23.0867 -9.78248 3
    endloop
  endfacet
  facet normal 0.831544 -0.555459 0
    outer loop
      vertex -23.0867 -9.78248 0
      vertex -23.232 -10 3
      vertex -23.232 -10 0
    endloop
  endfacet
  facet normal -0.321348 -0.946961 0
    outer loop
      vertex 22.0176 -9.06815 0
      vertex 22.2654 -9.15224 3
      vertex 22.0176 -9.06815 3
    endloop
  endfacet
  facet normal -0.321348 -0.946961 -0
    outer loop
      vertex 22.2654 -9.15224 3
      vertex 22.0176 -9.06815 0
      vertex 22.2654 -9.15224 0
    endloop
  endfacet
  facet normal 0.980801 -0.195013 0
    outer loop
      vertex -23.4829 -10.7389 3
      vertex -23.4319 -10.4824 0
      vertex -23.4319 -10.4824 3
    endloop
  endfacet
  facet normal 0.980801 -0.195013 0
    outer loop
      vertex -23.4319 -10.4824 0
      vertex -23.4829 -10.7389 3
      vertex -23.4829 -10.7389 0
    endloop
  endfacet
  facet normal 0.659343 -0.751842 0
    outer loop
      vertex -22.9142 -9.58579 0
      vertex -22.7175 -9.41329 3
      vertex -22.9142 -9.58579 3
    endloop
  endfacet
  facet normal 0.659343 -0.751842 0
    outer loop
      vertex -22.7175 -9.41329 3
      vertex -22.9142 -9.58579 0
      vertex -22.7175 -9.41329 0
    endloop
  endfacet
  facet normal -0.5556 -0.83145 0
    outer loop
      vertex 22.5 -9.26795 0
      vertex 22.7175 -9.41329 3
      vertex 22.5 -9.26795 3
    endloop
  endfacet
  facet normal -0.5556 -0.83145 -0
    outer loop
      vertex 22.7175 -9.41329 3
      vertex 22.5 -9.26795 0
      vertex 22.7175 -9.41329 0
    endloop
  endfacet
  facet normal -0.896709 -0.442621 0
    outer loop
      vertex 23.3478 -10.2346 0
      vertex 23.232 -10 3
      vertex 23.232 -10 0
    endloop
  endfacet
  facet normal -0.896709 -0.442621 0
    outer loop
      vertex 23.232 -10 3
      vertex 23.3478 -10.2346 0
      vertex 23.3478 -10.2346 3
    endloop
  endfacet
  facet normal -0.831521 0.555494 0
    outer loop
      vertex 23.0867 -12.2175 0
      vertex 23.232 -12 3
      vertex 23.232 -12 0
    endloop
  endfacet
  facet normal -0.831521 0.555494 0
    outer loop
      vertex 23.232 -12 3
      vertex 23.0867 -12.2175 0
      vertex 23.0867 -12.2175 3
    endloop
  endfacet
  facet normal -0.19516 -0.980771 0
    outer loop
      vertex 21.7611 -9.01711 0
      vertex 22.0176 -9.06815 3
      vertex 21.7611 -9.01711 3
    endloop
  endfacet
  facet normal -0.19516 -0.980771 -0
    outer loop
      vertex 22.0176 -9.06815 3
      vertex 21.7611 -9.01711 0
      vertex 22.0176 -9.06815 0
    endloop
  endfacet
  facet normal 0.831521 0.555494 0
    outer loop
      vertex -23.0867 -12.2175 3
      vertex -23.232 -12 0
      vertex -23.232 -12 3
    endloop
  endfacet
  facet normal 0.831521 0.555494 0
    outer loop
      vertex -23.232 -12 0
      vertex -23.0867 -12.2175 3
      vertex -23.0867 -12.2175 0
    endloop
  endfacet
  facet normal 0.659343 0.751842 -0
    outer loop
      vertex -22.7175 -12.5867 0
      vertex -22.9142 -12.4142 3
      vertex -22.7175 -12.5867 3
    endloop
  endfacet
  facet normal 0.659343 0.751842 0
    outer loop
      vertex -22.9142 -12.4142 3
      vertex -22.7175 -12.5867 0
      vertex -22.9142 -12.4142 0
    endloop
  endfacet
  facet normal -0.997862 -0.0653521 0
    outer loop
      vertex 23.5 -11 0
      vertex 23.4829 -10.7389 3
      vertex 23.4829 -10.7389 0
    endloop
  endfacet
  facet normal -0.997862 -0.0653521 0
    outer loop
      vertex 23.4829 -10.7389 3
      vertex 23.5 -11 0
      vertex 23.5 -11 3
    endloop
  endfacet
  facet normal -0.94695 0.321382 0
    outer loop
      vertex 23.3478 -11.7654 0
      vertex 23.4319 -11.5176 3
      vertex 23.4319 -11.5176 0
    endloop
  endfacet
  facet normal -0.94695 0.321382 0
    outer loop
      vertex 23.4319 -11.5176 3
      vertex 23.3478 -11.7654 0
      vertex 23.3478 -11.7654 3
    endloop
  endfacet
  facet normal -0.555494 0.831521 0
    outer loop
      vertex 22.7175 -12.5867 0
      vertex 22.5 -12.732 3
      vertex 22.7175 -12.5867 3
    endloop
  endfacet
  facet normal -0.555494 0.831521 0
    outer loop
      vertex 22.5 -12.732 3
      vertex 22.7175 -12.5867 0
      vertex 22.5 -12.732 0
    endloop
  endfacet
  facet normal 0.321382 0.94695 -0
    outer loop
      vertex -22.0176 -12.9319 0
      vertex -22.2654 -12.8478 3
      vertex -22.0176 -12.9319 3
    endloop
  endfacet
  facet normal 0.321382 0.94695 0
    outer loop
      vertex -22.2654 -12.8478 3
      vertex -22.0176 -12.9319 0
      vertex -22.2654 -12.8478 0
    endloop
  endfacet
  facet normal -0.980801 0.195013 0
    outer loop
      vertex 23.4319 -11.5176 0
      vertex 23.4829 -11.2611 3
      vertex 23.4829 -11.2611 0
    endloop
  endfacet
  facet normal -0.980801 0.195013 0
    outer loop
      vertex 23.4829 -11.2611 3
      vertex 23.4319 -11.5176 0
      vertex 23.4319 -11.5176 3
    endloop
  endfacet
  facet normal -0.751842 0.659343 0
    outer loop
      vertex 22.9142 -12.4142 0
      vertex 23.0867 -12.2175 3
      vertex 23.0867 -12.2175 0
    endloop
  endfacet
  facet normal -0.751842 0.659343 0
    outer loop
      vertex 23.0867 -12.2175 3
      vertex 22.9142 -12.4142 0
      vertex 22.9142 -12.4142 3
    endloop
  endfacet
  facet normal 0.94695 0.321382 0
    outer loop
      vertex -23.3478 -11.7654 3
      vertex -23.4319 -11.5176 0
      vertex -23.4319 -11.5176 3
    endloop
  endfacet
  facet normal 0.94695 0.321382 0
    outer loop
      vertex -23.4319 -11.5176 0
      vertex -23.3478 -11.7654 3
      vertex -23.3478 -11.7654 0
    endloop
  endfacet
  facet normal -0.94695 -0.321382 0
    outer loop
      vertex 23.4319 -10.4824 0
      vertex 23.3478 -10.2346 3
      vertex 23.3478 -10.2346 0
    endloop
  endfacet
  facet normal -0.94695 -0.321382 0
    outer loop
      vertex 23.3478 -10.2346 3
      vertex 23.4319 -10.4824 0
      vertex 23.4319 -10.4824 3
    endloop
  endfacet
  facet normal -0.0653521 0.997862 0
    outer loop
      vertex 21.7611 -12.9829 0
      vertex 21.5 -13 3
      vertex 21.7611 -12.9829 3
    endloop
  endfacet
  facet normal -0.0653521 0.997862 0
    outer loop
      vertex 21.5 -13 3
      vertex 21.7611 -12.9829 0
      vertex 21.5 -13 0
    endloop
  endfacet
  facet normal -0.195013 0.980801 0
    outer loop
      vertex 22.0176 -12.9319 0
      vertex 21.7611 -12.9829 3
      vertex 22.0176 -12.9319 3
    endloop
  endfacet
  facet normal -0.195013 0.980801 0
    outer loop
      vertex 21.7611 -12.9829 3
      vertex 22.0176 -12.9319 0
      vertex 21.7611 -12.9829 0
    endloop
  endfacet
  facet normal 0.555494 0.831521 -0
    outer loop
      vertex -22.5 -12.732 0
      vertex -22.7175 -12.5867 3
      vertex -22.5 -12.732 3
    endloop
  endfacet
  facet normal 0.555494 0.831521 0
    outer loop
      vertex -22.7175 -12.5867 3
      vertex -22.5 -12.732 0
      vertex -22.7175 -12.5867 0
    endloop
  endfacet
  facet normal -0.442621 0.896709 0
    outer loop
      vertex 22.5 -12.732 0
      vertex 22.2654 -12.8478 3
      vertex 22.5 -12.732 3
    endloop
  endfacet
  facet normal -0.442621 0.896709 0
    outer loop
      vertex 22.2654 -12.8478 3
      vertex 22.5 -12.732 0
      vertex 22.2654 -12.8478 0
    endloop
  endfacet
  facet normal -0.831544 -0.555459 0
    outer loop
      vertex 23.232 -10 0
      vertex 23.0867 -9.78248 3
      vertex 23.0867 -9.78248 0
    endloop
  endfacet
  facet normal -0.831544 -0.555459 0
    outer loop
      vertex 23.0867 -9.78248 3
      vertex 23.232 -10 0
      vertex 23.232 -10 3
    endloop
  endfacet
  facet normal 0.195013 0.980801 -0
    outer loop
      vertex -21.7611 -12.9829 0
      vertex -22.0176 -12.9319 3
      vertex -21.7611 -12.9829 3
    endloop
  endfacet
  facet normal 0.195013 0.980801 0
    outer loop
      vertex -22.0176 -12.9319 3
      vertex -21.7611 -12.9829 0
      vertex -22.0176 -12.9319 0
    endloop
  endfacet
  facet normal 0.896709 0.442621 0
    outer loop
      vertex -23.232 -12 3
      vertex -23.3478 -11.7654 0
      vertex -23.3478 -11.7654 3
    endloop
  endfacet
  facet normal 0.896709 0.442621 0
    outer loop
      vertex -23.3478 -11.7654 0
      vertex -23.232 -12 3
      vertex -23.232 -12 0
    endloop
  endfacet
  facet normal -0.321382 0.94695 0
    outer loop
      vertex 22.2654 -12.8478 0
      vertex 22.0176 -12.9319 3
      vertex 22.2654 -12.8478 3
    endloop
  endfacet
  facet normal -0.321382 0.94695 0
    outer loop
      vertex 22.0176 -12.9319 3
      vertex 22.2654 -12.8478 0
      vertex 22.0176 -12.9319 0
    endloop
  endfacet
  facet normal 0.0653521 0.997862 -0
    outer loop
      vertex -21.5 -13 0
      vertex -21.7611 -12.9829 3
      vertex -21.5 -13 3
    endloop
  endfacet
  facet normal 0.0653521 0.997862 0
    outer loop
      vertex -21.7611 -12.9829 3
      vertex -21.5 -13 0
      vertex -21.7611 -12.9829 0
    endloop
  endfacet
  facet normal 0.980801 0.195013 0
    outer loop
      vertex -23.4319 10.4824 3
      vertex -23.4829 10.7389 0
      vertex -23.4829 10.7389 3
    endloop
  endfacet
  facet normal 0.980801 0.195013 0
    outer loop
      vertex -23.4829 10.7389 0
      vertex -23.4319 10.4824 3
      vertex -23.4319 10.4824 0
    endloop
  endfacet
  facet normal -0.321382 -0.94695 0
    outer loop
      vertex 22.0176 12.9319 0
      vertex 22.2654 12.8478 3
      vertex 22.0176 12.9319 3
    endloop
  endfacet
  facet normal -0.321382 -0.94695 -0
    outer loop
      vertex 22.2654 12.8478 3
      vertex 22.0176 12.9319 0
      vertex 22.2654 12.8478 0
    endloop
  endfacet
  facet normal 0.997862 0.0653521 0
    outer loop
      vertex -23.4829 10.7389 3
      vertex -23.5 11 0
      vertex -23.5 11 3
    endloop
  endfacet
  facet normal 0.997862 0.0653521 0
    outer loop
      vertex -23.5 11 0
      vertex -23.4829 10.7389 3
      vertex -23.4829 10.7389 0
    endloop
  endfacet
  facet normal 0 -1 0
    outer loop
      vertex -21.5 13 0
      vertex 21.5 13 3
      vertex -21.5 13 3
    endloop
  endfacet
  facet normal 0 -1 -0
    outer loop
      vertex 21.5 13 3
      vertex -21.5 13 0
      vertex 21.5 13 0
    endloop
  endfacet
  facet normal 0.831521 -0.555494 0
    outer loop
      vertex -23.232 12 3
      vertex -23.0867 12.2175 0
      vertex -23.0867 12.2175 3
    endloop
  endfacet
  facet normal 0.831521 -0.555494 0
    outer loop
      vertex -23.0867 12.2175 0
      vertex -23.232 12 3
      vertex -23.232 12 0
    endloop
  endfacet
  facet normal 0.751842 -0.659343 0
    outer loop
      vertex -23.0867 12.2175 3
      vertex -22.9142 12.4142 0
      vertex -22.9142 12.4142 3
    endloop
  endfacet
  facet normal 0.751842 -0.659343 0
    outer loop
      vertex -22.9142 12.4142 0
      vertex -23.0867 12.2175 3
      vertex -23.0867 12.2175 0
    endloop
  endfacet
  facet normal 0.442621 -0.896709 0
    outer loop
      vertex -22.5 12.732 0
      vertex -22.2654 12.8478 3
      vertex -22.5 12.732 3
    endloop
  endfacet
  facet normal 0.442621 -0.896709 0
    outer loop
      vertex -22.2654 12.8478 3
      vertex -22.5 12.732 0
      vertex -22.2654 12.8478 0
    endloop
  endfacet
  facet normal 0.321382 -0.94695 0
    outer loop
      vertex -22.2654 12.8478 0
      vertex -22.0176 12.9319 3
      vertex -22.2654 12.8478 3
    endloop
  endfacet
  facet normal 0.321382 -0.94695 0
    outer loop
      vertex -22.0176 12.9319 3
      vertex -22.2654 12.8478 0
      vertex -22.0176 12.9319 0
    endloop
  endfacet
  facet normal -0.321348 0.946961 0
    outer loop
      vertex 22.2654 9.15224 0
      vertex 22.0176 9.06815 3
      vertex 22.2654 9.15224 3
    endloop
  endfacet
  facet normal -0.321348 0.946961 0
    outer loop
      vertex 22.0176 9.06815 3
      vertex 22.2654 9.15224 0
      vertex 22.0176 9.06815 0
    endloop
  endfacet
  facet normal -0.659343 0.751842 0
    outer loop
      vertex 22.9142 9.58579 0
      vertex 22.7175 9.41329 3
      vertex 22.9142 9.58579 3
    endloop
  endfacet
  facet normal -0.659343 0.751842 0
    outer loop
      vertex 22.7175 9.41329 3
      vertex 22.9142 9.58579 0
      vertex 22.7175 9.41329 0
    endloop
  endfacet
  facet normal 0 1 -0
    outer loop
      vertex 21.5 9 0
      vertex -21.5 9 3
      vertex 21.5 9 3
    endloop
  endfacet
  facet normal 0 1 0
    outer loop
      vertex -21.5 9 3
      vertex 21.5 9 0
      vertex -21.5 9 0
    endloop
  endfacet
  facet normal -0.442344 0.896845 0
    outer loop
      vertex 22.5 9.26795 0
      vertex 22.2654 9.15224 3
      vertex 22.5 9.26795 3
    endloop
  endfacet
  facet normal -0.442344 0.896845 0
    outer loop
      vertex 22.2654 9.15224 3
      vertex 22.5 9.26795 0
      vertex 22.2654 9.15224 0
    endloop
  endfacet
  facet normal -0.19516 0.980771 0
    outer loop
      vertex 22.0176 9.06815 0
      vertex 21.7611 9.01711 3
      vertex 22.0176 9.06815 3
    endloop
  endfacet
  facet normal -0.19516 0.980771 0
    outer loop
      vertex 21.7611 9.01711 3
      vertex 22.0176 9.06815 0
      vertex 21.7611 9.01711 0
    endloop
  endfacet
  facet normal 0.659343 0.751842 -0
    outer loop
      vertex -22.7175 9.41329 0
      vertex -22.9142 9.58579 3
      vertex -22.7175 9.41329 3
    endloop
  endfacet
  facet normal 0.659343 0.751842 0
    outer loop
      vertex -22.9142 9.58579 3
      vertex -22.7175 9.41329 0
      vertex -22.9142 9.58579 0
    endloop
  endfacet
  facet normal -0.555494 -0.831521 0
    outer loop
      vertex 22.5 12.732 0
      vertex 22.7175 12.5867 3
      vertex 22.5 12.732 3
    endloop
  endfacet
  facet normal -0.555494 -0.831521 -0
    outer loop
      vertex 22.7175 12.5867 3
      vertex 22.5 12.732 0
      vertex 22.7175 12.5867 0
    endloop
  endfacet
  facet normal -0.442621 -0.896709 0
    outer loop
      vertex 22.2654 12.8478 0
      vertex 22.5 12.732 3
      vertex 22.2654 12.8478 3
    endloop
  endfacet
  facet normal -0.442621 -0.896709 -0
    outer loop
      vertex 22.5 12.732 3
      vertex 22.2654 12.8478 0
      vertex 22.5 12.732 0
    endloop
  endfacet
  facet normal 0.94695 -0.321382 0
    outer loop
      vertex -23.4319 11.5176 3
      vertex -23.3478 11.7654 0
      vertex -23.3478 11.7654 3
    endloop
  endfacet
  facet normal 0.94695 -0.321382 0
    outer loop
      vertex -23.3478 11.7654 0
      vertex -23.4319 11.5176 3
      vertex -23.4319 11.5176 0
    endloop
  endfacet
  facet normal -0.997862 0.0653521 0
    outer loop
      vertex 23.4829 10.7389 0
      vertex 23.5 11 3
      vertex 23.5 11 0
    endloop
  endfacet
  facet normal -0.997862 0.0653521 0
    outer loop
      vertex 23.5 11 3
      vertex 23.4829 10.7389 0
      vertex 23.4829 10.7389 3
    endloop
  endfacet
  facet normal -0.659343 -0.751842 0
    outer loop
      vertex 22.7175 12.5867 0
      vertex 22.9142 12.4142 3
      vertex 22.7175 12.5867 3
    endloop
  endfacet
  facet normal -0.659343 -0.751842 -0
    outer loop
      vertex 22.9142 12.4142 3
      vertex 22.7175 12.5867 0
      vertex 22.9142 12.4142 0
    endloop
  endfacet
  facet normal -0.751842 -0.659343 0
    outer loop
      vertex 23.0867 12.2175 0
      vertex 22.9142 12.4142 3
      vertex 22.9142 12.4142 0
    endloop
  endfacet
  facet normal -0.751842 -0.659343 0
    outer loop
      vertex 22.9142 12.4142 3
      vertex 23.0867 12.2175 0
      vertex 23.0867 12.2175 3
    endloop
  endfacet
  facet normal 0.659343 -0.751842 0
    outer loop
      vertex -22.9142 12.4142 0
      vertex -22.7175 12.5867 3
      vertex -22.9142 12.4142 3
    endloop
  endfacet
  facet normal 0.659343 -0.751842 0
    outer loop
      vertex -22.7175 12.5867 3
      vertex -22.9142 12.4142 0
      vertex -22.7175 12.5867 0
    endloop
  endfacet
  facet normal -0.94695 0.321382 0
    outer loop
      vertex 23.3478 10.2346 0
      vertex 23.4319 10.4824 3
      vertex 23.4319 10.4824 0
    endloop
  endfacet
  facet normal -0.94695 0.321382 0
    outer loop
      vertex 23.4319 10.4824 3
      vertex 23.3478 10.2346 0
      vertex 23.3478 10.2346 3
    endloop
  endfacet
  facet normal -0.831544 0.555459 0
    outer loop
      vertex 23.0867 9.78248 0
      vertex 23.232 10 3
      vertex 23.232 10 0
    endloop
  endfacet
  facet normal -0.831544 0.555459 0
    outer loop
      vertex 23.232 10 3
      vertex 23.0867 9.78248 0
      vertex 23.0867 9.78248 3
    endloop
  endfacet
  facet normal 0.0653521 -0.997862 0
    outer loop
      vertex -21.7611 12.9829 0
      vertex -21.5 13 3
      vertex -21.7611 12.9829 3
    endloop
  endfacet
  facet normal 0.0653521 -0.997862 0
    outer loop
      vertex -21.5 13 3
      vertex -21.7611 12.9829 0
      vertex -21.5 13 0
    endloop
  endfacet
  facet normal -0.980801 -0.195013 0
    outer loop
      vertex 23.4829 11.2611 0
      vertex 23.4319 11.5176 3
      vertex 23.4319 11.5176 0
    endloop
  endfacet
  facet normal -0.980801 -0.195013 0
    outer loop
      vertex 23.4319 11.5176 3
      vertex 23.4829 11.2611 0
      vertex 23.4829 11.2611 3
    endloop
  endfacet
  facet normal 0.195013 -0.980801 0
    outer loop
      vertex -22.0176 12.9319 0
      vertex -21.7611 12.9829 3
      vertex -22.0176 12.9319 3
    endloop
  endfacet
  facet normal 0.195013 -0.980801 0
    outer loop
      vertex -21.7611 12.9829 3
      vertex -22.0176 12.9319 0
      vertex -21.7611 12.9829 0
    endloop
  endfacet
  facet normal -0.997862 -0.0653521 0
    outer loop
      vertex 23.5 11 0
      vertex 23.4829 11.2611 3
      vertex 23.4829 11.2611 0
    endloop
  endfacet
  facet normal -0.997862 -0.0653521 0
    outer loop
      vertex 23.4829 11.2611 3
      vertex 23.5 11 0
      vertex 23.5 11 3
    endloop
  endfacet
  facet normal -0.94695 -0.321382 0
    outer loop
      vertex 23.4319 11.5176 0
      vertex 23.3478 11.7654 3
      vertex 23.3478 11.7654 0
    endloop
  endfacet
  facet normal -0.94695 -0.321382 0
    outer loop
      vertex 23.3478 11.7654 3
      vertex 23.4319 11.5176 0
      vertex 23.4319 11.5176 3
    endloop
  endfacet
  facet normal -0.980801 0.195013 0
    outer loop
      vertex 23.4319 10.4824 0
      vertex 23.4829 10.7389 3
      vertex 23.4829 10.7389 0
    endloop
  endfacet
  facet normal -0.980801 0.195013 0
    outer loop
      vertex 23.4829 10.7389 3
      vertex 23.4319 10.4824 0
      vertex 23.4319 10.4824 3
    endloop
  endfacet
  facet normal -0.0653902 0.99786 0
    outer loop
      vertex 21.7611 9.01711 0
      vertex 21.5 9 3
      vertex 21.7611 9.01711 3
    endloop
  endfacet
  facet normal -0.0653902 0.99786 0
    outer loop
      vertex 21.5 9 3
      vertex 21.7611 9.01711 0
      vertex 21.5 9 0
    endloop
  endfacet
  facet normal -0.5556 0.83145 0
    outer loop
      vertex 22.7175 9.41329 0
      vertex 22.5 9.26795 3
      vertex 22.7175 9.41329 3
    endloop
  endfacet
  facet normal -0.5556 0.83145 0
    outer loop
      vertex 22.5 9.26795 3
      vertex 22.7175 9.41329 0
      vertex 22.5 9.26795 0
    endloop
  endfacet
  facet normal 0.980801 -0.195013 0
    outer loop
      vertex -23.4829 11.2611 3
      vertex -23.4319 11.5176 0
      vertex -23.4319 11.5176 3
    endloop
  endfacet
  facet normal 0.980801 -0.195013 0
    outer loop
      vertex -23.4319 11.5176 0
      vertex -23.4829 11.2611 3
      vertex -23.4829 11.2611 0
    endloop
  endfacet
  facet normal 0.997862 -0.0653521 0
    outer loop
      vertex -23.5 11 3
      vertex -23.4829 11.2611 0
      vertex -23.4829 11.2611 3
    endloop
  endfacet
  facet normal 0.997862 -0.0653521 0
    outer loop
      vertex -23.4829 11.2611 0
      vertex -23.5 11 3
      vertex -23.5 11 0
    endloop
  endfacet
  facet normal -0.831521 -0.555494 0
    outer loop
      vertex 23.232 12 0
      vertex 23.0867 12.2175 3
      vertex 23.0867 12.2175 0
    endloop
  endfacet
  facet normal -0.831521 -0.555494 0
    outer loop
      vertex 23.0867 12.2175 3
      vertex 23.232 12 0
      vertex 23.232 12 3
    endloop
  endfacet
  facet normal 0.321348 0.946961 -0
    outer loop
      vertex -22.0176 9.06815 0
      vertex -22.2654 9.15224 3
      vertex -22.0176 9.06815 3
    endloop
  endfacet
  facet normal 0.321348 0.946961 0
    outer loop
      vertex -22.2654 9.15224 3
      vertex -22.0176 9.06815 0
      vertex -22.2654 9.15224 0
    endloop
  endfacet
  facet normal 0.5556 0.83145 -0
    outer loop
      vertex -22.5 9.26795 0
      vertex -22.7175 9.41329 3
      vertex -22.5 9.26795 3
    endloop
  endfacet
  facet normal 0.5556 0.83145 0
    outer loop
      vertex -22.7175 9.41329 3
      vertex -22.5 9.26795 0
      vertex -22.7175 9.41329 0
    endloop
  endfacet
  facet normal 0.896709 -0.442621 0
    outer loop
      vertex -23.3478 11.7654 3
      vertex -23.232 12 0
      vertex -23.232 12 3
    endloop
  endfacet
  facet normal 0.896709 -0.442621 0
    outer loop
      vertex -23.232 12 0
      vertex -23.3478 11.7654 3
      vertex -23.3478 11.7654 0
    endloop
  endfacet
  facet normal 0.555494 -0.831521 0
    outer loop
      vertex -22.7175 12.5867 0
      vertex -22.5 12.732 3
      vertex -22.7175 12.5867 3
    endloop
  endfacet
  facet normal 0.555494 -0.831521 0
    outer loop
      vertex -22.5 12.732 3
      vertex -22.7175 12.5867 0
      vertex -22.5 12.732 0
    endloop
  endfacet
  facet normal -0.896709 0.442621 0
    outer loop
      vertex 23.232 10 0
      vertex 23.3478 10.2346 3
      vertex 23.3478 10.2346 0
    endloop
  endfacet
  facet normal -0.896709 0.442621 0
    outer loop
      vertex 23.3478 10.2346 3
      vertex 23.232 10 0
      vertex 23.232 10 3
    endloop
  endfacet
  facet normal 0.442344 0.896845 -0
    outer loop
      vertex -22.2654 9.15224 0
      vertex -22.5 9.26795 3
      vertex -22.2654 9.15224 3
    endloop
  endfacet
  facet normal 0.442344 0.896845 0
    outer loop
      vertex -22.5 9.26795 3
      vertex -22.2654 9.15224 0
      vertex -22.5 9.26795 0
    endloop
  endfacet
  facet normal -0.896709 -0.442621 0
    outer loop
      vertex 23.3478 11.7654 0
      vertex 23.232 12 3
      vertex 23.232 12 0
    endloop
  endfacet
  facet normal -0.896709 -0.442621 0
    outer loop
      vertex 23.232 12 3
      vertex 23.3478 11.7654 0
      vertex 23.3478 11.7654 3
    endloop
  endfacet
  facet normal 0.19516 0.980771 -0
    outer loop
      vertex -21.7611 9.01711 0
      vertex -22.0176 9.06815 3
      vertex -21.7611 9.01711 3
    endloop
  endfacet
  facet normal 0.19516 0.980771 0
    outer loop
      vertex -22.0176 9.06815 3
      vertex -21.7611 9.01711 0
      vertex -22.0176 9.06815 0
    endloop
  endfacet
  facet normal -0.0653521 -0.997862 0
    outer loop
      vertex 21.5 13 0
      vertex 21.7611 12.9829 3
      vertex 21.5 13 3
    endloop
  endfacet
  facet normal -0.0653521 -0.997862 -0
    outer loop
      vertex 21.7611 12.9829 3
      vertex 21.5 13 0
      vertex 21.7611 12.9829 0
    endloop
  endfacet
  facet normal 0.751826 0.659362 0
    outer loop
      vertex -22.9142 9.58579 3
      vertex -23.0867 9.78248 0
      vertex -23.0867 9.78248 3
    endloop
  endfacet
  facet normal 0.751826 0.659362 0
    outer loop
      vertex -23.0867 9.78248 0
      vertex -22.9142 9.58579 3
      vertex -22.9142 9.58579 0
    endloop
  endfacet
  facet normal 0.896709 0.442621 0
    outer loop
      vertex -23.232 10 3
      vertex -23.3478 10.2346 0
      vertex -23.3478 10.2346 3
    endloop
  endfacet
  facet normal 0.896709 0.442621 0
    outer loop
      vertex -23.3478 10.2346 0
      vertex -23.232 10 3
      vertex -23.232 10 0
    endloop
  endfacet
  facet normal -0.195013 -0.980801 0
    outer loop
      vertex 21.7611 12.9829 0
      vertex 22.0176 12.9319 3
      vertex 21.7611 12.9829 3
    endloop
  endfacet
  facet normal -0.195013 -0.980801 -0
    outer loop
      vertex 22.0176 12.9319 3
      vertex 21.7611 12.9829 0
      vertex 22.0176 12.9319 0
    endloop
  endfacet
  facet normal -0.751826 0.659362 0
    outer loop
      vertex 22.9142 9.58579 0
      vertex 23.0867 9.78248 3
      vertex 23.0867 9.78248 0
    endloop
  endfacet
  facet normal -0.751826 0.659362 0
    outer loop
      vertex 23.0867 9.78248 3
      vertex 22.9142 9.58579 0
      vertex 22.9142 9.58579 3
    endloop
  endfacet
  facet normal 0.0653902 0.99786 -0
    outer loop
      vertex -21.5 9 0
      vertex -21.7611 9.01711 3
      vertex -21.5 9 3
    endloop
  endfacet
  facet normal 0.0653902 0.99786 0
    outer loop
      vertex -21.7611 9.01711 3
      vertex -21.5 9 0
      vertex -21.7611 9.01711 0
    endloop
  endfacet
  facet normal 0.831544 0.555459 0
    outer loop
      vertex -23.0867 9.78248 3
      vertex -23.232 10 0
      vertex -23.232 10 3
    endloop
  endfacet
  facet normal 0.831544 0.555459 0
    outer loop
      vertex -23.232 10 0
      vertex -23.0867 9.78248 3
      vertex -23.0867 9.78248 0
    endloop
  endfacet
  facet normal 0.94695 0.321382 0
    outer loop
      vertex -23.3478 10.2346 3
      vertex -23.4319 10.4824 0
      vertex -23.4319 10.4824 3
    endloop
  endfacet
  facet normal 0.94695 0.321382 0
    outer loop
      vertex -23.4319 10.4824 0
      vertex -23.3478 10.2346 3
      vertex -23.3478 10.2346 0
    endloop
  endfacet
  facet normal 0.321498 -0.94691 0
    outer loop
      vertex 44.0353 -28.8637 0
      vertex 44.5307 -28.6955 3
      vertex 44.0353 -28.8637 3
    endloop
  endfacet
  facet normal 0.321498 -0.94691 0
    outer loop
      vertex 44.5307 -28.6955 3
      vertex 44.0353 -28.8637 0
      vertex 44.5307 -28.6955 0
    endloop
  endfacet
  facet normal 0 -1 0
    outer loop
      vertex 32.732 -29 0
      vertex 43 -29 3
      vertex 32.732 -29 3
    endloop
  endfacet
  facet normal 0 -1 -0
    outer loop
      vertex 43 -29 3
      vertex 32.732 -29 0
      vertex 43 -29 0
    endloop
  endfacet
  facet normal 0 -1 0
    outer loop
      vertex -43 -29 0
      vertex -32.732 -29 3
      vertex -43 -29 3
    endloop
  endfacet
  facet normal 0 -1 -0
    outer loop
      vertex -32.732 -29 3
      vertex -43 -29 0
      vertex -32.732 -29 0
    endloop
  endfacet
  facet normal 0 -1 0
    outer loop
      vertex -29.2679 -29 0
      vertex 29.2679 -29 3
      vertex -29.2679 -29 3
    endloop
  endfacet
  facet normal 0 -1 -0
    outer loop
      vertex 29.2679 -29 3
      vertex -29.2679 -29 0
      vertex 29.2679 -29 0
    endloop
  endfacet
  facet normal 0.195124 -0.980779 0
    outer loop
      vertex 43.5221 -28.9658 0
      vertex 44.0353 -28.8637 3
      vertex 43.5221 -28.9658 3
    endloop
  endfacet
  facet normal 0.195124 -0.980779 0
    outer loop
      vertex 44.0353 -28.8637 3
      vertex 43.5221 -28.9658 0
      vertex 44.0353 -28.8637 0
    endloop
  endfacet
  facet normal 0.0653646 -0.997861 0
    outer loop
      vertex 43 -29 0
      vertex 43.5221 -28.9658 3
      vertex 43 -29 3
    endloop
  endfacet
  facet normal 0.0653646 -0.997861 0
    outer loop
      vertex 43.5221 -28.9658 3
      vertex 43 -29 0
      vertex 43.5221 -28.9658 0
    endloop
  endfacet
  facet normal -0.195124 -0.980779 0
    outer loop
      vertex -44.0353 -28.8637 0
      vertex -43.5221 -28.9658 3
      vertex -44.0353 -28.8637 3
    endloop
  endfacet
  facet normal -0.195124 -0.980779 -0
    outer loop
      vertex -43.5221 -28.9658 3
      vertex -44.0353 -28.8637 0
      vertex -43.5221 -28.9658 0
    endloop
  endfacet
  facet normal -0.321498 -0.94691 0
    outer loop
      vertex -44.5307 -28.6955 0
      vertex -44.0353 -28.8637 3
      vertex -44.5307 -28.6955 3
    endloop
  endfacet
  facet normal -0.321498 -0.94691 -0
    outer loop
      vertex -44.0353 -28.8637 3
      vertex -44.5307 -28.6955 0
      vertex -44.0353 -28.8637 0
    endloop
  endfacet
  facet normal 0.442238 0.896898 -0
    outer loop
      vertex 45 28.4641 0
      vertex 44.5307 28.6955 3
      vertex 45 28.4641 3
    endloop
  endfacet
  facet normal 0.442238 0.896898 0
    outer loop
      vertex 44.5307 28.6955 3
      vertex 45 28.4641 0
      vertex 44.5307 28.6955 0
    endloop
  endfacet
  facet normal -0.94691 0.321498 0
    outer loop
      vertex -46.8637 26.0353 0
      vertex -46.6955 26.5307 3
      vertex -46.6955 26.5307 0
    endloop
  endfacet
  facet normal -0.94691 0.321498 0
    outer loop
      vertex -46.6955 26.5307 3
      vertex -46.8637 26.0353 0
      vertex -46.8637 26.0353 3
    endloop
  endfacet
  facet normal -0.896898 0.442238 0
    outer loop
      vertex -46.6955 26.5307 0
      vertex -46.4641 27 3
      vertex -46.4641 27 0
    endloop
  endfacet
  facet normal -0.896898 0.442238 0
    outer loop
      vertex -46.4641 27 3
      vertex -46.6955 26.5307 0
      vertex -46.6955 26.5307 3
    endloop
  endfacet
  facet normal -0.555626 0.831432 0
    outer loop
      vertex -45 28.4641 0
      vertex -45.435 28.1734 3
      vertex -45 28.4641 3
    endloop
  endfacet
  facet normal -0.555626 0.831432 0
    outer loop
      vertex -45.435 28.1734 3
      vertex -45 28.4641 0
      vertex -45.435 28.1734 0
    endloop
  endfacet
  facet normal 0.555626 0.831432 -0
    outer loop
      vertex 45.435 28.1734 0
      vertex 45 28.4641 3
      vertex 45.435 28.1734 3
    endloop
  endfacet
  facet normal 0.555626 0.831432 0
    outer loop
      vertex 45 28.4641 3
      vertex 45.435 28.1734 0
      vertex 45 28.4641 0
    endloop
  endfacet
  facet normal 1 -0 0
    outer loop
      vertex 47 -25 3
      vertex 47 25 0
      vertex 47 25 3
    endloop
  endfacet
  facet normal 1 0 0
    outer loop
      vertex 47 25 0
      vertex 47 -25 3
      vertex 47 -25 0
    endloop
  endfacet
  facet normal -1 0 0
    outer loop
      vertex -47 -25 0
      vertex -47 25 3
      vertex -47 25 0
    endloop
  endfacet
  facet normal -1 -0 0
    outer loop
      vertex -47 25 3
      vertex -47 -25 0
      vertex -47 -25 3
    endloop
  endfacet
  facet normal -0.0653646 0.997861 0
    outer loop
      vertex -43 29 0
      vertex -43.5221 28.9658 3
      vertex -43 29 3
    endloop
  endfacet
  facet normal -0.0653646 0.997861 0
    outer loop
      vertex -43.5221 28.9658 3
      vertex -43 29 0
      vertex -43.5221 28.9658 0
    endloop
  endfacet
  facet normal 0.980779 -0.195124 0
    outer loop
      vertex 46.8637 -26.0353 3
      vertex 46.9658 -25.5221 0
      vertex 46.9658 -25.5221 3
    endloop
  endfacet
  facet normal 0.980779 -0.195124 0
    outer loop
      vertex 46.9658 -25.5221 0
      vertex 46.8637 -26.0353 3
      vertex 46.8637 -26.0353 0
    endloop
  endfacet
  facet normal 0.94691 0.321498 0
    outer loop
      vertex 46.8637 26.0353 3
      vertex 46.6955 26.5307 0
      vertex 46.6955 26.5307 3
    endloop
  endfacet
  facet normal 0.94691 0.321498 0
    outer loop
      vertex 46.6955 26.5307 0
      vertex 46.8637 26.0353 3
      vertex 46.8637 26.0353 0
    endloop
  endfacet
  facet normal -0.896898 -0.442238 0
    outer loop
      vertex -46.4641 -27 0
      vertex -46.6955 -26.5307 3
      vertex -46.6955 -26.5307 0
    endloop
  endfacet
  facet normal -0.896898 -0.442238 0
    outer loop
      vertex -46.6955 -26.5307 3
      vertex -46.4641 -27 0
      vertex -46.4641 -27 3
    endloop
  endfacet
  facet normal 0.831432 0.555626 0
    outer loop
      vertex 46.4641 27 3
      vertex 46.1734 27.435 0
      vertex 46.1734 27.435 3
    endloop
  endfacet
  facet normal 0.831432 0.555626 0
    outer loop
      vertex 46.1734 27.435 0
      vertex 46.4641 27 3
      vertex 46.4641 27 0
    endloop
  endfacet
  facet normal 0.896898 -0.442238 0
    outer loop
      vertex 46.4641 -27 3
      vertex 46.6955 -26.5307 0
      vertex 46.6955 -26.5307 3
    endloop
  endfacet
  facet normal 0.896898 -0.442238 0
    outer loop
      vertex 46.6955 -26.5307 0
      vertex 46.4641 -27 3
      vertex 46.4641 -27 0
    endloop
  endfacet
  facet normal -0.0653646 -0.997861 0
    outer loop
      vertex -43.5221 -28.9658 0
      vertex -43 -29 3
      vertex -43.5221 -28.9658 3
    endloop
  endfacet
  facet normal -0.0653646 -0.997861 -0
    outer loop
      vertex -43 -29 3
      vertex -43.5221 -28.9658 0
      vertex -43 -29 0
    endloop
  endfacet
  facet normal 0.831432 -0.555626 0
    outer loop
      vertex 46.1734 -27.435 3
      vertex 46.4641 -27 0
      vertex 46.4641 -27 3
    endloop
  endfacet
  facet normal 0.831432 -0.555626 0
    outer loop
      vertex 46.4641 -27 0
      vertex 46.1734 -27.435 3
      vertex 46.1734 -27.435 0
    endloop
  endfacet
  facet normal 0.0653646 0.997861 -0
    outer loop
      vertex 43.5221 28.9658 0
      vertex 43 29 3
      vertex 43.5221 28.9658 3
    endloop
  endfacet
  facet normal 0.0653646 0.997861 0
    outer loop
      vertex 43 29 3
      vertex 43.5221 28.9658 0
      vertex 43 29 0
    endloop
  endfacet
  facet normal 0.321498 0.94691 -0
    outer loop
      vertex 44.5307 28.6955 0
      vertex 44.0353 28.8637 3
      vertex 44.5307 28.6955 3
    endloop
  endfacet
  facet normal 0.321498 0.94691 0
    outer loop
      vertex 44.0353 28.8637 3
      vertex 44.5307 28.6955 0
      vertex 44.0353 28.8637 0
    endloop
  endfacet
  facet normal -0.442238 -0.896898 0
    outer loop
      vertex -45 -28.4641 0
      vertex -44.5307 -28.6955 3
      vertex -45 -28.4641 3
    endloop
  endfacet
  facet normal -0.442238 -0.896898 -0
    outer loop
      vertex -44.5307 -28.6955 3
      vertex -45 -28.4641 0
      vertex -44.5307 -28.6955 0
    endloop
  endfacet
  facet normal 0 1 -0
    outer loop
      vertex 43 29 0
      vertex 32.732 29 3
      vertex 43 29 3
    endloop
  endfacet
  facet normal 0 1 0
    outer loop
      vertex 32.732 29 3
      vertex 43 29 0
      vertex 32.732 29 0
    endloop
  endfacet
  facet normal 0 1 -0
    outer loop
      vertex -32.732 29 0
      vertex -43 29 3
      vertex -32.732 29 3
    endloop
  endfacet
  facet normal 0 1 0
    outer loop
      vertex -43 29 3
      vertex -32.732 29 0
      vertex -43 29 0
    endloop
  endfacet
  facet normal 0 1 -0
    outer loop
      vertex 29.2679 29 0
      vertex -29.2679 29 3
      vertex 29.2679 29 3
    endloop
  endfacet
  facet normal 0 1 0
    outer loop
      vertex -29.2679 29 3
      vertex 29.2679 29 0
      vertex -29.2679 29 0
    endloop
  endfacet
  facet normal -0.442238 0.896898 0
    outer loop
      vertex -44.5307 28.6955 0
      vertex -45 28.4641 3
      vertex -44.5307 28.6955 3
    endloop
  endfacet
  facet normal -0.442238 0.896898 0
    outer loop
      vertex -45 28.4641 3
      vertex -44.5307 28.6955 0
      vertex -45 28.4641 0
    endloop
  endfacet
  facet normal 0.195124 0.980779 -0
    outer loop
      vertex 44.0353 28.8637 0
      vertex 43.5221 28.9658 3
      vertex 44.0353 28.8637 3
    endloop
  endfacet
  facet normal 0.195124 0.980779 0
    outer loop
      vertex 43.5221 28.9658 3
      vertex 44.0353 28.8637 0
      vertex 43.5221 28.9658 0
    endloop
  endfacet
  facet normal 0.555626 -0.831432 0
    outer loop
      vertex 45 -28.4641 0
      vertex 45.435 -28.1734 3
      vertex 45 -28.4641 3
    endloop
  endfacet
  facet normal 0.555626 -0.831432 0
    outer loop
      vertex 45.435 -28.1734 3
      vertex 45 -28.4641 0
      vertex 45.435 -28.1734 0
    endloop
  endfacet
  facet normal -0.195124 0.980779 0
    outer loop
      vertex -43.5221 28.9658 0
      vertex -44.0353 28.8637 3
      vertex -43.5221 28.9658 3
    endloop
  endfacet
  facet normal -0.195124 0.980779 0
    outer loop
      vertex -44.0353 28.8637 3
      vertex -43.5221 28.9658 0
      vertex -44.0353 28.8637 0
    endloop
  endfacet
  facet normal -0.659343 0.751842 0
    outer loop
      vertex -45.435 28.1734 0
      vertex -45.8284 27.8284 3
      vertex -45.435 28.1734 3
    endloop
  endfacet
  facet normal -0.659343 0.751842 0
    outer loop
      vertex -45.8284 27.8284 3
      vertex -45.435 28.1734 0
      vertex -45.8284 27.8284 0
    endloop
  endfacet
  facet normal -0.751842 0.659343 0
    outer loop
      vertex -46.1734 27.435 0
      vertex -45.8284 27.8284 3
      vertex -45.8284 27.8284 0
    endloop
  endfacet
  facet normal -0.751842 0.659343 0
    outer loop
      vertex -45.8284 27.8284 3
      vertex -46.1734 27.435 0
      vertex -46.1734 27.435 3
    endloop
  endfacet
  facet normal -0.321498 0.94691 0
    outer loop
      vertex -44.0353 28.8637 0
      vertex -44.5307 28.6955 3
      vertex -44.0353 28.8637 3
    endloop
  endfacet
  facet normal -0.321498 0.94691 0
    outer loop
      vertex -44.5307 28.6955 3
      vertex -44.0353 28.8637 0
      vertex -44.5307 28.6955 0
    endloop
  endfacet
  facet normal -0.831432 0.555626 0
    outer loop
      vertex -46.4641 27 0
      vertex -46.1734 27.435 3
      vertex -46.1734 27.435 0
    endloop
  endfacet
  facet normal -0.831432 0.555626 0
    outer loop
      vertex -46.1734 27.435 3
      vertex -46.4641 27 0
      vertex -46.4641 27 3
    endloop
  endfacet
  facet normal -0.555626 -0.831432 0
    outer loop
      vertex -45.435 -28.1734 0
      vertex -45 -28.4641 3
      vertex -45.435 -28.1734 3
    endloop
  endfacet
  facet normal -0.555626 -0.831432 -0
    outer loop
      vertex -45 -28.4641 3
      vertex -45.435 -28.1734 0
      vertex -45 -28.4641 0
    endloop
  endfacet
  facet normal 0.997861 0.0653646 0
    outer loop
      vertex 47 25 3
      vertex 46.9658 25.5221 0
      vertex 46.9658 25.5221 3
    endloop
  endfacet
  facet normal 0.997861 0.0653646 0
    outer loop
      vertex 46.9658 25.5221 0
      vertex 47 25 3
      vertex 47 25 0
    endloop
  endfacet
  facet normal 0.751842 -0.659343 0
    outer loop
      vertex 45.8284 -27.8284 3
      vertex 46.1734 -27.435 0
      vertex 46.1734 -27.435 3
    endloop
  endfacet
  facet normal 0.751842 -0.659343 0
    outer loop
      vertex 46.1734 -27.435 0
      vertex 45.8284 -27.8284 3
      vertex 45.8284 -27.8284 0
    endloop
  endfacet
  facet normal 0.659343 -0.751842 0
    outer loop
      vertex 45.435 -28.1734 0
      vertex 45.8284 -27.8284 3
      vertex 45.435 -28.1734 3
    endloop
  endfacet
  facet normal 0.659343 -0.751842 0
    outer loop
      vertex 45.8284 -27.8284 3
      vertex 45.435 -28.1734 0
      vertex 45.8284 -27.8284 0
    endloop
  endfacet
  facet normal -0.659343 -0.751842 0
    outer loop
      vertex -45.8284 -27.8284 0
      vertex -45.435 -28.1734 3
      vertex -45.8284 -27.8284 3
    endloop
  endfacet
  facet normal -0.659343 -0.751842 -0
    outer loop
      vertex -45.435 -28.1734 3
      vertex -45.8284 -27.8284 0
      vertex -45.435 -28.1734 0
    endloop
  endfacet
  facet normal -0.997861 -0.0653646 0
    outer loop
      vertex -46.9658 -25.5221 0
      vertex -47 -25 3
      vertex -47 -25 0
    endloop
  endfacet
  facet normal -0.997861 -0.0653646 0
    outer loop
      vertex -47 -25 3
      vertex -46.9658 -25.5221 0
      vertex -46.9658 -25.5221 3
    endloop
  endfacet
  facet normal -0 0 1
    outer loop
      vertex -47 25 3
      vertex -33 10 3
      vertex -33 28 3
    endloop
  endfacet
  facet normal 0 0 1
    outer loop
      vertex -33 10 3
      vertex -47 25 3
      vertex -33 -10 3
    endloop
  endfacet
  facet normal 0 0 1
    outer loop
      vertex -47 25 3
      vertex -33 28 3
      vertex -43 29 3
    endloop
  endfacet
  facet normal 0 0 1
    outer loop
      vertex -32.9829 28.2611 3
      vertex -43 29 3
      vertex -33 28 3
    endloop
  endfacet
  facet normal 0 0 1
    outer loop
      vertex -32.9319 28.5176 3
      vertex -43 29 3
      vertex -32.9829 28.2611 3
    endloop
  endfacet
  facet normal 0 0 1
    outer loop
      vertex -32.8478 28.7654 3
      vertex -43 29 3
      vertex -32.9319 28.5176 3
    endloop
  endfacet
  facet normal -0 0 1
    outer loop
      vertex -43 29 3
      vertex -32.8478 28.7654 3
      vertex -32.732 29 3
    endloop
  endfacet
  facet normal 0 0 1
    outer loop
      vertex -29.5858 8.58579 3
      vertex -22.7175 9.41329 3
      vertex -29.4133 8.78248 3
    endloop
  endfacet
  facet normal 0 0 1
    outer loop
      vertex -22.5 -9.26795 3
      vertex -29.0171 -9.73895 3
      vertex -29 -10 3
    endloop
  endfacet
  facet normal 0 0 1
    outer loop
      vertex -22.7175 9.41329 3
      vertex -29.5858 8.58579 3
      vertex -22.5 9.26795 3
    endloop
  endfacet
  facet normal 0 0 1
    outer loop
      vertex -22.5 -9.26795 3
      vertex -29.0681 -9.48236 3
      vertex -29.0171 -9.73895 3
    endloop
  endfacet
  facet normal 0 0 1
    outer loop
      vertex -29.7825 8.41329 3
      vertex -22.5 9.26795 3
      vertex -29.5858 8.58579 3
    endloop
  endfacet
  facet normal 0 0 1
    outer loop
      vertex -22.5 -9.26795 3
      vertex -29.1522 -9.23463 3
      vertex -29.0681 -9.48236 3
    endloop
  endfacet
  facet normal 0 0 1
    outer loop
      vertex -22.5 9.26795 3
      vertex -29.7825 8.41329 3
      vertex -22.2654 9.15224 3
    endloop
  endfacet
  facet normal 0 0 1
    outer loop
      vertex -22.5 -9.26795 3
      vertex -29.2679 -9 3
      vertex -29.1522 -9.23463 3
    endloop
  endfacet
  facet normal 0 0 1
    outer loop
      vertex -30 8.26795 3
      vertex -22.2654 9.15224 3
      vertex -29.7825 8.41329 3
    endloop
  endfacet
  facet normal 0 0 1
    outer loop
      vertex -22.5 -9.26795 3
      vertex -29.4133 -8.78248 3
      vertex -29.2679 -9 3
    endloop
  endfacet
  facet normal 0 0 1
    outer loop
      vertex -22.2654 9.15224 3
      vertex -30 8.26795 3
      vertex -22.2654 -9.15224 3
    endloop
  endfacet
  facet normal 0 0 1
    outer loop
      vertex -22.5 -9.26795 3
      vertex -29.5858 -8.58579 3
      vertex -29.4133 -8.78248 3
    endloop
  endfacet
  facet normal -0 0 1
    outer loop
      vertex -30 -8.26795 3
      vertex -22.2654 -9.15224 3
      vertex -30 8.26795 3
    endloop
  endfacet
  facet normal 0 0 1
    outer loop
      vertex -22.5 -9.26795 3
      vertex -29.7825 -8.41329 3
      vertex -29.5858 -8.58579 3
    endloop
  endfacet
  facet normal -0 -0 1
    outer loop
      vertex -29.7825 -8.41329 3
      vertex -22.2654 -9.15224 3
      vertex -30 -8.26795 3
    endloop
  endfacet
  facet normal 0 0 1
    outer loop
      vertex -22.2654 -9.15224 3
      vertex -29.7825 -8.41329 3
      vertex -22.5 -9.26795 3
    endloop
  endfacet
  facet normal -0 0 1
    outer loop
      vertex -30.2346 8.15224 3
      vertex -30 -8.26795 3
      vertex -30 8.26795 3
    endloop
  endfacet
  facet normal 0 0 1
    outer loop
      vertex -30.2346 8.15224 3
      vertex -30.2346 -8.15224 3
      vertex -30 -8.26795 3
    endloop
  endfacet
  facet normal -0 0 1
    outer loop
      vertex -30.4824 8.06815 3
      vertex -30.2346 -8.15224 3
      vertex -30.2346 8.15224 3
    endloop
  endfacet
  facet normal 0 0 1
    outer loop
      vertex -30.4824 8.06815 3
      vertex -30.4824 -8.06815 3
      vertex -30.2346 -8.15224 3
    endloop
  endfacet
  facet normal -0 0 1
    outer loop
      vertex -30.7389 8.01711 3
      vertex -30.4824 -8.06815 3
      vertex -30.4824 8.06815 3
    endloop
  endfacet
  facet normal 0 0 1
    outer loop
      vertex -30.7389 8.01711 3
      vertex -30.7389 -8.01711 3
      vertex -30.4824 -8.06815 3
    endloop
  endfacet
  facet normal -0 0 1
    outer loop
      vertex -31 8 3
      vertex -30.7389 -8.01711 3
      vertex -30.7389 8.01711 3
    endloop
  endfacet
  facet normal 0 0 1
    outer loop
      vertex -31 8 3
      vertex -31 -8 3
      vertex -30.7389 -8.01711 3
    endloop
  endfacet
  facet normal 0 0 1
    outer loop
      vertex -31.2611 8.01711 3
      vertex -31 -8 3
      vertex -31 8 3
    endloop
  endfacet
  facet normal 0 0 1
    outer loop
      vertex -31.2611 8.01711 3
      vertex -31.2611 -8.01711 3
      vertex -31 -8 3
    endloop
  endfacet
  facet normal 0 0 1
    outer loop
      vertex -31.5176 8.06815 3
      vertex -31.2611 -8.01711 3
      vertex -31.2611 8.01711 3
    endloop
  endfacet
  facet normal 0 0 1
    outer loop
      vertex -31.5176 8.06815 3
      vertex -31.5176 -8.06815 3
      vertex -31.2611 -8.01711 3
    endloop
  endfacet
  facet normal 0 0 1
    outer loop
      vertex -31.7654 8.15224 3
      vertex -31.5176 -8.06815 3
      vertex -31.5176 8.06815 3
    endloop
  endfacet
  facet normal 0 0 1
    outer loop
      vertex -31.7654 8.15224 3
      vertex -31.7654 -8.15224 3
      vertex -31.5176 -8.06815 3
    endloop
  endfacet
  facet normal 0 0 1
    outer loop
      vertex -32 8.26795 3
      vertex -31.7654 -8.15224 3
      vertex -31.7654 8.15224 3
    endloop
  endfacet
  facet normal 0 0 1
    outer loop
      vertex -32 8.26795 3
      vertex -32 -8.26795 3
      vertex -31.7654 -8.15224 3
    endloop
  endfacet
  facet normal 0 0 1
    outer loop
      vertex -32.2175 8.41329 3
      vertex -32 -8.26795 3
      vertex -32 8.26795 3
    endloop
  endfacet
  facet normal 0 0 1
    outer loop
      vertex -32.2175 8.41329 3
      vertex -32.2175 -8.41329 3
      vertex -32 -8.26795 3
    endloop
  endfacet
  facet normal 0 0 1
    outer loop
      vertex -32.4142 8.58579 3
      vertex -32.2175 -8.41329 3
      vertex -32.2175 8.41329 3
    endloop
  endfacet
  facet normal 0 0 1
    outer loop
      vertex -32.4142 8.58579 3
      vertex -32.4142 -8.58579 3
      vertex -32.2175 -8.41329 3
    endloop
  endfacet
  facet normal 0 0 1
    outer loop
      vertex -32.5867 8.78248 3
      vertex -32.4142 -8.58579 3
      vertex -32.4142 8.58579 3
    endloop
  endfacet
  facet normal 0 0 1
    outer loop
      vertex -32.5867 8.78248 3
      vertex -32.5867 -8.78248 3
      vertex -32.4142 -8.58579 3
    endloop
  endfacet
  facet normal 0 0 1
    outer loop
      vertex -32.732 9 3
      vertex -32.5867 -8.78248 3
      vertex -32.5867 8.78248 3
    endloop
  endfacet
  facet normal 0 0 1
    outer loop
      vertex -32.732 9 3
      vertex -32.732 -9 3
      vertex -32.5867 -8.78248 3
    endloop
  endfacet
  facet normal 0 0 1
    outer loop
      vertex -32.8478 9.23463 3
      vertex -32.732 -9 3
      vertex -32.732 9 3
    endloop
  endfacet
  facet normal 0 0 1
    outer loop
      vertex -32.8478 9.23463 3
      vertex -32.8478 -9.23463 3
      vertex -32.732 -9 3
    endloop
  endfacet
  facet normal 0 0 1
    outer loop
      vertex -32.9319 9.48236 3
      vertex -32.8478 -9.23463 3
      vertex -32.8478 9.23463 3
    endloop
  endfacet
  facet normal 0 0 1
    outer loop
      vertex -32.9319 9.48236 3
      vertex -32.9319 -9.48236 3
      vertex -32.8478 -9.23463 3
    endloop
  endfacet
  facet normal 0 0 1
    outer loop
      vertex -32.9829 9.73895 3
      vertex -32.9319 -9.48236 3
      vertex -32.9319 9.48236 3
    endloop
  endfacet
  facet normal 0 0 1
    outer loop
      vertex -32.9829 9.73895 3
      vertex -32.9829 -9.73895 3
      vertex -32.9319 -9.48236 3
    endloop
  endfacet
  facet normal 0 0 1
    outer loop
      vertex -33 10 3
      vertex -32.9829 -9.73895 3
      vertex -32.9829 9.73895 3
    endloop
  endfacet
  facet normal 0 0 1
    outer loop
      vertex -32.9829 -9.73895 3
      vertex -33 10 3
      vertex -33 -10 3
    endloop
  endfacet
  facet normal 0 0 1
    outer loop
      vertex -47 -25 3
      vertex -33 -10 3
      vertex -47 25 3
    endloop
  endfacet
  facet normal 0 0 1
    outer loop
      vertex -32.8478 -28.7654 3
      vertex -43 -29 3
      vertex -32.732 -29 3
    endloop
  endfacet
  facet normal 0 0 1
    outer loop
      vertex -32.9319 -28.5176 3
      vertex -43 -29 3
      vertex -32.8478 -28.7654 3
    endloop
  endfacet
  facet normal 0 0 1
    outer loop
      vertex -32.9829 -28.2611 3
      vertex -43 -29 3
      vertex -32.9319 -28.5176 3
    endloop
  endfacet
  facet normal 0 0 1
    outer loop
      vertex -33 -10 3
      vertex -47 -25 3
      vertex -33 -28 3
    endloop
  endfacet
  facet normal 0 0 1
    outer loop
      vertex -47 25 3
      vertex -43 29 3
      vertex -43.5221 28.9658 3
    endloop
  endfacet
  facet normal 0 -0 1
    outer loop
      vertex -43 -29 3
      vertex -33 -28 3
      vertex -47 -25 3
    endloop
  endfacet
  facet normal 0 0 1
    outer loop
      vertex -47 25 3
      vertex -43.5221 28.9658 3
      vertex -44.0353 28.8637 3
    endloop
  endfacet
  facet normal 0 0 1
    outer loop
      vertex -33 -28 3
      vertex -43 -29 3
      vertex -32.9829 -28.2611 3
    endloop
  endfacet
  facet normal 0 0 1
    outer loop
      vertex -47 25 3
      vertex -44.0353 28.8637 3
      vertex -44.5307 28.6955 3
    endloop
  endfacet
  facet normal 0 0 1
    outer loop
      vertex -43 -29 3
      vertex -47 -25 3
      vertex -43.5221 -28.9658 3
    endloop
  endfacet
  facet normal 0 0 1
    outer loop
      vertex -47 25 3
      vertex -44.5307 28.6955 3
      vertex -45 28.4641 3
    endloop
  endfacet
  facet normal 0 0 1
    outer loop
      vertex -43.5221 -28.9658 3
      vertex -47 -25 3
      vertex -44.0353 -28.8637 3
    endloop
  endfacet
  facet normal 0 0 1
    outer loop
      vertex -47 25 3
      vertex -45 28.4641 3
      vertex -45.435 28.1734 3
    endloop
  endfacet
  facet normal 0 0 1
    outer loop
      vertex -44.0353 -28.8637 3
      vertex -47 -25 3
      vertex -44.5307 -28.6955 3
    endloop
  endfacet
  facet normal 0 0 1
    outer loop
      vertex -47 25 3
      vertex -45.435 28.1734 3
      vertex -45.8284 27.8284 3
    endloop
  endfacet
  facet normal 0 0 1
    outer loop
      vertex -44.5307 -28.6955 3
      vertex -47 -25 3
      vertex -45 -28.4641 3
    endloop
  endfacet
  facet normal 0 0 1
    outer loop
      vertex -47 25 3
      vertex -45.8284 27.8284 3
      vertex -46.1734 27.435 3
    endloop
  endfacet
  facet normal 0 0 1
    outer loop
      vertex -45 -28.4641 3
      vertex -47 -25 3
      vertex -45.435 -28.1734 3
    endloop
  endfacet
  facet normal 0 0 1
    outer loop
      vertex -47 25 3
      vertex -46.1734 27.435 3
      vertex -46.4641 27 3
    endloop
  endfacet
  facet normal 0 0 1
    outer loop
      vertex -45.435 -28.1734 3
      vertex -47 -25 3
      vertex -45.8284 -27.8284 3
    endloop
  endfacet
  facet normal 0 0 1
    outer loop
      vertex -47 25 3
      vertex -46.4641 27 3
      vertex -46.6955 26.5307 3
    endloop
  endfacet
  facet normal 0 0 1
    outer loop
      vertex -45.8284 -27.8284 3
      vertex -47 -25 3
      vertex -46.1734 -27.435 3
    endloop
  endfacet
  facet normal 0 0 1
    outer loop
      vertex -47 25 3
      vertex -46.6955 26.5307 3
      vertex -46.8637 26.0353 3
    endloop
  endfacet
  facet normal 0 0 1
    outer loop
      vertex -46.1734 -27.435 3
      vertex -47 -25 3
      vertex -46.4641 -27 3
    endloop
  endfacet
  facet normal 0 0 1
    outer loop
      vertex -47 25 3
      vertex -46.8637 26.0353 3
      vertex -46.9658 25.5221 3
    endloop
  endfacet
  facet normal 0 0 1
    outer loop
      vertex -46.4641 -27 3
      vertex -47 -25 3
      vertex -46.6955 -26.5307 3
    endloop
  endfacet
  facet normal 0 0 1
    outer loop
      vertex -46.6955 -26.5307 3
      vertex -47 -25 3
      vertex -46.8637 -26.0353 3
    endloop
  endfacet
  facet normal 0 0 1
    outer loop
      vertex -46.8637 -26.0353 3
      vertex -47 -25 3
      vertex -46.9658 -25.5221 3
    endloop
  endfacet
  facet normal 0 0 1
    outer loop
      vertex 29.0171 -9.73895 3
      vertex 23.5 -11 3
      vertex 29 -10 3
    endloop
  endfacet
  facet normal 0 0 1
    outer loop
      vertex 29.7825 -8.41329 3
      vertex 23.4829 -10.7389 3
      vertex 23.5 -11 3
    endloop
  endfacet
  facet normal 0 0 1
    outer loop
      vertex 29.2679 9 3
      vertex 22.9142 9.58579 3
      vertex 29.4133 8.78248 3
    endloop
  endfacet
  facet normal 0 0 1
    outer loop
      vertex 29.7825 -8.41329 3
      vertex 23.4319 -10.4824 3
      vertex 23.4829 -10.7389 3
    endloop
  endfacet
  facet normal -0 0 1
    outer loop
      vertex 22.7175 9.41329 3
      vertex 29.4133 8.78248 3
      vertex 22.9142 9.58579 3
    endloop
  endfacet
  facet normal 0 0 1
    outer loop
      vertex 29.7825 -8.41329 3
      vertex 23.3478 -10.2346 3
      vertex 23.4319 -10.4824 3
    endloop
  endfacet
  facet normal 0 0 1
    outer loop
      vertex 29.4133 8.78248 3
      vertex 22.7175 9.41329 3
      vertex 29.5858 8.58579 3
    endloop
  endfacet
  facet normal 0 0 1
    outer loop
      vertex 29.7825 -8.41329 3
      vertex 23.232 -10 3
      vertex 23.3478 -10.2346 3
    endloop
  endfacet
  facet normal -0 0 1
    outer loop
      vertex 22.5 9.26795 3
      vertex 29.5858 8.58579 3
      vertex 22.7175 9.41329 3
    endloop
  endfacet
  facet normal 0 0 1
    outer loop
      vertex 29.7825 -8.41329 3
      vertex 23.0867 -9.78248 3
      vertex 23.232 -10 3
    endloop
  endfacet
  facet normal 0 0 1
    outer loop
      vertex 29.5858 8.58579 3
      vertex 22.5 9.26795 3
      vertex 29.7825 8.41329 3
    endloop
  endfacet
  facet normal 0 0 1
    outer loop
      vertex 29.7825 -8.41329 3
      vertex 22.9142 -9.58579 3
      vertex 23.0867 -9.78248 3
    endloop
  endfacet
  facet normal -0 0 1
    outer loop
      vertex 22.2654 9.15224 3
      vertex 29.7825 8.41329 3
      vertex 22.5 9.26795 3
    endloop
  endfacet
  facet normal 0 0 1
    outer loop
      vertex 29.7825 -8.41329 3
      vertex 22.7175 -9.41329 3
      vertex 22.9142 -9.58579 3
    endloop
  endfacet
  facet normal 0 0 1
    outer loop
      vertex 29.7825 8.41329 3
      vertex 22.2654 9.15224 3
      vertex 29.7825 -8.41329 3
    endloop
  endfacet
  facet normal 0 0 1
    outer loop
      vertex 29.7825 -8.41329 3
      vertex 22.5 -9.26795 3
      vertex 22.7175 -9.41329 3
    endloop
  endfacet
  facet normal 0 0 1
    outer loop
      vertex 22.2654 -9.15224 3
      vertex 29.7825 -8.41329 3
      vertex 22.2654 9.15224 3
    endloop
  endfacet
  facet normal 0 0 1
    outer loop
      vertex 29.7825 -8.41329 3
      vertex 22.2654 -9.15224 3
      vertex 22.5 -9.26795 3
    endloop
  endfacet
  facet normal -0 0 1
    outer loop
      vertex 22.0176 9.06815 3
      vertex 22.2654 -9.15224 3
      vertex 22.2654 9.15224 3
    endloop
  endfacet
  facet normal 0 0 1
    outer loop
      vertex 22.0176 9.06815 3
      vertex 22.0176 -9.06815 3
      vertex 22.2654 -9.15224 3
    endloop
  endfacet
  facet normal -0 0 1
    outer loop
      vertex 21.7611 9.01711 3
      vertex 22.0176 -9.06815 3
      vertex 22.0176 9.06815 3
    endloop
  endfacet
  facet normal 0 0 1
    outer loop
      vertex 21.7611 9.01711 3
      vertex 21.7611 -9.01711 3
      vertex 22.0176 -9.06815 3
    endloop
  endfacet
  facet normal 0 0 1
    outer loop
      vertex 15 3 3
      vertex 21.7611 9.01711 3
      vertex 21.5 9 3
    endloop
  endfacet
  facet normal 0 0 1
    outer loop
      vertex 21.7611 9.01711 3
      vertex 15 3 3
      vertex 21.7611 -9.01711 3
    endloop
  endfacet
  facet normal -0 0 1
    outer loop
      vertex 15 -3 3
      vertex 21.7611 -9.01711 3
      vertex 15 3 3
    endloop
  endfacet
  facet normal 0 0 1
    outer loop
      vertex 21.5 9 3
      vertex 14.9743 3.39157 3
      vertex 15 3 3
    endloop
  endfacet
  facet normal 0 0 1
    outer loop
      vertex 21.5 9 3
      vertex 14.8978 3.77646 3
      vertex 14.9743 3.39157 3
    endloop
  endfacet
  facet normal 0 0 1
    outer loop
      vertex 21.5 9 3
      vertex 14.7716 4.14806 3
      vertex 14.8978 3.77646 3
    endloop
  endfacet
  facet normal 0 0 1
    outer loop
      vertex 21.5 9 3
      vertex 14.5981 4.5 3
      vertex 14.7716 4.14806 3
    endloop
  endfacet
  facet normal 0 0 1
    outer loop
      vertex 21.5 9 3
      vertex 14.3801 4.82628 3
      vertex 14.5981 4.5 3
    endloop
  endfacet
  facet normal 0 0 1
    outer loop
      vertex 21.5 9 3
      vertex 14.1213 5.12132 3
      vertex 14.3801 4.82628 3
    endloop
  endfacet
  facet normal 0 0 1
    outer loop
      vertex 21.5 9 3
      vertex 13.8263 5.38007 3
      vertex 14.1213 5.12132 3
    endloop
  endfacet
  facet normal 0 0 1
    outer loop
      vertex 21.5 9 3
      vertex 13.5 5.59808 3
      vertex 13.8263 5.38007 3
    endloop
  endfacet
  facet normal 0 0 1
    outer loop
      vertex 21.5 9 3
      vertex 13.1481 5.77164 3
      vertex 13.5 5.59808 3
    endloop
  endfacet
  facet normal 0 0 1
    outer loop
      vertex 21.5 9 3
      vertex 12.7765 5.89778 3
      vertex 13.1481 5.77164 3
    endloop
  endfacet
  facet normal 0 0 1
    outer loop
      vertex 21.5 9 3
      vertex 12.3916 5.97433 3
      vertex 12.7765 5.89778 3
    endloop
  endfacet
  facet normal 0 0 1
    outer loop
      vertex 21.5 9 3
      vertex 12 6 3
      vertex 12.3916 5.97433 3
    endloop
  endfacet
  facet normal 0 0 1
    outer loop
      vertex 21.5 9 3
      vertex -12 6 3
      vertex 12 6 3
    endloop
  endfacet
  facet normal -0 0 1
    outer loop
      vertex -21.5 9 3
      vertex -12 6 3
      vertex 21.5 9 3
    endloop
  endfacet
  facet normal 0 0 1
    outer loop
      vertex -21.7611 9.01711 3
      vertex -15 3 3
      vertex -21.5 9 3
    endloop
  endfacet
  facet normal 0 0 1
    outer loop
      vertex -14.9743 3.39157 3
      vertex -21.5 9 3
      vertex -15 3 3
    endloop
  endfacet
  facet normal 0 0 1
    outer loop
      vertex -14.8978 3.77646 3
      vertex -21.5 9 3
      vertex -14.9743 3.39157 3
    endloop
  endfacet
  facet normal 0 0 1
    outer loop
      vertex -14.7716 4.14806 3
      vertex -21.5 9 3
      vertex -14.8978 3.77646 3
    endloop
  endfacet
  facet normal 0 0 1
    outer loop
      vertex -14.5981 4.5 3
      vertex -21.5 9 3
      vertex -14.7716 4.14806 3
    endloop
  endfacet
  facet normal 0 0 1
    outer loop
      vertex -14.3801 4.82628 3
      vertex -21.5 9 3
      vertex -14.5981 4.5 3
    endloop
  endfacet
  facet normal 0 0 1
    outer loop
      vertex -14.1213 5.12132 3
      vertex -21.5 9 3
      vertex -14.3801 4.82628 3
    endloop
  endfacet
  facet normal 0 0 1
    outer loop
      vertex -13.8263 5.38007 3
      vertex -21.5 9 3
      vertex -14.1213 5.12132 3
    endloop
  endfacet
  facet normal 0 0 1
    outer loop
      vertex -13.5 5.59808 3
      vertex -21.5 9 3
      vertex -13.8263 5.38007 3
    endloop
  endfacet
  facet normal 0 0 1
    outer loop
      vertex -13.1481 5.77164 3
      vertex -21.5 9 3
      vertex -13.5 5.59808 3
    endloop
  endfacet
  facet normal 0 0 1
    outer loop
      vertex -12.7765 5.89778 3
      vertex -21.5 9 3
      vertex -13.1481 5.77164 3
    endloop
  endfacet
  facet normal 0 0 1
    outer loop
      vertex -12.3916 5.97433 3
      vertex -21.5 9 3
      vertex -12.7765 5.89778 3
    endloop
  endfacet
  facet normal 0 0 1
    outer loop
      vertex -12 6 3
      vertex -21.5 9 3
      vertex -12.3916 5.97433 3
    endloop
  endfacet
  facet normal -0 0 1
    outer loop
      vertex 22.9142 12.4142 3
      vertex 29 10 3
      vertex 29 28 3
    endloop
  endfacet
  facet normal -0 0 1
    outer loop
      vertex 23.4829 10.7389 3
      vertex 29 10 3
      vertex 23.5 11 3
    endloop
  endfacet
  facet normal 0 0 1
    outer loop
      vertex 29.0681 -9.48236 3
      vertex 23.5 -11 3
      vertex 29.0171 -9.73895 3
    endloop
  endfacet
  facet normal 0 0 1
    outer loop
      vertex 21.5 13 3
      vertex 29 28 3
      vertex 29.0171 28.2611 3
    endloop
  endfacet
  facet normal 0 0 1
    outer loop
      vertex -29.0171 28.2611 3
      vertex 29.0171 28.2611 3
      vertex 29.0681 28.5176 3
    endloop
  endfacet
  facet normal 0 0 1
    outer loop
      vertex 29 10 3
      vertex 23.4829 11.2611 3
      vertex 23.5 11 3
    endloop
  endfacet
  facet normal 0 0 1
    outer loop
      vertex 29 10 3
      vertex 23.4319 11.5176 3
      vertex 23.4829 11.2611 3
    endloop
  endfacet
  facet normal 0 0 1
    outer loop
      vertex 29 10 3
      vertex 23.3478 11.7654 3
      vertex 23.4319 11.5176 3
    endloop
  endfacet
  facet normal 0 0 1
    outer loop
      vertex -29.0681 28.5176 3
      vertex 29.0681 28.5176 3
      vertex 29.1522 28.7654 3
    endloop
  endfacet
  facet normal 0 0 1
    outer loop
      vertex 29 10 3
      vertex 23.232 12 3
      vertex 23.3478 11.7654 3
    endloop
  endfacet
  facet normal 0 0 1
    outer loop
      vertex 29 10 3
      vertex 23.0867 12.2175 3
      vertex 23.232 12 3
    endloop
  endfacet
  facet normal 0 0 1
    outer loop
      vertex 29 10 3
      vertex 22.9142 12.4142 3
      vertex 23.0867 12.2175 3
    endloop
  endfacet
  facet normal 0 0 1
    outer loop
      vertex 29 28 3
      vertex 22.7175 12.5867 3
      vertex 22.9142 12.4142 3
    endloop
  endfacet
  facet normal 0 0 1
    outer loop
      vertex 29 28 3
      vertex 22.5 12.732 3
      vertex 22.7175 12.5867 3
    endloop
  endfacet
  facet normal 0 0 1
    outer loop
      vertex 29 28 3
      vertex 22.2654 12.8478 3
      vertex 22.5 12.732 3
    endloop
  endfacet
  facet normal 0 0 1
    outer loop
      vertex 29 28 3
      vertex 22.0176 12.9319 3
      vertex 22.2654 12.8478 3
    endloop
  endfacet
  facet normal 0 0 1
    outer loop
      vertex 29 28 3
      vertex 21.7611 12.9829 3
      vertex 22.0176 12.9319 3
    endloop
  endfacet
  facet normal 0 0 1
    outer loop
      vertex 29 28 3
      vertex 21.5 13 3
      vertex 21.7611 12.9829 3
    endloop
  endfacet
  facet normal 0 0 1
    outer loop
      vertex 29.0171 28.2611 3
      vertex -21.5 13 3
      vertex 21.5 13 3
    endloop
  endfacet
  facet normal 0 0 1
    outer loop
      vertex -29.1522 28.7654 3
      vertex 29.1522 28.7654 3
      vertex 29.2679 29 3
    endloop
  endfacet
  facet normal 0 0 1
    outer loop
      vertex 29.0171 28.2611 3
      vertex -29.0171 28.2611 3
      vertex -21.5 13 3
    endloop
  endfacet
  facet normal -0 -0 1
    outer loop
      vertex -29 28 3
      vertex -21.5 13 3
      vertex -29.0171 28.2611 3
    endloop
  endfacet
  facet normal 0 0 1
    outer loop
      vertex -23.3478 -10.2346 3
      vertex -29 -10 3
      vertex -23.4319 -10.4824 3
    endloop
  endfacet
  facet normal 0 0 1
    outer loop
      vertex -23.4319 11.5176 3
      vertex -29 10 3
      vertex -23.4829 11.2611 3
    endloop
  endfacet
  facet normal 0 0 1
    outer loop
      vertex -23.3478 11.7654 3
      vertex -29 10 3
      vertex -23.4319 11.5176 3
    endloop
  endfacet
  facet normal 0 0 1
    outer loop
      vertex -23.232 12 3
      vertex -29 10 3
      vertex -23.3478 11.7654 3
    endloop
  endfacet
  facet normal 0 0 1
    outer loop
      vertex -23.0867 12.2175 3
      vertex -29 10 3
      vertex -23.232 12 3
    endloop
  endfacet
  facet normal 0 0 1
    outer loop
      vertex -22.9142 12.4142 3
      vertex -29 10 3
      vertex -23.0867 12.2175 3
    endloop
  endfacet
  facet normal 0 0 1
    outer loop
      vertex -29 10 3
      vertex -22.9142 12.4142 3
      vertex -29 28 3
    endloop
  endfacet
  facet normal 0 0 1
    outer loop
      vertex -22.7175 12.5867 3
      vertex -29 28 3
      vertex -22.9142 12.4142 3
    endloop
  endfacet
  facet normal 0 0 1
    outer loop
      vertex -22.5 12.732 3
      vertex -29 28 3
      vertex -22.7175 12.5867 3
    endloop
  endfacet
  facet normal 0 0 1
    outer loop
      vertex -22.2654 12.8478 3
      vertex -29 28 3
      vertex -22.5 12.732 3
    endloop
  endfacet
  facet normal 0 0 1
    outer loop
      vertex -22.0176 12.9319 3
      vertex -29 28 3
      vertex -22.2654 12.8478 3
    endloop
  endfacet
  facet normal 0 0 1
    outer loop
      vertex -21.5 13 3
      vertex -29 28 3
      vertex -21.7611 12.9829 3
    endloop
  endfacet
  facet normal 0 0 1
    outer loop
      vertex -21.7611 12.9829 3
      vertex -29 28 3
      vertex -22.0176 12.9319 3
    endloop
  endfacet
  facet normal 0 0 1
    outer loop
      vertex 29.0681 28.5176 3
      vertex -29.0681 28.5176 3
      vertex -29.0171 28.2611 3
    endloop
  endfacet
  facet normal 0 0 1
    outer loop
      vertex 29.1522 28.7654 3
      vertex -29.1522 28.7654 3
      vertex -29.0681 28.5176 3
    endloop
  endfacet
  facet normal 0 -0 1
    outer loop
      vertex -29.1522 28.7654 3
      vertex 29.2679 29 3
      vertex -29.2679 29 3
    endloop
  endfacet
  facet normal 0 0 1
    outer loop
      vertex 32.8478 9.23463 3
      vertex 47 25 3
      vertex 32.9319 9.48236 3
    endloop
  endfacet
  facet normal 0 0 1
    outer loop
      vertex 47 -25 3
      vertex 32.9829 -9.73895 3
      vertex 33 -10 3
    endloop
  endfacet
  facet normal 0 0 1
    outer loop
      vertex 47 25 3
      vertex 32.8478 9.23463 3
      vertex 47 -25 3
    endloop
  endfacet
  facet normal 0 0 1
    outer loop
      vertex 47 -25 3
      vertex 32.9319 -9.48236 3
      vertex 32.9829 -9.73895 3
    endloop
  endfacet
  facet normal -0 0 1
    outer loop
      vertex 32.8478 -9.23463 3
      vertex 47 -25 3
      vertex 32.8478 9.23463 3
    endloop
  endfacet
  facet normal 0 0 1
    outer loop
      vertex 47 -25 3
      vertex 32.8478 -9.23463 3
      vertex 32.9319 -9.48236 3
    endloop
  endfacet
  facet normal -0 0 1
    outer loop
      vertex 32.732 9 3
      vertex 32.8478 -9.23463 3
      vertex 32.8478 9.23463 3
    endloop
  endfacet
  facet normal 0 0 1
    outer loop
      vertex 32.732 9 3
      vertex 32.732 -9 3
      vertex 32.8478 -9.23463 3
    endloop
  endfacet
  facet normal -0 0 1
    outer loop
      vertex 32.5867 8.78248 3
      vertex 32.732 -9 3
      vertex 32.732 9 3
    endloop
  endfacet
  facet normal 0 0 1
    outer loop
      vertex 32.5867 8.78248 3
      vertex 32.5867 -8.78248 3
      vertex 32.732 -9 3
    endloop
  endfacet
  facet normal -0 0 1
    outer loop
      vertex 32.4142 8.58579 3
      vertex 32.5867 -8.78248 3
      vertex 32.5867 8.78248 3
    endloop
  endfacet
  facet normal 0 0 1
    outer loop
      vertex 32.4142 8.58579 3
      vertex 32.4142 -8.58579 3
      vertex 32.5867 -8.78248 3
    endloop
  endfacet
  facet normal -0 0 1
    outer loop
      vertex 32.2175 8.41329 3
      vertex 32.4142 -8.58579 3
      vertex 32.4142 8.58579 3
    endloop
  endfacet
  facet normal 0 0 1
    outer loop
      vertex 32.2175 8.41329 3
      vertex 32.2175 -8.41329 3
      vertex 32.4142 -8.58579 3
    endloop
  endfacet
  facet normal -0 0 1
    outer loop
      vertex 32 8.26795 3
      vertex 32.2175 -8.41329 3
      vertex 32.2175 8.41329 3
    endloop
  endfacet
  facet normal 0 0 1
    outer loop
      vertex 32 8.26795 3
      vertex 32 -8.26795 3
      vertex 32.2175 -8.41329 3
    endloop
  endfacet
  facet normal -0 0 1
    outer loop
      vertex 31.7654 8.15224 3
      vertex 32 -8.26795 3
      vertex 32 8.26795 3
    endloop
  endfacet
  facet normal 0 0 1
    outer loop
      vertex 31.7654 8.15224 3
      vertex 31.7654 -8.15224 3
      vertex 32 -8.26795 3
    endloop
  endfacet
  facet normal -0 0 1
    outer loop
      vertex 31.5176 8.06815 3
      vertex 31.7654 -8.15224 3
      vertex 31.7654 8.15224 3
    endloop
  endfacet
  facet normal 0 0 1
    outer loop
      vertex 31.5176 8.06815 3
      vertex 31.5176 -8.06815 3
      vertex 31.7654 -8.15224 3
    endloop
  endfacet
  facet normal -0 0 1
    outer loop
      vertex 31.2611 8.01711 3
      vertex 31.5176 -8.06815 3
      vertex 31.5176 8.06815 3
    endloop
  endfacet
  facet normal 0 0 1
    outer loop
      vertex 31.2611 8.01711 3
      vertex 31.2611 -8.01711 3
      vertex 31.5176 -8.06815 3
    endloop
  endfacet
  facet normal -0 0 1
    outer loop
      vertex 31 8 3
      vertex 31.2611 -8.01711 3
      vertex 31.2611 8.01711 3
    endloop
  endfacet
  facet normal 0 0 1
    outer loop
      vertex 31 8 3
      vertex 31 -8 3
      vertex 31.2611 -8.01711 3
    endloop
  endfacet
  facet normal 0 0 1
    outer loop
      vertex 30.7389 8.01711 3
      vertex 31 -8 3
      vertex 31 8 3
    endloop
  endfacet
  facet normal 0 0 1
    outer loop
      vertex 30.7389 8.01711 3
      vertex 30.7389 -8.01711 3
      vertex 31 -8 3
    endloop
  endfacet
  facet normal 0 0 1
    outer loop
      vertex 30.4824 8.06815 3
      vertex 30.7389 -8.01711 3
      vertex 30.7389 8.01711 3
    endloop
  endfacet
  facet normal 0 0 1
    outer loop
      vertex 30.4824 8.06815 3
      vertex 30.4824 -8.06815 3
      vertex 30.7389 -8.01711 3
    endloop
  endfacet
  facet normal 0 0 1
    outer loop
      vertex 30.2346 8.15224 3
      vertex 30.4824 -8.06815 3
      vertex 30.4824 8.06815 3
    endloop
  endfacet
  facet normal 0 0 1
    outer loop
      vertex 30.2346 8.15224 3
      vertex 30.2346 -8.15224 3
      vertex 30.4824 -8.06815 3
    endloop
  endfacet
  facet normal 0 0 1
    outer loop
      vertex 30 8.26795 3
      vertex 30.2346 -8.15224 3
      vertex 30.2346 8.15224 3
    endloop
  endfacet
  facet normal 0 0 1
    outer loop
      vertex 30 8.26795 3
      vertex 30 -8.26795 3
      vertex 30.2346 -8.15224 3
    endloop
  endfacet
  facet normal 0 0 1
    outer loop
      vertex 29.7825 8.41329 3
      vertex 30 -8.26795 3
      vertex 30 8.26795 3
    endloop
  endfacet
  facet normal 0 0 1
    outer loop
      vertex 29.7825 8.41329 3
      vertex 29.7825 -8.41329 3
      vertex 30 -8.26795 3
    endloop
  endfacet
  facet normal -0 0 1
    outer loop
      vertex 23.0867 9.78248 3
      vertex 29.1522 9.23463 3
      vertex 23.232 10 3
    endloop
  endfacet
  facet normal 0 0 1
    outer loop
      vertex 29.1522 9.23463 3
      vertex 23.0867 9.78248 3
      vertex 29.2679 9 3
    endloop
  endfacet
  facet normal 0 0 1
    outer loop
      vertex 29.0681 9.48236 3
      vertex 23.232 10 3
      vertex 29.1522 9.23463 3
    endloop
  endfacet
  facet normal -0 0 1
    outer loop
      vertex 22.9142 9.58579 3
      vertex 29.2679 9 3
      vertex 23.0867 9.78248 3
    endloop
  endfacet
  facet normal -0 0 1
    outer loop
      vertex 23.232 10 3
      vertex 29.0681 9.48236 3
      vertex 23.3478 10.2346 3
    endloop
  endfacet
  facet normal 0 0 1
    outer loop
      vertex 29.7825 -8.41329 3
      vertex 23.5 -11 3
      vertex 29.5858 -8.58579 3
    endloop
  endfacet
  facet normal 0 0 1
    outer loop
      vertex 29.0171 9.73895 3
      vertex 23.3478 10.2346 3
      vertex 29.0681 9.48236 3
    endloop
  endfacet
  facet normal 0 0 1
    outer loop
      vertex 29.5858 -8.58579 3
      vertex 23.5 -11 3
      vertex 29.4133 -8.78248 3
    endloop
  endfacet
  facet normal -0 0 1
    outer loop
      vertex 23.3478 10.2346 3
      vertex 29.0171 9.73895 3
      vertex 23.4319 10.4824 3
    endloop
  endfacet
  facet normal 0 0 1
    outer loop
      vertex 29.4133 -8.78248 3
      vertex 23.5 -11 3
      vertex 29.2679 -9 3
    endloop
  endfacet
  facet normal 0 0 1
    outer loop
      vertex 29 10 3
      vertex 23.4319 10.4824 3
      vertex 29.0171 9.73895 3
    endloop
  endfacet
  facet normal 0 0 1
    outer loop
      vertex 29.2679 -9 3
      vertex 23.5 -11 3
      vertex 29.1522 -9.23463 3
    endloop
  endfacet
  facet normal -0 0 1
    outer loop
      vertex 23.4319 10.4824 3
      vertex 29 10 3
      vertex 23.4829 10.7389 3
    endloop
  endfacet
  facet normal 0 0 1
    outer loop
      vertex 29.1522 -9.23463 3
      vertex 23.5 -11 3
      vertex 29.0681 -9.48236 3
    endloop
  endfacet
  facet normal 0 0 1
    outer loop
      vertex 43 29 3
      vertex 47 25 3
      vertex 46.9658 25.5221 3
    endloop
  endfacet
  facet normal 0 0 1
    outer loop
      vertex 32.9829 9.73895 3
      vertex 47 25 3
      vertex 33 10 3
    endloop
  endfacet
  facet normal 0 0 1
    outer loop
      vertex 43 29 3
      vertex 46.9658 25.5221 3
      vertex 46.8637 26.0353 3
    endloop
  endfacet
  facet normal 0 0 1
    outer loop
      vertex 32.9319 9.48236 3
      vertex 47 25 3
      vertex 32.9829 9.73895 3
    endloop
  endfacet
  facet normal 0 0 1
    outer loop
      vertex 43 29 3
      vertex 46.8637 26.0353 3
      vertex 46.6955 26.5307 3
    endloop
  endfacet
  facet normal 0 0 1
    outer loop
      vertex 33 -28 3
      vertex 47 -25 3
      vertex 33 -10 3
    endloop
  endfacet
  facet normal 0 0 1
    outer loop
      vertex 43 29 3
      vertex 46.6955 26.5307 3
      vertex 46.4641 27 3
    endloop
  endfacet
  facet normal 0 -0 1
    outer loop
      vertex 43 -29 3
      vertex 47 -25 3
      vertex 33 -28 3
    endloop
  endfacet
  facet normal 0 0 1
    outer loop
      vertex 43 29 3
      vertex 46.4641 27 3
      vertex 46.1734 27.435 3
    endloop
  endfacet
  facet normal 0 0 1
    outer loop
      vertex 47 -25 3
      vertex 43 -29 3
      vertex 46.9658 -25.5221 3
    endloop
  endfacet
  facet normal 0 0 1
    outer loop
      vertex 43 29 3
      vertex 46.1734 27.435 3
      vertex 45.8284 27.8284 3
    endloop
  endfacet
  facet normal 0 0 1
    outer loop
      vertex 46.8637 -26.0353 3
      vertex 43 -29 3
      vertex 46.6955 -26.5307 3
    endloop
  endfacet
  facet normal 0 0 1
    outer loop
      vertex 43 29 3
      vertex 45.8284 27.8284 3
      vertex 45.435 28.1734 3
    endloop
  endfacet
  facet normal 0 0 1
    outer loop
      vertex 46.6955 -26.5307 3
      vertex 43 -29 3
      vertex 46.4641 -27 3
    endloop
  endfacet
  facet normal 0 0 1
    outer loop
      vertex 43 29 3
      vertex 45.435 28.1734 3
      vertex 45 28.4641 3
    endloop
  endfacet
  facet normal 0 0 1
    outer loop
      vertex 46.4641 -27 3
      vertex 43 -29 3
      vertex 46.1734 -27.435 3
    endloop
  endfacet
  facet normal 0 0 1
    outer loop
      vertex 43 29 3
      vertex 45 28.4641 3
      vertex 44.5307 28.6955 3
    endloop
  endfacet
  facet normal 0 0 1
    outer loop
      vertex 46.1734 -27.435 3
      vertex 43 -29 3
      vertex 45.8284 -27.8284 3
    endloop
  endfacet
  facet normal 0 0 1
    outer loop
      vertex 43 29 3
      vertex 44.5307 28.6955 3
      vertex 44.0353 28.8637 3
    endloop
  endfacet
  facet normal 0 0 1
    outer loop
      vertex 45.8284 -27.8284 3
      vertex 43 -29 3
      vertex 45.435 -28.1734 3
    endloop
  endfacet
  facet normal 0 0 1
    outer loop
      vertex 43 29 3
      vertex 44.0353 28.8637 3
      vertex 43.5221 28.9658 3
    endloop
  endfacet
  facet normal 0 0 1
    outer loop
      vertex 45.435 -28.1734 3
      vertex 43 -29 3
      vertex 45 -28.4641 3
    endloop
  endfacet
  facet normal 0 0 1
    outer loop
      vertex 47 25 3
      vertex 43 29 3
      vertex 33 28 3
    endloop
  endfacet
  facet normal 0 0 1
    outer loop
      vertex 45 -28.4641 3
      vertex 43 -29 3
      vertex 44.5307 -28.6955 3
    endloop
  endfacet
  facet normal 0 0 1
    outer loop
      vertex 47 25 3
      vertex 33 28 3
      vertex 33 10 3
    endloop
  endfacet
  facet normal 0 0 1
    outer loop
      vertex 43 29 3
      vertex 32.9829 28.2611 3
      vertex 33 28 3
    endloop
  endfacet
  facet normal 0 0 1
    outer loop
      vertex 43 29 3
      vertex 32.9319 28.5176 3
      vertex 32.9829 28.2611 3
    endloop
  endfacet
  facet normal 0 0 1
    outer loop
      vertex 43 29 3
      vertex 32.8478 28.7654 3
      vertex 32.9319 28.5176 3
    endloop
  endfacet
  facet normal 0 -0 1
    outer loop
      vertex 32.8478 28.7654 3
      vertex 43 29 3
      vertex 32.732 29 3
    endloop
  endfacet
  facet normal 0 0 1
    outer loop
      vertex 44.5307 -28.6955 3
      vertex 43 -29 3
      vertex 44.0353 -28.8637 3
    endloop
  endfacet
  facet normal 0 0 1
    outer loop
      vertex 44.0353 -28.8637 3
      vertex 43 -29 3
      vertex 43.5221 -28.9658 3
    endloop
  endfacet
  facet normal 0 0 1
    outer loop
      vertex 46.9658 -25.5221 3
      vertex 43 -29 3
      vertex 46.8637 -26.0353 3
    endloop
  endfacet
  facet normal -0 0 1
    outer loop
      vertex 32.9829 -28.2611 3
      vertex 43 -29 3
      vertex 33 -28 3
    endloop
  endfacet
  facet normal -0 0 1
    outer loop
      vertex 32.9319 -28.5176 3
      vertex 43 -29 3
      vertex 32.9829 -28.2611 3
    endloop
  endfacet
  facet normal -0 0 1
    outer loop
      vertex 32.8478 -28.7654 3
      vertex 43 -29 3
      vertex 32.9319 -28.5176 3
    endloop
  endfacet
  facet normal 0 0 1
    outer loop
      vertex 43 -29 3
      vertex 32.8478 -28.7654 3
      vertex 32.732 -29 3
    endloop
  endfacet
  facet normal 0 0 1
    outer loop
      vertex 23.4829 -11.2611 3
      vertex 29 -10 3
      vertex 23.5 -11 3
    endloop
  endfacet
  facet normal 0 0 1
    outer loop
      vertex 23.4319 -11.5176 3
      vertex 29 -10 3
      vertex 23.4829 -11.2611 3
    endloop
  endfacet
  facet normal 0 0 1
    outer loop
      vertex 23.3478 -11.7654 3
      vertex 29 -10 3
      vertex 23.4319 -11.5176 3
    endloop
  endfacet
  facet normal 0 0 1
    outer loop
      vertex 23.232 -12 3
      vertex 29 -10 3
      vertex 23.3478 -11.7654 3
    endloop
  endfacet
  facet normal 0 0 1
    outer loop
      vertex 23.0867 -12.2175 3
      vertex 29 -10 3
      vertex 23.232 -12 3
    endloop
  endfacet
  facet normal 0 0 1
    outer loop
      vertex 22.9142 -12.4142 3
      vertex 29 -10 3
      vertex 23.0867 -12.2175 3
    endloop
  endfacet
  facet normal 0 0 1
    outer loop
      vertex 29 -10 3
      vertex 22.9142 -12.4142 3
      vertex 29 -28 3
    endloop
  endfacet
  facet normal -0 0 1
    outer loop
      vertex 22.7175 -12.5867 3
      vertex 29 -28 3
      vertex 22.9142 -12.4142 3
    endloop
  endfacet
  facet normal -0 0 1
    outer loop
      vertex 22.5 -12.732 3
      vertex 29 -28 3
      vertex 22.7175 -12.5867 3
    endloop
  endfacet
  facet normal -0 0 1
    outer loop
      vertex 22.2654 -12.8478 3
      vertex 29 -28 3
      vertex 22.5 -12.732 3
    endloop
  endfacet
  facet normal -0 0 1
    outer loop
      vertex 22.0176 -12.9319 3
      vertex 29 -28 3
      vertex 22.2654 -12.8478 3
    endloop
  endfacet
  facet normal -0 0 1
    outer loop
      vertex 21.7611 -12.9829 3
      vertex 29 -28 3
      vertex 22.0176 -12.9319 3
    endloop
  endfacet
  facet normal -0 0 1
    outer loop
      vertex 21.5 -13 3
      vertex 29 -28 3
      vertex 21.7611 -12.9829 3
    endloop
  endfacet
  facet normal 0 0 1
    outer loop
      vertex 29 -28 3
      vertex 21.5 -13 3
      vertex 29.0171 -28.2611 3
    endloop
  endfacet
  facet normal -0 0 1
    outer loop
      vertex -21.5 -13 3
      vertex 29.0171 -28.2611 3
      vertex 21.5 -13 3
    endloop
  endfacet
  facet normal 0 0 1
    outer loop
      vertex -29.0171 -28.2611 3
      vertex 29.0171 -28.2611 3
      vertex -21.5 -13 3
    endloop
  endfacet
  facet normal 0 0 1
    outer loop
      vertex 29.0171 -28.2611 3
      vertex -29.0171 -28.2611 3
      vertex 29.0681 -28.5176 3
    endloop
  endfacet
  facet normal 0 0 1
    outer loop
      vertex -29.0681 -28.5176 3
      vertex 29.0681 -28.5176 3
      vertex -29.0171 -28.2611 3
    endloop
  endfacet
  facet normal 0 0 1
    outer loop
      vertex -29 -28 3
      vertex -21.5 -13 3
      vertex -21.7611 -12.9829 3
    endloop
  endfacet
  facet normal 0 0 1
    outer loop
      vertex -29 -28 3
      vertex -21.7611 -12.9829 3
      vertex -22.0176 -12.9319 3
    endloop
  endfacet
  facet normal 0 0 1
    outer loop
      vertex -23.4319 -10.4824 3
      vertex -29 -10 3
      vertex -23.4829 -10.7389 3
    endloop
  endfacet
  facet normal 0 0 1
    outer loop
      vertex -23.4829 -10.7389 3
      vertex -29 -10 3
      vertex -23.5 -11 3
    endloop
  endfacet
  facet normal 0 0 1
    outer loop
      vertex -23.5 -11 3
      vertex -29 -10 3
      vertex -23.4829 -11.2611 3
    endloop
  endfacet
  facet normal 0 0 1
    outer loop
      vertex -23.4829 -11.2611 3
      vertex -29 -10 3
      vertex -23.4319 -11.5176 3
    endloop
  endfacet
  facet normal 0 0 1
    outer loop
      vertex -29 -10 3
      vertex -23.3478 -11.7654 3
      vertex -23.4319 -11.5176 3
    endloop
  endfacet
  facet normal 0 0 1
    outer loop
      vertex -29 -10 3
      vertex -23.232 -12 3
      vertex -23.3478 -11.7654 3
    endloop
  endfacet
  facet normal 0 0 1
    outer loop
      vertex -29 -10 3
      vertex -23.0867 -12.2175 3
      vertex -23.232 -12 3
    endloop
  endfacet
  facet normal 0 0 1
    outer loop
      vertex -29 -10 3
      vertex -22.9142 -12.4142 3
      vertex -23.0867 -12.2175 3
    endloop
  endfacet
  facet normal 0 0 1
    outer loop
      vertex -29 -28 3
      vertex -22.9142 -12.4142 3
      vertex -29 -10 3
    endloop
  endfacet
  facet normal 0 0 1
    outer loop
      vertex -22.9142 -12.4142 3
      vertex -29 -28 3
      vertex -22.7175 -12.5867 3
    endloop
  endfacet
  facet normal 0 0 1
    outer loop
      vertex -22.7175 -12.5867 3
      vertex -29 -28 3
      vertex -22.5 -12.732 3
    endloop
  endfacet
  facet normal 0 0 1
    outer loop
      vertex -22.5 -12.732 3
      vertex -29 -28 3
      vertex -22.2654 -12.8478 3
    endloop
  endfacet
  facet normal 0 0 1
    outer loop
      vertex -29 -28 3
      vertex -22.0176 -12.9319 3
      vertex -22.2654 -12.8478 3
    endloop
  endfacet
  facet normal 0 0 1
    outer loop
      vertex -21.5 -13 3
      vertex -29 -28 3
      vertex -29.0171 -28.2611 3
    endloop
  endfacet
  facet normal 0 0 1
    outer loop
      vertex 29.0681 -28.5176 3
      vertex -29.0681 -28.5176 3
      vertex 29.1522 -28.7654 3
    endloop
  endfacet
  facet normal 0 0 1
    outer loop
      vertex -29.1522 -28.7654 3
      vertex 29.1522 -28.7654 3
      vertex -29.0681 -28.5176 3
    endloop
  endfacet
  facet normal 0 0 1
    outer loop
      vertex 29.1522 -28.7654 3
      vertex -29.1522 -28.7654 3
      vertex 29.2679 -29 3
    endloop
  endfacet
  facet normal 0 0 1
    outer loop
      vertex 29.2679 -29 3
      vertex -29.1522 -28.7654 3
      vertex -29.2679 -29 3
    endloop
  endfacet
  facet normal 0 0 1
    outer loop
      vertex 21.7611 -9.01711 3
      vertex 15 -3 3
      vertex 21.5 -9 3
    endloop
  endfacet
  facet normal -0 0 1
    outer loop
      vertex 14.9743 -3.39157 3
      vertex 21.5 -9 3
      vertex 15 -3 3
    endloop
  endfacet
  facet normal -0 0 1
    outer loop
      vertex 14.8978 -3.77646 3
      vertex 21.5 -9 3
      vertex 14.9743 -3.39157 3
    endloop
  endfacet
  facet normal -0 0 1
    outer loop
      vertex 14.7716 -4.14806 3
      vertex 21.5 -9 3
      vertex 14.8978 -3.77646 3
    endloop
  endfacet
  facet normal -0 0 1
    outer loop
      vertex 14.5981 -4.5 3
      vertex 21.5 -9 3
      vertex 14.7716 -4.14806 3
    endloop
  endfacet
  facet normal -0 0 1
    outer loop
      vertex 14.3801 -4.82628 3
      vertex 21.5 -9 3
      vertex 14.5981 -4.5 3
    endloop
  endfacet
  facet normal -0 0 1
    outer loop
      vertex 14.1213 -5.12132 3
      vertex 21.5 -9 3
      vertex 14.3801 -4.82628 3
    endloop
  endfacet
  facet normal -0 0 1
    outer loop
      vertex 13.8263 -5.38007 3
      vertex 21.5 -9 3
      vertex 14.1213 -5.12132 3
    endloop
  endfacet
  facet normal -0 0 1
    outer loop
      vertex 13.5 -5.59808 3
      vertex 21.5 -9 3
      vertex 13.8263 -5.38007 3
    endloop
  endfacet
  facet normal -0 0 1
    outer loop
      vertex 13.1481 -5.77164 3
      vertex 21.5 -9 3
      vertex 13.5 -5.59808 3
    endloop
  endfacet
  facet normal -0 0 1
    outer loop
      vertex 12.7765 -5.89778 3
      vertex 21.5 -9 3
      vertex 13.1481 -5.77164 3
    endloop
  endfacet
  facet normal -0 0 1
    outer loop
      vertex 12.3916 -5.97433 3
      vertex 21.5 -9 3
      vertex 12.7765 -5.89778 3
    endloop
  endfacet
  facet normal -0 0 1
    outer loop
      vertex 12 -6 3
      vertex 21.5 -9 3
      vertex 12.3916 -5.97433 3
    endloop
  endfacet
  facet normal -0 0 1
    outer loop
      vertex -12 -6 3
      vertex 21.5 -9 3
      vertex 12 -6 3
    endloop
  endfacet
  facet normal 0 0 1
    outer loop
      vertex -21.5 -9 3
      vertex -12 -6 3
      vertex -12.3916 -5.97433 3
    endloop
  endfacet
  facet normal 0 0 1
    outer loop
      vertex -15 3 3
      vertex -21.7611 9.01711 3
      vertex -15 -3 3
    endloop
  endfacet
  facet normal 0 0 1
    outer loop
      vertex -21.7611 -9.01711 3
      vertex -15 -3 3
      vertex -21.7611 9.01711 3
    endloop
  endfacet
  facet normal 0 -0 1
    outer loop
      vertex -21.5 -9 3
      vertex -15 -3 3
      vertex -21.7611 -9.01711 3
    endloop
  endfacet
  facet normal 0 0 1
    outer loop
      vertex -15 -3 3
      vertex -21.5 -9 3
      vertex -14.9743 -3.39157 3
    endloop
  endfacet
  facet normal 0 0 1
    outer loop
      vertex -12 -6 3
      vertex -21.5 -9 3
      vertex 21.5 -9 3
    endloop
  endfacet
  facet normal 0 0 1
    outer loop
      vertex -12.7765 -5.89778 3
      vertex -21.5 -9 3
      vertex -12.3916 -5.97433 3
    endloop
  endfacet
  facet normal 0 0 1
    outer loop
      vertex -13.1481 -5.77164 3
      vertex -21.5 -9 3
      vertex -12.7765 -5.89778 3
    endloop
  endfacet
  facet normal 0 0 1
    outer loop
      vertex -13.5 -5.59808 3
      vertex -21.5 -9 3
      vertex -13.1481 -5.77164 3
    endloop
  endfacet
  facet normal 0 0 1
    outer loop
      vertex -13.8263 -5.38007 3
      vertex -21.5 -9 3
      vertex -13.5 -5.59808 3
    endloop
  endfacet
  facet normal 0 0 1
    outer loop
      vertex -14.1213 -5.12132 3
      vertex -21.5 -9 3
      vertex -13.8263 -5.38007 3
    endloop
  endfacet
  facet normal 0 0 1
    outer loop
      vertex -14.3801 -4.82628 3
      vertex -21.5 -9 3
      vertex -14.1213 -5.12132 3
    endloop
  endfacet
  facet normal 0 0 1
    outer loop
      vertex -14.5981 -4.5 3
      vertex -21.5 -9 3
      vertex -14.3801 -4.82628 3
    endloop
  endfacet
  facet normal 0 0 1
    outer loop
      vertex -14.9743 -3.39157 3
      vertex -21.5 -9 3
      vertex -14.8978 -3.77646 3
    endloop
  endfacet
  facet normal 0 0 1
    outer loop
      vertex -14.8978 -3.77646 3
      vertex -21.5 -9 3
      vertex -14.7716 -4.14806 3
    endloop
  endfacet
  facet normal 0 0 1
    outer loop
      vertex -14.7716 -4.14806 3
      vertex -21.5 -9 3
      vertex -14.5981 -4.5 3
    endloop
  endfacet
  facet normal 0 0 1
    outer loop
      vertex -22.0176 9.06815 3
      vertex -21.7611 -9.01711 3
      vertex -21.7611 9.01711 3
    endloop
  endfacet
  facet normal 0 0 1
    outer loop
      vertex -22.0176 9.06815 3
      vertex -22.0176 -9.06815 3
      vertex -21.7611 -9.01711 3
    endloop
  endfacet
  facet normal 0 0 1
    outer loop
      vertex -22.2654 9.15224 3
      vertex -22.0176 -9.06815 3
      vertex -22.0176 9.06815 3
    endloop
  endfacet
  facet normal 0 0 1
    outer loop
      vertex -22.2654 9.15224 3
      vertex -22.2654 -9.15224 3
      vertex -22.0176 -9.06815 3
    endloop
  endfacet
  facet normal 0 0 1
    outer loop
      vertex -23.0867 9.78248 3
      vertex -29.2679 9 3
      vertex -22.9142 9.58579 3
    endloop
  endfacet
  facet normal 0 0 1
    outer loop
      vertex -29.4133 8.78248 3
      vertex -22.9142 9.58579 3
      vertex -29.2679 9 3
    endloop
  endfacet
  facet normal 0 0 1
    outer loop
      vertex -23.232 10 3
      vertex -29.1522 9.23463 3
      vertex -23.0867 9.78248 3
    endloop
  endfacet
  facet normal 0 0 1
    outer loop
      vertex -29.2679 9 3
      vertex -23.0867 9.78248 3
      vertex -29.1522 9.23463 3
    endloop
  endfacet
  facet normal 0 0 1
    outer loop
      vertex -29.1522 9.23463 3
      vertex -23.232 10 3
      vertex -29.0681 9.48236 3
    endloop
  endfacet
  facet normal 0 0 1
    outer loop
      vertex -22.9142 9.58579 3
      vertex -29.4133 8.78248 3
      vertex -22.7175 9.41329 3
    endloop
  endfacet
  facet normal 0 0 1
    outer loop
      vertex -23.3478 10.2346 3
      vertex -29.0681 9.48236 3
      vertex -23.232 10 3
    endloop
  endfacet
  facet normal 0 0 1
    outer loop
      vertex -22.5 -9.26795 3
      vertex -29 -10 3
      vertex -22.7175 -9.41329 3
    endloop
  endfacet
  facet normal 0 0 1
    outer loop
      vertex -29.0681 9.48236 3
      vertex -23.3478 10.2346 3
      vertex -29.0171 9.73895 3
    endloop
  endfacet
  facet normal 0 0 1
    outer loop
      vertex -22.7175 -9.41329 3
      vertex -29 -10 3
      vertex -22.9142 -9.58579 3
    endloop
  endfacet
  facet normal 0 0 1
    outer loop
      vertex -23.4319 10.4824 3
      vertex -29.0171 9.73895 3
      vertex -23.3478 10.2346 3
    endloop
  endfacet
  facet normal 0 0 1
    outer loop
      vertex -22.9142 -9.58579 3
      vertex -29 -10 3
      vertex -23.0867 -9.78248 3
    endloop
  endfacet
  facet normal 0 0 1
    outer loop
      vertex -29.0171 9.73895 3
      vertex -23.4319 10.4824 3
      vertex -29 10 3
    endloop
  endfacet
  facet normal 0 0 1
    outer loop
      vertex -23.0867 -9.78248 3
      vertex -29 -10 3
      vertex -23.232 -10 3
    endloop
  endfacet
  facet normal 0 0 1
    outer loop
      vertex -29 10 3
      vertex -23.4319 10.4824 3
      vertex -23.4829 10.7389 3
    endloop
  endfacet
  facet normal 0 0 1
    outer loop
      vertex -23.232 -10 3
      vertex -29 -10 3
      vertex -23.3478 -10.2346 3
    endloop
  endfacet
  facet normal 0 0 1
    outer loop
      vertex -23.4829 11.2611 3
      vertex -29 10 3
      vertex -23.5 11 3
    endloop
  endfacet
  facet normal 0 0 1
    outer loop
      vertex -23.5 11 3
      vertex -29 10 3
      vertex -23.4829 10.7389 3
    endloop
  endfacet
  facet normal -0.980779 0.195124 0
    outer loop
      vertex -46.9658 25.5221 0
      vertex -46.8637 26.0353 3
      vertex -46.8637 26.0353 0
    endloop
  endfacet
  facet normal -0.980779 0.195124 0
    outer loop
      vertex -46.8637 26.0353 3
      vertex -46.9658 25.5221 0
      vertex -46.9658 25.5221 3
    endloop
  endfacet
  facet normal -0.997861 0.0653646 0
    outer loop
      vertex -47 25 0
      vertex -46.9658 25.5221 3
      vertex -46.9658 25.5221 0
    endloop
  endfacet
  facet normal -0.997861 0.0653646 0
    outer loop
      vertex -46.9658 25.5221 3
      vertex -47 25 0
      vertex -47 25 3
    endloop
  endfacet
  facet normal 0.751842 0.659343 0
    outer loop
      vertex 46.1734 27.435 3
      vertex 45.8284 27.8284 0
      vertex 45.8284 27.8284 3
    endloop
  endfacet
  facet normal 0.751842 0.659343 0
    outer loop
      vertex 45.8284 27.8284 0
      vertex 46.1734 27.435 3
      vertex 46.1734 27.435 0
    endloop
  endfacet
  facet normal 0.659343 0.751842 -0
    outer loop
      vertex 45.8284 27.8284 0
      vertex 45.435 28.1734 3
      vertex 45.8284 27.8284 3
    endloop
  endfacet
  facet normal 0.659343 0.751842 0
    outer loop
      vertex 45.435 28.1734 3
      vertex 45.8284 27.8284 0
      vertex 45.435 28.1734 0
    endloop
  endfacet
  facet normal 0.896898 0.442238 0
    outer loop
      vertex 46.6955 26.5307 3
      vertex 46.4641 27 0
      vertex 46.4641 27 3
    endloop
  endfacet
  facet normal 0.896898 0.442238 0
    outer loop
      vertex 46.4641 27 0
      vertex 46.6955 26.5307 3
      vertex 46.6955 26.5307 0
    endloop
  endfacet
  facet normal 0.980779 0.195124 0
    outer loop
      vertex 46.9658 25.5221 3
      vertex 46.8637 26.0353 0
      vertex 46.8637 26.0353 3
    endloop
  endfacet
  facet normal 0.980779 0.195124 0
    outer loop
      vertex 46.8637 26.0353 0
      vertex 46.9658 25.5221 3
      vertex 46.9658 25.5221 0
    endloop
  endfacet
  facet normal -0.980779 -0.195124 0
    outer loop
      vertex -46.8637 -26.0353 0
      vertex -46.9658 -25.5221 3
      vertex -46.9658 -25.5221 0
    endloop
  endfacet
  facet normal -0.980779 -0.195124 0
    outer loop
      vertex -46.9658 -25.5221 3
      vertex -46.8637 -26.0353 0
      vertex -46.8637 -26.0353 3
    endloop
  endfacet
  facet normal -0.94691 -0.321498 0
    outer loop
      vertex -46.6955 -26.5307 0
      vertex -46.8637 -26.0353 3
      vertex -46.8637 -26.0353 0
    endloop
  endfacet
  facet normal -0.94691 -0.321498 0
    outer loop
      vertex -46.8637 -26.0353 3
      vertex -46.6955 -26.5307 0
      vertex -46.6955 -26.5307 3
    endloop
  endfacet
  facet normal -0.831432 -0.555626 0
    outer loop
      vertex -46.1734 -27.435 0
      vertex -46.4641 -27 3
      vertex -46.4641 -27 0
    endloop
  endfacet
  facet normal -0.831432 -0.555626 0
    outer loop
      vertex -46.4641 -27 3
      vertex -46.1734 -27.435 0
      vertex -46.1734 -27.435 3
    endloop
  endfacet
  facet normal -0.751842 -0.659343 0
    outer loop
      vertex -45.8284 -27.8284 0
      vertex -46.1734 -27.435 3
      vertex -46.1734 -27.435 0
    endloop
  endfacet
  facet normal -0.751842 -0.659343 0
    outer loop
      vertex -46.1734 -27.435 3
      vertex -45.8284 -27.8284 0
      vertex -45.8284 -27.8284 3
    endloop
  endfacet
  facet normal 0 0 -1
    outer loop
      vertex -47 -25 0
      vertex -33 -10 0
      vertex -33 -28 0
    endloop
  endfacet
  facet normal -0 0 -1
    outer loop
      vertex -33 -10 0
      vertex -47 -25 0
      vertex -33 10 0
    endloop
  endfacet
  facet normal 0 0 -1
    outer loop
      vertex -47 -25 0
      vertex -33 -28 0
      vertex -43 -29 0
    endloop
  endfacet
  facet normal -0 0 -1
    outer loop
      vertex -32.9829 -28.2611 0
      vertex -43 -29 0
      vertex -33 -28 0
    endloop
  endfacet
  facet normal -0 0 -1
    outer loop
      vertex -32.9319 -28.5176 0
      vertex -43 -29 0
      vertex -32.9829 -28.2611 0
    endloop
  endfacet
  facet normal -0 0 -1
    outer loop
      vertex -32.8478 -28.7654 0
      vertex -43 -29 0
      vertex -32.9319 -28.5176 0
    endloop
  endfacet
  facet normal 0 0 -1
    outer loop
      vertex -43 -29 0
      vertex -32.8478 -28.7654 0
      vertex -32.732 -29 0
    endloop
  endfacet
  facet normal 0 0 -1
    outer loop
      vertex -29.5858 -8.58579 0
      vertex -22.7175 -9.41329 0
      vertex -29.4133 -8.78248 0
    endloop
  endfacet
  facet normal 0 0 -1
    outer loop
      vertex -22.5 9.26795 0
      vertex -29.0171 9.73895 0
      vertex -29 10 0
    endloop
  endfacet
  facet normal 0 0 -1
    outer loop
      vertex -22.7175 -9.41329 0
      vertex -29.5858 -8.58579 0
      vertex -22.5 -9.26795 0
    endloop
  endfacet
  facet normal 0 0 -1
    outer loop
      vertex -22.5 9.26795 0
      vertex -29.0681 9.48236 0
      vertex -29.0171 9.73895 0
    endloop
  endfacet
  facet normal 0 0 -1
    outer loop
      vertex -29.7825 -8.41329 0
      vertex -22.5 -9.26795 0
      vertex -29.5858 -8.58579 0
    endloop
  endfacet
  facet normal -0 0 -1
    outer loop
      vertex -22.5 9.26795 0
      vertex -29.1522 9.23463 0
      vertex -29.0681 9.48236 0
    endloop
  endfacet
  facet normal 0 0 -1
    outer loop
      vertex -22.5 -9.26795 0
      vertex -29.7825 -8.41329 0
      vertex -22.2654 -9.15224 0
    endloop
  endfacet
  facet normal 0 0 -1
    outer loop
      vertex -22.5 9.26795 0
      vertex -29.2679 9 0
      vertex -29.1522 9.23463 0
    endloop
  endfacet
  facet normal 0 0 -1
    outer loop
      vertex -30 -8.26795 0
      vertex -22.2654 -9.15224 0
      vertex -29.7825 -8.41329 0
    endloop
  endfacet
  facet normal 0 0 -1
    outer loop
      vertex -22.5 9.26795 0
      vertex -29.4133 8.78248 0
      vertex -29.2679 9 0
    endloop
  endfacet
  facet normal 0 0 -1
    outer loop
      vertex -22.2654 -9.15224 0
      vertex -30 -8.26795 0
      vertex -22.2654 9.15224 0
    endloop
  endfacet
  facet normal 0 0 -1
    outer loop
      vertex -22.5 9.26795 0
      vertex -29.5858 8.58579 0
      vertex -29.4133 8.78248 0
    endloop
  endfacet
  facet normal 0 0 -1
    outer loop
      vertex -30 8.26795 0
      vertex -22.2654 9.15224 0
      vertex -30 -8.26795 0
    endloop
  endfacet
  facet normal 0 0 -1
    outer loop
      vertex -22.5 9.26795 0
      vertex -29.7825 8.41329 0
      vertex -29.5858 8.58579 0
    endloop
  endfacet
  facet normal 0 -0 -1
    outer loop
      vertex -29.7825 8.41329 0
      vertex -22.2654 9.15224 0
      vertex -30 8.26795 0
    endloop
  endfacet
  facet normal -0 0 -1
    outer loop
      vertex -22.2654 9.15224 0
      vertex -29.7825 8.41329 0
      vertex -22.5 9.26795 0
    endloop
  endfacet
  facet normal 0 0 -1
    outer loop
      vertex -30.2346 -8.15224 0
      vertex -30 8.26795 0
      vertex -30 -8.26795 0
    endloop
  endfacet
  facet normal 0 0 -1
    outer loop
      vertex -30.2346 -8.15224 0
      vertex -30.2346 8.15224 0
      vertex -30 8.26795 0
    endloop
  endfacet
  facet normal 0 0 -1
    outer loop
      vertex -30.4824 -8.06815 0
      vertex -30.2346 8.15224 0
      vertex -30.2346 -8.15224 0
    endloop
  endfacet
  facet normal 0 0 -1
    outer loop
      vertex -30.4824 -8.06815 0
      vertex -30.4824 8.06815 0
      vertex -30.2346 8.15224 0
    endloop
  endfacet
  facet normal 0 0 -1
    outer loop
      vertex -30.7389 -8.01711 0
      vertex -30.4824 8.06815 0
      vertex -30.4824 -8.06815 0
    endloop
  endfacet
  facet normal 0 0 -1
    outer loop
      vertex -30.7389 -8.01711 0
      vertex -30.7389 8.01711 0
      vertex -30.4824 8.06815 0
    endloop
  endfacet
  facet normal 0 0 -1
    outer loop
      vertex -31 -8 0
      vertex -30.7389 8.01711 0
      vertex -30.7389 -8.01711 0
    endloop
  endfacet
  facet normal 0 0 -1
    outer loop
      vertex -31 -8 0
      vertex -31 8 0
      vertex -30.7389 8.01711 0
    endloop
  endfacet
  facet normal 0 0 -1
    outer loop
      vertex -31.2611 -8.01711 0
      vertex -31 8 0
      vertex -31 -8 0
    endloop
  endfacet
  facet normal 0 0 -1
    outer loop
      vertex -31.2611 -8.01711 0
      vertex -31.2611 8.01711 0
      vertex -31 8 0
    endloop
  endfacet
  facet normal 0 0 -1
    outer loop
      vertex -31.5176 -8.06815 0
      vertex -31.2611 8.01711 0
      vertex -31.2611 -8.01711 0
    endloop
  endfacet
  facet normal 0 0 -1
    outer loop
      vertex -31.5176 -8.06815 0
      vertex -31.5176 8.06815 0
      vertex -31.2611 8.01711 0
    endloop
  endfacet
  facet normal 0 0 -1
    outer loop
      vertex -31.7654 -8.15224 0
      vertex -31.5176 8.06815 0
      vertex -31.5176 -8.06815 0
    endloop
  endfacet
  facet normal 0 0 -1
    outer loop
      vertex -31.7654 -8.15224 0
      vertex -31.7654 8.15224 0
      vertex -31.5176 8.06815 0
    endloop
  endfacet
  facet normal 0 0 -1
    outer loop
      vertex -32 -8.26795 0
      vertex -31.7654 8.15224 0
      vertex -31.7654 -8.15224 0
    endloop
  endfacet
  facet normal 0 0 -1
    outer loop
      vertex -32 -8.26795 0
      vertex -32 8.26795 0
      vertex -31.7654 8.15224 0
    endloop
  endfacet
  facet normal 0 0 -1
    outer loop
      vertex -32.2175 -8.41329 0
      vertex -32 8.26795 0
      vertex -32 -8.26795 0
    endloop
  endfacet
  facet normal 0 0 -1
    outer loop
      vertex -32.2175 -8.41329 0
      vertex -32.2175 8.41329 0
      vertex -32 8.26795 0
    endloop
  endfacet
  facet normal 0 0 -1
    outer loop
      vertex -32.4142 -8.58579 0
      vertex -32.2175 8.41329 0
      vertex -32.2175 -8.41329 0
    endloop
  endfacet
  facet normal 0 0 -1
    outer loop
      vertex -32.4142 -8.58579 0
      vertex -32.4142 8.58579 0
      vertex -32.2175 8.41329 0
    endloop
  endfacet
  facet normal 0 0 -1
    outer loop
      vertex -32.5867 -8.78248 0
      vertex -32.4142 8.58579 0
      vertex -32.4142 -8.58579 0
    endloop
  endfacet
  facet normal 0 0 -1
    outer loop
      vertex -32.5867 -8.78248 0
      vertex -32.5867 8.78248 0
      vertex -32.4142 8.58579 0
    endloop
  endfacet
  facet normal 0 0 -1
    outer loop
      vertex -32.732 -9 0
      vertex -32.5867 8.78248 0
      vertex -32.5867 -8.78248 0
    endloop
  endfacet
  facet normal 0 0 -1
    outer loop
      vertex -32.732 -9 0
      vertex -32.732 9 0
      vertex -32.5867 8.78248 0
    endloop
  endfacet
  facet normal 0 0 -1
    outer loop
      vertex -32.8478 -9.23463 0
      vertex -32.732 9 0
      vertex -32.732 -9 0
    endloop
  endfacet
  facet normal 0 0 -1
    outer loop
      vertex -32.8478 -9.23463 0
      vertex -32.8478 9.23463 0
      vertex -32.732 9 0
    endloop
  endfacet
  facet normal 0 0 -1
    outer loop
      vertex -32.9319 -9.48236 0
      vertex -32.8478 9.23463 0
      vertex -32.8478 -9.23463 0
    endloop
  endfacet
  facet normal 0 0 -1
    outer loop
      vertex -32.9319 -9.48236 0
      vertex -32.9319 9.48236 0
      vertex -32.8478 9.23463 0
    endloop
  endfacet
  facet normal 0 0 -1
    outer loop
      vertex -32.9829 -9.73895 0
      vertex -32.9319 9.48236 0
      vertex -32.9319 -9.48236 0
    endloop
  endfacet
  facet normal 0 0 -1
    outer loop
      vertex -32.9829 -9.73895 0
      vertex -32.9829 9.73895 0
      vertex -32.9319 9.48236 0
    endloop
  endfacet
  facet normal 0 0 -1
    outer loop
      vertex -33 -10 0
      vertex -32.9829 9.73895 0
      vertex -32.9829 -9.73895 0
    endloop
  endfacet
  facet normal -0 0 -1
    outer loop
      vertex -32.9829 9.73895 0
      vertex -33 -10 0
      vertex -33 10 0
    endloop
  endfacet
  facet normal 0 0 -1
    outer loop
      vertex -47 25 0
      vertex -33 10 0
      vertex -47 -25 0
    endloop
  endfacet
  facet normal 0 0 -1
    outer loop
      vertex -32.8478 28.7654 0
      vertex -43 29 0
      vertex -32.732 29 0
    endloop
  endfacet
  facet normal 0 0 -1
    outer loop
      vertex -32.9319 28.5176 0
      vertex -43 29 0
      vertex -32.8478 28.7654 0
    endloop
  endfacet
  facet normal 0 0 -1
    outer loop
      vertex -32.9829 28.2611 0
      vertex -43 29 0
      vertex -32.9319 28.5176 0
    endloop
  endfacet
  facet normal 0 0 -1
    outer loop
      vertex -33 10 0
      vertex -47 25 0
      vertex -33 28 0
    endloop
  endfacet
  facet normal 0 0 -1
    outer loop
      vertex -47 -25 0
      vertex -43 -29 0
      vertex -43.5221 -28.9658 0
    endloop
  endfacet
  facet normal 0 -0 -1
    outer loop
      vertex -43 29 0
      vertex -33 28 0
      vertex -47 25 0
    endloop
  endfacet
  facet normal 0 0 -1
    outer loop
      vertex -47 -25 0
      vertex -43.5221 -28.9658 0
      vertex -44.0353 -28.8637 0
    endloop
  endfacet
  facet normal 0 0 -1
    outer loop
      vertex -33 28 0
      vertex -43 29 0
      vertex -32.9829 28.2611 0
    endloop
  endfacet
  facet normal 0 0 -1
    outer loop
      vertex -47 -25 0
      vertex -44.0353 -28.8637 0
      vertex -44.5307 -28.6955 0
    endloop
  endfacet
  facet normal 0 0 -1
    outer loop
      vertex -43 29 0
      vertex -47 25 0
      vertex -43.5221 28.9658 0
    endloop
  endfacet
  facet normal 0 0 -1
    outer loop
      vertex -47 -25 0
      vertex -44.5307 -28.6955 0
      vertex -45 -28.4641 0
    endloop
  endfacet
  facet normal 0 0 -1
    outer loop
      vertex -43.5221 28.9658 0
      vertex -47 25 0
      vertex -44.0353 28.8637 0
    endloop
  endfacet
  facet normal 0 0 -1
    outer loop
      vertex -47 -25 0
      vertex -45 -28.4641 0
      vertex -45.435 -28.1734 0
    endloop
  endfacet
  facet normal 0 0 -1
    outer loop
      vertex -44.0353 28.8637 0
      vertex -47 25 0
      vertex -44.5307 28.6955 0
    endloop
  endfacet
  facet normal 0 0 -1
    outer loop
      vertex -47 -25 0
      vertex -45.435 -28.1734 0
      vertex -45.8284 -27.8284 0
    endloop
  endfacet
  facet normal 0 0 -1
    outer loop
      vertex -44.5307 28.6955 0
      vertex -47 25 0
      vertex -45 28.4641 0
    endloop
  endfacet
  facet normal 0 0 -1
    outer loop
      vertex -47 -25 0
      vertex -45.8284 -27.8284 0
      vertex -46.1734 -27.435 0
    endloop
  endfacet
  facet normal 0 0 -1
    outer loop
      vertex -45 28.4641 0
      vertex -47 25 0
      vertex -45.435 28.1734 0
    endloop
  endfacet
  facet normal 0 0 -1
    outer loop
      vertex -47 -25 0
      vertex -46.1734 -27.435 0
      vertex -46.4641 -27 0
    endloop
  endfacet
  facet normal 0 0 -1
    outer loop
      vertex -45.435 28.1734 0
      vertex -47 25 0
      vertex -45.8284 27.8284 0
    endloop
  endfacet
  facet normal 0 0 -1
    outer loop
      vertex -47 -25 0
      vertex -46.4641 -27 0
      vertex -46.6955 -26.5307 0
    endloop
  endfacet
  facet normal 0 0 -1
    outer loop
      vertex -45.8284 27.8284 0
      vertex -47 25 0
      vertex -46.1734 27.435 0
    endloop
  endfacet
  facet normal 0 0 -1
    outer loop
      vertex -47 -25 0
      vertex -46.6955 -26.5307 0
      vertex -46.8637 -26.0353 0
    endloop
  endfacet
  facet normal 0 0 -1
    outer loop
      vertex -46.1734 27.435 0
      vertex -47 25 0
      vertex -46.4641 27 0
    endloop
  endfacet
  facet normal 0 0 -1
    outer loop
      vertex -47 -25 0
      vertex -46.8637 -26.0353 0
      vertex -46.9658 -25.5221 0
    endloop
  endfacet
  facet normal 0 0 -1
    outer loop
      vertex -46.4641 27 0
      vertex -47 25 0
      vertex -46.6955 26.5307 0
    endloop
  endfacet
  facet normal 0 0 -1
    outer loop
      vertex -46.6955 26.5307 0
      vertex -47 25 0
      vertex -46.8637 26.0353 0
    endloop
  endfacet
  facet normal 0 0 -1
    outer loop
      vertex -46.8637 26.0353 0
      vertex -47 25 0
      vertex -46.9658 25.5221 0
    endloop
  endfacet
  facet normal 0 0 -1
    outer loop
      vertex 29.0171 9.73895 0
      vertex 23.5 11 0
      vertex 29 10 0
    endloop
  endfacet
  facet normal 0 0 -1
    outer loop
      vertex 29.7825 8.41329 0
      vertex 23.4829 10.7389 0
      vertex 23.5 11 0
    endloop
  endfacet
  facet normal -0 0 -1
    outer loop
      vertex 29.2679 -9 0
      vertex 22.9142 -9.58579 0
      vertex 29.4133 -8.78248 0
    endloop
  endfacet
  facet normal 0 0 -1
    outer loop
      vertex 29.7825 8.41329 0
      vertex 23.4319 10.4824 0
      vertex 23.4829 10.7389 0
    endloop
  endfacet
  facet normal 0 0 -1
    outer loop
      vertex 22.7175 -9.41329 0
      vertex 29.4133 -8.78248 0
      vertex 22.9142 -9.58579 0
    endloop
  endfacet
  facet normal 0 0 -1
    outer loop
      vertex 29.7825 8.41329 0
      vertex 23.3478 10.2346 0
      vertex 23.4319 10.4824 0
    endloop
  endfacet
  facet normal -0 0 -1
    outer loop
      vertex 29.4133 -8.78248 0
      vertex 22.7175 -9.41329 0
      vertex 29.5858 -8.58579 0
    endloop
  endfacet
  facet normal 0 0 -1
    outer loop
      vertex 29.7825 8.41329 0
      vertex 23.232 10 0
      vertex 23.3478 10.2346 0
    endloop
  endfacet
  facet normal 0 0 -1
    outer loop
      vertex 22.5 -9.26795 0
      vertex 29.5858 -8.58579 0
      vertex 22.7175 -9.41329 0
    endloop
  endfacet
  facet normal 0 0 -1
    outer loop
      vertex 29.7825 8.41329 0
      vertex 23.0867 9.78248 0
      vertex 23.232 10 0
    endloop
  endfacet
  facet normal -0 0 -1
    outer loop
      vertex 29.5858 -8.58579 0
      vertex 22.5 -9.26795 0
      vertex 29.7825 -8.41329 0
    endloop
  endfacet
  facet normal 0 0 -1
    outer loop
      vertex 29.7825 8.41329 0
      vertex 22.9142 9.58579 0
      vertex 23.0867 9.78248 0
    endloop
  endfacet
  facet normal 0 0 -1
    outer loop
      vertex 22.2654 -9.15224 0
      vertex 29.7825 -8.41329 0
      vertex 22.5 -9.26795 0
    endloop
  endfacet
  facet normal 0 0 -1
    outer loop
      vertex 29.7825 8.41329 0
      vertex 22.7175 9.41329 0
      vertex 22.9142 9.58579 0
    endloop
  endfacet
  facet normal -0 0 -1
    outer loop
      vertex 29.7825 -8.41329 0
      vertex 22.2654 -9.15224 0
      vertex 29.7825 8.41329 0
    endloop
  endfacet
  facet normal 0 0 -1
    outer loop
      vertex 29.7825 8.41329 0
      vertex 22.5 9.26795 0
      vertex 22.7175 9.41329 0
    endloop
  endfacet
  facet normal 0 0 -1
    outer loop
      vertex 22.2654 9.15224 0
      vertex 29.7825 8.41329 0
      vertex 22.2654 -9.15224 0
    endloop
  endfacet
  facet normal 0 0 -1
    outer loop
      vertex 29.7825 8.41329 0
      vertex 22.2654 9.15224 0
      vertex 22.5 9.26795 0
    endloop
  endfacet
  facet normal 0 0 -1
    outer loop
      vertex 22.0176 -9.06815 0
      vertex 22.2654 9.15224 0
      vertex 22.2654 -9.15224 0
    endloop
  endfacet
  facet normal 0 0 -1
    outer loop
      vertex 22.0176 -9.06815 0
      vertex 22.0176 9.06815 0
      vertex 22.2654 9.15224 0
    endloop
  endfacet
  facet normal 0 0 -1
    outer loop
      vertex 21.7611 -9.01711 0
      vertex 22.0176 9.06815 0
      vertex 22.0176 -9.06815 0
    endloop
  endfacet
  facet normal 0 0 -1
    outer loop
      vertex 21.7611 -9.01711 0
      vertex 21.7611 9.01711 0
      vertex 22.0176 9.06815 0
    endloop
  endfacet
  facet normal 0 0 -1
    outer loop
      vertex 15 -3 0
      vertex 21.7611 -9.01711 0
      vertex 21.5 -9 0
    endloop
  endfacet
  facet normal 0 0 -1
    outer loop
      vertex 21.7611 -9.01711 0
      vertex 15 -3 0
      vertex 21.7611 9.01711 0
    endloop
  endfacet
  facet normal 0 0 -1
    outer loop
      vertex 15 3 0
      vertex 21.7611 9.01711 0
      vertex 15 -3 0
    endloop
  endfacet
  facet normal 0 0 -1
    outer loop
      vertex 21.5 -9 0
      vertex 14.9743 -3.39157 0
      vertex 15 -3 0
    endloop
  endfacet
  facet normal 0 0 -1
    outer loop
      vertex 21.5 -9 0
      vertex 14.8978 -3.77646 0
      vertex 14.9743 -3.39157 0
    endloop
  endfacet
  facet normal 0 0 -1
    outer loop
      vertex 21.5 -9 0
      vertex 14.7716 -4.14806 0
      vertex 14.8978 -3.77646 0
    endloop
  endfacet
  facet normal 0 0 -1
    outer loop
      vertex 21.5 -9 0
      vertex 14.5981 -4.5 0
      vertex 14.7716 -4.14806 0
    endloop
  endfacet
  facet normal 0 0 -1
    outer loop
      vertex 21.5 -9 0
      vertex 14.3801 -4.82628 0
      vertex 14.5981 -4.5 0
    endloop
  endfacet
  facet normal 0 0 -1
    outer loop
      vertex 21.5 -9 0
      vertex 14.1213 -5.12132 0
      vertex 14.3801 -4.82628 0
    endloop
  endfacet
  facet normal 0 0 -1
    outer loop
      vertex 21.5 -9 0
      vertex 13.8263 -5.38007 0
      vertex 14.1213 -5.12132 0
    endloop
  endfacet
  facet normal 0 0 -1
    outer loop
      vertex 21.5 -9 0
      vertex 13.5 -5.59808 0
      vertex 13.8263 -5.38007 0
    endloop
  endfacet
  facet normal 0 0 -1
    outer loop
      vertex 21.5 -9 0
      vertex 13.1481 -5.77164 0
      vertex 13.5 -5.59808 0
    endloop
  endfacet
  facet normal 0 0 -1
    outer loop
      vertex 21.5 -9 0
      vertex 12.7765 -5.89778 0
      vertex 13.1481 -5.77164 0
    endloop
  endfacet
  facet normal 0 0 -1
    outer loop
      vertex 21.5 -9 0
      vertex 12.3916 -5.97433 0
      vertex 12.7765 -5.89778 0
    endloop
  endfacet
  facet normal 0 0 -1
    outer loop
      vertex 21.5 -9 0
      vertex 12 -6 0
      vertex 12.3916 -5.97433 0
    endloop
  endfacet
  facet normal 0 0 -1
    outer loop
      vertex 21.5 -9 0
      vertex -12 -6 0
      vertex 12 -6 0
    endloop
  endfacet
  facet normal 0 0 -1
    outer loop
      vertex -21.5 -9 0
      vertex -12 -6 0
      vertex 21.5 -9 0
    endloop
  endfacet
  facet normal 0 0 -1
    outer loop
      vertex -21.7611 -9.01711 0
      vertex -15 -3 0
      vertex -21.5 -9 0
    endloop
  endfacet
  facet normal -0 0 -1
    outer loop
      vertex -14.9743 -3.39157 0
      vertex -21.5 -9 0
      vertex -15 -3 0
    endloop
  endfacet
  facet normal -0 0 -1
    outer loop
      vertex -14.8978 -3.77646 0
      vertex -21.5 -9 0
      vertex -14.9743 -3.39157 0
    endloop
  endfacet
  facet normal -0 0 -1
    outer loop
      vertex -14.7716 -4.14806 0
      vertex -21.5 -9 0
      vertex -14.8978 -3.77646 0
    endloop
  endfacet
  facet normal -0 0 -1
    outer loop
      vertex -14.5981 -4.5 0
      vertex -21.5 -9 0
      vertex -14.7716 -4.14806 0
    endloop
  endfacet
  facet normal -0 0 -1
    outer loop
      vertex -14.3801 -4.82628 0
      vertex -21.5 -9 0
      vertex -14.5981 -4.5 0
    endloop
  endfacet
  facet normal -0 0 -1
    outer loop
      vertex -14.1213 -5.12132 0
      vertex -21.5 -9 0
      vertex -14.3801 -4.82628 0
    endloop
  endfacet
  facet normal -0 0 -1
    outer loop
      vertex -13.8263 -5.38007 0
      vertex -21.5 -9 0
      vertex -14.1213 -5.12132 0
    endloop
  endfacet
  facet normal -0 0 -1
    outer loop
      vertex -13.5 -5.59808 0
      vertex -21.5 -9 0
      vertex -13.8263 -5.38007 0
    endloop
  endfacet
  facet normal -0 0 -1
    outer loop
      vertex -13.1481 -5.77164 0
      vertex -21.5 -9 0
      vertex -13.5 -5.59808 0
    endloop
  endfacet
  facet normal -0 0 -1
    outer loop
      vertex -12.7765 -5.89778 0
      vertex -21.5 -9 0
      vertex -13.1481 -5.77164 0
    endloop
  endfacet
  facet normal -0 0 -1
    outer loop
      vertex -12.3916 -5.97433 0
      vertex -21.5 -9 0
      vertex -12.7765 -5.89778 0
    endloop
  endfacet
  facet normal -0 0 -1
    outer loop
      vertex -12 -6 0
      vertex -21.5 -9 0
      vertex -12.3916 -5.97433 0
    endloop
  endfacet
  facet normal 0 0 -1
    outer loop
      vertex 22.9142 -12.4142 0
      vertex 29 -10 0
      vertex 29 -28 0
    endloop
  endfacet
  facet normal 0 0 -1
    outer loop
      vertex 23.4829 -10.7389 0
      vertex 29 -10 0
      vertex 23.5 -11 0
    endloop
  endfacet
  facet normal 0 0 -1
    outer loop
      vertex 29.0681 9.48236 0
      vertex 23.5 11 0
      vertex 29.0171 9.73895 0
    endloop
  endfacet
  facet normal 0 0 -1
    outer loop
      vertex 21.5 -13 0
      vertex 29 -28 0
      vertex 29.0171 -28.2611 0
    endloop
  endfacet
  facet normal 0 0 -1
    outer loop
      vertex -29.0171 -28.2611 0
      vertex 29.0171 -28.2611 0
      vertex 29.0681 -28.5176 0
    endloop
  endfacet
  facet normal 0 0 -1
    outer loop
      vertex 29 -10 0
      vertex 23.4829 -11.2611 0
      vertex 23.5 -11 0
    endloop
  endfacet
  facet normal 0 0 -1
    outer loop
      vertex 29 -10 0
      vertex 23.4319 -11.5176 0
      vertex 23.4829 -11.2611 0
    endloop
  endfacet
  facet normal 0 0 -1
    outer loop
      vertex 29 -10 0
      vertex 23.3478 -11.7654 0
      vertex 23.4319 -11.5176 0
    endloop
  endfacet
  facet normal 0 0 -1
    outer loop
      vertex -29.0681 -28.5176 0
      vertex 29.0681 -28.5176 0
      vertex 29.1522 -28.7654 0
    endloop
  endfacet
  facet normal 0 0 -1
    outer loop
      vertex 29 -10 0
      vertex 23.232 -12 0
      vertex 23.3478 -11.7654 0
    endloop
  endfacet
  facet normal 0 0 -1
    outer loop
      vertex 29 -10 0
      vertex 23.0867 -12.2175 0
      vertex 23.232 -12 0
    endloop
  endfacet
  facet normal 0 0 -1
    outer loop
      vertex 29 -10 0
      vertex 22.9142 -12.4142 0
      vertex 23.0867 -12.2175 0
    endloop
  endfacet
  facet normal 0 0 -1
    outer loop
      vertex 29 -28 0
      vertex 22.7175 -12.5867 0
      vertex 22.9142 -12.4142 0
    endloop
  endfacet
  facet normal 0 0 -1
    outer loop
      vertex 29 -28 0
      vertex 22.5 -12.732 0
      vertex 22.7175 -12.5867 0
    endloop
  endfacet
  facet normal 0 0 -1
    outer loop
      vertex 29 -28 0
      vertex 22.2654 -12.8478 0
      vertex 22.5 -12.732 0
    endloop
  endfacet
  facet normal 0 0 -1
    outer loop
      vertex 29 -28 0
      vertex 22.0176 -12.9319 0
      vertex 22.2654 -12.8478 0
    endloop
  endfacet
  facet normal 0 0 -1
    outer loop
      vertex 29 -28 0
      vertex 21.7611 -12.9829 0
      vertex 22.0176 -12.9319 0
    endloop
  endfacet
  facet normal 0 0 -1
    outer loop
      vertex 29 -28 0
      vertex 21.5 -13 0
      vertex 21.7611 -12.9829 0
    endloop
  endfacet
  facet normal 0 0 -1
    outer loop
      vertex 29.0171 -28.2611 0
      vertex -21.5 -13 0
      vertex 21.5 -13 0
    endloop
  endfacet
  facet normal 0 0 -1
    outer loop
      vertex -29.1522 -28.7654 0
      vertex 29.1522 -28.7654 0
      vertex 29.2679 -29 0
    endloop
  endfacet
  facet normal 0 0 -1
    outer loop
      vertex 29.0171 -28.2611 0
      vertex -29.0171 -28.2611 0
      vertex -21.5 -13 0
    endloop
  endfacet
  facet normal 0 -0 -1
    outer loop
      vertex -29 -28 0
      vertex -21.5 -13 0
      vertex -29.0171 -28.2611 0
    endloop
  endfacet
  facet normal -0 0 -1
    outer loop
      vertex -23.3478 10.2346 0
      vertex -29 10 0
      vertex -23.4319 10.4824 0
    endloop
  endfacet
  facet normal 0 0 -1
    outer loop
      vertex -23.4319 -11.5176 0
      vertex -29 -10 0
      vertex -23.4829 -11.2611 0
    endloop
  endfacet
  facet normal 0 0 -1
    outer loop
      vertex -23.3478 -11.7654 0
      vertex -29 -10 0
      vertex -23.4319 -11.5176 0
    endloop
  endfacet
  facet normal 0 0 -1
    outer loop
      vertex -23.232 -12 0
      vertex -29 -10 0
      vertex -23.3478 -11.7654 0
    endloop
  endfacet
  facet normal 0 0 -1
    outer loop
      vertex -23.0867 -12.2175 0
      vertex -29 -10 0
      vertex -23.232 -12 0
    endloop
  endfacet
  facet normal 0 0 -1
    outer loop
      vertex -22.9142 -12.4142 0
      vertex -29 -10 0
      vertex -23.0867 -12.2175 0
    endloop
  endfacet
  facet normal 0 0 -1
    outer loop
      vertex -29 -10 0
      vertex -22.9142 -12.4142 0
      vertex -29 -28 0
    endloop
  endfacet
  facet normal -0 0 -1
    outer loop
      vertex -22.7175 -12.5867 0
      vertex -29 -28 0
      vertex -22.9142 -12.4142 0
    endloop
  endfacet
  facet normal -0 0 -1
    outer loop
      vertex -22.5 -12.732 0
      vertex -29 -28 0
      vertex -22.7175 -12.5867 0
    endloop
  endfacet
  facet normal -0 0 -1
    outer loop
      vertex -22.2654 -12.8478 0
      vertex -29 -28 0
      vertex -22.5 -12.732 0
    endloop
  endfacet
  facet normal -0 0 -1
    outer loop
      vertex -22.0176 -12.9319 0
      vertex -29 -28 0
      vertex -22.2654 -12.8478 0
    endloop
  endfacet
  facet normal -0 0 -1
    outer loop
      vertex -21.5 -13 0
      vertex -29 -28 0
      vertex -21.7611 -12.9829 0
    endloop
  endfacet
  facet normal -0 0 -1
    outer loop
      vertex -21.7611 -12.9829 0
      vertex -29 -28 0
      vertex -22.0176 -12.9319 0
    endloop
  endfacet
  facet normal 0 0 -1
    outer loop
      vertex 29.0681 -28.5176 0
      vertex -29.0681 -28.5176 0
      vertex -29.0171 -28.2611 0
    endloop
  endfacet
  facet normal 0 0 -1
    outer loop
      vertex 29.1522 -28.7654 0
      vertex -29.1522 -28.7654 0
      vertex -29.0681 -28.5176 0
    endloop
  endfacet
  facet normal 0 -0 -1
    outer loop
      vertex -29.1522 -28.7654 0
      vertex 29.2679 -29 0
      vertex -29.2679 -29 0
    endloop
  endfacet
  facet normal 0 0 -1
    outer loop
      vertex 32.8478 -9.23463 0
      vertex 47 -25 0
      vertex 32.9319 -9.48236 0
    endloop
  endfacet
  facet normal 0 0 -1
    outer loop
      vertex 47 25 0
      vertex 32.9829 9.73895 0
      vertex 33 10 0
    endloop
  endfacet
  facet normal 0 0 -1
    outer loop
      vertex 47 -25 0
      vertex 32.8478 -9.23463 0
      vertex 47 25 0
    endloop
  endfacet
  facet normal 0 0 -1
    outer loop
      vertex 47 25 0
      vertex 32.9319 9.48236 0
      vertex 32.9829 9.73895 0
    endloop
  endfacet
  facet normal 0 0 -1
    outer loop
      vertex 32.8478 9.23463 0
      vertex 47 25 0
      vertex 32.8478 -9.23463 0
    endloop
  endfacet
  facet normal 0 0 -1
    outer loop
      vertex 47 25 0
      vertex 32.8478 9.23463 0
      vertex 32.9319 9.48236 0
    endloop
  endfacet
  facet normal 0 0 -1
    outer loop
      vertex 32.732 -9 0
      vertex 32.8478 9.23463 0
      vertex 32.8478 -9.23463 0
    endloop
  endfacet
  facet normal 0 0 -1
    outer loop
      vertex 32.732 -9 0
      vertex 32.732 9 0
      vertex 32.8478 9.23463 0
    endloop
  endfacet
  facet normal 0 0 -1
    outer loop
      vertex 32.5867 -8.78248 0
      vertex 32.732 9 0
      vertex 32.732 -9 0
    endloop
  endfacet
  facet normal 0 0 -1
    outer loop
      vertex 32.5867 -8.78248 0
      vertex 32.5867 8.78248 0
      vertex 32.732 9 0
    endloop
  endfacet
  facet normal 0 0 -1
    outer loop
      vertex 32.4142 -8.58579 0
      vertex 32.5867 8.78248 0
      vertex 32.5867 -8.78248 0
    endloop
  endfacet
  facet normal 0 0 -1
    outer loop
      vertex 32.4142 -8.58579 0
      vertex 32.4142 8.58579 0
      vertex 32.5867 8.78248 0
    endloop
  endfacet
  facet normal 0 0 -1
    outer loop
      vertex 32.2175 -8.41329 0
      vertex 32.4142 8.58579 0
      vertex 32.4142 -8.58579 0
    endloop
  endfacet
  facet normal 0 0 -1
    outer loop
      vertex 32.2175 -8.41329 0
      vertex 32.2175 8.41329 0
      vertex 32.4142 8.58579 0
    endloop
  endfacet
  facet normal 0 0 -1
    outer loop
      vertex 32 -8.26795 0
      vertex 32.2175 8.41329 0
      vertex 32.2175 -8.41329 0
    endloop
  endfacet
  facet normal 0 0 -1
    outer loop
      vertex 32 -8.26795 0
      vertex 32 8.26795 0
      vertex 32.2175 8.41329 0
    endloop
  endfacet
  facet normal 0 0 -1
    outer loop
      vertex 31.7654 -8.15224 0
      vertex 32 8.26795 0
      vertex 32 -8.26795 0
    endloop
  endfacet
  facet normal 0 0 -1
    outer loop
      vertex 31.7654 -8.15224 0
      vertex 31.7654 8.15224 0
      vertex 32 8.26795 0
    endloop
  endfacet
  facet normal 0 0 -1
    outer loop
      vertex 31.5176 -8.06815 0
      vertex 31.7654 8.15224 0
      vertex 31.7654 -8.15224 0
    endloop
  endfacet
  facet normal 0 0 -1
    outer loop
      vertex 31.5176 -8.06815 0
      vertex 31.5176 8.06815 0
      vertex 31.7654 8.15224 0
    endloop
  endfacet
  facet normal 0 0 -1
    outer loop
      vertex 31.2611 -8.01711 0
      vertex 31.5176 8.06815 0
      vertex 31.5176 -8.06815 0
    endloop
  endfacet
  facet normal 0 0 -1
    outer loop
      vertex 31.2611 -8.01711 0
      vertex 31.2611 8.01711 0
      vertex 31.5176 8.06815 0
    endloop
  endfacet
  facet normal 0 0 -1
    outer loop
      vertex 31 -8 0
      vertex 31.2611 8.01711 0
      vertex 31.2611 -8.01711 0
    endloop
  endfacet
  facet normal 0 0 -1
    outer loop
      vertex 31 -8 0
      vertex 31 8 0
      vertex 31.2611 8.01711 0
    endloop
  endfacet
  facet normal 0 0 -1
    outer loop
      vertex 30.7389 -8.01711 0
      vertex 31 8 0
      vertex 31 -8 0
    endloop
  endfacet
  facet normal 0 0 -1
    outer loop
      vertex 30.7389 -8.01711 0
      vertex 30.7389 8.01711 0
      vertex 31 8 0
    endloop
  endfacet
  facet normal 0 0 -1
    outer loop
      vertex 30.4824 -8.06815 0
      vertex 30.7389 8.01711 0
      vertex 30.7389 -8.01711 0
    endloop
  endfacet
  facet normal 0 0 -1
    outer loop
      vertex 30.4824 -8.06815 0
      vertex 30.4824 8.06815 0
      vertex 30.7389 8.01711 0
    endloop
  endfacet
  facet normal 0 0 -1
    outer loop
      vertex 30.2346 -8.15224 0
      vertex 30.4824 8.06815 0
      vertex 30.4824 -8.06815 0
    endloop
  endfacet
  facet normal 0 0 -1
    outer loop
      vertex 30.2346 -8.15224 0
      vertex 30.2346 8.15224 0
      vertex 30.4824 8.06815 0
    endloop
  endfacet
  facet normal 0 0 -1
    outer loop
      vertex 30 -8.26795 0
      vertex 30.2346 8.15224 0
      vertex 30.2346 -8.15224 0
    endloop
  endfacet
  facet normal 0 0 -1
    outer loop
      vertex 30 -8.26795 0
      vertex 30 8.26795 0
      vertex 30.2346 8.15224 0
    endloop
  endfacet
  facet normal 0 0 -1
    outer loop
      vertex 29.7825 -8.41329 0
      vertex 30 8.26795 0
      vertex 30 -8.26795 0
    endloop
  endfacet
  facet normal 0 0 -1
    outer loop
      vertex 29.7825 -8.41329 0
      vertex 29.7825 8.41329 0
      vertex 30 8.26795 0
    endloop
  endfacet
  facet normal 0 0 -1
    outer loop
      vertex 23.0867 -9.78248 0
      vertex 29.1522 -9.23463 0
      vertex 23.232 -10 0
    endloop
  endfacet
  facet normal -0 0 -1
    outer loop
      vertex 29.1522 -9.23463 0
      vertex 23.0867 -9.78248 0
      vertex 29.2679 -9 0
    endloop
  endfacet
  facet normal -0 0 -1
    outer loop
      vertex 29.0681 -9.48236 0
      vertex 23.232 -10 0
      vertex 29.1522 -9.23463 0
    endloop
  endfacet
  facet normal 0 0 -1
    outer loop
      vertex 22.9142 -9.58579 0
      vertex 29.2679 -9 0
      vertex 23.0867 -9.78248 0
    endloop
  endfacet
  facet normal 0 0 -1
    outer loop
      vertex 23.232 -10 0
      vertex 29.0681 -9.48236 0
      vertex 23.3478 -10.2346 0
    endloop
  endfacet
  facet normal 0 0 -1
    outer loop
      vertex 29.7825 8.41329 0
      vertex 23.5 11 0
      vertex 29.5858 8.58579 0
    endloop
  endfacet
  facet normal -0 0 -1
    outer loop
      vertex 29.0171 -9.73895 0
      vertex 23.3478 -10.2346 0
      vertex 29.0681 -9.48236 0
    endloop
  endfacet
  facet normal 0 0 -1
    outer loop
      vertex 29.5858 8.58579 0
      vertex 23.5 11 0
      vertex 29.4133 8.78248 0
    endloop
  endfacet
  facet normal 0 0 -1
    outer loop
      vertex 23.3478 -10.2346 0
      vertex 29.0171 -9.73895 0
      vertex 23.4319 -10.4824 0
    endloop
  endfacet
  facet normal 0 0 -1
    outer loop
      vertex 29.4133 8.78248 0
      vertex 23.5 11 0
      vertex 29.2679 9 0
    endloop
  endfacet
  facet normal -0 0 -1
    outer loop
      vertex 29 -10 0
      vertex 23.4319 -10.4824 0
      vertex 29.0171 -9.73895 0
    endloop
  endfacet
  facet normal 0 0 -1
    outer loop
      vertex 29.2679 9 0
      vertex 23.5 11 0
      vertex 29.1522 9.23463 0
    endloop
  endfacet
  facet normal 0 0 -1
    outer loop
      vertex 23.4319 -10.4824 0
      vertex 29 -10 0
      vertex 23.4829 -10.7389 0
    endloop
  endfacet
  facet normal 0 0 -1
    outer loop
      vertex 29.1522 9.23463 0
      vertex 23.5 11 0
      vertex 29.0681 9.48236 0
    endloop
  endfacet
  facet normal 0 0 -1
    outer loop
      vertex 43 -29 0
      vertex 47 -25 0
      vertex 46.9658 -25.5221 0
    endloop
  endfacet
  facet normal 0 0 -1
    outer loop
      vertex 32.9829 -9.73895 0
      vertex 47 -25 0
      vertex 33 -10 0
    endloop
  endfacet
  facet normal 0 0 -1
    outer loop
      vertex 43 -29 0
      vertex 46.9658 -25.5221 0
      vertex 46.8637 -26.0353 0
    endloop
  endfacet
  facet normal 0 0 -1
    outer loop
      vertex 32.9319 -9.48236 0
      vertex 47 -25 0
      vertex 32.9829 -9.73895 0
    endloop
  endfacet
  facet normal 0 0 -1
    outer loop
      vertex 43 -29 0
      vertex 46.8637 -26.0353 0
      vertex 46.6955 -26.5307 0
    endloop
  endfacet
  facet normal 0 0 -1
    outer loop
      vertex 33 28 0
      vertex 47 25 0
      vertex 33 10 0
    endloop
  endfacet
  facet normal 0 0 -1
    outer loop
      vertex 43 -29 0
      vertex 46.6955 -26.5307 0
      vertex 46.4641 -27 0
    endloop
  endfacet
  facet normal 0 -0 -1
    outer loop
      vertex 43 29 0
      vertex 47 25 0
      vertex 33 28 0
    endloop
  endfacet
  facet normal 0 0 -1
    outer loop
      vertex 43 -29 0
      vertex 46.4641 -27 0
      vertex 46.1734 -27.435 0
    endloop
  endfacet
  facet normal 0 0 -1
    outer loop
      vertex 47 25 0
      vertex 43 29 0
      vertex 46.9658 25.5221 0
    endloop
  endfacet
  facet normal 0 0 -1
    outer loop
      vertex 43 -29 0
      vertex 46.1734 -27.435 0
      vertex 45.8284 -27.8284 0
    endloop
  endfacet
  facet normal 0 0 -1
    outer loop
      vertex 46.8637 26.0353 0
      vertex 43 29 0
      vertex 46.6955 26.5307 0
    endloop
  endfacet
  facet normal 0 0 -1
    outer loop
      vertex 43 -29 0
      vertex 45.8284 -27.8284 0
      vertex 45.435 -28.1734 0
    endloop
  endfacet
  facet normal 0 0 -1
    outer loop
      vertex 46.6955 26.5307 0
      vertex 43 29 0
      vertex 46.4641 27 0
    endloop
  endfacet
  facet normal 0 0 -1
    outer loop
      vertex 43 -29 0
      vertex 45.435 -28.1734 0
      vertex 45 -28.4641 0
    endloop
  endfacet
  facet normal 0 0 -1
    outer loop
      vertex 46.4641 27 0
      vertex 43 29 0
      vertex 46.1734 27.435 0
    endloop
  endfacet
  facet normal 0 0 -1
    outer loop
      vertex 43 -29 0
      vertex 45 -28.4641 0
      vertex 44.5307 -28.6955 0
    endloop
  endfacet
  facet normal 0 0 -1
    outer loop
      vertex 46.1734 27.435 0
      vertex 43 29 0
      vertex 45.8284 27.8284 0
    endloop
  endfacet
  facet normal 0 0 -1
    outer loop
      vertex 43 -29 0
      vertex 44.5307 -28.6955 0
      vertex 44.0353 -28.8637 0
    endloop
  endfacet
  facet normal 0 0 -1
    outer loop
      vertex 45.8284 27.8284 0
      vertex 43 29 0
      vertex 45.435 28.1734 0
    endloop
  endfacet
  facet normal 0 0 -1
    outer loop
      vertex 43 -29 0
      vertex 44.0353 -28.8637 0
      vertex 43.5221 -28.9658 0
    endloop
  endfacet
  facet normal 0 0 -1
    outer loop
      vertex 45.435 28.1734 0
      vertex 43 29 0
      vertex 45 28.4641 0
    endloop
  endfacet
  facet normal 0 0 -1
    outer loop
      vertex 47 -25 0
      vertex 43 -29 0
      vertex 33 -28 0
    endloop
  endfacet
  facet normal 0 0 -1
    outer loop
      vertex 45 28.4641 0
      vertex 43 29 0
      vertex 44.5307 28.6955 0
    endloop
  endfacet
  facet normal -0 0 -1
    outer loop
      vertex 47 -25 0
      vertex 33 -28 0
      vertex 33 -10 0
    endloop
  endfacet
  facet normal 0 0 -1
    outer loop
      vertex 43 -29 0
      vertex 32.9829 -28.2611 0
      vertex 33 -28 0
    endloop
  endfacet
  facet normal 0 0 -1
    outer loop
      vertex 43 -29 0
      vertex 32.9319 -28.5176 0
      vertex 32.9829 -28.2611 0
    endloop
  endfacet
  facet normal 0 0 -1
    outer loop
      vertex 43 -29 0
      vertex 32.8478 -28.7654 0
      vertex 32.9319 -28.5176 0
    endloop
  endfacet
  facet normal 0 -0 -1
    outer loop
      vertex 32.8478 -28.7654 0
      vertex 43 -29 0
      vertex 32.732 -29 0
    endloop
  endfacet
  facet normal 0 0 -1
    outer loop
      vertex 44.5307 28.6955 0
      vertex 43 29 0
      vertex 44.0353 28.8637 0
    endloop
  endfacet
  facet normal 0 0 -1
    outer loop
      vertex 44.0353 28.8637 0
      vertex 43 29 0
      vertex 43.5221 28.9658 0
    endloop
  endfacet
  facet normal 0 0 -1
    outer loop
      vertex 46.9658 25.5221 0
      vertex 43 29 0
      vertex 46.8637 26.0353 0
    endloop
  endfacet
  facet normal 0 0 -1
    outer loop
      vertex 32.9829 28.2611 0
      vertex 43 29 0
      vertex 33 28 0
    endloop
  endfacet
  facet normal 0 0 -1
    outer loop
      vertex 32.9319 28.5176 0
      vertex 43 29 0
      vertex 32.9829 28.2611 0
    endloop
  endfacet
  facet normal 0 0 -1
    outer loop
      vertex 32.8478 28.7654 0
      vertex 43 29 0
      vertex 32.9319 28.5176 0
    endloop
  endfacet
  facet normal -0 0 -1
    outer loop
      vertex 43 29 0
      vertex 32.8478 28.7654 0
      vertex 32.732 29 0
    endloop
  endfacet
  facet normal 0 0 -1
    outer loop
      vertex 23.4829 11.2611 0
      vertex 29 10 0
      vertex 23.5 11 0
    endloop
  endfacet
  facet normal 0 0 -1
    outer loop
      vertex 23.4319 11.5176 0
      vertex 29 10 0
      vertex 23.4829 11.2611 0
    endloop
  endfacet
  facet normal 0 0 -1
    outer loop
      vertex 23.3478 11.7654 0
      vertex 29 10 0
      vertex 23.4319 11.5176 0
    endloop
  endfacet
  facet normal 0 0 -1
    outer loop
      vertex 23.232 12 0
      vertex 29 10 0
      vertex 23.3478 11.7654 0
    endloop
  endfacet
  facet normal 0 0 -1
    outer loop
      vertex 23.0867 12.2175 0
      vertex 29 10 0
      vertex 23.232 12 0
    endloop
  endfacet
  facet normal 0 0 -1
    outer loop
      vertex 22.9142 12.4142 0
      vertex 29 10 0
      vertex 23.0867 12.2175 0
    endloop
  endfacet
  facet normal 0 0 -1
    outer loop
      vertex 29 10 0
      vertex 22.9142 12.4142 0
      vertex 29 28 0
    endloop
  endfacet
  facet normal 0 0 -1
    outer loop
      vertex 22.7175 12.5867 0
      vertex 29 28 0
      vertex 22.9142 12.4142 0
    endloop
  endfacet
  facet normal 0 0 -1
    outer loop
      vertex 22.5 12.732 0
      vertex 29 28 0
      vertex 22.7175 12.5867 0
    endloop
  endfacet
  facet normal 0 0 -1
    outer loop
      vertex 22.2654 12.8478 0
      vertex 29 28 0
      vertex 22.5 12.732 0
    endloop
  endfacet
  facet normal 0 0 -1
    outer loop
      vertex 22.0176 12.9319 0
      vertex 29 28 0
      vertex 22.2654 12.8478 0
    endloop
  endfacet
  facet normal 0 0 -1
    outer loop
      vertex 21.7611 12.9829 0
      vertex 29 28 0
      vertex 22.0176 12.9319 0
    endloop
  endfacet
  facet normal 0 0 -1
    outer loop
      vertex 21.5 13 0
      vertex 29 28 0
      vertex 21.7611 12.9829 0
    endloop
  endfacet
  facet normal -0 0 -1
    outer loop
      vertex 29 28 0
      vertex 21.5 13 0
      vertex 29.0171 28.2611 0
    endloop
  endfacet
  facet normal 0 0 -1
    outer loop
      vertex -21.5 13 0
      vertex 29.0171 28.2611 0
      vertex 21.5 13 0
    endloop
  endfacet
  facet normal 0 0 -1
    outer loop
      vertex -29.0171 28.2611 0
      vertex 29.0171 28.2611 0
      vertex -21.5 13 0
    endloop
  endfacet
  facet normal 0 0 -1
    outer loop
      vertex 29.0171 28.2611 0
      vertex -29.0171 28.2611 0
      vertex 29.0681 28.5176 0
    endloop
  endfacet
  facet normal 0 0 -1
    outer loop
      vertex -29.0681 28.5176 0
      vertex 29.0681 28.5176 0
      vertex -29.0171 28.2611 0
    endloop
  endfacet
  facet normal 0 0 -1
    outer loop
      vertex -29 28 0
      vertex -21.5 13 0
      vertex -21.7611 12.9829 0
    endloop
  endfacet
  facet normal 0 0 -1
    outer loop
      vertex -29 28 0
      vertex -21.7611 12.9829 0
      vertex -22.0176 12.9319 0
    endloop
  endfacet
  facet normal -0 0 -1
    outer loop
      vertex -23.4319 10.4824 0
      vertex -29 10 0
      vertex -23.4829 10.7389 0
    endloop
  endfacet
  facet normal -0 0 -1
    outer loop
      vertex -23.4829 10.7389 0
      vertex -29 10 0
      vertex -23.5 11 0
    endloop
  endfacet
  facet normal -0 0 -1
    outer loop
      vertex -23.5 11 0
      vertex -29 10 0
      vertex -23.4829 11.2611 0
    endloop
  endfacet
  facet normal -0 0 -1
    outer loop
      vertex -23.4829 11.2611 0
      vertex -29 10 0
      vertex -23.4319 11.5176 0
    endloop
  endfacet
  facet normal 0 0 -1
    outer loop
      vertex -29 10 0
      vertex -23.3478 11.7654 0
      vertex -23.4319 11.5176 0
    endloop
  endfacet
  facet normal 0 0 -1
    outer loop
      vertex -29 10 0
      vertex -23.232 12 0
      vertex -23.3478 11.7654 0
    endloop
  endfacet
  facet normal 0 0 -1
    outer loop
      vertex -29 10 0
      vertex -23.0867 12.2175 0
      vertex -23.232 12 0
    endloop
  endfacet
  facet normal 0 0 -1
    outer loop
      vertex -29 10 0
      vertex -22.9142 12.4142 0
      vertex -23.0867 12.2175 0
    endloop
  endfacet
  facet normal 0 0 -1
    outer loop
      vertex -29 28 0
      vertex -22.9142 12.4142 0
      vertex -29 10 0
    endloop
  endfacet
  facet normal 0 0 -1
    outer loop
      vertex -22.9142 12.4142 0
      vertex -29 28 0
      vertex -22.7175 12.5867 0
    endloop
  endfacet
  facet normal 0 0 -1
    outer loop
      vertex -22.7175 12.5867 0
      vertex -29 28 0
      vertex -22.5 12.732 0
    endloop
  endfacet
  facet normal 0 0 -1
    outer loop
      vertex -22.5 12.732 0
      vertex -29 28 0
      vertex -22.2654 12.8478 0
    endloop
  endfacet
  facet normal 0 0 -1
    outer loop
      vertex -29 28 0
      vertex -22.0176 12.9319 0
      vertex -22.2654 12.8478 0
    endloop
  endfacet
  facet normal 0 0 -1
    outer loop
      vertex -21.5 13 0
      vertex -29 28 0
      vertex -29.0171 28.2611 0
    endloop
  endfacet
  facet normal 0 0 -1
    outer loop
      vertex 29.0681 28.5176 0
      vertex -29.0681 28.5176 0
      vertex 29.1522 28.7654 0
    endloop
  endfacet
  facet normal 0 0 -1
    outer loop
      vertex -29.1522 28.7654 0
      vertex 29.1522 28.7654 0
      vertex -29.0681 28.5176 0
    endloop
  endfacet
  facet normal 0 0 -1
    outer loop
      vertex 29.1522 28.7654 0
      vertex -29.1522 28.7654 0
      vertex 29.2679 29 0
    endloop
  endfacet
  facet normal -0 0 -1
    outer loop
      vertex 29.2679 29 0
      vertex -29.1522 28.7654 0
      vertex -29.2679 29 0
    endloop
  endfacet
  facet normal 0 0 -1
    outer loop
      vertex 21.7611 9.01711 0
      vertex 15 3 0
      vertex 21.5 9 0
    endloop
  endfacet
  facet normal 0 0 -1
    outer loop
      vertex 14.9743 3.39157 0
      vertex 21.5 9 0
      vertex 15 3 0
    endloop
  endfacet
  facet normal 0 0 -1
    outer loop
      vertex 14.8978 3.77646 0
      vertex 21.5 9 0
      vertex 14.9743 3.39157 0
    endloop
  endfacet
  facet normal 0 0 -1
    outer loop
      vertex 14.7716 4.14806 0
      vertex 21.5 9 0
      vertex 14.8978 3.77646 0
    endloop
  endfacet
  facet normal 0 0 -1
    outer loop
      vertex 14.5981 4.5 0
      vertex 21.5 9 0
      vertex 14.7716 4.14806 0
    endloop
  endfacet
  facet normal 0 0 -1
    outer loop
      vertex 14.3801 4.82628 0
      vertex 21.5 9 0
      vertex 14.5981 4.5 0
    endloop
  endfacet
  facet normal 0 0 -1
    outer loop
      vertex 14.1213 5.12132 0
      vertex 21.5 9 0
      vertex 14.3801 4.82628 0
    endloop
  endfacet
  facet normal 0 0 -1
    outer loop
      vertex 13.8263 5.38007 0
      vertex 21.5 9 0
      vertex 14.1213 5.12132 0
    endloop
  endfacet
  facet normal 0 0 -1
    outer loop
      vertex 13.5 5.59808 0
      vertex 21.5 9 0
      vertex 13.8263 5.38007 0
    endloop
  endfacet
  facet normal 0 0 -1
    outer loop
      vertex 13.1481 5.77164 0
      vertex 21.5 9 0
      vertex 13.5 5.59808 0
    endloop
  endfacet
  facet normal 0 0 -1
    outer loop
      vertex 12.7765 5.89778 0
      vertex 21.5 9 0
      vertex 13.1481 5.77164 0
    endloop
  endfacet
  facet normal 0 0 -1
    outer loop
      vertex 12.3916 5.97433 0
      vertex 21.5 9 0
      vertex 12.7765 5.89778 0
    endloop
  endfacet
  facet normal 0 0 -1
    outer loop
      vertex 12 6 0
      vertex 21.5 9 0
      vertex 12.3916 5.97433 0
    endloop
  endfacet
  facet normal 0 0 -1
    outer loop
      vertex -12 6 0
      vertex 21.5 9 0
      vertex 12 6 0
    endloop
  endfacet
  facet normal 0 0 -1
    outer loop
      vertex -21.5 9 0
      vertex -12 6 0
      vertex -12.3916 5.97433 0
    endloop
  endfacet
  facet normal -0 0 -1
    outer loop
      vertex -15 -3 0
      vertex -21.7611 -9.01711 0
      vertex -15 3 0
    endloop
  endfacet
  facet normal 0 0 -1
    outer loop
      vertex -21.7611 9.01711 0
      vertex -15 3 0
      vertex -21.7611 -9.01711 0
    endloop
  endfacet
  facet normal -0 -0 -1
    outer loop
      vertex -21.5 9 0
      vertex -15 3 0
      vertex -21.7611 9.01711 0
    endloop
  endfacet
  facet normal 0 0 -1
    outer loop
      vertex -15 3 0
      vertex -21.5 9 0
      vertex -14.9743 3.39157 0
    endloop
  endfacet
  facet normal 0 0 -1
    outer loop
      vertex -12 6 0
      vertex -21.5 9 0
      vertex 21.5 9 0
    endloop
  endfacet
  facet normal 0 0 -1
    outer loop
      vertex -12.7765 5.89778 0
      vertex -21.5 9 0
      vertex -12.3916 5.97433 0
    endloop
  endfacet
  facet normal 0 0 -1
    outer loop
      vertex -13.1481 5.77164 0
      vertex -21.5 9 0
      vertex -12.7765 5.89778 0
    endloop
  endfacet
  facet normal 0 0 -1
    outer loop
      vertex -13.5 5.59808 0
      vertex -21.5 9 0
      vertex -13.1481 5.77164 0
    endloop
  endfacet
  facet normal 0 0 -1
    outer loop
      vertex -13.8263 5.38007 0
      vertex -21.5 9 0
      vertex -13.5 5.59808 0
    endloop
  endfacet
  facet normal 0 0 -1
    outer loop
      vertex -14.1213 5.12132 0
      vertex -21.5 9 0
      vertex -13.8263 5.38007 0
    endloop
  endfacet
  facet normal 0 0 -1
    outer loop
      vertex -14.3801 4.82628 0
      vertex -21.5 9 0
      vertex -14.1213 5.12132 0
    endloop
  endfacet
  facet normal 0 0 -1
    outer loop
      vertex -14.5981 4.5 0
      vertex -21.5 9 0
      vertex -14.3801 4.82628 0
    endloop
  endfacet
  facet normal 0 0 -1
    outer loop
      vertex -14.9743 3.39157 0
      vertex -21.5 9 0
      vertex -14.8978 3.77646 0
    endloop
  endfacet
  facet normal 0 0 -1
    outer loop
      vertex -14.8978 3.77646 0
      vertex -21.5 9 0
      vertex -14.7716 4.14806 0
    endloop
  endfacet
  facet normal 0 0 -1
    outer loop
      vertex -14.7716 4.14806 0
      vertex -21.5 9 0
      vertex -14.5981 4.5 0
    endloop
  endfacet
  facet normal 0 0 -1
    outer loop
      vertex -22.0176 -9.06815 0
      vertex -21.7611 9.01711 0
      vertex -21.7611 -9.01711 0
    endloop
  endfacet
  facet normal 0 0 -1
    outer loop
      vertex -22.0176 -9.06815 0
      vertex -22.0176 9.06815 0
      vertex -21.7611 9.01711 0
    endloop
  endfacet
  facet normal 0 0 -1
    outer loop
      vertex -22.2654 -9.15224 0
      vertex -22.0176 9.06815 0
      vertex -22.0176 -9.06815 0
    endloop
  endfacet
  facet normal 0 0 -1
    outer loop
      vertex -22.2654 -9.15224 0
      vertex -22.2654 9.15224 0
      vertex -22.0176 9.06815 0
    endloop
  endfacet
  facet normal 0 0 -1
    outer loop
      vertex -23.0867 -9.78248 0
      vertex -29.2679 -9 0
      vertex -22.9142 -9.58579 0
    endloop
  endfacet
  facet normal 0 0 -1
    outer loop
      vertex -29.4133 -8.78248 0
      vertex -22.9142 -9.58579 0
      vertex -29.2679 -9 0
    endloop
  endfacet
  facet normal 0 0 -1
    outer loop
      vertex -23.232 -10 0
      vertex -29.1522 -9.23463 0
      vertex -23.0867 -9.78248 0
    endloop
  endfacet
  facet normal 0 0 -1
    outer loop
      vertex -29.2679 -9 0
      vertex -23.0867 -9.78248 0
      vertex -29.1522 -9.23463 0
    endloop
  endfacet
  facet normal 0 0 -1
    outer loop
      vertex -29.1522 -9.23463 0
      vertex -23.232 -10 0
      vertex -29.0681 -9.48236 0
    endloop
  endfacet
  facet normal 0 0 -1
    outer loop
      vertex -22.9142 -9.58579 0
      vertex -29.4133 -8.78248 0
      vertex -22.7175 -9.41329 0
    endloop
  endfacet
  facet normal 0 0 -1
    outer loop
      vertex -23.3478 -10.2346 0
      vertex -29.0681 -9.48236 0
      vertex -23.232 -10 0
    endloop
  endfacet
  facet normal 0 0 -1
    outer loop
      vertex -22.5 9.26795 0
      vertex -29 10 0
      vertex -22.7175 9.41329 0
    endloop
  endfacet
  facet normal 0 0 -1
    outer loop
      vertex -29.0681 -9.48236 0
      vertex -23.3478 -10.2346 0
      vertex -29.0171 -9.73895 0
    endloop
  endfacet
  facet normal 0 0 -1
    outer loop
      vertex -22.7175 9.41329 0
      vertex -29 10 0
      vertex -22.9142 9.58579 0
    endloop
  endfacet
  facet normal 0 0 -1
    outer loop
      vertex -23.4319 -10.4824 0
      vertex -29.0171 -9.73895 0
      vertex -23.3478 -10.2346 0
    endloop
  endfacet
  facet normal 0 0 -1
    outer loop
      vertex -22.9142 9.58579 0
      vertex -29 10 0
      vertex -23.0867 9.78248 0
    endloop
  endfacet
  facet normal 0 0 -1
    outer loop
      vertex -29.0171 -9.73895 0
      vertex -23.4319 -10.4824 0
      vertex -29 -10 0
    endloop
  endfacet
  facet normal 0 0 -1
    outer loop
      vertex -23.0867 9.78248 0
      vertex -29 10 0
      vertex -23.232 10 0
    endloop
  endfacet
  facet normal 0 0 -1
    outer loop
      vertex -29 -10 0
      vertex -23.4319 -10.4824 0
      vertex -23.4829 -10.7389 0
    endloop
  endfacet
  facet normal 0 0 -1
    outer loop
      vertex -23.232 10 0
      vertex -29 10 0
      vertex -23.3478 10.2346 0
    endloop
  endfacet
  facet normal 0 0 -1
    outer loop
      vertex -23.4829 -11.2611 0
      vertex -29 -10 0
      vertex -23.5 -11 0
    endloop
  endfacet
  facet normal 0 0 -1
    outer loop
      vertex -23.5 -11 0
      vertex -29 -10 0
      vertex -23.4829 -10.7389 0
    endloop
  endfacet
  facet normal 0.94691 -0.321498 0
    outer loop
      vertex 46.6955 -26.5307 3
      vertex 46.8637 -26.0353 0
      vertex 46.8637 -26.0353 3
    endloop
  endfacet
  facet normal 0.94691 -0.321498 0
    outer loop
      vertex 46.8637 -26.0353 0
      vertex 46.6955 -26.5307 3
      vertex 46.6955 -26.5307 0
    endloop
  endfacet
  facet normal 0.997861 -0.0653646 0
    outer loop
      vertex 46.9658 -25.5221 3
      vertex 47 -25 0
      vertex 47 -25 3
    endloop
  endfacet
  facet normal 0.997861 -0.0653646 0
    outer loop
      vertex 47 -25 0
      vertex 46.9658 -25.5221 3
      vertex 46.9658 -25.5221 0
    endloop
  endfacet
  facet normal 0.442238 -0.896898 0
    outer loop
      vertex 44.5307 -28.6955 0
      vertex 45 -28.4641 3
      vertex 44.5307 -28.6955 3
    endloop
  endfacet
  facet normal 0.442238 -0.896898 0
    outer loop
      vertex 45 -28.4641 3
      vertex 44.5307 -28.6955 0
      vertex 45 -28.4641 0
    endloop
  endfacet
  facet normal -0.321437 0.946931 0
    outer loop
      vertex 13.1481 -5.77164 0
      vertex 12.7765 -5.89778 3
      vertex 13.1481 -5.77164 3
    endloop
  endfacet
  facet normal -0.321437 0.946931 0
    outer loop
      vertex 12.7765 -5.89778 3
      vertex 13.1481 -5.77164 0
      vertex 12.7765 -5.89778 0
    endloop
  endfacet
  facet normal 0 1 -0
    outer loop
      vertex 12 -6 0
      vertex -12 -6 3
      vertex 12 -6 3
    endloop
  endfacet
  facet normal 0 1 0
    outer loop
      vertex -12 -6 3
      vertex 12 -6 0
      vertex -12 -6 0
    endloop
  endfacet
  facet normal -0.195062 0.980791 0
    outer loop
      vertex 12.7765 -5.89778 0
      vertex 12.3916 -5.97433 3
      vertex 12.7765 -5.89778 3
    endloop
  endfacet
  facet normal -0.195062 0.980791 0
    outer loop
      vertex 12.3916 -5.97433 3
      vertex 12.7765 -5.89778 0
      vertex 12.3916 -5.97433 0
    endloop
  endfacet
  facet normal -0.0654112 0.997858 0
    outer loop
      vertex 12.3916 -5.97433 0
      vertex 12 -6 3
      vertex 12.3916 -5.97433 3
    endloop
  endfacet
  facet normal -0.0654112 0.997858 0
    outer loop
      vertex 12 -6 3
      vertex 12.3916 -5.97433 0
      vertex 12 -6 0
    endloop
  endfacet
  facet normal 0.980814 0.194945 0
    outer loop
      vertex -14.8978 -3.77646 3
      vertex -14.9743 -3.39157 0
      vertex -14.9743 -3.39157 3
    endloop
  endfacet
  facet normal 0.980814 0.194945 0
    outer loop
      vertex -14.9743 -3.39157 0
      vertex -14.8978 -3.77646 3
      vertex -14.8978 -3.77646 0
    endloop
  endfacet
  facet normal -0.946885 -0.321574 0
    outer loop
      vertex 14.8978 3.77646 0
      vertex 14.7716 4.14806 3
      vertex 14.7716 4.14806 0
    endloop
  endfacet
  facet normal -0.946885 -0.321574 0
    outer loop
      vertex 14.7716 4.14806 3
      vertex 14.8978 3.77646 0
      vertex 14.8978 3.77646 3
    endloop
  endfacet
  facet normal -0.195062 -0.980791 0
    outer loop
      vertex 12.3916 5.97433 0
      vertex 12.7765 5.89778 3
      vertex 12.3916 5.97433 3
    endloop
  endfacet
  facet normal -0.195062 -0.980791 -0
    outer loop
      vertex 12.7765 5.89778 3
      vertex 12.3916 5.97433 0
      vertex 12.7765 5.89778 0
    endloop
  endfacet
  facet normal -0.555541 -0.831489 0
    outer loop
      vertex 13.5 5.59808 0
      vertex 13.8263 5.38007 3
      vertex 13.5 5.59808 3
    endloop
  endfacet
  facet normal -0.555541 -0.831489 -0
    outer loop
      vertex 13.8263 5.38007 3
      vertex 13.5 5.59808 0
      vertex 13.8263 5.38007 0
    endloop
  endfacet
  facet normal 0.896931 -0.442171 0
    outer loop
      vertex -14.7716 4.14806 3
      vertex -14.5981 4.5 0
      vertex -14.5981 4.5 3
    endloop
  endfacet
  facet normal 0.896931 -0.442171 0
    outer loop
      vertex -14.5981 4.5 0
      vertex -14.7716 4.14806 3
      vertex -14.7716 4.14806 0
    endloop
  endfacet
  facet normal 1 -0 0
    outer loop
      vertex -15 -3 3
      vertex -15 3 0
      vertex -15 3 3
    endloop
  endfacet
  facet normal 1 0 0
    outer loop
      vertex -15 3 0
      vertex -15 -3 3
      vertex -15 -3 0
    endloop
  endfacet
  facet normal -0.946885 0.321574 0
    outer loop
      vertex 14.7716 -4.14806 0
      vertex 14.8978 -3.77646 3
      vertex 14.8978 -3.77646 0
    endloop
  endfacet
  facet normal -0.946885 0.321574 0
    outer loop
      vertex 14.8978 -3.77646 3
      vertex 14.7716 -4.14806 0
      vertex 14.7716 -4.14806 3
    endloop
  endfacet
  facet normal 0.321437 0.946931 -0
    outer loop
      vertex -12.7765 -5.89778 0
      vertex -13.1481 -5.77164 3
      vertex -12.7765 -5.89778 3
    endloop
  endfacet
  facet normal 0.321437 0.946931 0
    outer loop
      vertex -13.1481 -5.77164 3
      vertex -12.7765 -5.89778 0
      vertex -13.1481 -5.77164 0
    endloop
  endfacet
  facet normal 0 -1 0
    outer loop
      vertex -12 6 0
      vertex 12 6 3
      vertex -12 6 3
    endloop
  endfacet
  facet normal 0 -1 -0
    outer loop
      vertex 12 6 3
      vertex -12 6 0
      vertex 12 6 0
    endloop
  endfacet
  facet normal 0.442334 -0.89685 0
    outer loop
      vertex -13.5 5.59808 0
      vertex -13.1481 5.77164 3
      vertex -13.5 5.59808 3
    endloop
  endfacet
  facet normal 0.442334 -0.89685 0
    outer loop
      vertex -13.1481 5.77164 3
      vertex -13.5 5.59808 0
      vertex -13.1481 5.77164 0
    endloop
  endfacet
  facet normal 0.195062 -0.980791 0
    outer loop
      vertex -12.7765 5.89778 0
      vertex -12.3916 5.97433 3
      vertex -12.7765 5.89778 3
    endloop
  endfacet
  facet normal 0.195062 -0.980791 0
    outer loop
      vertex -12.3916 5.97433 3
      vertex -12.7765 5.89778 0
      vertex -12.3916 5.97433 0
    endloop
  endfacet
  facet normal -0.980814 0.194945 0
    outer loop
      vertex 14.8978 -3.77646 0
      vertex 14.9743 -3.39157 3
      vertex 14.9743 -3.39157 0
    endloop
  endfacet
  facet normal -0.980814 0.194945 0
    outer loop
      vertex 14.9743 -3.39157 3
      vertex 14.8978 -3.77646 0
      vertex 14.8978 -3.77646 3
    endloop
  endfacet
  facet normal 0.442334 0.89685 -0
    outer loop
      vertex -13.1481 -5.77164 0
      vertex -13.5 -5.59808 3
      vertex -13.1481 -5.77164 3
    endloop
  endfacet
  facet normal 0.442334 0.89685 0
    outer loop
      vertex -13.5 -5.59808 3
      vertex -13.1481 -5.77164 0
      vertex -13.5 -5.59808 0
    endloop
  endfacet
  facet normal -1 0 0
    outer loop
      vertex 15 -3 0
      vertex 15 3 3
      vertex 15 3 0
    endloop
  endfacet
  facet normal -1 -0 0
    outer loop
      vertex 15 3 3
      vertex 15 -3 0
      vertex 15 -3 3
    endloop
  endfacet
  facet normal 0.321437 -0.946931 0
    outer loop
      vertex -13.1481 5.77164 0
      vertex -12.7765 5.89778 3
      vertex -13.1481 5.77164 3
    endloop
  endfacet
  facet normal 0.321437 -0.946931 0
    outer loop
      vertex -12.7765 5.89778 3
      vertex -13.1481 5.77164 0
      vertex -12.7765 5.89778 0
    endloop
  endfacet
  facet normal -0.980814 -0.194945 0
    outer loop
      vertex 14.9743 3.39157 0
      vertex 14.8978 3.77646 3
      vertex 14.8978 3.77646 0
    endloop
  endfacet
  facet normal -0.980814 -0.194945 0
    outer loop
      vertex 14.8978 3.77646 3
      vertex 14.9743 3.39157 0
      vertex 14.9743 3.39157 3
    endloop
  endfacet
  facet normal 0.946885 0.321574 0
    outer loop
      vertex -14.7716 -4.14806 3
      vertex -14.8978 -3.77646 0
      vertex -14.8978 -3.77646 3
    endloop
  endfacet
  facet normal 0.946885 0.321574 0
    outer loop
      vertex -14.8978 -3.77646 0
      vertex -14.7716 -4.14806 3
      vertex -14.7716 -4.14806 0
    endloop
  endfacet
  facet normal 0.997853 0.0654923 0
    outer loop
      vertex -14.9743 -3.39157 3
      vertex -15 -3 0
      vertex -15 -3 3
    endloop
  endfacet
  facet normal 0.997853 0.0654923 0
    outer loop
      vertex -15 -3 0
      vertex -14.9743 -3.39157 3
      vertex -14.9743 -3.39157 0
    endloop
  endfacet
  facet normal -0.0654112 -0.997858 0
    outer loop
      vertex 12 6 0
      vertex 12.3916 5.97433 3
      vertex 12 6 3
    endloop
  endfacet
  facet normal -0.0654112 -0.997858 -0
    outer loop
      vertex 12.3916 5.97433 3
      vertex 12 6 0
      vertex 12.3916 5.97433 0
    endloop
  endfacet
  facet normal 0.659406 0.751787 -0
    outer loop
      vertex -13.8263 -5.38007 0
      vertex -14.1213 -5.12132 3
      vertex -13.8263 -5.38007 3
    endloop
  endfacet
  facet normal 0.659406 0.751787 0
    outer loop
      vertex -14.1213 -5.12132 3
      vertex -13.8263 -5.38007 0
      vertex -14.1213 -5.12132 0
    endloop
  endfacet
  facet normal 0.0654112 -0.997858 0
    outer loop
      vertex -12.3916 5.97433 0
      vertex -12 6 3
      vertex -12.3916 5.97433 3
    endloop
  endfacet
  facet normal 0.0654112 -0.997858 0
    outer loop
      vertex -12 6 3
      vertex -12.3916 5.97433 0
      vertex -12 6 0
    endloop
  endfacet
  facet normal 0.195062 0.980791 -0
    outer loop
      vertex -12.3916 -5.97433 0
      vertex -12.7765 -5.89778 3
      vertex -12.3916 -5.97433 3
    endloop
  endfacet
  facet normal 0.195062 0.980791 0
    outer loop
      vertex -12.7765 -5.89778 3
      vertex -12.3916 -5.97433 0
      vertex -12.7765 -5.89778 0
    endloop
  endfacet
  facet normal 0.0654112 0.997858 -0
    outer loop
      vertex -12 -6 0
      vertex -12.3916 -5.97433 3
      vertex -12 -6 3
    endloop
  endfacet
  facet normal 0.0654112 0.997858 0
    outer loop
      vertex -12.3916 -5.97433 3
      vertex -12 -6 0
      vertex -12.3916 -5.97433 0
    endloop
  endfacet
  facet normal 0.659406 -0.751787 0
    outer loop
      vertex -14.1213 5.12132 0
      vertex -13.8263 5.38007 3
      vertex -14.1213 5.12132 3
    endloop
  endfacet
  facet normal 0.659406 -0.751787 0
    outer loop
      vertex -13.8263 5.38007 3
      vertex -14.1213 5.12132 0
      vertex -13.8263 5.38007 0
    endloop
  endfacet
  facet normal -0.321437 -0.946931 0
    outer loop
      vertex 12.7765 5.89778 0
      vertex 13.1481 5.77164 3
      vertex 12.7765 5.89778 3
    endloop
  endfacet
  facet normal -0.321437 -0.946931 -0
    outer loop
      vertex 13.1481 5.77164 3
      vertex 12.7765 5.89778 0
      vertex 13.1481 5.77164 0
    endloop
  endfacet
  facet normal 0.751768 -0.659428 0
    outer loop
      vertex -14.3801 4.82628 3
      vertex -14.1213 5.12132 0
      vertex -14.1213 5.12132 3
    endloop
  endfacet
  facet normal 0.751768 -0.659428 0
    outer loop
      vertex -14.1213 5.12132 0
      vertex -14.3801 4.82628 3
      vertex -14.3801 4.82628 0
    endloop
  endfacet
  facet normal -0.659406 -0.751787 0
    outer loop
      vertex 13.8263 5.38007 0
      vertex 14.1213 5.12132 3
      vertex 13.8263 5.38007 3
    endloop
  endfacet
  facet normal -0.659406 -0.751787 -0
    outer loop
      vertex 14.1213 5.12132 3
      vertex 13.8263 5.38007 0
      vertex 14.1213 5.12132 0
    endloop
  endfacet
  facet normal 0.831485 -0.555547 0
    outer loop
      vertex -14.5981 4.5 3
      vertex -14.3801 4.82628 0
      vertex -14.3801 4.82628 3
    endloop
  endfacet
  facet normal 0.831485 -0.555547 0
    outer loop
      vertex -14.3801 4.82628 0
      vertex -14.5981 4.5 3
      vertex -14.5981 4.5 0
    endloop
  endfacet
  facet normal -0.896931 0.442171 0
    outer loop
      vertex 14.5981 -4.5 0
      vertex 14.7716 -4.14806 3
      vertex 14.7716 -4.14806 0
    endloop
  endfacet
  facet normal -0.896931 0.442171 0
    outer loop
      vertex 14.7716 -4.14806 3
      vertex 14.5981 -4.5 0
      vertex 14.5981 -4.5 3
    endloop
  endfacet
  facet normal -0.442334 -0.89685 0
    outer loop
      vertex 13.1481 5.77164 0
      vertex 13.5 5.59808 3
      vertex 13.1481 5.77164 3
    endloop
  endfacet
  facet normal -0.442334 -0.89685 -0
    outer loop
      vertex 13.5 5.59808 3
      vertex 13.1481 5.77164 0
      vertex 13.5 5.59808 0
    endloop
  endfacet
  facet normal 0.555541 -0.831489 0
    outer loop
      vertex -13.8263 5.38007 0
      vertex -13.5 5.59808 3
      vertex -13.8263 5.38007 3
    endloop
  endfacet
  facet normal 0.555541 -0.831489 0
    outer loop
      vertex -13.5 5.59808 3
      vertex -13.8263 5.38007 0
      vertex -13.5 5.59808 0
    endloop
  endfacet
  facet normal 0.980814 -0.194945 0
    outer loop
      vertex -14.9743 3.39157 3
      vertex -14.8978 3.77646 0
      vertex -14.8978 3.77646 3
    endloop
  endfacet
  facet normal 0.980814 -0.194945 0
    outer loop
      vertex -14.8978 3.77646 0
      vertex -14.9743 3.39157 3
      vertex -14.9743 3.39157 0
    endloop
  endfacet
  facet normal 0.946885 -0.321574 0
    outer loop
      vertex -14.8978 3.77646 3
      vertex -14.7716 4.14806 0
      vertex -14.7716 4.14806 3
    endloop
  endfacet
  facet normal 0.946885 -0.321574 0
    outer loop
      vertex -14.7716 4.14806 0
      vertex -14.8978 3.77646 3
      vertex -14.8978 3.77646 0
    endloop
  endfacet
  facet normal -0.751768 -0.659428 0
    outer loop
      vertex 14.3801 4.82628 0
      vertex 14.1213 5.12132 3
      vertex 14.1213 5.12132 0
    endloop
  endfacet
  facet normal -0.751768 -0.659428 0
    outer loop
      vertex 14.1213 5.12132 3
      vertex 14.3801 4.82628 0
      vertex 14.3801 4.82628 3
    endloop
  endfacet
  facet normal -0.751768 0.659428 0
    outer loop
      vertex 14.1213 -5.12132 0
      vertex 14.3801 -4.82628 3
      vertex 14.3801 -4.82628 0
    endloop
  endfacet
  facet normal -0.751768 0.659428 0
    outer loop
      vertex 14.3801 -4.82628 3
      vertex 14.1213 -5.12132 0
      vertex 14.1213 -5.12132 3
    endloop
  endfacet
  facet normal -0.659406 0.751787 0
    outer loop
      vertex 14.1213 -5.12132 0
      vertex 13.8263 -5.38007 3
      vertex 14.1213 -5.12132 3
    endloop
  endfacet
  facet normal -0.659406 0.751787 0
    outer loop
      vertex 13.8263 -5.38007 3
      vertex 14.1213 -5.12132 0
      vertex 13.8263 -5.38007 0
    endloop
  endfacet
  facet normal 0.997853 -0.0654923 0
    outer loop
      vertex -15 3 3
      vertex -14.9743 3.39157 0
      vertex -14.9743 3.39157 3
    endloop
  endfacet
  facet normal 0.997853 -0.0654923 0
    outer loop
      vertex -14.9743 3.39157 0
      vertex -15 3 3
      vertex -15 3 0
    endloop
  endfacet
  facet normal -0.831485 -0.555547 0
    outer loop
      vertex 14.5981 4.5 0
      vertex 14.3801 4.82628 3
      vertex 14.3801 4.82628 0
    endloop
  endfacet
  facet normal -0.831485 -0.555547 0
    outer loop
      vertex 14.3801 4.82628 3
      vertex 14.5981 4.5 0
      vertex 14.5981 4.5 3
    endloop
  endfacet
  facet normal -0.831485 0.555547 0
    outer loop
      vertex 14.3801 -4.82628 0
      vertex 14.5981 -4.5 3
      vertex 14.5981 -4.5 0
    endloop
  endfacet
  facet normal -0.831485 0.555547 0
    outer loop
      vertex 14.5981 -4.5 3
      vertex 14.3801 -4.82628 0
      vertex 14.3801 -4.82628 3
    endloop
  endfacet
  facet normal -0.997853 -0.0654923 0
    outer loop
      vertex 15 3 0
      vertex 14.9743 3.39157 3
      vertex 14.9743 3.39157 0
    endloop
  endfacet
  facet normal -0.997853 -0.0654923 0
    outer loop
      vertex 14.9743 3.39157 3
      vertex 15 3 0
      vertex 15 3 3
    endloop
  endfacet
  facet normal -0.896931 -0.442171 0
    outer loop
      vertex 14.7716 4.14806 0
      vertex 14.5981 4.5 3
      vertex 14.5981 4.5 0
    endloop
  endfacet
  facet normal -0.896931 -0.442171 0
    outer loop
      vertex 14.5981 4.5 3
      vertex 14.7716 4.14806 0
      vertex 14.7716 4.14806 3
    endloop
  endfacet
  facet normal 0.896931 0.442171 0
    outer loop
      vertex -14.5981 -4.5 3
      vertex -14.7716 -4.14806 0
      vertex -14.7716 -4.14806 3
    endloop
  endfacet
  facet normal 0.896931 0.442171 0
    outer loop
      vertex -14.7716 -4.14806 0
      vertex -14.5981 -4.5 3
      vertex -14.5981 -4.5 0
    endloop
  endfacet
  facet normal 0.555541 0.831489 -0
    outer loop
      vertex -13.5 -5.59808 0
      vertex -13.8263 -5.38007 3
      vertex -13.5 -5.59808 3
    endloop
  endfacet
  facet normal 0.555541 0.831489 0
    outer loop
      vertex -13.8263 -5.38007 3
      vertex -13.5 -5.59808 0
      vertex -13.8263 -5.38007 0
    endloop
  endfacet
  facet normal 0.831485 0.555547 0
    outer loop
      vertex -14.3801 -4.82628 3
      vertex -14.5981 -4.5 0
      vertex -14.5981 -4.5 3
    endloop
  endfacet
  facet normal 0.831485 0.555547 0
    outer loop
      vertex -14.5981 -4.5 0
      vertex -14.3801 -4.82628 3
      vertex -14.3801 -4.82628 0
    endloop
  endfacet
  facet normal 0.751768 0.659428 0
    outer loop
      vertex -14.1213 -5.12132 3
      vertex -14.3801 -4.82628 0
      vertex -14.3801 -4.82628 3
    endloop
  endfacet
  facet normal 0.751768 0.659428 0
    outer loop
      vertex -14.3801 -4.82628 0
      vertex -14.1213 -5.12132 3
      vertex -14.1213 -5.12132 0
    endloop
  endfacet
  facet normal -0.997853 0.0654923 0
    outer loop
      vertex 14.9743 -3.39157 0
      vertex 15 -3 3
      vertex 15 -3 0
    endloop
  endfacet
  facet normal -0.997853 0.0654923 0
    outer loop
      vertex 15 -3 3
      vertex 14.9743 -3.39157 0
      vertex 14.9743 -3.39157 3
    endloop
  endfacet
  facet normal -0.442334 0.89685 0
    outer loop
      vertex 13.5 -5.59808 0
      vertex 13.1481 -5.77164 3
      vertex 13.5 -5.59808 3
    endloop
  endfacet
  facet normal -0.442334 0.89685 0
    outer loop
      vertex 13.1481 -5.77164 3
      vertex 13.5 -5.59808 0
      vertex 13.1481 -5.77164 0
    endloop
  endfacet
  facet normal -0.555541 0.831489 0
    outer loop
      vertex 13.8263 -5.38007 0
      vertex 13.5 -5.59808 3
      vertex 13.8263 -5.38007 3
    endloop
  endfacet
  facet normal -0.555541 0.831489 0
    outer loop
      vertex 13.5 -5.59808 3
      vertex 13.8263 -5.38007 0
      vertex 13.5 -5.59808 0
    endloop
  endfacet
endsolid OpenSCAD_Model
