solid OpenSCAD_Model
  facet normal -0.195397 0.980724 0
    outer loop
      vertex -72.4177 -36.9233 0
      vertex -72.7063 -36.9808 3
      vertex -72.4177 -36.9233 3
    endloop
  endfacet
  facet normal -0.195397 0.980724 0
    outer loop
      vertex -72.7063 -36.9808 3
      vertex -72.4177 -36.9233 0
      vertex -72.7063 -36.9808 0
    endloop
  endfacet
  facet normal -0.0652336 0.99787 0
    outer loop
      vertex -72.7063 -36.9808 0
      vertex -73 -37 3
      vertex -72.7063 -36.9808 3
    endloop
  endfacet
  facet normal -0.0652336 0.99787 0
    outer loop
      vertex -73 -37 3
      vertex -72.7063 -36.9808 0
      vertex -73 -37 0
    endloop
  endfacet
  facet normal 0.831318 0.555797 0
    outer loop
      vertex -74.785 -36.1197 3
      vertex -74.9486 -35.875 0
      vertex -74.9486 -35.875 3
    endloop
  endfacet
  facet normal 0.831318 0.555797 0
    outer loop
      vertex -74.9486 -35.875 0
      vertex -74.785 -36.1197 3
      vertex -74.785 -36.1197 0
    endloop
  endfacet
  facet normal 0.99787 0.0652336 0
    outer loop
      vertex -75.2308 -35.0437 3
      vertex -75.25 -34.75 0
      vertex -75.25 -34.75 3
    endloop
  endfacet
  facet normal 0.99787 0.0652336 0
    outer loop
      vertex -75.25 -34.75 0
      vertex -75.2308 -35.0437 3
      vertex -75.2308 -35.0437 0
    endloop
  endfacet
  facet normal -0.321421 0.946936 0
    outer loop
      vertex -72.139 -36.8287 0
      vertex -72.4177 -36.9233 3
      vertex -72.139 -36.8287 3
    endloop
  endfacet
  facet normal -0.321421 0.946936 0
    outer loop
      vertex -72.4177 -36.9233 3
      vertex -72.139 -36.8287 0
      vertex -72.4177 -36.9233 0
    endloop
  endfacet
  facet normal 0.896995 -0.442042 0
    outer loop
      vertex -75.0787 -26.389 3
      vertex -74.9486 -26.125 0
      vertex -74.9486 -26.125 3
    endloop
  endfacet
  facet normal 0.896995 -0.442042 0
    outer loop
      vertex -74.9486 -26.125 0
      vertex -75.0787 -26.389 3
      vertex -75.0787 -26.389 0
    endloop
  endfacet
  facet normal 1 -0 0
    outer loop
      vertex -75.25 -34.75 3
      vertex -75.25 -27.25 0
      vertex -75.25 -27.25 3
    endloop
  endfacet
  facet normal 1 0 0
    outer loop
      vertex -75.25 -27.25 0
      vertex -75.25 -34.75 3
      vertex -75.25 -34.75 0
    endloop
  endfacet
  facet normal 0.555797 0.831318 -0
    outer loop
      vertex -74.125 -36.6986 0
      vertex -74.3697 -36.535 3
      vertex -74.125 -36.6986 3
    endloop
  endfacet
  facet normal 0.555797 0.831318 0
    outer loop
      vertex -74.3697 -36.535 3
      vertex -74.125 -36.6986 0
      vertex -74.3697 -36.535 0
    endloop
  endfacet
  facet normal 0.0652336 -0.99787 0
    outer loop
      vertex -73.2937 -25.0192 0
      vertex -73 -25 3
      vertex -73.2937 -25.0192 3
    endloop
  endfacet
  facet normal 0.0652336 -0.99787 0
    outer loop
      vertex -73 -25 3
      vertex -73.2937 -25.0192 0
      vertex -73 -25 0
    endloop
  endfacet
  facet normal 0.442042 0.896995 -0
    outer loop
      vertex -73.861 -36.8287 0
      vertex -74.125 -36.6986 3
      vertex -73.861 -36.8287 3
    endloop
  endfacet
  facet normal 0.442042 0.896995 0
    outer loop
      vertex -74.125 -36.6986 3
      vertex -73.861 -36.8287 0
      vertex -74.125 -36.6986 0
    endloop
  endfacet
  facet normal -0.321421 -0.946936 0
    outer loop
      vertex -72.4177 -25.0767 0
      vertex -72.139 -25.1713 3
      vertex -72.4177 -25.0767 3
    endloop
  endfacet
  facet normal -0.321421 -0.946936 -0
    outer loop
      vertex -72.139 -25.1713 3
      vertex -72.4177 -25.0767 0
      vertex -72.139 -25.1713 0
    endloop
  endfacet
  facet normal -0.831318 0.555797 0
    outer loop
      vertex -71.215 -36.1197 0
      vertex -71.0514 -35.875 3
      vertex -71.0514 -35.875 0
    endloop
  endfacet
  facet normal -0.831318 0.555797 0
    outer loop
      vertex -71.0514 -35.875 3
      vertex -71.215 -36.1197 0
      vertex -71.215 -36.1197 3
    endloop
  endfacet
  facet normal 0.321421 -0.946936 0
    outer loop
      vertex -73.861 -25.1713 0
      vertex -73.5823 -25.0767 3
      vertex -73.861 -25.1713 3
    endloop
  endfacet
  facet normal 0.321421 -0.946936 0
    outer loop
      vertex -73.5823 -25.0767 3
      vertex -73.861 -25.1713 0
      vertex -73.5823 -25.0767 0
    endloop
  endfacet
  facet normal 0.321421 0.946936 -0
    outer loop
      vertex -73.5823 -36.9233 0
      vertex -73.861 -36.8287 3
      vertex -73.5823 -36.9233 3
    endloop
  endfacet
  facet normal 0.321421 0.946936 0
    outer loop
      vertex -73.861 -36.8287 3
      vertex -73.5823 -36.9233 0
      vertex -73.861 -36.8287 0
    endloop
  endfacet
  facet normal 0.946936 0.321421 0
    outer loop
      vertex -75.0787 -35.611 3
      vertex -75.1733 -35.3323 0
      vertex -75.1733 -35.3323 3
    endloop
  endfacet
  facet normal 0.946936 0.321421 0
    outer loop
      vertex -75.1733 -35.3323 0
      vertex -75.0787 -35.611 3
      vertex -75.0787 -35.611 0
    endloop
  endfacet
  facet normal -0.946936 0.321421 0
    outer loop
      vertex -70.9213 -35.611 0
      vertex -70.8267 -35.3323 3
      vertex -70.8267 -35.3323 0
    endloop
  endfacet
  facet normal -0.946936 0.321421 0
    outer loop
      vertex -70.8267 -35.3323 3
      vertex -70.9213 -35.611 0
      vertex -70.9213 -35.611 3
    endloop
  endfacet
  facet normal -0.442042 -0.896995 0
    outer loop
      vertex -72.139 -25.1713 0
      vertex -71.875 -25.3014 3
      vertex -72.139 -25.1713 3
    endloop
  endfacet
  facet normal -0.442042 -0.896995 -0
    outer loop
      vertex -71.875 -25.3014 3
      vertex -72.139 -25.1713 0
      vertex -71.875 -25.3014 0
    endloop
  endfacet
  facet normal -0.831318 -0.555797 0
    outer loop
      vertex -71.0514 -26.125 0
      vertex -71.215 -25.8803 3
      vertex -71.215 -25.8803 0
    endloop
  endfacet
  facet normal -0.831318 -0.555797 0
    outer loop
      vertex -71.215 -25.8803 3
      vertex -71.0514 -26.125 0
      vertex -71.0514 -26.125 3
    endloop
  endfacet
  facet normal 0.980724 0.195397 0
    outer loop
      vertex -75.1733 -35.3323 3
      vertex -75.2308 -35.0437 0
      vertex -75.2308 -35.0437 3
    endloop
  endfacet
  facet normal 0.980724 0.195397 0
    outer loop
      vertex -75.2308 -35.0437 0
      vertex -75.1733 -35.3323 3
      vertex -75.1733 -35.3323 0
    endloop
  endfacet
  facet normal -0.195397 -0.980724 0
    outer loop
      vertex -72.7063 -25.0192 0
      vertex -72.4177 -25.0767 3
      vertex -72.7063 -25.0192 3
    endloop
  endfacet
  facet normal -0.195397 -0.980724 -0
    outer loop
      vertex -72.4177 -25.0767 3
      vertex -72.7063 -25.0192 0
      vertex -72.4177 -25.0767 0
    endloop
  endfacet
  facet normal 0.980724 -0.195397 0
    outer loop
      vertex -75.2308 -26.9563 3
      vertex -75.1733 -26.6677 0
      vertex -75.1733 -26.6677 3
    endloop
  endfacet
  facet normal 0.980724 -0.195397 0
    outer loop
      vertex -75.1733 -26.6677 0
      vertex -75.2308 -26.9563 3
      vertex -75.2308 -26.9563 0
    endloop
  endfacet
  facet normal -0.99787 0.0652336 0
    outer loop
      vertex -70.7692 -35.0437 0
      vertex -70.75 -34.75 3
      vertex -70.75 -34.75 0
    endloop
  endfacet
  facet normal -0.99787 0.0652336 0
    outer loop
      vertex -70.75 -34.75 3
      vertex -70.7692 -35.0437 0
      vertex -70.7692 -35.0437 3
    endloop
  endfacet
  facet normal 0.896995 0.442042 0
    outer loop
      vertex -74.9486 -35.875 3
      vertex -75.0787 -35.611 0
      vertex -75.0787 -35.611 3
    endloop
  endfacet
  facet normal 0.896995 0.442042 0
    outer loop
      vertex -75.0787 -35.611 0
      vertex -74.9486 -35.875 3
      vertex -74.9486 -35.875 0
    endloop
  endfacet
  facet normal -0.751966 -0.659202 0
    outer loop
      vertex -71.215 -25.8803 0
      vertex -71.409 -25.659 3
      vertex -71.409 -25.659 0
    endloop
  endfacet
  facet normal -0.751966 -0.659202 0
    outer loop
      vertex -71.409 -25.659 3
      vertex -71.215 -25.8803 0
      vertex -71.215 -25.8803 3
    endloop
  endfacet
  facet normal 0.555797 -0.831318 0
    outer loop
      vertex -74.3697 -25.465 0
      vertex -74.125 -25.3014 3
      vertex -74.3697 -25.465 3
    endloop
  endfacet
  facet normal 0.555797 -0.831318 0
    outer loop
      vertex -74.125 -25.3014 3
      vertex -74.3697 -25.465 0
      vertex -74.125 -25.3014 0
    endloop
  endfacet
  facet normal 0.751966 -0.659202 0
    outer loop
      vertex -74.785 -25.8803 3
      vertex -74.591 -25.659 0
      vertex -74.591 -25.659 3
    endloop
  endfacet
  facet normal 0.751966 -0.659202 0
    outer loop
      vertex -74.591 -25.659 0
      vertex -74.785 -25.8803 3
      vertex -74.785 -25.8803 0
    endloop
  endfacet
  facet normal 0.442042 -0.896995 0
    outer loop
      vertex -74.125 -25.3014 0
      vertex -73.861 -25.1713 3
      vertex -74.125 -25.3014 3
    endloop
  endfacet
  facet normal 0.442042 -0.896995 0
    outer loop
      vertex -73.861 -25.1713 3
      vertex -74.125 -25.3014 0
      vertex -73.861 -25.1713 0
    endloop
  endfacet
  facet normal 0.99787 -0.0652336 0
    outer loop
      vertex -75.25 -27.25 3
      vertex -75.2308 -26.9563 0
      vertex -75.2308 -26.9563 3
    endloop
  endfacet
  facet normal 0.99787 -0.0652336 0
    outer loop
      vertex -75.2308 -26.9563 0
      vertex -75.25 -27.25 3
      vertex -75.25 -27.25 0
    endloop
  endfacet
  facet normal -1 0 0
    outer loop
      vertex -70.75 -34.75 0
      vertex -70.75 -33 3
      vertex -70.75 -33 0
    endloop
  endfacet
  facet normal -1 -0 0
    outer loop
      vertex -70.75 -33 3
      vertex -70.75 -34.75 0
      vertex -70.75 -34.75 3
    endloop
  endfacet
  facet normal -1 0 0
    outer loop
      vertex -70.75 -29 0
      vertex -70.75 -27.25 3
      vertex -70.75 -27.25 0
    endloop
  endfacet
  facet normal -1 -0 0
    outer loop
      vertex -70.75 -27.25 3
      vertex -70.75 -29 0
      vertex -70.75 -29 3
    endloop
  endfacet
  facet normal 0.659202 0.751966 -0
    outer loop
      vertex -74.3697 -36.535 0
      vertex -74.591 -36.341 3
      vertex -74.3697 -36.535 3
    endloop
  endfacet
  facet normal 0.659202 0.751966 0
    outer loop
      vertex -74.591 -36.341 3
      vertex -74.3697 -36.535 0
      vertex -74.591 -36.341 0
    endloop
  endfacet
  facet normal 0.195397 0.980724 -0
    outer loop
      vertex -73.2937 -36.9808 0
      vertex -73.5823 -36.9233 3
      vertex -73.2937 -36.9808 3
    endloop
  endfacet
  facet normal 0.195397 0.980724 0
    outer loop
      vertex -73.5823 -36.9233 3
      vertex -73.2937 -36.9808 0
      vertex -73.5823 -36.9233 0
    endloop
  endfacet
  facet normal 0.0652336 0.99787 -0
    outer loop
      vertex -73 -37 0
      vertex -73.2937 -36.9808 3
      vertex -73 -37 3
    endloop
  endfacet
  facet normal 0.0652336 0.99787 0
    outer loop
      vertex -73.2937 -36.9808 3
      vertex -73 -37 0
      vertex -73.2937 -36.9808 0
    endloop
  endfacet
  facet normal -0.442042 0.896995 0
    outer loop
      vertex -71.875 -36.6986 0
      vertex -72.139 -36.8287 3
      vertex -71.875 -36.6986 3
    endloop
  endfacet
  facet normal -0.442042 0.896995 0
    outer loop
      vertex -72.139 -36.8287 3
      vertex -71.875 -36.6986 0
      vertex -72.139 -36.8287 0
    endloop
  endfacet
  facet normal -0.0652336 -0.99787 0
    outer loop
      vertex -73 -25 0
      vertex -72.7063 -25.0192 3
      vertex -73 -25 3
    endloop
  endfacet
  facet normal -0.0652336 -0.99787 -0
    outer loop
      vertex -72.7063 -25.0192 3
      vertex -73 -25 0
      vertex -72.7063 -25.0192 0
    endloop
  endfacet
  facet normal -0.555797 -0.831318 0
    outer loop
      vertex -71.875 -25.3014 0
      vertex -71.6303 -25.465 3
      vertex -71.875 -25.3014 3
    endloop
  endfacet
  facet normal -0.555797 -0.831318 -0
    outer loop
      vertex -71.6303 -25.465 3
      vertex -71.875 -25.3014 0
      vertex -71.6303 -25.465 0
    endloop
  endfacet
  facet normal 0.831318 -0.555797 0
    outer loop
      vertex -74.9486 -26.125 3
      vertex -74.785 -25.8803 0
      vertex -74.785 -25.8803 3
    endloop
  endfacet
  facet normal 0.831318 -0.555797 0
    outer loop
      vertex -74.785 -25.8803 0
      vertex -74.9486 -26.125 3
      vertex -74.9486 -26.125 0
    endloop
  endfacet
  facet normal -0.99787 -0.0652336 0
    outer loop
      vertex -70.75 -27.25 0
      vertex -70.7692 -26.9563 3
      vertex -70.7692 -26.9563 0
    endloop
  endfacet
  facet normal -0.99787 -0.0652336 0
    outer loop
      vertex -70.7692 -26.9563 3
      vertex -70.75 -27.25 0
      vertex -70.75 -27.25 3
    endloop
  endfacet
  facet normal 0.195397 -0.980724 0
    outer loop
      vertex -73.5823 -25.0767 0
      vertex -73.2937 -25.0192 3
      vertex -73.5823 -25.0767 3
    endloop
  endfacet
  facet normal 0.195397 -0.980724 0
    outer loop
      vertex -73.2937 -25.0192 3
      vertex -73.5823 -25.0767 0
      vertex -73.2937 -25.0192 0
    endloop
  endfacet
  facet normal 0.946936 -0.321421 0
    outer loop
      vertex -75.1733 -26.6677 3
      vertex -75.0787 -26.389 0
      vertex -75.0787 -26.389 3
    endloop
  endfacet
  facet normal 0.946936 -0.321421 0
    outer loop
      vertex -75.0787 -26.389 0
      vertex -75.1733 -26.6677 3
      vertex -75.1733 -26.6677 0
    endloop
  endfacet
  facet normal -0.659202 -0.751966 0
    outer loop
      vertex -71.6303 -25.465 0
      vertex -71.409 -25.659 3
      vertex -71.6303 -25.465 3
    endloop
  endfacet
  facet normal -0.659202 -0.751966 -0
    outer loop
      vertex -71.409 -25.659 3
      vertex -71.6303 -25.465 0
      vertex -71.409 -25.659 0
    endloop
  endfacet
  facet normal -0.896995 0.442042 0
    outer loop
      vertex -71.0514 -35.875 0
      vertex -70.9213 -35.611 3
      vertex -70.9213 -35.611 0
    endloop
  endfacet
  facet normal -0.896995 0.442042 0
    outer loop
      vertex -70.9213 -35.611 3
      vertex -71.0514 -35.875 0
      vertex -71.0514 -35.875 3
    endloop
  endfacet
  facet normal -0.896995 -0.442042 0
    outer loop
      vertex -70.9213 -26.389 0
      vertex -71.0514 -26.125 3
      vertex -71.0514 -26.125 0
    endloop
  endfacet
  facet normal -0.896995 -0.442042 0
    outer loop
      vertex -71.0514 -26.125 3
      vertex -70.9213 -26.389 0
      vertex -70.9213 -26.389 3
    endloop
  endfacet
  facet normal 0.751966 0.659202 0
    outer loop
      vertex -74.591 -36.341 3
      vertex -74.785 -36.1197 0
      vertex -74.785 -36.1197 3
    endloop
  endfacet
  facet normal 0.751966 0.659202 0
    outer loop
      vertex -74.785 -36.1197 0
      vertex -74.591 -36.341 3
      vertex -74.591 -36.341 0
    endloop
  endfacet
  facet normal 0.659202 -0.751966 0
    outer loop
      vertex -74.591 -25.659 0
      vertex -74.3697 -25.465 3
      vertex -74.591 -25.659 3
    endloop
  endfacet
  facet normal 0.659202 -0.751966 0
    outer loop
      vertex -74.3697 -25.465 3
      vertex -74.591 -25.659 0
      vertex -74.3697 -25.465 0
    endloop
  endfacet
  facet normal -0.555797 0.831318 0
    outer loop
      vertex -71.6303 -36.535 0
      vertex -71.875 -36.6986 3
      vertex -71.6303 -36.535 3
    endloop
  endfacet
  facet normal -0.555797 0.831318 0
    outer loop
      vertex -71.875 -36.6986 3
      vertex -71.6303 -36.535 0
      vertex -71.875 -36.6986 0
    endloop
  endfacet
  facet normal -0.659202 0.751966 0
    outer loop
      vertex -71.409 -36.341 0
      vertex -71.6303 -36.535 3
      vertex -71.409 -36.341 3
    endloop
  endfacet
  facet normal -0.659202 0.751966 0
    outer loop
      vertex -71.6303 -36.535 3
      vertex -71.409 -36.341 0
      vertex -71.6303 -36.535 0
    endloop
  endfacet
  facet normal -0.946936 -0.321421 0
    outer loop
      vertex -70.8267 -26.6677 0
      vertex -70.9213 -26.389 3
      vertex -70.9213 -26.389 0
    endloop
  endfacet
  facet normal -0.946936 -0.321421 0
    outer loop
      vertex -70.9213 -26.389 3
      vertex -70.8267 -26.6677 0
      vertex -70.8267 -26.6677 3
    endloop
  endfacet
  facet normal -0.980724 0.195397 0
    outer loop
      vertex -70.8267 -35.3323 0
      vertex -70.7692 -35.0437 3
      vertex -70.7692 -35.0437 0
    endloop
  endfacet
  facet normal -0.980724 0.195397 0
    outer loop
      vertex -70.7692 -35.0437 3
      vertex -70.8267 -35.3323 0
      vertex -70.8267 -35.3323 3
    endloop
  endfacet
  facet normal -0.751966 0.659202 0
    outer loop
      vertex -71.409 -36.341 0
      vertex -71.215 -36.1197 3
      vertex -71.215 -36.1197 0
    endloop
  endfacet
  facet normal -0.751966 0.659202 0
    outer loop
      vertex -71.215 -36.1197 3
      vertex -71.409 -36.341 0
      vertex -71.409 -36.341 3
    endloop
  endfacet
  facet normal -0.980724 -0.195397 0
    outer loop
      vertex -70.7692 -26.9563 0
      vertex -70.8267 -26.6677 3
      vertex -70.8267 -26.6677 0
    endloop
  endfacet
  facet normal -0.980724 -0.195397 0
    outer loop
      vertex -70.8267 -26.6677 3
      vertex -70.7692 -26.9563 0
      vertex -70.7692 -26.9563 3
    endloop
  endfacet
  facet normal -0.195397 0.980724 0
    outer loop
      vertex -72.4177 25.0767 0
      vertex -72.7063 25.0192 3
      vertex -72.4177 25.0767 3
    endloop
  endfacet
  facet normal -0.195397 0.980724 0
    outer loop
      vertex -72.7063 25.0192 3
      vertex -72.4177 25.0767 0
      vertex -72.7063 25.0192 0
    endloop
  endfacet
  facet normal -0.99787 -0.0652336 0
    outer loop
      vertex -70.75 34.75 0
      vertex -70.7692 35.0437 3
      vertex -70.7692 35.0437 0
    endloop
  endfacet
  facet normal -0.99787 -0.0652336 0
    outer loop
      vertex -70.7692 35.0437 3
      vertex -70.75 34.75 0
      vertex -70.75 34.75 3
    endloop
  endfacet
  facet normal 0.659202 0.751966 -0
    outer loop
      vertex -74.3697 25.465 0
      vertex -74.591 25.659 3
      vertex -74.3697 25.465 3
    endloop
  endfacet
  facet normal 0.659202 0.751966 0
    outer loop
      vertex -74.591 25.659 3
      vertex -74.3697 25.465 0
      vertex -74.591 25.659 0
    endloop
  endfacet
  facet normal -0.195397 -0.980724 0
    outer loop
      vertex -72.7063 36.9808 0
      vertex -72.4177 36.9233 3
      vertex -72.7063 36.9808 3
    endloop
  endfacet
  facet normal -0.195397 -0.980724 -0
    outer loop
      vertex -72.4177 36.9233 3
      vertex -72.7063 36.9808 0
      vertex -72.4177 36.9233 0
    endloop
  endfacet
  facet normal -0.0652336 0.99787 0
    outer loop
      vertex -72.7063 25.0192 0
      vertex -73 25 3
      vertex -72.7063 25.0192 3
    endloop
  endfacet
  facet normal -0.0652336 0.99787 0
    outer loop
      vertex -73 25 3
      vertex -72.7063 25.0192 0
      vertex -73 25 0
    endloop
  endfacet
  facet normal 0.99787 0.0652336 0
    outer loop
      vertex -75.2308 26.9563 3
      vertex -75.25 27.25 0
      vertex -75.25 27.25 3
    endloop
  endfacet
  facet normal 0.99787 0.0652336 0
    outer loop
      vertex -75.25 27.25 0
      vertex -75.2308 26.9563 3
      vertex -75.2308 26.9563 0
    endloop
  endfacet
  facet normal 0.0652336 -0.99787 0
    outer loop
      vertex -73.2937 36.9808 0
      vertex -73 37 3
      vertex -73.2937 36.9808 3
    endloop
  endfacet
  facet normal 0.0652336 -0.99787 0
    outer loop
      vertex -73 37 3
      vertex -73.2937 36.9808 0
      vertex -73 37 0
    endloop
  endfacet
  facet normal 1 -0 0
    outer loop
      vertex -75.25 27.25 3
      vertex -75.25 34.75 0
      vertex -75.25 34.75 3
    endloop
  endfacet
  facet normal 1 0 0
    outer loop
      vertex -75.25 34.75 0
      vertex -75.25 27.25 3
      vertex -75.25 27.25 0
    endloop
  endfacet
  facet normal 0.195397 -0.980724 0
    outer loop
      vertex -73.5823 36.9233 0
      vertex -73.2937 36.9808 3
      vertex -73.5823 36.9233 3
    endloop
  endfacet
  facet normal 0.195397 -0.980724 0
    outer loop
      vertex -73.2937 36.9808 3
      vertex -73.5823 36.9233 0
      vertex -73.2937 36.9808 0
    endloop
  endfacet
  facet normal 0.946936 0.321421 0
    outer loop
      vertex -75.0787 26.389 3
      vertex -75.1733 26.6677 0
      vertex -75.1733 26.6677 3
    endloop
  endfacet
  facet normal 0.946936 0.321421 0
    outer loop
      vertex -75.1733 26.6677 0
      vertex -75.0787 26.389 3
      vertex -75.0787 26.389 0
    endloop
  endfacet
  facet normal 0.195397 0.980724 -0
    outer loop
      vertex -73.2937 25.0192 0
      vertex -73.5823 25.0767 3
      vertex -73.2937 25.0192 3
    endloop
  endfacet
  facet normal 0.195397 0.980724 0
    outer loop
      vertex -73.5823 25.0767 3
      vertex -73.2937 25.0192 0
      vertex -73.5823 25.0767 0
    endloop
  endfacet
  facet normal -1 0 0
    outer loop
      vertex -70.75 33 0
      vertex -70.75 34.75 3
      vertex -70.75 34.75 0
    endloop
  endfacet
  facet normal -1 -0 0
    outer loop
      vertex -70.75 34.75 3
      vertex -70.75 33 0
      vertex -70.75 33 3
    endloop
  endfacet
  facet normal -1 0 0
    outer loop
      vertex -70.75 27.25 0
      vertex -70.75 29 3
      vertex -70.75 29 0
    endloop
  endfacet
  facet normal -1 -0 0
    outer loop
      vertex -70.75 29 3
      vertex -70.75 27.25 0
      vertex -70.75 27.25 3
    endloop
  endfacet
  facet normal 0.980724 -0.195397 0
    outer loop
      vertex -75.2308 35.0437 3
      vertex -75.1733 35.3323 0
      vertex -75.1733 35.3323 3
    endloop
  endfacet
  facet normal 0.980724 -0.195397 0
    outer loop
      vertex -75.1733 35.3323 0
      vertex -75.2308 35.0437 3
      vertex -75.2308 35.0437 0
    endloop
  endfacet
  facet normal 0.0652336 0.99787 -0
    outer loop
      vertex -73 25 0
      vertex -73.2937 25.0192 3
      vertex -73 25 3
    endloop
  endfacet
  facet normal 0.0652336 0.99787 0
    outer loop
      vertex -73.2937 25.0192 3
      vertex -73 25 0
      vertex -73.2937 25.0192 0
    endloop
  endfacet
  facet normal -0.555797 -0.831318 0
    outer loop
      vertex -71.875 36.6986 0
      vertex -71.6303 36.535 3
      vertex -71.875 36.6986 3
    endloop
  endfacet
  facet normal -0.555797 -0.831318 -0
    outer loop
      vertex -71.6303 36.535 3
      vertex -71.875 36.6986 0
      vertex -71.6303 36.535 0
    endloop
  endfacet
  facet normal 0.321421 0.946936 -0
    outer loop
      vertex -73.5823 25.0767 0
      vertex -73.861 25.1713 3
      vertex -73.5823 25.0767 3
    endloop
  endfacet
  facet normal 0.321421 0.946936 0
    outer loop
      vertex -73.861 25.1713 3
      vertex -73.5823 25.0767 0
      vertex -73.861 25.1713 0
    endloop
  endfacet
  facet normal -0.659202 -0.751966 0
    outer loop
      vertex -71.6303 36.535 0
      vertex -71.409 36.341 3
      vertex -71.6303 36.535 3
    endloop
  endfacet
  facet normal -0.659202 -0.751966 -0
    outer loop
      vertex -71.409 36.341 3
      vertex -71.6303 36.535 0
      vertex -71.409 36.341 0
    endloop
  endfacet
  facet normal -0.980724 -0.195397 0
    outer loop
      vertex -70.7692 35.0437 0
      vertex -70.8267 35.3323 3
      vertex -70.8267 35.3323 0
    endloop
  endfacet
  facet normal -0.980724 -0.195397 0
    outer loop
      vertex -70.8267 35.3323 3
      vertex -70.7692 35.0437 0
      vertex -70.7692 35.0437 3
    endloop
  endfacet
  facet normal 0.99787 -0.0652336 0
    outer loop
      vertex -75.25 34.75 3
      vertex -75.2308 35.0437 0
      vertex -75.2308 35.0437 3
    endloop
  endfacet
  facet normal 0.99787 -0.0652336 0
    outer loop
      vertex -75.2308 35.0437 0
      vertex -75.25 34.75 3
      vertex -75.25 34.75 0
    endloop
  endfacet
  facet normal -0.659202 0.751966 0
    outer loop
      vertex -71.409 25.659 0
      vertex -71.6303 25.465 3
      vertex -71.409 25.659 3
    endloop
  endfacet
  facet normal -0.659202 0.751966 0
    outer loop
      vertex -71.6303 25.465 3
      vertex -71.409 25.659 0
      vertex -71.6303 25.465 0
    endloop
  endfacet
  facet normal 0.751966 -0.659202 0
    outer loop
      vertex -74.785 36.1197 3
      vertex -74.591 36.341 0
      vertex -74.591 36.341 3
    endloop
  endfacet
  facet normal 0.751966 -0.659202 0
    outer loop
      vertex -74.591 36.341 0
      vertex -74.785 36.1197 3
      vertex -74.785 36.1197 0
    endloop
  endfacet
  facet normal -0.896995 0.442042 0
    outer loop
      vertex -71.0514 26.125 0
      vertex -70.9213 26.389 3
      vertex -70.9213 26.389 0
    endloop
  endfacet
  facet normal -0.896995 0.442042 0
    outer loop
      vertex -70.9213 26.389 3
      vertex -71.0514 26.125 0
      vertex -71.0514 26.125 3
    endloop
  endfacet
  facet normal 0.442042 0.896995 -0
    outer loop
      vertex -73.861 25.1713 0
      vertex -74.125 25.3014 3
      vertex -73.861 25.1713 3
    endloop
  endfacet
  facet normal 0.442042 0.896995 0
    outer loop
      vertex -74.125 25.3014 3
      vertex -73.861 25.1713 0
      vertex -74.125 25.3014 0
    endloop
  endfacet
  facet normal 0.831318 0.555797 0
    outer loop
      vertex -74.785 25.8803 3
      vertex -74.9486 26.125 0
      vertex -74.9486 26.125 3
    endloop
  endfacet
  facet normal 0.831318 0.555797 0
    outer loop
      vertex -74.9486 26.125 0
      vertex -74.785 25.8803 3
      vertex -74.785 25.8803 0
    endloop
  endfacet
  facet normal -0.946936 0.321421 0
    outer loop
      vertex -70.9213 26.389 0
      vertex -70.8267 26.6677 3
      vertex -70.8267 26.6677 0
    endloop
  endfacet
  facet normal -0.946936 0.321421 0
    outer loop
      vertex -70.8267 26.6677 3
      vertex -70.9213 26.389 0
      vertex -70.9213 26.389 3
    endloop
  endfacet
  facet normal 0.555797 -0.831318 0
    outer loop
      vertex -74.3697 36.535 0
      vertex -74.125 36.6986 3
      vertex -74.3697 36.535 3
    endloop
  endfacet
  facet normal 0.555797 -0.831318 0
    outer loop
      vertex -74.125 36.6986 3
      vertex -74.3697 36.535 0
      vertex -74.125 36.6986 0
    endloop
  endfacet
  facet normal 0.831318 -0.555797 0
    outer loop
      vertex -74.9486 35.875 3
      vertex -74.785 36.1197 0
      vertex -74.785 36.1197 3
    endloop
  endfacet
  facet normal 0.831318 -0.555797 0
    outer loop
      vertex -74.785 36.1197 0
      vertex -74.9486 35.875 3
      vertex -74.9486 35.875 0
    endloop
  endfacet
  facet normal 0.751966 0.659202 0
    outer loop
      vertex -74.591 25.659 3
      vertex -74.785 25.8803 0
      vertex -74.785 25.8803 3
    endloop
  endfacet
  facet normal 0.751966 0.659202 0
    outer loop
      vertex -74.785 25.8803 0
      vertex -74.591 25.659 3
      vertex -74.591 25.659 0
    endloop
  endfacet
  facet normal -0.99787 0.0652336 0
    outer loop
      vertex -70.7692 26.9563 0
      vertex -70.75 27.25 3
      vertex -70.75 27.25 0
    endloop
  endfacet
  facet normal -0.99787 0.0652336 0
    outer loop
      vertex -70.75 27.25 3
      vertex -70.7692 26.9563 0
      vertex -70.7692 26.9563 3
    endloop
  endfacet
  facet normal 0.896995 -0.442042 0
    outer loop
      vertex -75.0787 35.611 3
      vertex -74.9486 35.875 0
      vertex -74.9486 35.875 3
    endloop
  endfacet
  facet normal 0.896995 -0.442042 0
    outer loop
      vertex -74.9486 35.875 0
      vertex -75.0787 35.611 3
      vertex -75.0787 35.611 0
    endloop
  endfacet
  facet normal 0.442042 -0.896995 0
    outer loop
      vertex -74.125 36.6986 0
      vertex -73.861 36.8287 3
      vertex -74.125 36.6986 3
    endloop
  endfacet
  facet normal 0.442042 -0.896995 0
    outer loop
      vertex -73.861 36.8287 3
      vertex -74.125 36.6986 0
      vertex -73.861 36.8287 0
    endloop
  endfacet
  facet normal 0.659202 -0.751966 0
    outer loop
      vertex -74.591 36.341 0
      vertex -74.3697 36.535 3
      vertex -74.591 36.341 3
    endloop
  endfacet
  facet normal 0.659202 -0.751966 0
    outer loop
      vertex -74.3697 36.535 3
      vertex -74.591 36.341 0
      vertex -74.3697 36.535 0
    endloop
  endfacet
  facet normal 0.980724 0.195397 0
    outer loop
      vertex -75.1733 26.6677 3
      vertex -75.2308 26.9563 0
      vertex -75.2308 26.9563 3
    endloop
  endfacet
  facet normal 0.980724 0.195397 0
    outer loop
      vertex -75.2308 26.9563 0
      vertex -75.1733 26.6677 3
      vertex -75.1733 26.6677 0
    endloop
  endfacet
  facet normal -0.751966 -0.659202 0
    outer loop
      vertex -71.215 36.1197 0
      vertex -71.409 36.341 3
      vertex -71.409 36.341 0
    endloop
  endfacet
  facet normal -0.751966 -0.659202 0
    outer loop
      vertex -71.409 36.341 3
      vertex -71.215 36.1197 0
      vertex -71.215 36.1197 3
    endloop
  endfacet
  facet normal 0.555797 0.831318 -0
    outer loop
      vertex -74.125 25.3014 0
      vertex -74.3697 25.465 3
      vertex -74.125 25.3014 3
    endloop
  endfacet
  facet normal 0.555797 0.831318 0
    outer loop
      vertex -74.3697 25.465 3
      vertex -74.125 25.3014 0
      vertex -74.3697 25.465 0
    endloop
  endfacet
  facet normal -0.0652336 -0.99787 0
    outer loop
      vertex -73 37 0
      vertex -72.7063 36.9808 3
      vertex -73 37 3
    endloop
  endfacet
  facet normal -0.0652336 -0.99787 -0
    outer loop
      vertex -72.7063 36.9808 3
      vertex -73 37 0
      vertex -72.7063 36.9808 0
    endloop
  endfacet
  facet normal -0.946936 -0.321421 0
    outer loop
      vertex -70.8267 35.3323 0
      vertex -70.9213 35.611 3
      vertex -70.9213 35.611 0
    endloop
  endfacet
  facet normal -0.946936 -0.321421 0
    outer loop
      vertex -70.9213 35.611 3
      vertex -70.8267 35.3323 0
      vertex -70.8267 35.3323 3
    endloop
  endfacet
  facet normal -0.321421 -0.946936 0
    outer loop
      vertex -72.4177 36.9233 0
      vertex -72.139 36.8287 3
      vertex -72.4177 36.9233 3
    endloop
  endfacet
  facet normal -0.321421 -0.946936 -0
    outer loop
      vertex -72.139 36.8287 3
      vertex -72.4177 36.9233 0
      vertex -72.139 36.8287 0
    endloop
  endfacet
  facet normal 0.946936 -0.321421 0
    outer loop
      vertex -75.1733 35.3323 3
      vertex -75.0787 35.611 0
      vertex -75.0787 35.611 3
    endloop
  endfacet
  facet normal 0.946936 -0.321421 0
    outer loop
      vertex -75.0787 35.611 0
      vertex -75.1733 35.3323 3
      vertex -75.1733 35.3323 0
    endloop
  endfacet
  facet normal -0.442042 0.896995 0
    outer loop
      vertex -71.875 25.3014 0
      vertex -72.139 25.1713 3
      vertex -71.875 25.3014 3
    endloop
  endfacet
  facet normal -0.442042 0.896995 0
    outer loop
      vertex -72.139 25.1713 3
      vertex -71.875 25.3014 0
      vertex -72.139 25.1713 0
    endloop
  endfacet
  facet normal -0.751966 0.659202 0
    outer loop
      vertex -71.409 25.659 0
      vertex -71.215 25.8803 3
      vertex -71.215 25.8803 0
    endloop
  endfacet
  facet normal -0.751966 0.659202 0
    outer loop
      vertex -71.215 25.8803 3
      vertex -71.409 25.659 0
      vertex -71.409 25.659 3
    endloop
  endfacet
  facet normal 0.321421 -0.946936 0
    outer loop
      vertex -73.861 36.8287 0
      vertex -73.5823 36.9233 3
      vertex -73.861 36.8287 3
    endloop
  endfacet
  facet normal 0.321421 -0.946936 0
    outer loop
      vertex -73.5823 36.9233 3
      vertex -73.861 36.8287 0
      vertex -73.5823 36.9233 0
    endloop
  endfacet
  facet normal 0.896995 0.442042 0
    outer loop
      vertex -74.9486 26.125 3
      vertex -75.0787 26.389 0
      vertex -75.0787 26.389 3
    endloop
  endfacet
  facet normal 0.896995 0.442042 0
    outer loop
      vertex -75.0787 26.389 0
      vertex -74.9486 26.125 3
      vertex -74.9486 26.125 0
    endloop
  endfacet
  facet normal -0.896995 -0.442042 0
    outer loop
      vertex -70.9213 35.611 0
      vertex -71.0514 35.875 3
      vertex -71.0514 35.875 0
    endloop
  endfacet
  facet normal -0.896995 -0.442042 0
    outer loop
      vertex -71.0514 35.875 3
      vertex -70.9213 35.611 0
      vertex -70.9213 35.611 3
    endloop
  endfacet
  facet normal -0.831318 0.555797 0
    outer loop
      vertex -71.215 25.8803 0
      vertex -71.0514 26.125 3
      vertex -71.0514 26.125 0
    endloop
  endfacet
  facet normal -0.831318 0.555797 0
    outer loop
      vertex -71.0514 26.125 3
      vertex -71.215 25.8803 0
      vertex -71.215 25.8803 3
    endloop
  endfacet
  facet normal -0.442042 -0.896995 0
    outer loop
      vertex -72.139 36.8287 0
      vertex -71.875 36.6986 3
      vertex -72.139 36.8287 3
    endloop
  endfacet
  facet normal -0.442042 -0.896995 -0
    outer loop
      vertex -71.875 36.6986 3
      vertex -72.139 36.8287 0
      vertex -71.875 36.6986 0
    endloop
  endfacet
  facet normal -0.831318 -0.555797 0
    outer loop
      vertex -71.0514 35.875 0
      vertex -71.215 36.1197 3
      vertex -71.215 36.1197 0
    endloop
  endfacet
  facet normal -0.831318 -0.555797 0
    outer loop
      vertex -71.215 36.1197 3
      vertex -71.0514 35.875 0
      vertex -71.0514 35.875 3
    endloop
  endfacet
  facet normal -0.555797 0.831318 0
    outer loop
      vertex -71.6303 25.465 0
      vertex -71.875 25.3014 3
      vertex -71.6303 25.465 3
    endloop
  endfacet
  facet normal -0.555797 0.831318 0
    outer loop
      vertex -71.875 25.3014 3
      vertex -71.6303 25.465 0
      vertex -71.875 25.3014 0
    endloop
  endfacet
  facet normal -0.980724 0.195397 0
    outer loop
      vertex -70.8267 26.6677 0
      vertex -70.7692 26.9563 3
      vertex -70.7692 26.9563 0
    endloop
  endfacet
  facet normal -0.980724 0.195397 0
    outer loop
      vertex -70.7692 26.9563 3
      vertex -70.8267 26.6677 0
      vertex -70.8267 26.6677 3
    endloop
  endfacet
  facet normal -0.321421 0.946936 0
    outer loop
      vertex -72.139 25.1713 0
      vertex -72.4177 25.0767 3
      vertex -72.139 25.1713 3
    endloop
  endfacet
  facet normal -0.321421 0.946936 0
    outer loop
      vertex -72.4177 25.0767 3
      vertex -72.139 25.1713 0
      vertex -72.4177 25.0767 0
    endloop
  endfacet
  facet normal -0.195397 0.980724 0
    outer loop
      vertex 73.5823 -36.9233 0
      vertex 73.2937 -36.9808 3
      vertex 73.5823 -36.9233 3
    endloop
  endfacet
  facet normal -0.195397 0.980724 0
    outer loop
      vertex 73.2937 -36.9808 3
      vertex 73.5823 -36.9233 0
      vertex 73.2937 -36.9808 0
    endloop
  endfacet
  facet normal 0.195397 0.980724 -0
    outer loop
      vertex 72.7063 -36.9808 0
      vertex 72.4177 -36.9233 3
      vertex 72.7063 -36.9808 3
    endloop
  endfacet
  facet normal 0.195397 0.980724 0
    outer loop
      vertex 72.4177 -36.9233 3
      vertex 72.7063 -36.9808 0
      vertex 72.4177 -36.9233 0
    endloop
  endfacet
  facet normal -0.0652336 0.99787 0
    outer loop
      vertex 73.2937 -36.9808 0
      vertex 73 -37 3
      vertex 73.2937 -36.9808 3
    endloop
  endfacet
  facet normal -0.0652336 0.99787 0
    outer loop
      vertex 73 -37 3
      vertex 73.2937 -36.9808 0
      vertex 73 -37 0
    endloop
  endfacet
  facet normal 1 0 0
    outer loop
      vertex 70.75 -33.7 2.75
      vertex 70.75 -27.25 3
      vertex 70.75 -33.7 3
    endloop
  endfacet
  facet normal 1 0 0
    outer loop
      vertex 70.75 -27.25 3
      vertex 70.75 -33.7 2.75
      vertex 70.75 -27.25 0
    endloop
  endfacet
  facet normal 1 0 0
    outer loop
      vertex 70.75 -34.75 0
      vertex 70.75 -33.7 2.75
      vertex 70.75 -34.75 2.75
    endloop
  endfacet
  facet normal 1 0 0
    outer loop
      vertex 70.75 -33.7 2.75
      vertex 70.75 -34.75 0
      vertex 70.75 -27.25 0
    endloop
  endfacet
  facet normal 0.659202 0.751966 -0
    outer loop
      vertex 71.6303 -36.535 0
      vertex 71.409 -36.341 3
      vertex 71.6303 -36.535 3
    endloop
  endfacet
  facet normal 0.659202 0.751966 0
    outer loop
      vertex 71.409 -36.341 3
      vertex 71.6303 -36.535 0
      vertex 71.409 -36.341 0
    endloop
  endfacet
  facet normal 0.980724 -0.195397 0
    outer loop
      vertex 70.7692 -26.9563 3
      vertex 70.8267 -26.6677 0
      vertex 70.8267 -26.6677 3
    endloop
  endfacet
  facet normal 0.980724 -0.195397 0
    outer loop
      vertex 70.8267 -26.6677 0
      vertex 70.7692 -26.9563 3
      vertex 70.7692 -26.9563 0
    endloop
  endfacet
  facet normal 0.946936 -0.321421 0
    outer loop
      vertex 70.8267 -26.6677 3
      vertex 70.9213 -26.389 0
      vertex 70.9213 -26.389 3
    endloop
  endfacet
  facet normal 0.946936 -0.321421 0
    outer loop
      vertex 70.9213 -26.389 0
      vertex 70.8267 -26.6677 3
      vertex 70.8267 -26.6677 0
    endloop
  endfacet
  facet normal -0.831318 -0.555797 0
    outer loop
      vertex 74.9486 -26.125 0
      vertex 74.785 -25.8803 2.75
      vertex 74.785 -25.8803 0
    endloop
  endfacet
  facet normal -0.831318 -0.555797 0
    outer loop
      vertex 74.785 -25.8803 2.75
      vertex 74.9486 -26.125 0
      vertex 74.9486 -26.125 2.75
    endloop
  endfacet
  facet normal 0.896995 -0.442042 0
    outer loop
      vertex 70.9213 -26.389 3
      vertex 71.0514 -26.125 0
      vertex 71.0514 -26.125 3
    endloop
  endfacet
  facet normal 0.896995 -0.442042 0
    outer loop
      vertex 71.0514 -26.125 0
      vertex 70.9213 -26.389 3
      vertex 70.9213 -26.389 0
    endloop
  endfacet
  facet normal 0.0652336 -0.99787 0
    outer loop
      vertex 72.7063 -25.0192 0
      vertex 73 -25 3
      vertex 72.7063 -25.0192 3
    endloop
  endfacet
  facet normal 0.0652336 -0.99787 0
    outer loop
      vertex 73 -25 3
      vertex 72.7063 -25.0192 0
      vertex 73 -25 0
    endloop
  endfacet
  facet normal 0.99787 -0.0652336 0
    outer loop
      vertex 70.75 -27.25 3
      vertex 70.7692 -26.9563 0
      vertex 70.7692 -26.9563 3
    endloop
  endfacet
  facet normal 0.99787 -0.0652336 0
    outer loop
      vertex 70.7692 -26.9563 0
      vertex 70.75 -27.25 3
      vertex 70.75 -27.25 0
    endloop
  endfacet
  facet normal 0.555797 0.831318 -0
    outer loop
      vertex 71.875 -36.6986 0
      vertex 71.6303 -36.535 3
      vertex 71.875 -36.6986 3
    endloop
  endfacet
  facet normal 0.555797 0.831318 0
    outer loop
      vertex 71.6303 -36.535 3
      vertex 71.875 -36.6986 0
      vertex 71.6303 -36.535 0
    endloop
  endfacet
  facet normal 0.555797 -0.831318 0
    outer loop
      vertex 71.6303 -25.465 0
      vertex 71.875 -25.3014 3
      vertex 71.6303 -25.465 3
    endloop
  endfacet
  facet normal 0.555797 -0.831318 0
    outer loop
      vertex 71.875 -25.3014 3
      vertex 71.6303 -25.465 0
      vertex 71.875 -25.3014 0
    endloop
  endfacet
  facet normal -0.659202 0.751966 0
    outer loop
      vertex 74.591 -36.341 0
      vertex 74.3697 -36.535 3
      vertex 74.591 -36.341 3
    endloop
  endfacet
  facet normal -0.659202 0.751966 0
    outer loop
      vertex 74.3697 -36.535 3
      vertex 74.591 -36.341 0
      vertex 74.3697 -36.535 0
    endloop
  endfacet
  facet normal -0.195397 -0.980724 0
    outer loop
      vertex 73.2937 -25.0192 0
      vertex 73.5823 -25.0767 3
      vertex 73.2937 -25.0192 3
    endloop
  endfacet
  facet normal -0.195397 -0.980724 -0
    outer loop
      vertex 73.5823 -25.0767 3
      vertex 73.2937 -25.0192 0
      vertex 73.5823 -25.0767 0
    endloop
  endfacet
  facet normal 0.442042 -0.896995 0
    outer loop
      vertex 71.875 -25.3014 0
      vertex 72.139 -25.1713 3
      vertex 71.875 -25.3014 3
    endloop
  endfacet
  facet normal 0.442042 -0.896995 0
    outer loop
      vertex 72.139 -25.1713 3
      vertex 71.875 -25.3014 0
      vertex 72.139 -25.1713 0
    endloop
  endfacet
  facet normal -0.980724 0.195397 0
    outer loop
      vertex 75.1733 -35.3323 0
      vertex 75.2308 -35.0437 2.75
      vertex 75.2308 -35.0437 0
    endloop
  endfacet
  facet normal -0.980724 0.195397 0
    outer loop
      vertex 75.2308 -35.0437 2.75
      vertex 75.1733 -35.3323 0
      vertex 75.1733 -35.3323 2.75
    endloop
  endfacet
  facet normal -0.99787 -0.0652336 0
    outer loop
      vertex 75.25 -27.25 0
      vertex 75.2308 -26.9563 2.75
      vertex 75.2308 -26.9563 0
    endloop
  endfacet
  facet normal -0.99787 -0.0652336 0
    outer loop
      vertex 75.2308 -26.9563 2.75
      vertex 75.25 -27.25 0
      vertex 75.25 -27.25 2.75
    endloop
  endfacet
  facet normal -0.321421 -0.946936 0
    outer loop
      vertex 73.5823 -25.0767 0
      vertex 73.861 -25.1713 3
      vertex 73.5823 -25.0767 3
    endloop
  endfacet
  facet normal -0.321421 -0.946936 -0
    outer loop
      vertex 73.861 -25.1713 3
      vertex 73.5823 -25.0767 0
      vertex 73.861 -25.1713 0
    endloop
  endfacet
  facet normal 0.831318 -0.555797 0
    outer loop
      vertex 71.0514 -26.125 3
      vertex 71.215 -25.8803 0
      vertex 71.215 -25.8803 3
    endloop
  endfacet
  facet normal 0.831318 -0.555797 0
    outer loop
      vertex 71.215 -25.8803 0
      vertex 71.0514 -26.125 3
      vertex 71.0514 -26.125 0
    endloop
  endfacet
  facet normal 0.99787 0.0652336 0
    outer loop
      vertex 70.7692 -35.0437 2.75
      vertex 70.75 -34.75 0
      vertex 70.75 -34.75 2.75
    endloop
  endfacet
  facet normal 0.99787 0.0652336 0
    outer loop
      vertex 70.75 -34.75 0
      vertex 70.7692 -35.0437 2.75
      vertex 70.7692 -35.0437 0
    endloop
  endfacet
  facet normal 0.321421 0.946936 -0
    outer loop
      vertex 72.4177 -36.9233 0
      vertex 72.139 -36.8287 3
      vertex 72.4177 -36.9233 3
    endloop
  endfacet
  facet normal 0.321421 0.946936 0
    outer loop
      vertex 72.139 -36.8287 3
      vertex 72.4177 -36.9233 0
      vertex 72.139 -36.8287 0
    endloop
  endfacet
  facet normal 0.896995 0.442042 0
    outer loop
      vertex 71.0514 -35.875 2.75
      vertex 70.9213 -35.611 0
      vertex 70.9213 -35.611 2.75
    endloop
  endfacet
  facet normal 0.896995 0.442042 0
    outer loop
      vertex 70.9213 -35.611 0
      vertex 71.0514 -35.875 2.75
      vertex 71.0514 -35.875 0
    endloop
  endfacet
  facet normal -0.555797 -0.831318 0
    outer loop
      vertex 74.125 -25.3014 0
      vertex 74.3697 -25.465 3
      vertex 74.125 -25.3014 3
    endloop
  endfacet
  facet normal -0.555797 -0.831318 -0
    outer loop
      vertex 74.3697 -25.465 3
      vertex 74.125 -25.3014 0
      vertex 74.3697 -25.465 0
    endloop
  endfacet
  facet normal -0.896995 -0.442042 0
    outer loop
      vertex 75.0787 -26.389 0
      vertex 74.9486 -26.125 2.75
      vertex 74.9486 -26.125 0
    endloop
  endfacet
  facet normal -0.896995 -0.442042 0
    outer loop
      vertex 74.9486 -26.125 2.75
      vertex 75.0787 -26.389 0
      vertex 75.0787 -26.389 2.75
    endloop
  endfacet
  facet normal -0.99787 0.0652336 0
    outer loop
      vertex 75.2308 -35.0437 0
      vertex 75.25 -34.75 2.75
      vertex 75.25 -34.75 0
    endloop
  endfacet
  facet normal -0.99787 0.0652336 0
    outer loop
      vertex 75.25 -34.75 2.75
      vertex 75.2308 -35.0437 0
      vertex 75.2308 -35.0437 2.75
    endloop
  endfacet
  facet normal 0.751966 0.659202 0
    outer loop
      vertex 71.409 -36.341 3
      vertex 71.215 -36.1197 0
      vertex 71.215 -36.1197 3
    endloop
  endfacet
  facet normal 0.751966 0.659202 0
    outer loop
      vertex 71.215 -36.1197 0
      vertex 71.409 -36.341 3
      vertex 71.409 -36.341 0
    endloop
  endfacet
  facet normal 0.195397 -0.980724 0
    outer loop
      vertex 72.4177 -25.0767 0
      vertex 72.7063 -25.0192 3
      vertex 72.4177 -25.0767 3
    endloop
  endfacet
  facet normal 0.195397 -0.980724 0
    outer loop
      vertex 72.7063 -25.0192 3
      vertex 72.4177 -25.0767 0
      vertex 72.7063 -25.0192 0
    endloop
  endfacet
  facet normal 0.321421 -0.946936 0
    outer loop
      vertex 72.139 -25.1713 0
      vertex 72.4177 -25.0767 3
      vertex 72.139 -25.1713 3
    endloop
  endfacet
  facet normal 0.321421 -0.946936 0
    outer loop
      vertex 72.4177 -25.0767 3
      vertex 72.139 -25.1713 0
      vertex 72.4177 -25.0767 0
    endloop
  endfacet
  facet normal -0.442042 -0.896995 0
    outer loop
      vertex 73.861 -25.1713 0
      vertex 74.125 -25.3014 3
      vertex 73.861 -25.1713 3
    endloop
  endfacet
  facet normal -0.442042 -0.896995 -0
    outer loop
      vertex 74.125 -25.3014 3
      vertex 73.861 -25.1713 0
      vertex 74.125 -25.3014 0
    endloop
  endfacet
  facet normal -0.0652336 -0.99787 0
    outer loop
      vertex 73 -25 0
      vertex 73.2937 -25.0192 3
      vertex 73 -25 3
    endloop
  endfacet
  facet normal -0.0652336 -0.99787 -0
    outer loop
      vertex 73.2937 -25.0192 3
      vertex 73 -25 0
      vertex 73.2937 -25.0192 0
    endloop
  endfacet
  facet normal 0.659202 -0.751966 0
    outer loop
      vertex 71.409 -25.659 0
      vertex 71.6303 -25.465 3
      vertex 71.409 -25.659 3
    endloop
  endfacet
  facet normal 0.659202 -0.751966 0
    outer loop
      vertex 71.6303 -25.465 3
      vertex 71.409 -25.659 0
      vertex 71.6303 -25.465 0
    endloop
  endfacet
  facet normal 0.751966 -0.659202 0
    outer loop
      vertex 71.215 -25.8803 3
      vertex 71.409 -25.659 0
      vertex 71.409 -25.659 3
    endloop
  endfacet
  facet normal 0.751966 -0.659202 0
    outer loop
      vertex 71.409 -25.659 0
      vertex 71.215 -25.8803 3
      vertex 71.215 -25.8803 0
    endloop
  endfacet
  facet normal -1 0 0
    outer loop
      vertex 75.25 -34.75 0
      vertex 75.25 -27.25 2.75
      vertex 75.25 -27.25 0
    endloop
  endfacet
  facet normal -1 -0 0
    outer loop
      vertex 75.25 -27.25 2.75
      vertex 75.25 -34.75 0
      vertex 75.25 -34.75 2.75
    endloop
  endfacet
  facet normal 0.83075 0.556645 0
    outer loop
      vertex 71.2018 -36.1 3
      vertex 71.215 -36.1197 3
      vertex 71.2018 -36.1 2.75
    endloop
  endfacet
  facet normal 0.831368 0.555723 0
    outer loop
      vertex 71.2018 -36.1 2.75
      vertex 71.0514 -35.875 0
      vertex 71.0514 -35.875 2.75
    endloop
  endfacet
  facet normal 0.831318 0.555797 8.7959e-06
    outer loop
      vertex 71.2018 -36.1 2.75
      vertex 71.215 -36.1197 0
      vertex 71.0514 -35.875 0
    endloop
  endfacet
  facet normal 0.83075 0.556645 -0
    outer loop
      vertex 71.215 -36.1197 0
      vertex 71.2018 -36.1 2.75
      vertex 71.215 -36.1197 3
    endloop
  endfacet
  facet normal 0.0652336 0.99787 -0
    outer loop
      vertex 73 -37 0
      vertex 72.7063 -36.9808 3
      vertex 73 -37 3
    endloop
  endfacet
  facet normal 0.0652336 0.99787 0
    outer loop
      vertex 72.7063 -36.9808 3
      vertex 73 -37 0
      vertex 72.7063 -36.9808 0
    endloop
  endfacet
  facet normal 0.442042 0.896995 -0
    outer loop
      vertex 72.139 -36.8287 0
      vertex 71.875 -36.6986 3
      vertex 72.139 -36.8287 3
    endloop
  endfacet
  facet normal 0.442042 0.896995 0
    outer loop
      vertex 71.875 -36.6986 3
      vertex 72.139 -36.8287 0
      vertex 71.875 -36.6986 0
    endloop
  endfacet
  facet normal 0.946936 0.321421 0
    outer loop
      vertex 70.9213 -35.611 2.75
      vertex 70.8267 -35.3323 0
      vertex 70.8267 -35.3323 2.75
    endloop
  endfacet
  facet normal 0.946936 0.321421 0
    outer loop
      vertex 70.8267 -35.3323 0
      vertex 70.9213 -35.611 2.75
      vertex 70.9213 -35.611 0
    endloop
  endfacet
  facet normal 0.980724 0.195397 0
    outer loop
      vertex 70.8267 -35.3323 2.75
      vertex 70.7692 -35.0437 0
      vertex 70.7692 -35.0437 2.75
    endloop
  endfacet
  facet normal 0.980724 0.195397 0
    outer loop
      vertex 70.7692 -35.0437 0
      vertex 70.8267 -35.3323 2.75
      vertex 70.8267 -35.3323 0
    endloop
  endfacet
  facet normal -0.980724 -0.195397 0
    outer loop
      vertex 75.2308 -26.9563 0
      vertex 75.1733 -26.6677 2.75
      vertex 75.1733 -26.6677 0
    endloop
  endfacet
  facet normal -0.980724 -0.195397 0
    outer loop
      vertex 75.1733 -26.6677 2.75
      vertex 75.2308 -26.9563 0
      vertex 75.2308 -26.9563 2.75
    endloop
  endfacet
  facet normal -0.751966 0.659202 0
    outer loop
      vertex 74.591 -36.341 0
      vertex 74.785 -36.1197 3
      vertex 74.785 -36.1197 0
    endloop
  endfacet
  facet normal -0.751966 0.659202 0
    outer loop
      vertex 74.785 -36.1197 3
      vertex 74.591 -36.341 0
      vertex 74.591 -36.341 3
    endloop
  endfacet
  facet normal -0.946936 -0.321421 0
    outer loop
      vertex 75.1733 -26.6677 0
      vertex 75.0787 -26.389 2.75
      vertex 75.0787 -26.389 0
    endloop
  endfacet
  facet normal -0.946936 -0.321421 0
    outer loop
      vertex 75.0787 -26.389 2.75
      vertex 75.1733 -26.6677 0
      vertex 75.1733 -26.6677 2.75
    endloop
  endfacet
  facet normal -0.831368 0.555723 0
    outer loop
      vertex 74.9486 -35.875 0
      vertex 74.7982 -36.1 2.75
      vertex 74.9486 -35.875 2.75
    endloop
  endfacet
  facet normal -0.831318 0.555797 8.7959e-06
    outer loop
      vertex 74.785 -36.1197 0
      vertex 74.7982 -36.1 2.75
      vertex 74.9486 -35.875 0
    endloop
  endfacet
  facet normal -0.83075 0.556645 0
    outer loop
      vertex 74.785 -36.1197 3
      vertex 74.7982 -36.1 2.75
      vertex 74.785 -36.1197 0
    endloop
  endfacet
  facet normal -0.83075 0.556645 0
    outer loop
      vertex 74.7982 -36.1 2.75
      vertex 74.785 -36.1197 3
      vertex 74.7982 -36.1 3
    endloop
  endfacet
  facet normal -0.442042 0.896995 0
    outer loop
      vertex 74.125 -36.6986 0
      vertex 73.861 -36.8287 3
      vertex 74.125 -36.6986 3
    endloop
  endfacet
  facet normal -0.442042 0.896995 0
    outer loop
      vertex 73.861 -36.8287 3
      vertex 74.125 -36.6986 0
      vertex 73.861 -36.8287 0
    endloop
  endfacet
  facet normal -0.751864 -0.659318 0
    outer loop
      vertex 74.591 -25.659 0
      vertex 74.7 -25.7833 2.75
      vertex 74.591 -25.659 3
    endloop
  endfacet
  facet normal -0.751966 -0.659202 9.26713e-06
    outer loop
      vertex 74.785 -25.8803 0
      vertex 74.7 -25.7833 2.75
      vertex 74.591 -25.659 0
    endloop
  endfacet
  facet normal -0.752096 -0.659053 0
    outer loop
      vertex 74.7 -25.7833 2.75
      vertex 74.785 -25.8803 0
      vertex 74.785 -25.8803 2.75
    endloop
  endfacet
  facet normal -0.751864 -0.659318 0
    outer loop
      vertex 74.591 -25.659 3
      vertex 74.7 -25.7833 2.75
      vertex 74.7 -25.7833 3
    endloop
  endfacet
  facet normal -0.896995 0.442042 0
    outer loop
      vertex 74.9486 -35.875 0
      vertex 75.0787 -35.611 2.75
      vertex 75.0787 -35.611 0
    endloop
  endfacet
  facet normal -0.896995 0.442042 0
    outer loop
      vertex 75.0787 -35.611 2.75
      vertex 74.9486 -35.875 0
      vertex 74.9486 -35.875 2.75
    endloop
  endfacet
  facet normal -0.659202 -0.751966 0
    outer loop
      vertex 74.3697 -25.465 0
      vertex 74.591 -25.659 3
      vertex 74.3697 -25.465 3
    endloop
  endfacet
  facet normal -0.659202 -0.751966 -0
    outer loop
      vertex 74.591 -25.659 3
      vertex 74.3697 -25.465 0
      vertex 74.591 -25.659 0
    endloop
  endfacet
  facet normal -0.555797 0.831318 0
    outer loop
      vertex 74.3697 -36.535 0
      vertex 74.125 -36.6986 3
      vertex 74.3697 -36.535 3
    endloop
  endfacet
  facet normal -0.555797 0.831318 0
    outer loop
      vertex 74.125 -36.6986 3
      vertex 74.3697 -36.535 0
      vertex 74.125 -36.6986 0
    endloop
  endfacet
  facet normal -0.946936 0.321421 0
    outer loop
      vertex 75.0787 -35.611 0
      vertex 75.1733 -35.3323 2.75
      vertex 75.1733 -35.3323 0
    endloop
  endfacet
  facet normal -0.946936 0.321421 0
    outer loop
      vertex 75.1733 -35.3323 2.75
      vertex 75.0787 -35.611 0
      vertex 75.0787 -35.611 2.75
    endloop
  endfacet
  facet normal -0.321421 0.946936 0
    outer loop
      vertex 73.861 -36.8287 0
      vertex 73.5823 -36.9233 3
      vertex 73.861 -36.8287 3
    endloop
  endfacet
  facet normal -0.321421 0.946936 0
    outer loop
      vertex 73.5823 -36.9233 3
      vertex 73.861 -36.8287 0
      vertex 73.5823 -36.9233 0
    endloop
  endfacet
  facet normal -0.195397 0.980724 0
    outer loop
      vertex 73.5823 25.0767 0
      vertex 73.2937 25.0192 3
      vertex 73.5823 25.0767 3
    endloop
  endfacet
  facet normal -0.195397 0.980724 0
    outer loop
      vertex 73.2937 25.0192 3
      vertex 73.5823 25.0767 0
      vertex 73.2937 25.0192 0
    endloop
  endfacet
  facet normal -0.99787 -0.0652336 0
    outer loop
      vertex 75.25 34.75 0
      vertex 75.2308 35.0437 2.75
      vertex 75.2308 35.0437 0
    endloop
  endfacet
  facet normal -0.99787 -0.0652336 0
    outer loop
      vertex 75.2308 35.0437 2.75
      vertex 75.25 34.75 0
      vertex 75.25 34.75 2.75
    endloop
  endfacet
  facet normal -0.896995 0.442042 0
    outer loop
      vertex 74.9486 26.125 0
      vertex 75.0787 26.389 2.75
      vertex 75.0787 26.389 0
    endloop
  endfacet
  facet normal -0.896995 0.442042 0
    outer loop
      vertex 75.0787 26.389 2.75
      vertex 74.9486 26.125 0
      vertex 74.9486 26.125 2.75
    endloop
  endfacet
  facet normal -0.0652336 0.99787 0
    outer loop
      vertex 73.2937 25.0192 0
      vertex 73 25 3
      vertex 73.2937 25.0192 3
    endloop
  endfacet
  facet normal -0.0652336 0.99787 0
    outer loop
      vertex 73 25 3
      vertex 73.2937 25.0192 0
      vertex 73 25 0
    endloop
  endfacet
  facet normal 0.659202 -0.751966 0
    outer loop
      vertex 71.409 36.341 0
      vertex 71.6303 36.535 3
      vertex 71.409 36.341 3
    endloop
  endfacet
  facet normal 0.659202 -0.751966 0
    outer loop
      vertex 71.6303 36.535 3
      vertex 71.409 36.341 0
      vertex 71.6303 36.535 0
    endloop
  endfacet
  facet normal 0.0652336 0.99787 -0
    outer loop
      vertex 73 25 0
      vertex 72.7063 25.0192 3
      vertex 73 25 3
    endloop
  endfacet
  facet normal 0.0652336 0.99787 0
    outer loop
      vertex 72.7063 25.0192 3
      vertex 73 25 0
      vertex 72.7063 25.0192 0
    endloop
  endfacet
  facet normal 1 0 0
    outer loop
      vertex 70.75 33.7 3
      vertex 70.75 27.25 3
      vertex 70.75 33.7 2.75
    endloop
  endfacet
  facet normal 1 -0 0
    outer loop
      vertex 70.75 33.7 2.75
      vertex 70.75 34.75 0
      vertex 70.75 34.75 2.75
    endloop
  endfacet
  facet normal 1 0 0
    outer loop
      vertex 70.75 27.25 0
      vertex 70.75 33.7 2.75
      vertex 70.75 27.25 3
    endloop
  endfacet
  facet normal 1 0 0
    outer loop
      vertex 70.75 33.7 2.75
      vertex 70.75 27.25 0
      vertex 70.75 34.75 0
    endloop
  endfacet
  facet normal -0.321421 -0.946936 0
    outer loop
      vertex 73.5823 36.9233 0
      vertex 73.861 36.8287 3
      vertex 73.5823 36.9233 3
    endloop
  endfacet
  facet normal -0.321421 -0.946936 -0
    outer loop
      vertex 73.861 36.8287 3
      vertex 73.5823 36.9233 0
      vertex 73.861 36.8287 0
    endloop
  endfacet
  facet normal -0.896995 -0.442042 0
    outer loop
      vertex 75.0787 35.611 0
      vertex 74.9486 35.875 2.75
      vertex 74.9486 35.875 0
    endloop
  endfacet
  facet normal -0.896995 -0.442042 0
    outer loop
      vertex 74.9486 35.875 2.75
      vertex 75.0787 35.611 0
      vertex 75.0787 35.611 2.75
    endloop
  endfacet
  facet normal -0.831318 0.555797 0
    outer loop
      vertex 74.785 25.8803 0
      vertex 74.9486 26.125 2.75
      vertex 74.9486 26.125 0
    endloop
  endfacet
  facet normal -0.831318 0.555797 0
    outer loop
      vertex 74.9486 26.125 2.75
      vertex 74.785 25.8803 0
      vertex 74.785 25.8803 2.75
    endloop
  endfacet
  facet normal 0.99787 0.0652336 0
    outer loop
      vertex 70.7692 26.9563 3
      vertex 70.75 27.25 0
      vertex 70.75 27.25 3
    endloop
  endfacet
  facet normal 0.99787 0.0652336 0
    outer loop
      vertex 70.75 27.25 0
      vertex 70.7692 26.9563 3
      vertex 70.7692 26.9563 0
    endloop
  endfacet
  facet normal 0.980724 -0.195397 0
    outer loop
      vertex 70.7692 35.0437 2.75
      vertex 70.8267 35.3323 0
      vertex 70.8267 35.3323 2.75
    endloop
  endfacet
  facet normal 0.980724 -0.195397 0
    outer loop
      vertex 70.8267 35.3323 0
      vertex 70.7692 35.0437 2.75
      vertex 70.7692 35.0437 0
    endloop
  endfacet
  facet normal 0.946936 0.321421 0
    outer loop
      vertex 70.9213 26.389 3
      vertex 70.8267 26.6677 0
      vertex 70.8267 26.6677 3
    endloop
  endfacet
  facet normal 0.946936 0.321421 0
    outer loop
      vertex 70.8267 26.6677 0
      vertex 70.9213 26.389 3
      vertex 70.9213 26.389 0
    endloop
  endfacet
  facet normal 0.442042 0.896995 -0
    outer loop
      vertex 72.139 25.1713 0
      vertex 71.875 25.3014 3
      vertex 72.139 25.1713 3
    endloop
  endfacet
  facet normal 0.442042 0.896995 0
    outer loop
      vertex 71.875 25.3014 3
      vertex 72.139 25.1713 0
      vertex 71.875 25.3014 0
    endloop
  endfacet
  facet normal 0.83075 -0.556645 0
    outer loop
      vertex 71.2018 36.1 2.75
      vertex 71.215 36.1197 3
      vertex 71.2018 36.1 3
    endloop
  endfacet
  facet normal 0.83075 -0.556645 0
    outer loop
      vertex 71.215 36.1197 3
      vertex 71.2018 36.1 2.75
      vertex 71.215 36.1197 0
    endloop
  endfacet
  facet normal 0.831368 -0.555723 9.5666e-06
    outer loop
      vertex 71.0514 35.875 2.75
      vertex 71.215 36.1197 0
      vertex 71.2018 36.1 2.75
    endloop
  endfacet
  facet normal 0.831318 -0.555797 0
    outer loop
      vertex 71.215 36.1197 0
      vertex 71.0514 35.875 2.75
      vertex 71.0514 35.875 0
    endloop
  endfacet
  facet normal 0.99787 -0.0652336 0
    outer loop
      vertex 70.75 34.75 2.75
      vertex 70.7692 35.0437 0
      vertex 70.7692 35.0437 2.75
    endloop
  endfacet
  facet normal 0.99787 -0.0652336 0
    outer loop
      vertex 70.7692 35.0437 0
      vertex 70.75 34.75 2.75
      vertex 70.75 34.75 0
    endloop
  endfacet
  facet normal -0.751966 -0.659202 0
    outer loop
      vertex 74.785 36.1197 0
      vertex 74.591 36.341 3
      vertex 74.591 36.341 0
    endloop
  endfacet
  facet normal -0.751966 -0.659202 0
    outer loop
      vertex 74.591 36.341 3
      vertex 74.785 36.1197 0
      vertex 74.785 36.1197 3
    endloop
  endfacet
  facet normal -0.195397 -0.980724 0
    outer loop
      vertex 73.2937 36.9808 0
      vertex 73.5823 36.9233 3
      vertex 73.2937 36.9808 3
    endloop
  endfacet
  facet normal -0.195397 -0.980724 -0
    outer loop
      vertex 73.5823 36.9233 3
      vertex 73.2937 36.9808 0
      vertex 73.5823 36.9233 0
    endloop
  endfacet
  facet normal -0.659202 0.751966 0
    outer loop
      vertex 74.591 25.659 0
      vertex 74.3697 25.465 3
      vertex 74.591 25.659 3
    endloop
  endfacet
  facet normal -0.659202 0.751966 0
    outer loop
      vertex 74.3697 25.465 3
      vertex 74.591 25.659 0
      vertex 74.3697 25.465 0
    endloop
  endfacet
  facet normal 0.751966 -0.659202 0
    outer loop
      vertex 71.215 36.1197 3
      vertex 71.409 36.341 0
      vertex 71.409 36.341 3
    endloop
  endfacet
  facet normal 0.751966 -0.659202 0
    outer loop
      vertex 71.409 36.341 0
      vertex 71.215 36.1197 3
      vertex 71.215 36.1197 0
    endloop
  endfacet
  facet normal 0.321421 0.946936 -0
    outer loop
      vertex 72.4177 25.0767 0
      vertex 72.139 25.1713 3
      vertex 72.4177 25.0767 3
    endloop
  endfacet
  facet normal 0.321421 0.946936 0
    outer loop
      vertex 72.139 25.1713 3
      vertex 72.4177 25.0767 0
      vertex 72.139 25.1713 0
    endloop
  endfacet
  facet normal -0.659202 -0.751966 0
    outer loop
      vertex 74.3697 36.535 0
      vertex 74.591 36.341 3
      vertex 74.3697 36.535 3
    endloop
  endfacet
  facet normal -0.659202 -0.751966 -0
    outer loop
      vertex 74.591 36.341 3
      vertex 74.3697 36.535 0
      vertex 74.591 36.341 0
    endloop
  endfacet
  facet normal 0.751966 0.659202 0
    outer loop
      vertex 71.409 25.659 3
      vertex 71.215 25.8803 0
      vertex 71.215 25.8803 3
    endloop
  endfacet
  facet normal 0.751966 0.659202 0
    outer loop
      vertex 71.215 25.8803 0
      vertex 71.409 25.659 3
      vertex 71.409 25.659 0
    endloop
  endfacet
  facet normal 0.195397 0.980724 -0
    outer loop
      vertex 72.7063 25.0192 0
      vertex 72.4177 25.0767 3
      vertex 72.7063 25.0192 3
    endloop
  endfacet
  facet normal 0.195397 0.980724 0
    outer loop
      vertex 72.4177 25.0767 3
      vertex 72.7063 25.0192 0
      vertex 72.4177 25.0767 0
    endloop
  endfacet
  facet normal 0.659202 0.751966 -0
    outer loop
      vertex 71.6303 25.465 0
      vertex 71.409 25.659 3
      vertex 71.6303 25.465 3
    endloop
  endfacet
  facet normal 0.659202 0.751966 0
    outer loop
      vertex 71.409 25.659 3
      vertex 71.6303 25.465 0
      vertex 71.409 25.659 0
    endloop
  endfacet
  facet normal 0.946936 -0.321421 0
    outer loop
      vertex 70.8267 35.3323 2.75
      vertex 70.9213 35.611 0
      vertex 70.9213 35.611 2.75
    endloop
  endfacet
  facet normal 0.946936 -0.321421 0
    outer loop
      vertex 70.9213 35.611 0
      vertex 70.8267 35.3323 2.75
      vertex 70.8267 35.3323 0
    endloop
  endfacet
  facet normal 0.831318 0.555797 0
    outer loop
      vertex 71.215 25.8803 3
      vertex 71.0514 26.125 0
      vertex 71.0514 26.125 3
    endloop
  endfacet
  facet normal 0.831318 0.555797 0
    outer loop
      vertex 71.0514 26.125 0
      vertex 71.215 25.8803 3
      vertex 71.215 25.8803 0
    endloop
  endfacet
  facet normal 0.896995 0.442042 0
    outer loop
      vertex 71.0514 26.125 3
      vertex 70.9213 26.389 0
      vertex 70.9213 26.389 3
    endloop
  endfacet
  facet normal 0.896995 0.442042 0
    outer loop
      vertex 70.9213 26.389 0
      vertex 71.0514 26.125 3
      vertex 71.0514 26.125 0
    endloop
  endfacet
  facet normal 0.555797 0.831318 -0
    outer loop
      vertex 71.875 25.3014 0
      vertex 71.6303 25.465 3
      vertex 71.875 25.3014 3
    endloop
  endfacet
  facet normal 0.555797 0.831318 0
    outer loop
      vertex 71.6303 25.465 3
      vertex 71.875 25.3014 0
      vertex 71.6303 25.465 0
    endloop
  endfacet
  facet normal 0.195397 -0.980724 0
    outer loop
      vertex 72.4177 36.9233 0
      vertex 72.7063 36.9808 3
      vertex 72.4177 36.9233 3
    endloop
  endfacet
  facet normal 0.195397 -0.980724 0
    outer loop
      vertex 72.7063 36.9808 3
      vertex 72.4177 36.9233 0
      vertex 72.7063 36.9808 0
    endloop
  endfacet
  facet normal 0.321421 -0.946936 0
    outer loop
      vertex 72.139 36.8287 0
      vertex 72.4177 36.9233 3
      vertex 72.139 36.8287 3
    endloop
  endfacet
  facet normal 0.321421 -0.946936 0
    outer loop
      vertex 72.4177 36.9233 3
      vertex 72.139 36.8287 0
      vertex 72.4177 36.9233 0
    endloop
  endfacet
  facet normal -0.442042 0.896995 0
    outer loop
      vertex 74.125 25.3014 0
      vertex 73.861 25.1713 3
      vertex 74.125 25.3014 3
    endloop
  endfacet
  facet normal -0.442042 0.896995 0
    outer loop
      vertex 73.861 25.1713 3
      vertex 74.125 25.3014 0
      vertex 73.861 25.1713 0
    endloop
  endfacet
  facet normal 0.896995 -0.442042 0
    outer loop
      vertex 70.9213 35.611 2.75
      vertex 71.0514 35.875 0
      vertex 71.0514 35.875 2.75
    endloop
  endfacet
  facet normal 0.896995 -0.442042 0
    outer loop
      vertex 71.0514 35.875 0
      vertex 70.9213 35.611 2.75
      vertex 70.9213 35.611 0
    endloop
  endfacet
  facet normal -0.99787 0.0652336 0
    outer loop
      vertex 75.2308 26.9563 0
      vertex 75.25 27.25 2.75
      vertex 75.25 27.25 0
    endloop
  endfacet
  facet normal -0.99787 0.0652336 0
    outer loop
      vertex 75.25 27.25 2.75
      vertex 75.2308 26.9563 0
      vertex 75.2308 26.9563 2.75
    endloop
  endfacet
  facet normal -0.752096 0.659053 0
    outer loop
      vertex 74.785 25.8803 0
      vertex 74.7 25.7833 2.75
      vertex 74.785 25.8803 2.75
    endloop
  endfacet
  facet normal -0.751966 0.659202 9.26713e-06
    outer loop
      vertex 74.591 25.659 0
      vertex 74.7 25.7833 2.75
      vertex 74.785 25.8803 0
    endloop
  endfacet
  facet normal -0.751864 0.659318 0
    outer loop
      vertex 74.591 25.659 3
      vertex 74.7 25.7833 2.75
      vertex 74.591 25.659 0
    endloop
  endfacet
  facet normal -0.751864 0.659318 0
    outer loop
      vertex 74.7 25.7833 2.75
      vertex 74.591 25.659 3
      vertex 74.7 25.7833 3
    endloop
  endfacet
  facet normal -0.442042 -0.896995 0
    outer loop
      vertex 73.861 36.8287 0
      vertex 74.125 36.6986 3
      vertex 73.861 36.8287 3
    endloop
  endfacet
  facet normal -0.442042 -0.896995 -0
    outer loop
      vertex 74.125 36.6986 3
      vertex 73.861 36.8287 0
      vertex 74.125 36.6986 0
    endloop
  endfacet
  facet normal -0.0652336 -0.99787 0
    outer loop
      vertex 73 37 0
      vertex 73.2937 36.9808 3
      vertex 73 37 3
    endloop
  endfacet
  facet normal -0.0652336 -0.99787 -0
    outer loop
      vertex 73.2937 36.9808 3
      vertex 73 37 0
      vertex 73.2937 36.9808 0
    endloop
  endfacet
  facet normal 0.0652336 -0.99787 0
    outer loop
      vertex 72.7063 36.9808 0
      vertex 73 37 3
      vertex 72.7063 36.9808 3
    endloop
  endfacet
  facet normal 0.0652336 -0.99787 0
    outer loop
      vertex 73 37 3
      vertex 72.7063 36.9808 0
      vertex 73 37 0
    endloop
  endfacet
  facet normal -1 0 0
    outer loop
      vertex 75.25 27.25 0
      vertex 75.25 34.75 2.75
      vertex 75.25 34.75 0
    endloop
  endfacet
  facet normal -1 -0 0
    outer loop
      vertex 75.25 34.75 2.75
      vertex 75.25 27.25 0
      vertex 75.25 27.25 2.75
    endloop
  endfacet
  facet normal -0.83075 -0.556645 0
    outer loop
      vertex 74.785 36.1197 0
      vertex 74.7982 36.1 2.75
      vertex 74.785 36.1197 3
    endloop
  endfacet
  facet normal -0.831318 -0.555797 8.7959e-06
    outer loop
      vertex 74.9486 35.875 0
      vertex 74.7982 36.1 2.75
      vertex 74.785 36.1197 0
    endloop
  endfacet
  facet normal -0.831368 -0.555723 0
    outer loop
      vertex 74.7982 36.1 2.75
      vertex 74.9486 35.875 0
      vertex 74.9486 35.875 2.75
    endloop
  endfacet
  facet normal -0.83075 -0.556645 0
    outer loop
      vertex 74.785 36.1197 3
      vertex 74.7982 36.1 2.75
      vertex 74.7982 36.1 3
    endloop
  endfacet
  facet normal -0.555797 -0.831318 0
    outer loop
      vertex 74.125 36.6986 0
      vertex 74.3697 36.535 3
      vertex 74.125 36.6986 3
    endloop
  endfacet
  facet normal -0.555797 -0.831318 -0
    outer loop
      vertex 74.3697 36.535 3
      vertex 74.125 36.6986 0
      vertex 74.3697 36.535 0
    endloop
  endfacet
  facet normal 0.442042 -0.896995 0
    outer loop
      vertex 71.875 36.6986 0
      vertex 72.139 36.8287 3
      vertex 71.875 36.6986 3
    endloop
  endfacet
  facet normal 0.442042 -0.896995 0
    outer loop
      vertex 72.139 36.8287 3
      vertex 71.875 36.6986 0
      vertex 72.139 36.8287 0
    endloop
  endfacet
  facet normal -0.946936 0.321421 0
    outer loop
      vertex 75.0787 26.389 0
      vertex 75.1733 26.6677 2.75
      vertex 75.1733 26.6677 0
    endloop
  endfacet
  facet normal -0.946936 0.321421 0
    outer loop
      vertex 75.1733 26.6677 2.75
      vertex 75.0787 26.389 0
      vertex 75.0787 26.389 2.75
    endloop
  endfacet
  facet normal 0.980724 0.195397 0
    outer loop
      vertex 70.8267 26.6677 3
      vertex 70.7692 26.9563 0
      vertex 70.7692 26.9563 3
    endloop
  endfacet
  facet normal 0.980724 0.195397 0
    outer loop
      vertex 70.7692 26.9563 0
      vertex 70.8267 26.6677 3
      vertex 70.8267 26.6677 0
    endloop
  endfacet
  facet normal -0.980724 -0.195397 0
    outer loop
      vertex 75.2308 35.0437 0
      vertex 75.1733 35.3323 2.75
      vertex 75.1733 35.3323 0
    endloop
  endfacet
  facet normal -0.980724 -0.195397 0
    outer loop
      vertex 75.1733 35.3323 2.75
      vertex 75.2308 35.0437 0
      vertex 75.2308 35.0437 2.75
    endloop
  endfacet
  facet normal 0.555797 -0.831318 0
    outer loop
      vertex 71.6303 36.535 0
      vertex 71.875 36.6986 3
      vertex 71.6303 36.535 3
    endloop
  endfacet
  facet normal 0.555797 -0.831318 0
    outer loop
      vertex 71.875 36.6986 3
      vertex 71.6303 36.535 0
      vertex 71.875 36.6986 0
    endloop
  endfacet
  facet normal -0.946936 -0.321421 0
    outer loop
      vertex 75.1733 35.3323 0
      vertex 75.0787 35.611 2.75
      vertex 75.0787 35.611 0
    endloop
  endfacet
  facet normal -0.946936 -0.321421 0
    outer loop
      vertex 75.0787 35.611 2.75
      vertex 75.1733 35.3323 0
      vertex 75.1733 35.3323 2.75
    endloop
  endfacet
  facet normal -0.555797 0.831318 0
    outer loop
      vertex 74.3697 25.465 0
      vertex 74.125 25.3014 3
      vertex 74.3697 25.465 3
    endloop
  endfacet
  facet normal -0.555797 0.831318 0
    outer loop
      vertex 74.125 25.3014 3
      vertex 74.3697 25.465 0
      vertex 74.125 25.3014 0
    endloop
  endfacet
  facet normal -0.980724 0.195397 0
    outer loop
      vertex 75.1733 26.6677 0
      vertex 75.2308 26.9563 2.75
      vertex 75.2308 26.9563 0
    endloop
  endfacet
  facet normal -0.980724 0.195397 0
    outer loop
      vertex 75.2308 26.9563 2.75
      vertex 75.1733 26.6677 0
      vertex 75.1733 26.6677 2.75
    endloop
  endfacet
  facet normal -0.321421 0.946936 0
    outer loop
      vertex 73.861 25.1713 0
      vertex 73.5823 25.0767 3
      vertex 73.861 25.1713 3
    endloop
  endfacet
  facet normal -0.321421 0.946936 0
    outer loop
      vertex 73.5823 25.0767 3
      vertex 73.861 25.1713 0
      vertex 73.5823 25.0767 0
    endloop
  endfacet
  facet normal -0.195013 0.980801 0
    outer loop
      vertex -51.4824 -16.9319 0
      vertex -51.7389 -16.9829 3
      vertex -51.4824 -16.9319 3
    endloop
  endfacet
  facet normal -0.195013 0.980801 0
    outer loop
      vertex -51.7389 -16.9829 3
      vertex -51.4824 -16.9319 0
      vertex -51.7389 -16.9829 0
    endloop
  endfacet
  facet normal 0.94695 -0.321382 0
    outer loop
      vertex -53.9319 15.5176 3
      vertex -53.8478 15.7654 0
      vertex -53.8478 15.7654 3
    endloop
  endfacet
  facet normal 0.94695 -0.321382 0
    outer loop
      vertex -53.8478 15.7654 0
      vertex -53.9319 15.5176 3
      vertex -53.9319 15.5176 0
    endloop
  endfacet
  facet normal -0.0653521 0.997862 0
    outer loop
      vertex -51.7389 -16.9829 0
      vertex -52 -17 3
      vertex -51.7389 -16.9829 3
    endloop
  endfacet
  facet normal -0.0653521 0.997862 0
    outer loop
      vertex -52 -17 3
      vertex -51.7389 -16.9829 0
      vertex -52 -17 0
    endloop
  endfacet
  facet normal 1 -0 0
    outer loop
      vertex -54 -15 3
      vertex -54 15 0
      vertex -54 15 3
    endloop
  endfacet
  facet normal 1 0 0
    outer loop
      vertex -54 15 0
      vertex -54 -15 3
      vertex -54 -15 0
    endloop
  endfacet
  facet normal 0.997862 0.0653521 0
    outer loop
      vertex -53.9829 -15.2611 3
      vertex -54 -15 0
      vertex -54 -15 3
    endloop
  endfacet
  facet normal 0.997862 0.0653521 0
    outer loop
      vertex -54 -15 0
      vertex -53.9829 -15.2611 3
      vertex -53.9829 -15.2611 0
    endloop
  endfacet
  facet normal 0.555494 0.831521 -0
    outer loop
      vertex -53 -16.732 0
      vertex -53.2175 -16.5867 3
      vertex -53 -16.732 3
    endloop
  endfacet
  facet normal 0.555494 0.831521 0
    outer loop
      vertex -53.2175 -16.5867 3
      vertex -53 -16.732 0
      vertex -53.2175 -16.5867 0
    endloop
  endfacet
  facet normal -0.321382 0.94695 0
    outer loop
      vertex -51.2346 -16.8478 0
      vertex -51.4824 -16.9319 3
      vertex -51.2346 -16.8478 3
    endloop
  endfacet
  facet normal -0.321382 0.94695 0
    outer loop
      vertex -51.4824 -16.9319 3
      vertex -51.2346 -16.8478 0
      vertex -51.4824 -16.9319 0
    endloop
  endfacet
  facet normal 0.896709 0.442621 0
    outer loop
      vertex -53.732 -16 3
      vertex -53.8478 -15.7654 0
      vertex -53.8478 -15.7654 3
    endloop
  endfacet
  facet normal 0.896709 0.442621 0
    outer loop
      vertex -53.8478 -15.7654 0
      vertex -53.732 -16 3
      vertex -53.732 -16 0
    endloop
  endfacet
  facet normal 0.442621 0.896709 -0
    outer loop
      vertex -52.7654 -16.8478 0
      vertex -53 -16.732 3
      vertex -52.7654 -16.8478 3
    endloop
  endfacet
  facet normal 0.442621 0.896709 0
    outer loop
      vertex -53 -16.732 3
      vertex -52.7654 -16.8478 0
      vertex -53 -16.732 0
    endloop
  endfacet
  facet normal 0.94695 0.321382 0
    outer loop
      vertex -53.8478 -15.7654 3
      vertex -53.9319 -15.5176 0
      vertex -53.9319 -15.5176 3
    endloop
  endfacet
  facet normal 0.94695 0.321382 0
    outer loop
      vertex -53.9319 -15.5176 0
      vertex -53.8478 -15.7654 3
      vertex -53.8478 -15.7654 0
    endloop
  endfacet
  facet normal -0.751842 0.659343 0
    outer loop
      vertex -50.5858 -16.4142 0
      vertex -50.4133 -16.2175 3
      vertex -50.4133 -16.2175 0
    endloop
  endfacet
  facet normal -0.751842 0.659343 0
    outer loop
      vertex -50.4133 -16.2175 3
      vertex -50.5858 -16.4142 0
      vertex -50.5858 -16.4142 3
    endloop
  endfacet
  facet normal 0.195013 0.980801 -0
    outer loop
      vertex -52.2611 -16.9829 0
      vertex -52.5176 -16.9319 3
      vertex -52.2611 -16.9829 3
    endloop
  endfacet
  facet normal 0.195013 0.980801 0
    outer loop
      vertex -52.5176 -16.9319 3
      vertex -52.2611 -16.9829 0
      vertex -52.5176 -16.9319 0
    endloop
  endfacet
  facet normal -1 0 0
    outer loop
      vertex -50 -15 0
      vertex -50 15 3
      vertex -50 15 0
    endloop
  endfacet
  facet normal -1 -0 0
    outer loop
      vertex -50 15 3
      vertex -50 -15 0
      vertex -50 -15 3
    endloop
  endfacet
  facet normal -0.89686 -0.442314 0
    outer loop
      vertex -50.1522 15.7654 0
      vertex -50.2679 16 3
      vertex -50.2679 16 0
    endloop
  endfacet
  facet normal -0.89686 -0.442314 0
    outer loop
      vertex -50.2679 16 3
      vertex -50.1522 15.7654 0
      vertex -50.1522 15.7654 3
    endloop
  endfacet
  facet normal 0.321382 0.94695 -0
    outer loop
      vertex -52.5176 -16.9319 0
      vertex -52.7654 -16.8478 3
      vertex -52.5176 -16.9319 3
    endloop
  endfacet
  facet normal 0.321382 0.94695 0
    outer loop
      vertex -52.7654 -16.8478 3
      vertex -52.5176 -16.9319 0
      vertex -52.7654 -16.8478 0
    endloop
  endfacet
  facet normal 0.831521 -0.555494 0
    outer loop
      vertex -53.732 16 3
      vertex -53.5867 16.2175 0
      vertex -53.5867 16.2175 3
    endloop
  endfacet
  facet normal 0.831521 -0.555494 0
    outer loop
      vertex -53.5867 16.2175 0
      vertex -53.732 16 3
      vertex -53.732 16 0
    endloop
  endfacet
  facet normal 0.896709 -0.442621 0
    outer loop
      vertex -53.8478 15.7654 3
      vertex -53.732 16 0
      vertex -53.732 16 3
    endloop
  endfacet
  facet normal 0.896709 -0.442621 0
    outer loop
      vertex -53.732 16 0
      vertex -53.8478 15.7654 3
      vertex -53.8478 15.7654 0
    endloop
  endfacet
  facet normal -0.0653521 -0.997862 0
    outer loop
      vertex -52 17 0
      vertex -51.7389 16.9829 3
      vertex -52 17 3
    endloop
  endfacet
  facet normal -0.0653521 -0.997862 -0
    outer loop
      vertex -51.7389 16.9829 3
      vertex -52 17 0
      vertex -51.7389 16.9829 0
    endloop
  endfacet
  facet normal 0.751842 0.659343 0
    outer loop
      vertex -53.4142 -16.4142 3
      vertex -53.5867 -16.2175 0
      vertex -53.5867 -16.2175 3
    endloop
  endfacet
  facet normal 0.751842 0.659343 0
    outer loop
      vertex -53.5867 -16.2175 0
      vertex -53.4142 -16.4142 3
      vertex -53.4142 -16.4142 0
    endloop
  endfacet
  facet normal 0.751842 -0.659343 0
    outer loop
      vertex -53.5867 16.2175 3
      vertex -53.4142 16.4142 0
      vertex -53.4142 16.4142 3
    endloop
  endfacet
  facet normal 0.751842 -0.659343 0
    outer loop
      vertex -53.4142 16.4142 0
      vertex -53.5867 16.2175 3
      vertex -53.5867 16.2175 0
    endloop
  endfacet
  facet normal 0.659343 -0.751842 0
    outer loop
      vertex -53.4142 16.4142 0
      vertex -53.2175 16.5867 3
      vertex -53.4142 16.4142 3
    endloop
  endfacet
  facet normal 0.659343 -0.751842 0
    outer loop
      vertex -53.2175 16.5867 3
      vertex -53.4142 16.4142 0
      vertex -53.2175 16.5867 0
    endloop
  endfacet
  facet normal 0.659343 0.751842 -0
    outer loop
      vertex -53.2175 -16.5867 0
      vertex -53.4142 -16.4142 3
      vertex -53.2175 -16.5867 3
    endloop
  endfacet
  facet normal 0.659343 0.751842 0
    outer loop
      vertex -53.4142 -16.4142 3
      vertex -53.2175 -16.5867 0
      vertex -53.4142 -16.4142 0
    endloop
  endfacet
  facet normal -0.321382 -0.94695 0
    outer loop
      vertex -51.4824 16.9319 0
      vertex -51.2346 16.8478 3
      vertex -51.4824 16.9319 3
    endloop
  endfacet
  facet normal -0.321382 -0.94695 -0
    outer loop
      vertex -51.2346 16.8478 3
      vertex -51.4824 16.9319 0
      vertex -51.2346 16.8478 0
    endloop
  endfacet
  facet normal 0.195013 -0.980801 0
    outer loop
      vertex -52.5176 16.9319 0
      vertex -52.2611 16.9829 3
      vertex -52.5176 16.9319 3
    endloop
  endfacet
  facet normal 0.195013 -0.980801 0
    outer loop
      vertex -52.2611 16.9829 3
      vertex -52.5176 16.9319 0
      vertex -52.2611 16.9829 0
    endloop
  endfacet
  facet normal 0.980801 0.195013 0
    outer loop
      vertex -53.9319 -15.5176 3
      vertex -53.9829 -15.2611 0
      vertex -53.9829 -15.2611 3
    endloop
  endfacet
  facet normal 0.980801 0.195013 0
    outer loop
      vertex -53.9829 -15.2611 0
      vertex -53.9319 -15.5176 3
      vertex -53.9319 -15.5176 0
    endloop
  endfacet
  facet normal 0.0653521 -0.997862 0
    outer loop
      vertex -52.2611 16.9829 0
      vertex -52 17 3
      vertex -52.2611 16.9829 3
    endloop
  endfacet
  facet normal 0.0653521 -0.997862 0
    outer loop
      vertex -52 17 3
      vertex -52.2611 16.9829 0
      vertex -52 17 0
    endloop
  endfacet
  facet normal 0.321382 -0.94695 0
    outer loop
      vertex -52.7654 16.8478 0
      vertex -52.5176 16.9319 3
      vertex -52.7654 16.8478 3
    endloop
  endfacet
  facet normal 0.321382 -0.94695 0
    outer loop
      vertex -52.5176 16.9319 3
      vertex -52.7654 16.8478 0
      vertex -52.5176 16.9319 0
    endloop
  endfacet
  facet normal -0.751842 -0.659343 0
    outer loop
      vertex -50.4133 16.2175 0
      vertex -50.5858 16.4142 3
      vertex -50.5858 16.4142 0
    endloop
  endfacet
  facet normal -0.751842 -0.659343 0
    outer loop
      vertex -50.5858 16.4142 3
      vertex -50.4133 16.2175 0
      vertex -50.4133 16.2175 3
    endloop
  endfacet
  facet normal -0.195013 -0.980801 0
    outer loop
      vertex -51.7389 16.9829 0
      vertex -51.4824 16.9319 3
      vertex -51.7389 16.9829 3
    endloop
  endfacet
  facet normal -0.195013 -0.980801 -0
    outer loop
      vertex -51.4824 16.9319 3
      vertex -51.7389 16.9829 0
      vertex -51.4824 16.9319 0
    endloop
  endfacet
  facet normal -0.997862 -0.0653521 0
    outer loop
      vertex -50 15 0
      vertex -50.0171 15.2611 3
      vertex -50.0171 15.2611 0
    endloop
  endfacet
  facet normal -0.997862 -0.0653521 0
    outer loop
      vertex -50.0171 15.2611 3
      vertex -50 15 0
      vertex -50 15 3
    endloop
  endfacet
  facet normal -0.94695 -0.321382 0
    outer loop
      vertex -50.0681 15.5176 0
      vertex -50.1522 15.7654 3
      vertex -50.1522 15.7654 0
    endloop
  endfacet
  facet normal -0.94695 -0.321382 0
    outer loop
      vertex -50.1522 15.7654 3
      vertex -50.0681 15.5176 0
      vertex -50.0681 15.5176 3
    endloop
  endfacet
  facet normal -0.555494 -0.831521 0
    outer loop
      vertex -51 16.732 0
      vertex -50.7825 16.5867 3
      vertex -51 16.732 3
    endloop
  endfacet
  facet normal -0.555494 -0.831521 -0
    outer loop
      vertex -50.7825 16.5867 3
      vertex -51 16.732 0
      vertex -50.7825 16.5867 0
    endloop
  endfacet
  facet normal 0.0653521 0.997862 -0
    outer loop
      vertex -52 -17 0
      vertex -52.2611 -16.9829 3
      vertex -52 -17 3
    endloop
  endfacet
  facet normal 0.0653521 0.997862 0
    outer loop
      vertex -52.2611 -16.9829 3
      vertex -52 -17 0
      vertex -52.2611 -16.9829 0
    endloop
  endfacet
  facet normal 0.555494 -0.831521 0
    outer loop
      vertex -53.2175 16.5867 0
      vertex -53 16.732 3
      vertex -53.2175 16.5867 3
    endloop
  endfacet
  facet normal 0.555494 -0.831521 0
    outer loop
      vertex -53 16.732 3
      vertex -53.2175 16.5867 0
      vertex -53 16.732 0
    endloop
  endfacet
  facet normal -0.980801 -0.195013 0
    outer loop
      vertex -50.0171 15.2611 0
      vertex -50.0681 15.5176 3
      vertex -50.0681 15.5176 0
    endloop
  endfacet
  facet normal -0.980801 -0.195013 0
    outer loop
      vertex -50.0681 15.5176 3
      vertex -50.0171 15.2611 0
      vertex -50.0171 15.2611 3
    endloop
  endfacet
  facet normal 0.831521 0.555494 0
    outer loop
      vertex -53.5867 -16.2175 3
      vertex -53.732 -16 0
      vertex -53.732 -16 3
    endloop
  endfacet
  facet normal 0.831521 0.555494 0
    outer loop
      vertex -53.732 -16 0
      vertex -53.5867 -16.2175 3
      vertex -53.5867 -16.2175 0
    endloop
  endfacet
  facet normal -0.659343 0.751842 0
    outer loop
      vertex -50.5858 -16.4142 0
      vertex -50.7825 -16.5867 3
      vertex -50.5858 -16.4142 3
    endloop
  endfacet
  facet normal -0.659343 0.751842 0
    outer loop
      vertex -50.7825 -16.5867 3
      vertex -50.5858 -16.4142 0
      vertex -50.7825 -16.5867 0
    endloop
  endfacet
  facet normal -0.442621 -0.896709 0
    outer loop
      vertex -51.2346 16.8478 0
      vertex -51 16.732 3
      vertex -51.2346 16.8478 3
    endloop
  endfacet
  facet normal -0.442621 -0.896709 -0
    outer loop
      vertex -51 16.732 3
      vertex -51.2346 16.8478 0
      vertex -51 16.732 0
    endloop
  endfacet
  facet normal 0.442621 -0.896709 0
    outer loop
      vertex -53 16.732 0
      vertex -52.7654 16.8478 3
      vertex -53 16.732 3
    endloop
  endfacet
  facet normal 0.442621 -0.896709 0
    outer loop
      vertex -52.7654 16.8478 3
      vertex -53 16.732 0
      vertex -52.7654 16.8478 0
    endloop
  endfacet
  facet normal -0.980801 0.195013 0
    outer loop
      vertex -50.0681 -15.5176 0
      vertex -50.0171 -15.2611 3
      vertex -50.0171 -15.2611 0
    endloop
  endfacet
  facet normal -0.980801 0.195013 0
    outer loop
      vertex -50.0171 -15.2611 3
      vertex -50.0681 -15.5176 0
      vertex -50.0681 -15.5176 3
    endloop
  endfacet
  facet normal -0.94695 0.321382 0
    outer loop
      vertex -50.1522 -15.7654 0
      vertex -50.0681 -15.5176 3
      vertex -50.0681 -15.5176 0
    endloop
  endfacet
  facet normal -0.94695 0.321382 0
    outer loop
      vertex -50.0681 -15.5176 3
      vertex -50.1522 -15.7654 0
      vertex -50.1522 -15.7654 3
    endloop
  endfacet
  facet normal 0.997862 -0.0653521 0
    outer loop
      vertex -54 15 3
      vertex -53.9829 15.2611 0
      vertex -53.9829 15.2611 3
    endloop
  endfacet
  facet normal 0.997862 -0.0653521 0
    outer loop
      vertex -53.9829 15.2611 0
      vertex -54 15 3
      vertex -54 15 0
    endloop
  endfacet
  facet normal -0.442621 0.896709 0
    outer loop
      vertex -51 -16.732 0
      vertex -51.2346 -16.8478 3
      vertex -51 -16.732 3
    endloop
  endfacet
  facet normal -0.442621 0.896709 0
    outer loop
      vertex -51.2346 -16.8478 3
      vertex -51 -16.732 0
      vertex -51.2346 -16.8478 0
    endloop
  endfacet
  facet normal 0.980801 -0.195013 0
    outer loop
      vertex -53.9829 15.2611 3
      vertex -53.9319 15.5176 0
      vertex -53.9319 15.5176 3
    endloop
  endfacet
  facet normal 0.980801 -0.195013 0
    outer loop
      vertex -53.9319 15.5176 0
      vertex -53.9829 15.2611 3
      vertex -53.9829 15.2611 0
    endloop
  endfacet
  facet normal -0.831344 -0.555758 0
    outer loop
      vertex -50.2679 16 0
      vertex -50.4133 16.2175 3
      vertex -50.4133 16.2175 0
    endloop
  endfacet
  facet normal -0.831344 -0.555758 0
    outer loop
      vertex -50.4133 16.2175 3
      vertex -50.2679 16 0
      vertex -50.2679 16 3
    endloop
  endfacet
  facet normal -0.659343 -0.751842 0
    outer loop
      vertex -50.7825 16.5867 0
      vertex -50.5858 16.4142 3
      vertex -50.7825 16.5867 3
    endloop
  endfacet
  facet normal -0.659343 -0.751842 -0
    outer loop
      vertex -50.5858 16.4142 3
      vertex -50.7825 16.5867 0
      vertex -50.5858 16.4142 0
    endloop
  endfacet
  facet normal -0.89686 0.442314 0
    outer loop
      vertex -50.2679 -16 0
      vertex -50.1522 -15.7654 3
      vertex -50.1522 -15.7654 0
    endloop
  endfacet
  facet normal -0.89686 0.442314 0
    outer loop
      vertex -50.1522 -15.7654 3
      vertex -50.2679 -16 0
      vertex -50.2679 -16 3
    endloop
  endfacet
  facet normal -0.997862 0.0653521 0
    outer loop
      vertex -50.0171 -15.2611 0
      vertex -50 -15 3
      vertex -50 -15 0
    endloop
  endfacet
  facet normal -0.997862 0.0653521 0
    outer loop
      vertex -50 -15 3
      vertex -50.0171 -15.2611 0
      vertex -50.0171 -15.2611 3
    endloop
  endfacet
  facet normal -0.555494 0.831521 0
    outer loop
      vertex -50.7825 -16.5867 0
      vertex -51 -16.732 3
      vertex -50.7825 -16.5867 3
    endloop
  endfacet
  facet normal -0.555494 0.831521 0
    outer loop
      vertex -51 -16.732 3
      vertex -50.7825 -16.5867 0
      vertex -51 -16.732 0
    endloop
  endfacet
  facet normal -0.831344 0.555758 0
    outer loop
      vertex -50.4133 -16.2175 0
      vertex -50.2679 -16 3
      vertex -50.2679 -16 0
    endloop
  endfacet
  facet normal -0.831344 0.555758 0
    outer loop
      vertex -50.2679 -16 3
      vertex -50.4133 -16.2175 0
      vertex -50.4133 -16.2175 3
    endloop
  endfacet
  facet normal -0.195013 0.980801 0
    outer loop
      vertex -35.4824 -16.9319 0
      vertex -35.7389 -16.9829 3
      vertex -35.4824 -16.9319 3
    endloop
  endfacet
  facet normal -0.195013 0.980801 0
    outer loop
      vertex -35.7389 -16.9829 3
      vertex -35.4824 -16.9319 0
      vertex -35.7389 -16.9829 0
    endloop
  endfacet
  facet normal -0.0653521 0.997862 0
    outer loop
      vertex -35.7389 -16.9829 0
      vertex -36 -17 3
      vertex -35.7389 -16.9829 3
    endloop
  endfacet
  facet normal -0.0653521 0.997862 0
    outer loop
      vertex -36 -17 3
      vertex -35.7389 -16.9829 0
      vertex -36 -17 0
    endloop
  endfacet
  facet normal 0.659343 0.751842 -0
    outer loop
      vertex -37.2175 -16.5867 0
      vertex -37.4142 -16.4142 3
      vertex -37.2175 -16.5867 3
    endloop
  endfacet
  facet normal 0.659343 0.751842 0
    outer loop
      vertex -37.4142 -16.4142 3
      vertex -37.2175 -16.5867 0
      vertex -37.4142 -16.4142 0
    endloop
  endfacet
  facet normal 1 -0 0
    outer loop
      vertex -38 -15 3
      vertex -38 15 0
      vertex -38 15 3
    endloop
  endfacet
  facet normal 1 0 0
    outer loop
      vertex -38 15 0
      vertex -38 -15 3
      vertex -38 -15 0
    endloop
  endfacet
  facet normal 0.555494 0.831521 -0
    outer loop
      vertex -37 -16.732 0
      vertex -37.2175 -16.5867 3
      vertex -37 -16.732 3
    endloop
  endfacet
  facet normal 0.555494 0.831521 0
    outer loop
      vertex -37.2175 -16.5867 3
      vertex -37 -16.732 0
      vertex -37.2175 -16.5867 0
    endloop
  endfacet
  facet normal 0.555494 -0.831521 0
    outer loop
      vertex -37.2175 16.5867 0
      vertex -37 16.732 3
      vertex -37.2175 16.5867 3
    endloop
  endfacet
  facet normal 0.555494 -0.831521 0
    outer loop
      vertex -37 16.732 3
      vertex -37.2175 16.5867 0
      vertex -37 16.732 0
    endloop
  endfacet
  facet normal 0.195013 0.980801 -0
    outer loop
      vertex -36.2611 -16.9829 0
      vertex -36.5176 -16.9319 3
      vertex -36.2611 -16.9829 3
    endloop
  endfacet
  facet normal 0.195013 0.980801 0
    outer loop
      vertex -36.5176 -16.9319 3
      vertex -36.2611 -16.9829 0
      vertex -36.5176 -16.9319 0
    endloop
  endfacet
  facet normal 0.896709 0.442621 0
    outer loop
      vertex -37.732 -16 3
      vertex -37.8478 -15.7654 0
      vertex -37.8478 -15.7654 3
    endloop
  endfacet
  facet normal 0.896709 0.442621 0
    outer loop
      vertex -37.8478 -15.7654 0
      vertex -37.732 -16 3
      vertex -37.732 -16 0
    endloop
  endfacet
  facet normal -0.751842 0.659343 0
    outer loop
      vertex -34.5858 -16.4142 0
      vertex -34.4133 -16.2175 3
      vertex -34.4133 -16.2175 0
    endloop
  endfacet
  facet normal -0.751842 0.659343 0
    outer loop
      vertex -34.4133 -16.2175 3
      vertex -34.5858 -16.4142 0
      vertex -34.5858 -16.4142 3
    endloop
  endfacet
  facet normal 0.997862 0.0653521 0
    outer loop
      vertex -37.9829 -15.2611 3
      vertex -38 -15 0
      vertex -38 -15 3
    endloop
  endfacet
  facet normal 0.997862 0.0653521 0
    outer loop
      vertex -38 -15 0
      vertex -37.9829 -15.2611 3
      vertex -37.9829 -15.2611 0
    endloop
  endfacet
  facet normal 0.980801 0.195013 0
    outer loop
      vertex -37.9319 -15.5176 3
      vertex -37.9829 -15.2611 0
      vertex -37.9829 -15.2611 3
    endloop
  endfacet
  facet normal 0.980801 0.195013 0
    outer loop
      vertex -37.9829 -15.2611 0
      vertex -37.9319 -15.5176 3
      vertex -37.9319 -15.5176 0
    endloop
  endfacet
  facet normal 0.321382 0.94695 -0
    outer loop
      vertex -36.5176 -16.9319 0
      vertex -36.7654 -16.8478 3
      vertex -36.5176 -16.9319 3
    endloop
  endfacet
  facet normal 0.321382 0.94695 0
    outer loop
      vertex -36.7654 -16.8478 3
      vertex -36.5176 -16.9319 0
      vertex -36.7654 -16.8478 0
    endloop
  endfacet
  facet normal -0.321382 -0.94695 0
    outer loop
      vertex -35.4824 16.9319 0
      vertex -35.2346 16.8478 3
      vertex -35.4824 16.9319 3
    endloop
  endfacet
  facet normal -0.321382 -0.94695 -0
    outer loop
      vertex -35.2346 16.8478 3
      vertex -35.4824 16.9319 0
      vertex -35.2346 16.8478 0
    endloop
  endfacet
  facet normal -0.94695 -0.321382 0
    outer loop
      vertex -34.0681 15.5176 0
      vertex -34.1522 15.7654 3
      vertex -34.1522 15.7654 0
    endloop
  endfacet
  facet normal -0.94695 -0.321382 0
    outer loop
      vertex -34.1522 15.7654 3
      vertex -34.0681 15.5176 0
      vertex -34.0681 15.5176 3
    endloop
  endfacet
  facet normal -0.94695 0.321382 0
    outer loop
      vertex -34.1522 -15.7654 0
      vertex -34.0681 -15.5176 3
      vertex -34.0681 -15.5176 0
    endloop
  endfacet
  facet normal -0.94695 0.321382 0
    outer loop
      vertex -34.0681 -15.5176 3
      vertex -34.1522 -15.7654 0
      vertex -34.1522 -15.7654 3
    endloop
  endfacet
  facet normal 0.980801 -0.195013 0
    outer loop
      vertex -37.9829 15.2611 3
      vertex -37.9319 15.5176 0
      vertex -37.9319 15.5176 3
    endloop
  endfacet
  facet normal 0.980801 -0.195013 0
    outer loop
      vertex -37.9319 15.5176 0
      vertex -37.9829 15.2611 3
      vertex -37.9829 15.2611 0
    endloop
  endfacet
  facet normal 0.94695 0.321382 0
    outer loop
      vertex -37.8478 -15.7654 3
      vertex -37.9319 -15.5176 0
      vertex -37.9319 -15.5176 3
    endloop
  endfacet
  facet normal 0.94695 0.321382 0
    outer loop
      vertex -37.9319 -15.5176 0
      vertex -37.8478 -15.7654 3
      vertex -37.8478 -15.7654 0
    endloop
  endfacet
  facet normal -0.442621 0.896709 0
    outer loop
      vertex -35 -16.732 0
      vertex -35.2346 -16.8478 3
      vertex -35 -16.732 3
    endloop
  endfacet
  facet normal -0.442621 0.896709 0
    outer loop
      vertex -35.2346 -16.8478 3
      vertex -35 -16.732 0
      vertex -35.2346 -16.8478 0
    endloop
  endfacet
  facet normal -0.321382 0.94695 0
    outer loop
      vertex -35.2346 -16.8478 0
      vertex -35.4824 -16.9319 3
      vertex -35.2346 -16.8478 3
    endloop
  endfacet
  facet normal -0.321382 0.94695 0
    outer loop
      vertex -35.4824 -16.9319 3
      vertex -35.2346 -16.8478 0
      vertex -35.4824 -16.9319 0
    endloop
  endfacet
  facet normal 0.0653521 0.997862 -0
    outer loop
      vertex -36 -17 0
      vertex -36.2611 -16.9829 3
      vertex -36 -17 3
    endloop
  endfacet
  facet normal 0.0653521 0.997862 0
    outer loop
      vertex -36.2611 -16.9829 3
      vertex -36 -17 0
      vertex -36.2611 -16.9829 0
    endloop
  endfacet
  facet normal 0.831521 0.555494 0
    outer loop
      vertex -37.5867 -16.2175 3
      vertex -37.732 -16 0
      vertex -37.732 -16 3
    endloop
  endfacet
  facet normal 0.831521 0.555494 0
    outer loop
      vertex -37.732 -16 0
      vertex -37.5867 -16.2175 3
      vertex -37.5867 -16.2175 0
    endloop
  endfacet
  facet normal -0.555494 -0.831521 0
    outer loop
      vertex -35 16.732 0
      vertex -34.7825 16.5867 3
      vertex -35 16.732 3
    endloop
  endfacet
  facet normal -0.555494 -0.831521 -0
    outer loop
      vertex -34.7825 16.5867 3
      vertex -35 16.732 0
      vertex -34.7825 16.5867 0
    endloop
  endfacet
  facet normal -1 0 0
    outer loop
      vertex -34 -15 0
      vertex -34 15 3
      vertex -34 15 0
    endloop
  endfacet
  facet normal -1 -0 0
    outer loop
      vertex -34 15 3
      vertex -34 -15 0
      vertex -34 -15 3
    endloop
  endfacet
  facet normal 0.997862 -0.0653521 0
    outer loop
      vertex -38 15 3
      vertex -37.9829 15.2611 0
      vertex -37.9829 15.2611 3
    endloop
  endfacet
  facet normal 0.997862 -0.0653521 0
    outer loop
      vertex -37.9829 15.2611 0
      vertex -38 15 3
      vertex -38 15 0
    endloop
  endfacet
  facet normal 0.442621 -0.896709 0
    outer loop
      vertex -37 16.732 0
      vertex -36.7654 16.8478 3
      vertex -37 16.732 3
    endloop
  endfacet
  facet normal 0.442621 -0.896709 0
    outer loop
      vertex -36.7654 16.8478 3
      vertex -37 16.732 0
      vertex -36.7654 16.8478 0
    endloop
  endfacet
  facet normal -0.751842 -0.659343 0
    outer loop
      vertex -34.4133 16.2175 0
      vertex -34.5858 16.4142 3
      vertex -34.5858 16.4142 0
    endloop
  endfacet
  facet normal -0.751842 -0.659343 0
    outer loop
      vertex -34.5858 16.4142 3
      vertex -34.4133 16.2175 0
      vertex -34.4133 16.2175 3
    endloop
  endfacet
  facet normal 0.751842 0.659343 0
    outer loop
      vertex -37.4142 -16.4142 3
      vertex -37.5867 -16.2175 0
      vertex -37.5867 -16.2175 3
    endloop
  endfacet
  facet normal 0.751842 0.659343 0
    outer loop
      vertex -37.5867 -16.2175 0
      vertex -37.4142 -16.4142 3
      vertex -37.4142 -16.4142 0
    endloop
  endfacet
  facet normal 0.831521 -0.555494 0
    outer loop
      vertex -37.732 16 3
      vertex -37.5867 16.2175 0
      vertex -37.5867 16.2175 3
    endloop
  endfacet
  facet normal 0.831521 -0.555494 0
    outer loop
      vertex -37.5867 16.2175 0
      vertex -37.732 16 3
      vertex -37.732 16 0
    endloop
  endfacet
  facet normal -0.442621 -0.896709 0
    outer loop
      vertex -35.2346 16.8478 0
      vertex -35 16.732 3
      vertex -35.2346 16.8478 3
    endloop
  endfacet
  facet normal -0.442621 -0.896709 -0
    outer loop
      vertex -35 16.732 3
      vertex -35.2346 16.8478 0
      vertex -35 16.732 0
    endloop
  endfacet
  facet normal -0.555494 0.831521 0
    outer loop
      vertex -34.7825 -16.5867 0
      vertex -35 -16.732 3
      vertex -34.7825 -16.5867 3
    endloop
  endfacet
  facet normal -0.555494 0.831521 0
    outer loop
      vertex -35 -16.732 3
      vertex -34.7825 -16.5867 0
      vertex -35 -16.732 0
    endloop
  endfacet
  facet normal 0.94695 -0.321382 0
    outer loop
      vertex -37.9319 15.5176 3
      vertex -37.8478 15.7654 0
      vertex -37.8478 15.7654 3
    endloop
  endfacet
  facet normal 0.94695 -0.321382 0
    outer loop
      vertex -37.8478 15.7654 0
      vertex -37.9319 15.5176 3
      vertex -37.9319 15.5176 0
    endloop
  endfacet
  facet normal 0.321382 -0.94695 0
    outer loop
      vertex -36.7654 16.8478 0
      vertex -36.5176 16.9319 3
      vertex -36.7654 16.8478 3
    endloop
  endfacet
  facet normal 0.321382 -0.94695 0
    outer loop
      vertex -36.5176 16.9319 3
      vertex -36.7654 16.8478 0
      vertex -36.5176 16.9319 0
    endloop
  endfacet
  facet normal 0.0653521 -0.997862 0
    outer loop
      vertex -36.2611 16.9829 0
      vertex -36 17 3
      vertex -36.2611 16.9829 3
    endloop
  endfacet
  facet normal 0.0653521 -0.997862 0
    outer loop
      vertex -36 17 3
      vertex -36.2611 16.9829 0
      vertex -36 17 0
    endloop
  endfacet
  facet normal -0.980801 -0.195013 0
    outer loop
      vertex -34.0171 15.2611 0
      vertex -34.0681 15.5176 3
      vertex -34.0681 15.5176 0
    endloop
  endfacet
  facet normal -0.980801 -0.195013 0
    outer loop
      vertex -34.0681 15.5176 3
      vertex -34.0171 15.2611 0
      vertex -34.0171 15.2611 3
    endloop
  endfacet
  facet normal 0.442621 0.896709 -0
    outer loop
      vertex -36.7654 -16.8478 0
      vertex -37 -16.732 3
      vertex -36.7654 -16.8478 3
    endloop
  endfacet
  facet normal 0.442621 0.896709 0
    outer loop
      vertex -37 -16.732 3
      vertex -36.7654 -16.8478 0
      vertex -37 -16.732 0
    endloop
  endfacet
  facet normal 0.659343 -0.751842 0
    outer loop
      vertex -37.4142 16.4142 0
      vertex -37.2175 16.5867 3
      vertex -37.4142 16.4142 3
    endloop
  endfacet
  facet normal 0.659343 -0.751842 0
    outer loop
      vertex -37.2175 16.5867 3
      vertex -37.4142 16.4142 0
      vertex -37.2175 16.5867 0
    endloop
  endfacet
  facet normal 0.751842 -0.659343 0
    outer loop
      vertex -37.5867 16.2175 3
      vertex -37.4142 16.4142 0
      vertex -37.4142 16.4142 3
    endloop
  endfacet
  facet normal 0.751842 -0.659343 0
    outer loop
      vertex -37.4142 16.4142 0
      vertex -37.5867 16.2175 3
      vertex -37.5867 16.2175 0
    endloop
  endfacet
  facet normal -0.0653521 -0.997862 0
    outer loop
      vertex -36 17 0
      vertex -35.7389 16.9829 3
      vertex -36 17 3
    endloop
  endfacet
  facet normal -0.0653521 -0.997862 -0
    outer loop
      vertex -35.7389 16.9829 3
      vertex -36 17 0
      vertex -35.7389 16.9829 0
    endloop
  endfacet
  facet normal -0.195013 -0.980801 0
    outer loop
      vertex -35.7389 16.9829 0
      vertex -35.4824 16.9319 3
      vertex -35.7389 16.9829 3
    endloop
  endfacet
  facet normal -0.195013 -0.980801 -0
    outer loop
      vertex -35.4824 16.9319 3
      vertex -35.7389 16.9829 0
      vertex -35.4824 16.9319 0
    endloop
  endfacet
  facet normal -0.997862 -0.0653521 0
    outer loop
      vertex -34 15 0
      vertex -34.0171 15.2611 3
      vertex -34.0171 15.2611 0
    endloop
  endfacet
  facet normal -0.997862 -0.0653521 0
    outer loop
      vertex -34.0171 15.2611 3
      vertex -34 15 0
      vertex -34 15 3
    endloop
  endfacet
  facet normal -0.659343 0.751842 0
    outer loop
      vertex -34.5858 -16.4142 0
      vertex -34.7825 -16.5867 3
      vertex -34.5858 -16.4142 3
    endloop
  endfacet
  facet normal -0.659343 0.751842 0
    outer loop
      vertex -34.7825 -16.5867 3
      vertex -34.5858 -16.4142 0
      vertex -34.7825 -16.5867 0
    endloop
  endfacet
  facet normal 0.195013 -0.980801 0
    outer loop
      vertex -36.5176 16.9319 0
      vertex -36.2611 16.9829 3
      vertex -36.5176 16.9319 3
    endloop
  endfacet
  facet normal 0.195013 -0.980801 0
    outer loop
      vertex -36.2611 16.9829 3
      vertex -36.5176 16.9319 0
      vertex -36.2611 16.9829 0
    endloop
  endfacet
  facet normal 0.896709 -0.442621 0
    outer loop
      vertex -37.8478 15.7654 3
      vertex -37.732 16 0
      vertex -37.732 16 3
    endloop
  endfacet
  facet normal 0.896709 -0.442621 0
    outer loop
      vertex -37.732 16 0
      vertex -37.8478 15.7654 3
      vertex -37.8478 15.7654 0
    endloop
  endfacet
  facet normal -0.831344 -0.555758 0
    outer loop
      vertex -34.2679 16 0
      vertex -34.4133 16.2175 3
      vertex -34.4133 16.2175 0
    endloop
  endfacet
  facet normal -0.831344 -0.555758 0
    outer loop
      vertex -34.4133 16.2175 3
      vertex -34.2679 16 0
      vertex -34.2679 16 3
    endloop
  endfacet
  facet normal -0.89686 -0.442314 0
    outer loop
      vertex -34.1522 15.7654 0
      vertex -34.2679 16 3
      vertex -34.2679 16 0
    endloop
  endfacet
  facet normal -0.89686 -0.442314 0
    outer loop
      vertex -34.2679 16 3
      vertex -34.1522 15.7654 0
      vertex -34.1522 15.7654 3
    endloop
  endfacet
  facet normal -0.831344 0.555758 0
    outer loop
      vertex -34.4133 -16.2175 0
      vertex -34.2679 -16 3
      vertex -34.2679 -16 0
    endloop
  endfacet
  facet normal -0.831344 0.555758 0
    outer loop
      vertex -34.2679 -16 3
      vertex -34.4133 -16.2175 0
      vertex -34.4133 -16.2175 3
    endloop
  endfacet
  facet normal -0.980801 0.195013 0
    outer loop
      vertex -34.0681 -15.5176 0
      vertex -34.0171 -15.2611 3
      vertex -34.0171 -15.2611 0
    endloop
  endfacet
  facet normal -0.980801 0.195013 0
    outer loop
      vertex -34.0171 -15.2611 3
      vertex -34.0681 -15.5176 0
      vertex -34.0681 -15.5176 3
    endloop
  endfacet
  facet normal -0.659343 -0.751842 0
    outer loop
      vertex -34.7825 16.5867 0
      vertex -34.5858 16.4142 3
      vertex -34.7825 16.5867 3
    endloop
  endfacet
  facet normal -0.659343 -0.751842 -0
    outer loop
      vertex -34.5858 16.4142 3
      vertex -34.7825 16.5867 0
      vertex -34.5858 16.4142 0
    endloop
  endfacet
  facet normal -0.997862 0.0653521 0
    outer loop
      vertex -34.0171 -15.2611 0
      vertex -34 -15 3
      vertex -34 -15 0
    endloop
  endfacet
  facet normal -0.997862 0.0653521 0
    outer loop
      vertex -34 -15 3
      vertex -34.0171 -15.2611 0
      vertex -34.0171 -15.2611 3
    endloop
  endfacet
  facet normal -0.89686 0.442314 0
    outer loop
      vertex -34.2679 -16 0
      vertex -34.1522 -15.7654 3
      vertex -34.1522 -15.7654 0
    endloop
  endfacet
  facet normal -0.89686 0.442314 0
    outer loop
      vertex -34.1522 -15.7654 3
      vertex -34.2679 -16 0
      vertex -34.2679 -16 3
    endloop
  endfacet
  facet normal -0.195013 0.980801 0
    outer loop
      vertex -19.4824 -16.9319 0
      vertex -19.7389 -16.9829 3
      vertex -19.4824 -16.9319 3
    endloop
  endfacet
  facet normal -0.195013 0.980801 0
    outer loop
      vertex -19.7389 -16.9829 3
      vertex -19.4824 -16.9319 0
      vertex -19.7389 -16.9829 0
    endloop
  endfacet
  facet normal 0.94695 -0.321382 0
    outer loop
      vertex -21.9319 15.5176 3
      vertex -21.8478 15.7654 0
      vertex -21.8478 15.7654 3
    endloop
  endfacet
  facet normal 0.94695 -0.321382 0
    outer loop
      vertex -21.8478 15.7654 0
      vertex -21.9319 15.5176 3
      vertex -21.9319 15.5176 0
    endloop
  endfacet
  facet normal -0.0653521 0.997862 0
    outer loop
      vertex -19.7389 -16.9829 0
      vertex -20 -17 3
      vertex -19.7389 -16.9829 3
    endloop
  endfacet
  facet normal -0.0653521 0.997862 0
    outer loop
      vertex -20 -17 3
      vertex -19.7389 -16.9829 0
      vertex -20 -17 0
    endloop
  endfacet
  facet normal 1 -0 0
    outer loop
      vertex -22 -15 3
      vertex -22 15 0
      vertex -22 15 3
    endloop
  endfacet
  facet normal 1 0 0
    outer loop
      vertex -22 15 0
      vertex -22 -15 3
      vertex -22 -15 0
    endloop
  endfacet
  facet normal 0.997862 0.0653521 0
    outer loop
      vertex -21.9829 -15.2611 3
      vertex -22 -15 0
      vertex -22 -15 3
    endloop
  endfacet
  facet normal 0.997862 0.0653521 0
    outer loop
      vertex -22 -15 0
      vertex -21.9829 -15.2611 3
      vertex -21.9829 -15.2611 0
    endloop
  endfacet
  facet normal 0.555494 0.831521 -0
    outer loop
      vertex -21 -16.732 0
      vertex -21.2175 -16.5867 3
      vertex -21 -16.732 3
    endloop
  endfacet
  facet normal 0.555494 0.831521 0
    outer loop
      vertex -21.2175 -16.5867 3
      vertex -21 -16.732 0
      vertex -21.2175 -16.5867 0
    endloop
  endfacet
  facet normal 0.896709 0.442621 0
    outer loop
      vertex -21.732 -16 3
      vertex -21.8478 -15.7654 0
      vertex -21.8478 -15.7654 3
    endloop
  endfacet
  facet normal 0.896709 0.442621 0
    outer loop
      vertex -21.8478 -15.7654 0
      vertex -21.732 -16 3
      vertex -21.732 -16 0
    endloop
  endfacet
  facet normal 0.442621 0.896709 -0
    outer loop
      vertex -20.7654 -16.8478 0
      vertex -21 -16.732 3
      vertex -20.7654 -16.8478 3
    endloop
  endfacet
  facet normal 0.442621 0.896709 0
    outer loop
      vertex -21 -16.732 3
      vertex -20.7654 -16.8478 0
      vertex -21 -16.732 0
    endloop
  endfacet
  facet normal 0.94695 0.321382 0
    outer loop
      vertex -21.8478 -15.7654 3
      vertex -21.9319 -15.5176 0
      vertex -21.9319 -15.5176 3
    endloop
  endfacet
  facet normal 0.94695 0.321382 0
    outer loop
      vertex -21.9319 -15.5176 0
      vertex -21.8478 -15.7654 3
      vertex -21.8478 -15.7654 0
    endloop
  endfacet
  facet normal 0.195013 0.980801 -0
    outer loop
      vertex -20.2611 -16.9829 0
      vertex -20.5176 -16.9319 3
      vertex -20.2611 -16.9829 3
    endloop
  endfacet
  facet normal 0.195013 0.980801 0
    outer loop
      vertex -20.5176 -16.9319 3
      vertex -20.2611 -16.9829 0
      vertex -20.5176 -16.9319 0
    endloop
  endfacet
  facet normal -1 0 0
    outer loop
      vertex -18 -15 0
      vertex -18 15 3
      vertex -18 15 0
    endloop
  endfacet
  facet normal -1 -0 0
    outer loop
      vertex -18 15 3
      vertex -18 -15 0
      vertex -18 -15 3
    endloop
  endfacet
  facet normal -0.89686 -0.442314 0
    outer loop
      vertex -18.1522 15.7654 0
      vertex -18.2679 16 3
      vertex -18.2679 16 0
    endloop
  endfacet
  facet normal -0.89686 -0.442314 0
    outer loop
      vertex -18.2679 16 3
      vertex -18.1522 15.7654 0
      vertex -18.1522 15.7654 3
    endloop
  endfacet
  facet normal -0.751842 0.659343 0
    outer loop
      vertex -18.5858 -16.4142 0
      vertex -18.4133 -16.2175 3
      vertex -18.4133 -16.2175 0
    endloop
  endfacet
  facet normal -0.751842 0.659343 0
    outer loop
      vertex -18.4133 -16.2175 3
      vertex -18.5858 -16.4142 0
      vertex -18.5858 -16.4142 3
    endloop
  endfacet
  facet normal 0.321382 0.94695 -0
    outer loop
      vertex -20.5176 -16.9319 0
      vertex -20.7654 -16.8478 3
      vertex -20.5176 -16.9319 3
    endloop
  endfacet
  facet normal 0.321382 0.94695 0
    outer loop
      vertex -20.7654 -16.8478 3
      vertex -20.5176 -16.9319 0
      vertex -20.7654 -16.8478 0
    endloop
  endfacet
  facet normal 0.831521 -0.555494 0
    outer loop
      vertex -21.732 16 3
      vertex -21.5867 16.2175 0
      vertex -21.5867 16.2175 3
    endloop
  endfacet
  facet normal 0.831521 -0.555494 0
    outer loop
      vertex -21.5867 16.2175 0
      vertex -21.732 16 3
      vertex -21.732 16 0
    endloop
  endfacet
  facet normal 0.896709 -0.442621 0
    outer loop
      vertex -21.8478 15.7654 3
      vertex -21.732 16 0
      vertex -21.732 16 3
    endloop
  endfacet
  facet normal 0.896709 -0.442621 0
    outer loop
      vertex -21.732 16 0
      vertex -21.8478 15.7654 3
      vertex -21.8478 15.7654 0
    endloop
  endfacet
  facet normal -0.0653521 -0.997862 0
    outer loop
      vertex -20 17 0
      vertex -19.7389 16.9829 3
      vertex -20 17 3
    endloop
  endfacet
  facet normal -0.0653521 -0.997862 -0
    outer loop
      vertex -19.7389 16.9829 3
      vertex -20 17 0
      vertex -19.7389 16.9829 0
    endloop
  endfacet
  facet normal 0.751842 0.659343 0
    outer loop
      vertex -21.4142 -16.4142 3
      vertex -21.5867 -16.2175 0
      vertex -21.5867 -16.2175 3
    endloop
  endfacet
  facet normal 0.751842 0.659343 0
    outer loop
      vertex -21.5867 -16.2175 0
      vertex -21.4142 -16.4142 3
      vertex -21.4142 -16.4142 0
    endloop
  endfacet
  facet normal 0.751842 -0.659343 0
    outer loop
      vertex -21.5867 16.2175 3
      vertex -21.4142 16.4142 0
      vertex -21.4142 16.4142 3
    endloop
  endfacet
  facet normal 0.751842 -0.659343 0
    outer loop
      vertex -21.4142 16.4142 0
      vertex -21.5867 16.2175 3
      vertex -21.5867 16.2175 0
    endloop
  endfacet
  facet normal 0.659343 -0.751842 0
    outer loop
      vertex -21.4142 16.4142 0
      vertex -21.2175 16.5867 3
      vertex -21.4142 16.4142 3
    endloop
  endfacet
  facet normal 0.659343 -0.751842 0
    outer loop
      vertex -21.2175 16.5867 3
      vertex -21.4142 16.4142 0
      vertex -21.2175 16.5867 0
    endloop
  endfacet
  facet normal 0.659343 0.751842 -0
    outer loop
      vertex -21.2175 -16.5867 0
      vertex -21.4142 -16.4142 3
      vertex -21.2175 -16.5867 3
    endloop
  endfacet
  facet normal 0.659343 0.751842 0
    outer loop
      vertex -21.4142 -16.4142 3
      vertex -21.2175 -16.5867 0
      vertex -21.4142 -16.4142 0
    endloop
  endfacet
  facet normal -0.321382 -0.94695 0
    outer loop
      vertex -19.4824 16.9319 0
      vertex -19.2346 16.8478 3
      vertex -19.4824 16.9319 3
    endloop
  endfacet
  facet normal -0.321382 -0.94695 -0
    outer loop
      vertex -19.2346 16.8478 3
      vertex -19.4824 16.9319 0
      vertex -19.2346 16.8478 0
    endloop
  endfacet
  facet normal 0.195013 -0.980801 0
    outer loop
      vertex -20.5176 16.9319 0
      vertex -20.2611 16.9829 3
      vertex -20.5176 16.9319 3
    endloop
  endfacet
  facet normal 0.195013 -0.980801 0
    outer loop
      vertex -20.2611 16.9829 3
      vertex -20.5176 16.9319 0
      vertex -20.2611 16.9829 0
    endloop
  endfacet
  facet normal 0.980801 0.195013 0
    outer loop
      vertex -21.9319 -15.5176 3
      vertex -21.9829 -15.2611 0
      vertex -21.9829 -15.2611 3
    endloop
  endfacet
  facet normal 0.980801 0.195013 0
    outer loop
      vertex -21.9829 -15.2611 0
      vertex -21.9319 -15.5176 3
      vertex -21.9319 -15.5176 0
    endloop
  endfacet
  facet normal 0.0653521 -0.997862 0
    outer loop
      vertex -20.2611 16.9829 0
      vertex -20 17 3
      vertex -20.2611 16.9829 3
    endloop
  endfacet
  facet normal 0.0653521 -0.997862 0
    outer loop
      vertex -20 17 3
      vertex -20.2611 16.9829 0
      vertex -20 17 0
    endloop
  endfacet
  facet normal 0.321382 -0.94695 0
    outer loop
      vertex -20.7654 16.8478 0
      vertex -20.5176 16.9319 3
      vertex -20.7654 16.8478 3
    endloop
  endfacet
  facet normal 0.321382 -0.94695 0
    outer loop
      vertex -20.5176 16.9319 3
      vertex -20.7654 16.8478 0
      vertex -20.5176 16.9319 0
    endloop
  endfacet
  facet normal -0.751842 -0.659343 0
    outer loop
      vertex -18.4133 16.2175 0
      vertex -18.5858 16.4142 3
      vertex -18.5858 16.4142 0
    endloop
  endfacet
  facet normal -0.751842 -0.659343 0
    outer loop
      vertex -18.5858 16.4142 3
      vertex -18.4133 16.2175 0
      vertex -18.4133 16.2175 3
    endloop
  endfacet
  facet normal -0.195013 -0.980801 0
    outer loop
      vertex -19.7389 16.9829 0
      vertex -19.4824 16.9319 3
      vertex -19.7389 16.9829 3
    endloop
  endfacet
  facet normal -0.195013 -0.980801 -0
    outer loop
      vertex -19.4824 16.9319 3
      vertex -19.7389 16.9829 0
      vertex -19.4824 16.9319 0
    endloop
  endfacet
  facet normal -0.997862 -0.0653521 0
    outer loop
      vertex -18 15 0
      vertex -18.0171 15.2611 3
      vertex -18.0171 15.2611 0
    endloop
  endfacet
  facet normal -0.997862 -0.0653521 0
    outer loop
      vertex -18.0171 15.2611 3
      vertex -18 15 0
      vertex -18 15 3
    endloop
  endfacet
  facet normal -0.94695 -0.321382 0
    outer loop
      vertex -18.0681 15.5176 0
      vertex -18.1522 15.7654 3
      vertex -18.1522 15.7654 0
    endloop
  endfacet
  facet normal -0.94695 -0.321382 0
    outer loop
      vertex -18.1522 15.7654 3
      vertex -18.0681 15.5176 0
      vertex -18.0681 15.5176 3
    endloop
  endfacet
  facet normal -0.555494 -0.831521 0
    outer loop
      vertex -19 16.732 0
      vertex -18.7825 16.5867 3
      vertex -19 16.732 3
    endloop
  endfacet
  facet normal -0.555494 -0.831521 -0
    outer loop
      vertex -18.7825 16.5867 3
      vertex -19 16.732 0
      vertex -18.7825 16.5867 0
    endloop
  endfacet
  facet normal 0.0653521 0.997862 -0
    outer loop
      vertex -20 -17 0
      vertex -20.2611 -16.9829 3
      vertex -20 -17 3
    endloop
  endfacet
  facet normal 0.0653521 0.997862 0
    outer loop
      vertex -20.2611 -16.9829 3
      vertex -20 -17 0
      vertex -20.2611 -16.9829 0
    endloop
  endfacet
  facet normal 0.555494 -0.831521 0
    outer loop
      vertex -21.2175 16.5867 0
      vertex -21 16.732 3
      vertex -21.2175 16.5867 3
    endloop
  endfacet
  facet normal 0.555494 -0.831521 0
    outer loop
      vertex -21 16.732 3
      vertex -21.2175 16.5867 0
      vertex -21 16.732 0
    endloop
  endfacet
  facet normal -0.94695 0.321382 0
    outer loop
      vertex -18.1522 -15.7654 0
      vertex -18.0681 -15.5176 3
      vertex -18.0681 -15.5176 0
    endloop
  endfacet
  facet normal -0.94695 0.321382 0
    outer loop
      vertex -18.0681 -15.5176 3
      vertex -18.1522 -15.7654 0
      vertex -18.1522 -15.7654 3
    endloop
  endfacet
  facet normal -0.980801 -0.195013 0
    outer loop
      vertex -18.0171 15.2611 0
      vertex -18.0681 15.5176 3
      vertex -18.0681 15.5176 0
    endloop
  endfacet
  facet normal -0.980801 -0.195013 0
    outer loop
      vertex -18.0681 15.5176 3
      vertex -18.0171 15.2611 0
      vertex -18.0171 15.2611 3
    endloop
  endfacet
  facet normal 0.831521 0.555494 0
    outer loop
      vertex -21.5867 -16.2175 3
      vertex -21.732 -16 0
      vertex -21.732 -16 3
    endloop
  endfacet
  facet normal 0.831521 0.555494 0
    outer loop
      vertex -21.732 -16 0
      vertex -21.5867 -16.2175 3
      vertex -21.5867 -16.2175 0
    endloop
  endfacet
  facet normal -0.831344 0.555758 0
    outer loop
      vertex -18.4133 -16.2175 0
      vertex -18.2679 -16 3
      vertex -18.2679 -16 0
    endloop
  endfacet
  facet normal -0.831344 0.555758 0
    outer loop
      vertex -18.2679 -16 3
      vertex -18.4133 -16.2175 0
      vertex -18.4133 -16.2175 3
    endloop
  endfacet
  facet normal -0.442621 -0.896709 0
    outer loop
      vertex -19.2346 16.8478 0
      vertex -19 16.732 3
      vertex -19.2346 16.8478 3
    endloop
  endfacet
  facet normal -0.442621 -0.896709 -0
    outer loop
      vertex -19 16.732 3
      vertex -19.2346 16.8478 0
      vertex -19 16.732 0
    endloop
  endfacet
  facet normal -0.659343 -0.751842 0
    outer loop
      vertex -18.7825 16.5867 0
      vertex -18.5858 16.4142 3
      vertex -18.7825 16.5867 3
    endloop
  endfacet
  facet normal -0.659343 -0.751842 -0
    outer loop
      vertex -18.5858 16.4142 3
      vertex -18.7825 16.5867 0
      vertex -18.5858 16.4142 0
    endloop
  endfacet
  facet normal -0.89686 0.442314 0
    outer loop
      vertex -18.2679 -16 0
      vertex -18.1522 -15.7654 3
      vertex -18.1522 -15.7654 0
    endloop
  endfacet
  facet normal -0.89686 0.442314 0
    outer loop
      vertex -18.1522 -15.7654 3
      vertex -18.2679 -16 0
      vertex -18.2679 -16 3
    endloop
  endfacet
  facet normal 0.442621 -0.896709 0
    outer loop
      vertex -21 16.732 0
      vertex -20.7654 16.8478 3
      vertex -21 16.732 3
    endloop
  endfacet
  facet normal 0.442621 -0.896709 0
    outer loop
      vertex -20.7654 16.8478 3
      vertex -21 16.732 0
      vertex -20.7654 16.8478 0
    endloop
  endfacet
  facet normal -0.980801 0.195013 0
    outer loop
      vertex -18.0681 -15.5176 0
      vertex -18.0171 -15.2611 3
      vertex -18.0171 -15.2611 0
    endloop
  endfacet
  facet normal -0.980801 0.195013 0
    outer loop
      vertex -18.0171 -15.2611 3
      vertex -18.0681 -15.5176 0
      vertex -18.0681 -15.5176 3
    endloop
  endfacet
  facet normal 0.997862 -0.0653521 0
    outer loop
      vertex -22 15 3
      vertex -21.9829 15.2611 0
      vertex -21.9829 15.2611 3
    endloop
  endfacet
  facet normal 0.997862 -0.0653521 0
    outer loop
      vertex -21.9829 15.2611 0
      vertex -22 15 3
      vertex -22 15 0
    endloop
  endfacet
  facet normal -0.659343 0.751842 0
    outer loop
      vertex -18.5858 -16.4142 0
      vertex -18.7825 -16.5867 3
      vertex -18.5858 -16.4142 3
    endloop
  endfacet
  facet normal -0.659343 0.751842 0
    outer loop
      vertex -18.7825 -16.5867 3
      vertex -18.5858 -16.4142 0
      vertex -18.7825 -16.5867 0
    endloop
  endfacet
  facet normal -0.442621 0.896709 0
    outer loop
      vertex -19 -16.732 0
      vertex -19.2346 -16.8478 3
      vertex -19 -16.732 3
    endloop
  endfacet
  facet normal -0.442621 0.896709 0
    outer loop
      vertex -19.2346 -16.8478 3
      vertex -19 -16.732 0
      vertex -19.2346 -16.8478 0
    endloop
  endfacet
  facet normal 0.980801 -0.195013 0
    outer loop
      vertex -21.9829 15.2611 3
      vertex -21.9319 15.5176 0
      vertex -21.9319 15.5176 3
    endloop
  endfacet
  facet normal 0.980801 -0.195013 0
    outer loop
      vertex -21.9319 15.5176 0
      vertex -21.9829 15.2611 3
      vertex -21.9829 15.2611 0
    endloop
  endfacet
  facet normal -0.831344 -0.555758 0
    outer loop
      vertex -18.2679 16 0
      vertex -18.4133 16.2175 3
      vertex -18.4133 16.2175 0
    endloop
  endfacet
  facet normal -0.831344 -0.555758 0
    outer loop
      vertex -18.4133 16.2175 3
      vertex -18.2679 16 0
      vertex -18.2679 16 3
    endloop
  endfacet
  facet normal -0.997862 0.0653521 0
    outer loop
      vertex -18.0171 -15.2611 0
      vertex -18 -15 3
      vertex -18 -15 0
    endloop
  endfacet
  facet normal -0.997862 0.0653521 0
    outer loop
      vertex -18 -15 3
      vertex -18.0171 -15.2611 0
      vertex -18.0171 -15.2611 3
    endloop
  endfacet
  facet normal -0.555494 0.831521 0
    outer loop
      vertex -18.7825 -16.5867 0
      vertex -19 -16.732 3
      vertex -18.7825 -16.5867 3
    endloop
  endfacet
  facet normal -0.555494 0.831521 0
    outer loop
      vertex -19 -16.732 3
      vertex -18.7825 -16.5867 0
      vertex -19 -16.732 0
    endloop
  endfacet
  facet normal -0.321382 0.94695 0
    outer loop
      vertex -19.2346 -16.8478 0
      vertex -19.4824 -16.9319 3
      vertex -19.2346 -16.8478 3
    endloop
  endfacet
  facet normal -0.321382 0.94695 0
    outer loop
      vertex -19.4824 -16.9319 3
      vertex -19.2346 -16.8478 0
      vertex -19.4824 -16.9319 0
    endloop
  endfacet
  facet normal -0.997862 -0.0653521 0
    outer loop
      vertex -53 -31 0
      vertex -53.0171 -30.7389 3
      vertex -53.0171 -30.7389 0
    endloop
  endfacet
  facet normal -0.997862 -0.0653521 0
    outer loop
      vertex -53.0171 -30.7389 3
      vertex -53 -31 0
      vertex -53 -31 3
    endloop
  endfacet
  facet normal -0.555758 -0.831344 0
    outer loop
      vertex -54 -29.2679 0
      vertex -53.7825 -29.4133 3
      vertex -54 -29.2679 3
    endloop
  endfacet
  facet normal -0.555758 -0.831344 -0
    outer loop
      vertex -53.7825 -29.4133 3
      vertex -54 -29.2679 0
      vertex -53.7825 -29.4133 0
    endloop
  endfacet
  facet normal -0.751842 0.659343 0
    outer loop
      vertex -53.5858 -32.4142 0
      vertex -53.4133 -32.2175 3
      vertex -53.4133 -32.2175 0
    endloop
  endfacet
  facet normal -0.751842 0.659343 0
    outer loop
      vertex -53.4133 -32.2175 3
      vertex -53.5858 -32.4142 0
      vertex -53.5858 -32.4142 3
    endloop
  endfacet
  facet normal -0.195013 -0.980801 0
    outer loop
      vertex -54.7389 -29.0171 0
      vertex -54.4824 -29.0681 3
      vertex -54.7389 -29.0171 3
    endloop
  endfacet
  facet normal -0.195013 -0.980801 -0
    outer loop
      vertex -54.4824 -29.0681 3
      vertex -54.7389 -29.0171 0
      vertex -54.4824 -29.0681 0
    endloop
  endfacet
  facet normal 0 -1 0
    outer loop
      vertex -70.75 -29 0
      vertex -55 -29 3
      vertex -70.75 -29 3
    endloop
  endfacet
  facet normal 0 -1 -0
    outer loop
      vertex -55 -29 3
      vertex -70.75 -29 0
      vertex -55 -29 0
    endloop
  endfacet
  facet normal -0.321382 0.94695 0
    outer loop
      vertex -54.2346 -32.8478 0
      vertex -54.4824 -32.9319 3
      vertex -54.2346 -32.8478 3
    endloop
  endfacet
  facet normal -0.321382 0.94695 0
    outer loop
      vertex -54.4824 -32.9319 3
      vertex -54.2346 -32.8478 0
      vertex -54.4824 -32.9319 0
    endloop
  endfacet
  facet normal -0.997862 0.0653521 0
    outer loop
      vertex -53.0171 -31.2611 0
      vertex -53 -31 3
      vertex -53 -31 0
    endloop
  endfacet
  facet normal -0.997862 0.0653521 0
    outer loop
      vertex -53 -31 3
      vertex -53.0171 -31.2611 0
      vertex -53.0171 -31.2611 3
    endloop
  endfacet
  facet normal -0.94695 -0.321382 0
    outer loop
      vertex -53.0681 -30.4824 0
      vertex -53.1522 -30.2346 3
      vertex -53.1522 -30.2346 0
    endloop
  endfacet
  facet normal -0.94695 -0.321382 0
    outer loop
      vertex -53.1522 -30.2346 3
      vertex -53.0681 -30.4824 0
      vertex -53.0681 -30.4824 3
    endloop
  endfacet
  facet normal -0.321382 -0.94695 0
    outer loop
      vertex -54.4824 -29.0681 0
      vertex -54.2346 -29.1522 3
      vertex -54.4824 -29.0681 3
    endloop
  endfacet
  facet normal -0.321382 -0.94695 -0
    outer loop
      vertex -54.2346 -29.1522 3
      vertex -54.4824 -29.0681 0
      vertex -54.2346 -29.1522 0
    endloop
  endfacet
  facet normal -0.0653521 0.997862 0
    outer loop
      vertex -54.7389 -32.9829 0
      vertex -55 -33 3
      vertex -54.7389 -32.9829 3
    endloop
  endfacet
  facet normal -0.0653521 0.997862 0
    outer loop
      vertex -55 -33 3
      vertex -54.7389 -32.9829 0
      vertex -55 -33 0
    endloop
  endfacet
  facet normal -0.659343 0.751842 0
    outer loop
      vertex -53.5858 -32.4142 0
      vertex -53.7825 -32.5867 3
      vertex -53.5858 -32.4142 3
    endloop
  endfacet
  facet normal -0.659343 0.751842 0
    outer loop
      vertex -53.7825 -32.5867 3
      vertex -53.5858 -32.4142 0
      vertex -53.7825 -32.5867 0
    endloop
  endfacet
  facet normal 0 1 -0
    outer loop
      vertex -55 -33 0
      vertex -70.75 -33 3
      vertex -55 -33 3
    endloop
  endfacet
  facet normal 0 1 0
    outer loop
      vertex -70.75 -33 3
      vertex -55 -33 0
      vertex -70.75 -33 0
    endloop
  endfacet
  facet normal -0.89686 0.442314 0
    outer loop
      vertex -53.2679 -32 0
      vertex -53.1522 -31.7654 3
      vertex -53.1522 -31.7654 0
    endloop
  endfacet
  facet normal -0.89686 0.442314 0
    outer loop
      vertex -53.1522 -31.7654 3
      vertex -53.2679 -32 0
      vertex -53.2679 -32 3
    endloop
  endfacet
  facet normal -0.195013 0.980801 0
    outer loop
      vertex -54.4824 -32.9319 0
      vertex -54.7389 -32.9829 3
      vertex -54.4824 -32.9319 3
    endloop
  endfacet
  facet normal -0.195013 0.980801 0
    outer loop
      vertex -54.7389 -32.9829 3
      vertex -54.4824 -32.9319 0
      vertex -54.7389 -32.9829 0
    endloop
  endfacet
  facet normal -0.831344 -0.555758 0
    outer loop
      vertex -53.2679 -30 0
      vertex -53.4133 -29.7825 3
      vertex -53.4133 -29.7825 0
    endloop
  endfacet
  facet normal -0.831344 -0.555758 0
    outer loop
      vertex -53.4133 -29.7825 3
      vertex -53.2679 -30 0
      vertex -53.2679 -30 3
    endloop
  endfacet
  facet normal -0.659343 -0.751842 0
    outer loop
      vertex -53.7825 -29.4133 0
      vertex -53.5858 -29.5858 3
      vertex -53.7825 -29.4133 3
    endloop
  endfacet
  facet normal -0.659343 -0.751842 -0
    outer loop
      vertex -53.5858 -29.5858 3
      vertex -53.7825 -29.4133 0
      vertex -53.5858 -29.5858 0
    endloop
  endfacet
  facet normal -0.0653521 -0.997862 0
    outer loop
      vertex -55 -29 0
      vertex -54.7389 -29.0171 3
      vertex -55 -29 3
    endloop
  endfacet
  facet normal -0.0653521 -0.997862 -0
    outer loop
      vertex -54.7389 -29.0171 3
      vertex -55 -29 0
      vertex -54.7389 -29.0171 0
    endloop
  endfacet
  facet normal -0.980801 -0.195013 0
    outer loop
      vertex -53.0171 -30.7389 0
      vertex -53.0681 -30.4824 3
      vertex -53.0681 -30.4824 0
    endloop
  endfacet
  facet normal -0.980801 -0.195013 0
    outer loop
      vertex -53.0681 -30.4824 3
      vertex -53.0171 -30.7389 0
      vertex -53.0171 -30.7389 3
    endloop
  endfacet
  facet normal -0.442314 -0.89686 0
    outer loop
      vertex -54.2346 -29.1522 0
      vertex -54 -29.2679 3
      vertex -54.2346 -29.1522 3
    endloop
  endfacet
  facet normal -0.442314 -0.89686 -0
    outer loop
      vertex -54 -29.2679 3
      vertex -54.2346 -29.1522 0
      vertex -54 -29.2679 0
    endloop
  endfacet
  facet normal -0.89686 -0.442314 0
    outer loop
      vertex -53.1522 -30.2346 0
      vertex -53.2679 -30 3
      vertex -53.2679 -30 0
    endloop
  endfacet
  facet normal -0.89686 -0.442314 0
    outer loop
      vertex -53.2679 -30 3
      vertex -53.1522 -30.2346 0
      vertex -53.1522 -30.2346 3
    endloop
  endfacet
  facet normal -0.831344 0.555758 0
    outer loop
      vertex -53.4133 -32.2175 0
      vertex -53.2679 -32 3
      vertex -53.2679 -32 0
    endloop
  endfacet
  facet normal -0.831344 0.555758 0
    outer loop
      vertex -53.2679 -32 3
      vertex -53.4133 -32.2175 0
      vertex -53.4133 -32.2175 3
    endloop
  endfacet
  facet normal -0.94695 0.321382 0
    outer loop
      vertex -53.1522 -31.7654 0
      vertex -53.0681 -31.5176 3
      vertex -53.0681 -31.5176 0
    endloop
  endfacet
  facet normal -0.94695 0.321382 0
    outer loop
      vertex -53.0681 -31.5176 3
      vertex -53.1522 -31.7654 0
      vertex -53.1522 -31.7654 3
    endloop
  endfacet
  facet normal -0.980801 0.195013 0
    outer loop
      vertex -53.0681 -31.5176 0
      vertex -53.0171 -31.2611 3
      vertex -53.0171 -31.2611 0
    endloop
  endfacet
  facet normal -0.980801 0.195013 0
    outer loop
      vertex -53.0171 -31.2611 3
      vertex -53.0681 -31.5176 0
      vertex -53.0681 -31.5176 3
    endloop
  endfacet
  facet normal -0.751842 -0.659343 0
    outer loop
      vertex -53.4133 -29.7825 0
      vertex -53.5858 -29.5858 3
      vertex -53.5858 -29.5858 0
    endloop
  endfacet
  facet normal -0.751842 -0.659343 0
    outer loop
      vertex -53.5858 -29.5858 3
      vertex -53.4133 -29.7825 0
      vertex -53.4133 -29.7825 3
    endloop
  endfacet
  facet normal -0.555494 0.831521 0
    outer loop
      vertex -53.7825 -32.5867 0
      vertex -54 -32.732 3
      vertex -53.7825 -32.5867 3
    endloop
  endfacet
  facet normal -0.555494 0.831521 0
    outer loop
      vertex -54 -32.732 3
      vertex -53.7825 -32.5867 0
      vertex -54 -32.732 0
    endloop
  endfacet
  facet normal -0.442621 0.896709 0
    outer loop
      vertex -54 -32.732 0
      vertex -54.2346 -32.8478 3
      vertex -54 -32.732 3
    endloop
  endfacet
  facet normal -0.442621 0.896709 0
    outer loop
      vertex -54.2346 -32.8478 3
      vertex -54 -32.732 0
      vertex -54.2346 -32.8478 0
    endloop
  endfacet
  facet normal -0.831344 0.555758 0
    outer loop
      vertex -53.4133 29.7825 0
      vertex -53.2679 30 3
      vertex -53.2679 30 0
    endloop
  endfacet
  facet normal -0.831344 0.555758 0
    outer loop
      vertex -53.2679 30 3
      vertex -53.4133 29.7825 0
      vertex -53.4133 29.7825 3
    endloop
  endfacet
  facet normal -0.997862 -0.0653521 0
    outer loop
      vertex -53 31 0
      vertex -53.0171 31.2611 3
      vertex -53.0171 31.2611 0
    endloop
  endfacet
  facet normal -0.997862 -0.0653521 0
    outer loop
      vertex -53.0171 31.2611 3
      vertex -53 31 0
      vertex -53 31 3
    endloop
  endfacet
  facet normal -0.442314 0.89686 0
    outer loop
      vertex -54 29.2679 0
      vertex -54.2346 29.1522 3
      vertex -54 29.2679 3
    endloop
  endfacet
  facet normal -0.442314 0.89686 0
    outer loop
      vertex -54.2346 29.1522 3
      vertex -54 29.2679 0
      vertex -54.2346 29.1522 0
    endloop
  endfacet
  facet normal -0.831344 -0.555758 0
    outer loop
      vertex -53.2679 32 0
      vertex -53.4133 32.2175 3
      vertex -53.4133 32.2175 0
    endloop
  endfacet
  facet normal -0.831344 -0.555758 0
    outer loop
      vertex -53.4133 32.2175 3
      vertex -53.2679 32 0
      vertex -53.2679 32 3
    endloop
  endfacet
  facet normal -0.555494 -0.831521 0
    outer loop
      vertex -54 32.732 0
      vertex -53.7825 32.5867 3
      vertex -54 32.732 3
    endloop
  endfacet
  facet normal -0.555494 -0.831521 -0
    outer loop
      vertex -53.7825 32.5867 3
      vertex -54 32.732 0
      vertex -53.7825 32.5867 0
    endloop
  endfacet
  facet normal -0.659343 0.751842 0
    outer loop
      vertex -53.5858 29.5858 0
      vertex -53.7825 29.4133 3
      vertex -53.5858 29.5858 3
    endloop
  endfacet
  facet normal -0.659343 0.751842 0
    outer loop
      vertex -53.7825 29.4133 3
      vertex -53.5858 29.5858 0
      vertex -53.7825 29.4133 0
    endloop
  endfacet
  facet normal -0.321382 -0.94695 0
    outer loop
      vertex -54.4824 32.9319 0
      vertex -54.2346 32.8478 3
      vertex -54.4824 32.9319 3
    endloop
  endfacet
  facet normal -0.321382 -0.94695 -0
    outer loop
      vertex -54.2346 32.8478 3
      vertex -54.4824 32.9319 0
      vertex -54.2346 32.8478 0
    endloop
  endfacet
  facet normal 0 -1 0
    outer loop
      vertex -70.75 33 0
      vertex -55 33 3
      vertex -70.75 33 3
    endloop
  endfacet
  facet normal 0 -1 -0
    outer loop
      vertex -55 33 3
      vertex -70.75 33 0
      vertex -55 33 0
    endloop
  endfacet
  facet normal -0.980801 0.195013 0
    outer loop
      vertex -53.0681 30.4824 0
      vertex -53.0171 30.7389 3
      vertex -53.0171 30.7389 0
    endloop
  endfacet
  facet normal -0.980801 0.195013 0
    outer loop
      vertex -53.0171 30.7389 3
      vertex -53.0681 30.4824 0
      vertex -53.0681 30.4824 3
    endloop
  endfacet
  facet normal -0.0653521 -0.997862 0
    outer loop
      vertex -55 33 0
      vertex -54.7389 32.9829 3
      vertex -55 33 3
    endloop
  endfacet
  facet normal -0.0653521 -0.997862 -0
    outer loop
      vertex -54.7389 32.9829 3
      vertex -55 33 0
      vertex -54.7389 32.9829 0
    endloop
  endfacet
  facet normal -0.89686 -0.442314 0
    outer loop
      vertex -53.1522 31.7654 0
      vertex -53.2679 32 3
      vertex -53.2679 32 0
    endloop
  endfacet
  facet normal -0.89686 -0.442314 0
    outer loop
      vertex -53.2679 32 3
      vertex -53.1522 31.7654 0
      vertex -53.1522 31.7654 3
    endloop
  endfacet
  facet normal -0.980801 -0.195013 0
    outer loop
      vertex -53.0171 31.2611 0
      vertex -53.0681 31.5176 3
      vertex -53.0681 31.5176 0
    endloop
  endfacet
  facet normal -0.980801 -0.195013 0
    outer loop
      vertex -53.0681 31.5176 3
      vertex -53.0171 31.2611 0
      vertex -53.0171 31.2611 3
    endloop
  endfacet
  facet normal 0 1 -0
    outer loop
      vertex -55 29 0
      vertex -70.75 29 3
      vertex -55 29 3
    endloop
  endfacet
  facet normal 0 1 0
    outer loop
      vertex -70.75 29 3
      vertex -55 29 0
      vertex -70.75 29 0
    endloop
  endfacet
  facet normal -0.997862 0.0653521 0
    outer loop
      vertex -53.0171 30.7389 0
      vertex -53 31 3
      vertex -53 31 0
    endloop
  endfacet
  facet normal -0.997862 0.0653521 0
    outer loop
      vertex -53 31 3
      vertex -53.0171 30.7389 0
      vertex -53.0171 30.7389 3
    endloop
  endfacet
  facet normal -0.321382 0.94695 0
    outer loop
      vertex -54.2346 29.1522 0
      vertex -54.4824 29.0681 3
      vertex -54.2346 29.1522 3
    endloop
  endfacet
  facet normal -0.321382 0.94695 0
    outer loop
      vertex -54.4824 29.0681 3
      vertex -54.2346 29.1522 0
      vertex -54.4824 29.0681 0
    endloop
  endfacet
  facet normal -0.659343 -0.751842 0
    outer loop
      vertex -53.7825 32.5867 0
      vertex -53.5858 32.4142 3
      vertex -53.7825 32.5867 3
    endloop
  endfacet
  facet normal -0.659343 -0.751842 -0
    outer loop
      vertex -53.5858 32.4142 3
      vertex -53.7825 32.5867 0
      vertex -53.5858 32.4142 0
    endloop
  endfacet
  facet normal -0.94695 -0.321382 0
    outer loop
      vertex -53.0681 31.5176 0
      vertex -53.1522 31.7654 3
      vertex -53.1522 31.7654 0
    endloop
  endfacet
  facet normal -0.94695 -0.321382 0
    outer loop
      vertex -53.1522 31.7654 3
      vertex -53.0681 31.5176 0
      vertex -53.0681 31.5176 3
    endloop
  endfacet
  facet normal -0.442621 -0.896709 0
    outer loop
      vertex -54.2346 32.8478 0
      vertex -54 32.732 3
      vertex -54.2346 32.8478 3
    endloop
  endfacet
  facet normal -0.442621 -0.896709 -0
    outer loop
      vertex -54 32.732 3
      vertex -54.2346 32.8478 0
      vertex -54 32.732 0
    endloop
  endfacet
  facet normal -0.555758 0.831344 0
    outer loop
      vertex -53.7825 29.4133 0
      vertex -54 29.2679 3
      vertex -53.7825 29.4133 3
    endloop
  endfacet
  facet normal -0.555758 0.831344 0
    outer loop
      vertex -54 29.2679 3
      vertex -53.7825 29.4133 0
      vertex -54 29.2679 0
    endloop
  endfacet
  facet normal -0.94695 0.321382 0
    outer loop
      vertex -53.1522 30.2346 0
      vertex -53.0681 30.4824 3
      vertex -53.0681 30.4824 0
    endloop
  endfacet
  facet normal -0.94695 0.321382 0
    outer loop
      vertex -53.0681 30.4824 3
      vertex -53.1522 30.2346 0
      vertex -53.1522 30.2346 3
    endloop
  endfacet
  facet normal -0.89686 0.442314 0
    outer loop
      vertex -53.2679 30 0
      vertex -53.1522 30.2346 3
      vertex -53.1522 30.2346 0
    endloop
  endfacet
  facet normal -0.89686 0.442314 0
    outer loop
      vertex -53.1522 30.2346 3
      vertex -53.2679 30 0
      vertex -53.2679 30 3
    endloop
  endfacet
  facet normal -0.751842 0.659343 0
    outer loop
      vertex -53.5858 29.5858 0
      vertex -53.4133 29.7825 3
      vertex -53.4133 29.7825 0
    endloop
  endfacet
  facet normal -0.751842 0.659343 0
    outer loop
      vertex -53.4133 29.7825 3
      vertex -53.5858 29.5858 0
      vertex -53.5858 29.5858 3
    endloop
  endfacet
  facet normal -0.751842 -0.659343 0
    outer loop
      vertex -53.4133 32.2175 0
      vertex -53.5858 32.4142 3
      vertex -53.5858 32.4142 0
    endloop
  endfacet
  facet normal -0.751842 -0.659343 0
    outer loop
      vertex -53.5858 32.4142 3
      vertex -53.4133 32.2175 0
      vertex -53.4133 32.2175 3
    endloop
  endfacet
  facet normal -0.0653521 0.997862 0
    outer loop
      vertex -54.7389 29.0171 0
      vertex -55 29 3
      vertex -54.7389 29.0171 3
    endloop
  endfacet
  facet normal -0.0653521 0.997862 0
    outer loop
      vertex -55 29 3
      vertex -54.7389 29.0171 0
      vertex -55 29 0
    endloop
  endfacet
  facet normal -0.195013 0.980801 0
    outer loop
      vertex -54.4824 29.0681 0
      vertex -54.7389 29.0171 3
      vertex -54.4824 29.0681 3
    endloop
  endfacet
  facet normal -0.195013 0.980801 0
    outer loop
      vertex -54.7389 29.0171 3
      vertex -54.4824 29.0681 0
      vertex -54.7389 29.0171 0
    endloop
  endfacet
  facet normal -0.195013 -0.980801 0
    outer loop
      vertex -54.7389 32.9829 0
      vertex -54.4824 32.9319 3
      vertex -54.7389 32.9829 3
    endloop
  endfacet
  facet normal -0.195013 -0.980801 -0
    outer loop
      vertex -54.4824 32.9319 3
      vertex -54.7389 32.9829 0
      vertex -54.4824 32.9319 0
    endloop
  endfacet
  facet normal 0.997862 -0.0653521 0
    outer loop
      vertex -30 -31 3
      vertex -29.9829 -30.7389 0
      vertex -29.9829 -30.7389 3
    endloop
  endfacet
  facet normal 0.997862 -0.0653521 0
    outer loop
      vertex -29.9829 -30.7389 0
      vertex -30 -31 3
      vertex -30 -31 0
    endloop
  endfacet
  facet normal -0.997862 -0.0653521 0
    outer loop
      vertex -10 -31 0
      vertex -10.0171 -30.7389 3
      vertex -10.0171 -30.7389 0
    endloop
  endfacet
  facet normal -0.997862 -0.0653521 0
    outer loop
      vertex -10.0171 -30.7389 3
      vertex -10 -31 0
      vertex -10 -31 3
    endloop
  endfacet
  facet normal 0.980801 -0.195013 0
    outer loop
      vertex -29.9829 -30.7389 3
      vertex -29.9319 -30.4824 0
      vertex -29.9319 -30.4824 3
    endloop
  endfacet
  facet normal 0.980801 -0.195013 0
    outer loop
      vertex -29.9319 -30.4824 0
      vertex -29.9829 -30.7389 3
      vertex -29.9829 -30.7389 0
    endloop
  endfacet
  facet normal -0.555758 -0.831344 0
    outer loop
      vertex -11 -29.2679 0
      vertex -10.7825 -29.4133 3
      vertex -11 -29.2679 3
    endloop
  endfacet
  facet normal -0.555758 -0.831344 -0
    outer loop
      vertex -10.7825 -29.4133 3
      vertex -11 -29.2679 0
      vertex -10.7825 -29.4133 0
    endloop
  endfacet
  facet normal -0.751842 0.659343 0
    outer loop
      vertex -10.5858 -32.4142 0
      vertex -10.4133 -32.2175 3
      vertex -10.4133 -32.2175 0
    endloop
  endfacet
  facet normal -0.751842 0.659343 0
    outer loop
      vertex -10.4133 -32.2175 3
      vertex -10.5858 -32.4142 0
      vertex -10.5858 -32.4142 3
    endloop
  endfacet
  facet normal -0.195013 -0.980801 0
    outer loop
      vertex -11.7389 -29.0171 0
      vertex -11.4824 -29.0681 3
      vertex -11.7389 -29.0171 3
    endloop
  endfacet
  facet normal -0.195013 -0.980801 -0
    outer loop
      vertex -11.4824 -29.0681 3
      vertex -11.7389 -29.0171 0
      vertex -11.4824 -29.0681 0
    endloop
  endfacet
  facet normal 0 -1 0
    outer loop
      vertex -28 -29 0
      vertex -12 -29 3
      vertex -28 -29 3
    endloop
  endfacet
  facet normal 0 -1 -0
    outer loop
      vertex -12 -29 3
      vertex -28 -29 0
      vertex -12 -29 0
    endloop
  endfacet
  facet normal 0.321382 0.94695 -0
    outer loop
      vertex -28.5176 -32.9319 0
      vertex -28.7654 -32.8478 3
      vertex -28.5176 -32.9319 3
    endloop
  endfacet
  facet normal 0.321382 0.94695 0
    outer loop
      vertex -28.7654 -32.8478 3
      vertex -28.5176 -32.9319 0
      vertex -28.7654 -32.8478 0
    endloop
  endfacet
  facet normal -0.321382 0.94695 0
    outer loop
      vertex -11.2346 -32.8478 0
      vertex -11.4824 -32.9319 3
      vertex -11.2346 -32.8478 3
    endloop
  endfacet
  facet normal -0.321382 0.94695 0
    outer loop
      vertex -11.4824 -32.9319 3
      vertex -11.2346 -32.8478 0
      vertex -11.4824 -32.9319 0
    endloop
  endfacet
  facet normal 0.195013 -0.980801 0
    outer loop
      vertex -28.5176 -29.0681 0
      vertex -28.2611 -29.0171 3
      vertex -28.5176 -29.0681 3
    endloop
  endfacet
  facet normal 0.195013 -0.980801 0
    outer loop
      vertex -28.2611 -29.0171 3
      vertex -28.5176 -29.0681 0
      vertex -28.2611 -29.0171 0
    endloop
  endfacet
  facet normal -0.997862 0.0653521 0
    outer loop
      vertex -10.0171 -31.2611 0
      vertex -10 -31 3
      vertex -10 -31 0
    endloop
  endfacet
  facet normal -0.997862 0.0653521 0
    outer loop
      vertex -10 -31 3
      vertex -10.0171 -31.2611 0
      vertex -10.0171 -31.2611 3
    endloop
  endfacet
  facet normal -0.94695 -0.321382 0
    outer loop
      vertex -10.0681 -30.4824 0
      vertex -10.1522 -30.2346 3
      vertex -10.1522 -30.2346 0
    endloop
  endfacet
  facet normal -0.94695 -0.321382 0
    outer loop
      vertex -10.1522 -30.2346 3
      vertex -10.0681 -30.4824 0
      vertex -10.0681 -30.4824 3
    endloop
  endfacet
  facet normal -0.321382 -0.94695 0
    outer loop
      vertex -11.4824 -29.0681 0
      vertex -11.2346 -29.1522 3
      vertex -11.4824 -29.0681 3
    endloop
  endfacet
  facet normal -0.321382 -0.94695 -0
    outer loop
      vertex -11.2346 -29.1522 3
      vertex -11.4824 -29.0681 0
      vertex -11.2346 -29.1522 0
    endloop
  endfacet
  facet normal 0.555758 -0.831344 0
    outer loop
      vertex -29.2175 -29.4133 0
      vertex -29 -29.2679 3
      vertex -29.2175 -29.4133 3
    endloop
  endfacet
  facet normal 0.555758 -0.831344 0
    outer loop
      vertex -29 -29.2679 3
      vertex -29.2175 -29.4133 0
      vertex -29 -29.2679 0
    endloop
  endfacet
  facet normal -0.0653521 0.997862 0
    outer loop
      vertex -11.7389 -32.9829 0
      vertex -12 -33 3
      vertex -11.7389 -32.9829 3
    endloop
  endfacet
  facet normal -0.0653521 0.997862 0
    outer loop
      vertex -12 -33 3
      vertex -11.7389 -32.9829 0
      vertex -12 -33 0
    endloop
  endfacet
  facet normal 0.94695 -0.321382 0
    outer loop
      vertex -29.9319 -30.4824 3
      vertex -29.8478 -30.2346 0
      vertex -29.8478 -30.2346 3
    endloop
  endfacet
  facet normal 0.94695 -0.321382 0
    outer loop
      vertex -29.8478 -30.2346 0
      vertex -29.9319 -30.4824 3
      vertex -29.9319 -30.4824 0
    endloop
  endfacet
  facet normal -0.659343 0.751842 0
    outer loop
      vertex -10.5858 -32.4142 0
      vertex -10.7825 -32.5867 3
      vertex -10.5858 -32.4142 3
    endloop
  endfacet
  facet normal -0.659343 0.751842 0
    outer loop
      vertex -10.7825 -32.5867 3
      vertex -10.5858 -32.4142 0
      vertex -10.7825 -32.5867 0
    endloop
  endfacet
  facet normal 0 1 -0
    outer loop
      vertex -12 -33 0
      vertex -28 -33 3
      vertex -12 -33 3
    endloop
  endfacet
  facet normal 0 1 0
    outer loop
      vertex -28 -33 3
      vertex -12 -33 0
      vertex -28 -33 0
    endloop
  endfacet
  facet normal 0.195013 0.980801 -0
    outer loop
      vertex -28.2611 -32.9829 0
      vertex -28.5176 -32.9319 3
      vertex -28.2611 -32.9829 3
    endloop
  endfacet
  facet normal 0.195013 0.980801 0
    outer loop
      vertex -28.5176 -32.9319 3
      vertex -28.2611 -32.9829 0
      vertex -28.5176 -32.9319 0
    endloop
  endfacet
  facet normal -0.89686 0.442314 0
    outer loop
      vertex -10.2679 -32 0
      vertex -10.1522 -31.7654 3
      vertex -10.1522 -31.7654 0
    endloop
  endfacet
  facet normal -0.89686 0.442314 0
    outer loop
      vertex -10.1522 -31.7654 3
      vertex -10.2679 -32 0
      vertex -10.2679 -32 3
    endloop
  endfacet
  facet normal -0.195013 0.980801 0
    outer loop
      vertex -11.4824 -32.9319 0
      vertex -11.7389 -32.9829 3
      vertex -11.4824 -32.9319 3
    endloop
  endfacet
  facet normal -0.195013 0.980801 0
    outer loop
      vertex -11.7389 -32.9829 3
      vertex -11.4824 -32.9319 0
      vertex -11.7389 -32.9829 0
    endloop
  endfacet
  facet normal 0.321382 -0.94695 0
    outer loop
      vertex -28.7654 -29.1522 0
      vertex -28.5176 -29.0681 3
      vertex -28.7654 -29.1522 3
    endloop
  endfacet
  facet normal 0.321382 -0.94695 0
    outer loop
      vertex -28.5176 -29.0681 3
      vertex -28.7654 -29.1522 0
      vertex -28.5176 -29.0681 0
    endloop
  endfacet
  facet normal 0.831521 0.555494 0
    outer loop
      vertex -29.5867 -32.2175 3
      vertex -29.732 -32 0
      vertex -29.732 -32 3
    endloop
  endfacet
  facet normal 0.831521 0.555494 0
    outer loop
      vertex -29.732 -32 0
      vertex -29.5867 -32.2175 3
      vertex -29.5867 -32.2175 0
    endloop
  endfacet
  facet normal -0.831344 -0.555758 0
    outer loop
      vertex -10.2679 -30 0
      vertex -10.4133 -29.7825 3
      vertex -10.4133 -29.7825 0
    endloop
  endfacet
  facet normal -0.831344 -0.555758 0
    outer loop
      vertex -10.4133 -29.7825 3
      vertex -10.2679 -30 0
      vertex -10.2679 -30 3
    endloop
  endfacet
  facet normal 0.94695 0.321382 0
    outer loop
      vertex -29.8478 -31.7654 3
      vertex -29.9319 -31.5176 0
      vertex -29.9319 -31.5176 3
    endloop
  endfacet
  facet normal 0.94695 0.321382 0
    outer loop
      vertex -29.9319 -31.5176 0
      vertex -29.8478 -31.7654 3
      vertex -29.8478 -31.7654 0
    endloop
  endfacet
  facet normal -0.659343 -0.751842 0
    outer loop
      vertex -10.7825 -29.4133 0
      vertex -10.5858 -29.5858 3
      vertex -10.7825 -29.4133 3
    endloop
  endfacet
  facet normal -0.659343 -0.751842 -0
    outer loop
      vertex -10.5858 -29.5858 3
      vertex -10.7825 -29.4133 0
      vertex -10.5858 -29.5858 0
    endloop
  endfacet
  facet normal -0.0653521 -0.997862 0
    outer loop
      vertex -12 -29 0
      vertex -11.7389 -29.0171 3
      vertex -12 -29 3
    endloop
  endfacet
  facet normal -0.0653521 -0.997862 -0
    outer loop
      vertex -11.7389 -29.0171 3
      vertex -12 -29 0
      vertex -11.7389 -29.0171 0
    endloop
  endfacet
  facet normal 0.442314 -0.89686 0
    outer loop
      vertex -29 -29.2679 0
      vertex -28.7654 -29.1522 3
      vertex -29 -29.2679 3
    endloop
  endfacet
  facet normal 0.442314 -0.89686 0
    outer loop
      vertex -28.7654 -29.1522 3
      vertex -29 -29.2679 0
      vertex -28.7654 -29.1522 0
    endloop
  endfacet
  facet normal -0.980801 -0.195013 0
    outer loop
      vertex -10.0171 -30.7389 0
      vertex -10.0681 -30.4824 3
      vertex -10.0681 -30.4824 0
    endloop
  endfacet
  facet normal -0.980801 -0.195013 0
    outer loop
      vertex -10.0681 -30.4824 3
      vertex -10.0171 -30.7389 0
      vertex -10.0171 -30.7389 3
    endloop
  endfacet
  facet normal -0.442314 -0.89686 0
    outer loop
      vertex -11.2346 -29.1522 0
      vertex -11 -29.2679 3
      vertex -11.2346 -29.1522 3
    endloop
  endfacet
  facet normal -0.442314 -0.89686 -0
    outer loop
      vertex -11 -29.2679 3
      vertex -11.2346 -29.1522 0
      vertex -11 -29.2679 0
    endloop
  endfacet
  facet normal 0.0653521 -0.997862 0
    outer loop
      vertex -28.2611 -29.0171 0
      vertex -28 -29 3
      vertex -28.2611 -29.0171 3
    endloop
  endfacet
  facet normal 0.0653521 -0.997862 0
    outer loop
      vertex -28 -29 3
      vertex -28.2611 -29.0171 0
      vertex -28 -29 0
    endloop
  endfacet
  facet normal 0.751842 0.659343 0
    outer loop
      vertex -29.4142 -32.4142 3
      vertex -29.5867 -32.2175 0
      vertex -29.5867 -32.2175 3
    endloop
  endfacet
  facet normal 0.751842 0.659343 0
    outer loop
      vertex -29.5867 -32.2175 0
      vertex -29.4142 -32.4142 3
      vertex -29.4142 -32.4142 0
    endloop
  endfacet
  facet normal 0.980801 0.195013 0
    outer loop
      vertex -29.9319 -31.5176 3
      vertex -29.9829 -31.2611 0
      vertex -29.9829 -31.2611 3
    endloop
  endfacet
  facet normal 0.980801 0.195013 0
    outer loop
      vertex -29.9829 -31.2611 0
      vertex -29.9319 -31.5176 3
      vertex -29.9319 -31.5176 0
    endloop
  endfacet
  facet normal 0.896709 -0.442621 0
    outer loop
      vertex -29.8478 -30.2346 3
      vertex -29.732 -30 0
      vertex -29.732 -30 3
    endloop
  endfacet
  facet normal 0.896709 -0.442621 0
    outer loop
      vertex -29.732 -30 0
      vertex -29.8478 -30.2346 3
      vertex -29.8478 -30.2346 0
    endloop
  endfacet
  facet normal -0.89686 -0.442314 0
    outer loop
      vertex -10.1522 -30.2346 0
      vertex -10.2679 -30 3
      vertex -10.2679 -30 0
    endloop
  endfacet
  facet normal -0.89686 -0.442314 0
    outer loop
      vertex -10.2679 -30 3
      vertex -10.1522 -30.2346 0
      vertex -10.1522 -30.2346 3
    endloop
  endfacet
  facet normal 0.659343 -0.751842 0
    outer loop
      vertex -29.4142 -29.5858 0
      vertex -29.2175 -29.4133 3
      vertex -29.4142 -29.5858 3
    endloop
  endfacet
  facet normal 0.659343 -0.751842 0
    outer loop
      vertex -29.2175 -29.4133 3
      vertex -29.4142 -29.5858 0
      vertex -29.2175 -29.4133 0
    endloop
  endfacet
  facet normal 0.751842 -0.659343 0
    outer loop
      vertex -29.5867 -29.7825 3
      vertex -29.4142 -29.5858 0
      vertex -29.4142 -29.5858 3
    endloop
  endfacet
  facet normal 0.751842 -0.659343 0
    outer loop
      vertex -29.4142 -29.5858 0
      vertex -29.5867 -29.7825 3
      vertex -29.5867 -29.7825 0
    endloop
  endfacet
  facet normal -0.831344 0.555758 0
    outer loop
      vertex -10.4133 -32.2175 0
      vertex -10.2679 -32 3
      vertex -10.2679 -32 0
    endloop
  endfacet
  facet normal -0.831344 0.555758 0
    outer loop
      vertex -10.2679 -32 3
      vertex -10.4133 -32.2175 0
      vertex -10.4133 -32.2175 3
    endloop
  endfacet
  facet normal 0.831521 -0.555494 0
    outer loop
      vertex -29.732 -30 3
      vertex -29.5867 -29.7825 0
      vertex -29.5867 -29.7825 3
    endloop
  endfacet
  facet normal 0.831521 -0.555494 0
    outer loop
      vertex -29.5867 -29.7825 0
      vertex -29.732 -30 3
      vertex -29.732 -30 0
    endloop
  endfacet
  facet normal -0.94695 0.321382 0
    outer loop
      vertex -10.1522 -31.7654 0
      vertex -10.0681 -31.5176 3
      vertex -10.0681 -31.5176 0
    endloop
  endfacet
  facet normal -0.94695 0.321382 0
    outer loop
      vertex -10.0681 -31.5176 3
      vertex -10.1522 -31.7654 0
      vertex -10.1522 -31.7654 3
    endloop
  endfacet
  facet normal -0.980801 0.195013 0
    outer loop
      vertex -10.0681 -31.5176 0
      vertex -10.0171 -31.2611 3
      vertex -10.0171 -31.2611 0
    endloop
  endfacet
  facet normal -0.980801 0.195013 0
    outer loop
      vertex -10.0171 -31.2611 3
      vertex -10.0681 -31.5176 0
      vertex -10.0681 -31.5176 3
    endloop
  endfacet
  facet normal 0.997862 0.0653521 0
    outer loop
      vertex -29.9829 -31.2611 3
      vertex -30 -31 0
      vertex -30 -31 3
    endloop
  endfacet
  facet normal 0.997862 0.0653521 0
    outer loop
      vertex -30 -31 0
      vertex -29.9829 -31.2611 3
      vertex -29.9829 -31.2611 0
    endloop
  endfacet
  facet normal 0.0653521 0.997862 -0
    outer loop
      vertex -28 -33 0
      vertex -28.2611 -32.9829 3
      vertex -28 -33 3
    endloop
  endfacet
  facet normal 0.0653521 0.997862 0
    outer loop
      vertex -28.2611 -32.9829 3
      vertex -28 -33 0
      vertex -28.2611 -32.9829 0
    endloop
  endfacet
  facet normal -0.751842 -0.659343 0
    outer loop
      vertex -10.4133 -29.7825 0
      vertex -10.5858 -29.5858 3
      vertex -10.5858 -29.5858 0
    endloop
  endfacet
  facet normal -0.751842 -0.659343 0
    outer loop
      vertex -10.5858 -29.5858 3
      vertex -10.4133 -29.7825 0
      vertex -10.4133 -29.7825 3
    endloop
  endfacet
  facet normal 0.555494 0.831521 -0
    outer loop
      vertex -29 -32.732 0
      vertex -29.2175 -32.5867 3
      vertex -29 -32.732 3
    endloop
  endfacet
  facet normal 0.555494 0.831521 0
    outer loop
      vertex -29.2175 -32.5867 3
      vertex -29 -32.732 0
      vertex -29.2175 -32.5867 0
    endloop
  endfacet
  facet normal -0.555494 0.831521 0
    outer loop
      vertex -10.7825 -32.5867 0
      vertex -11 -32.732 3
      vertex -10.7825 -32.5867 3
    endloop
  endfacet
  facet normal -0.555494 0.831521 0
    outer loop
      vertex -11 -32.732 3
      vertex -10.7825 -32.5867 0
      vertex -11 -32.732 0
    endloop
  endfacet
  facet normal -0.442621 0.896709 0
    outer loop
      vertex -11 -32.732 0
      vertex -11.2346 -32.8478 3
      vertex -11 -32.732 3
    endloop
  endfacet
  facet normal -0.442621 0.896709 0
    outer loop
      vertex -11.2346 -32.8478 3
      vertex -11 -32.732 0
      vertex -11.2346 -32.8478 0
    endloop
  endfacet
  facet normal 0.896709 0.442621 0
    outer loop
      vertex -29.732 -32 3
      vertex -29.8478 -31.7654 0
      vertex -29.8478 -31.7654 3
    endloop
  endfacet
  facet normal 0.896709 0.442621 0
    outer loop
      vertex -29.8478 -31.7654 0
      vertex -29.732 -32 3
      vertex -29.732 -32 0
    endloop
  endfacet
  facet normal 0.659343 0.751842 -0
    outer loop
      vertex -29.2175 -32.5867 0
      vertex -29.4142 -32.4142 3
      vertex -29.2175 -32.5867 3
    endloop
  endfacet
  facet normal 0.659343 0.751842 0
    outer loop
      vertex -29.4142 -32.4142 3
      vertex -29.2175 -32.5867 0
      vertex -29.4142 -32.4142 0
    endloop
  endfacet
  facet normal 0.442621 0.896709 -0
    outer loop
      vertex -28.7654 -32.8478 0
      vertex -29 -32.732 3
      vertex -28.7654 -32.8478 3
    endloop
  endfacet
  facet normal 0.442621 0.896709 0
    outer loop
      vertex -29 -32.732 3
      vertex -28.7654 -32.8478 0
      vertex -29 -32.732 0
    endloop
  endfacet
  facet normal 0.997862 -0.0653521 0
    outer loop
      vertex -30 31 3
      vertex -29.9829 31.2611 0
      vertex -29.9829 31.2611 3
    endloop
  endfacet
  facet normal 0.997862 -0.0653521 0
    outer loop
      vertex -29.9829 31.2611 0
      vertex -30 31 3
      vertex -30 31 0
    endloop
  endfacet
  facet normal 0.751842 0.659343 0
    outer loop
      vertex -29.4142 29.5858 3
      vertex -29.5867 29.7825 0
      vertex -29.5867 29.7825 3
    endloop
  endfacet
  facet normal 0.751842 0.659343 0
    outer loop
      vertex -29.5867 29.7825 0
      vertex -29.4142 29.5858 3
      vertex -29.4142 29.5858 0
    endloop
  endfacet
  facet normal -0.89686 0.442314 0
    outer loop
      vertex -10.2679 30 0
      vertex -10.1522 30.2346 3
      vertex -10.1522 30.2346 0
    endloop
  endfacet
  facet normal -0.89686 0.442314 0
    outer loop
      vertex -10.1522 30.2346 3
      vertex -10.2679 30 0
      vertex -10.2679 30 3
    endloop
  endfacet
  facet normal -0.997862 -0.0653521 0
    outer loop
      vertex -10 31 0
      vertex -10.0171 31.2611 3
      vertex -10.0171 31.2611 0
    endloop
  endfacet
  facet normal -0.997862 -0.0653521 0
    outer loop
      vertex -10.0171 31.2611 3
      vertex -10 31 0
      vertex -10 31 3
    endloop
  endfacet
  facet normal -0.195013 -0.980801 0
    outer loop
      vertex -11.7389 32.9829 0
      vertex -11.4824 32.9319 3
      vertex -11.7389 32.9829 3
    endloop
  endfacet
  facet normal -0.195013 -0.980801 -0
    outer loop
      vertex -11.4824 32.9319 3
      vertex -11.7389 32.9829 0
      vertex -11.4824 32.9319 0
    endloop
  endfacet
  facet normal 0.555758 0.831344 -0
    outer loop
      vertex -29 29.2679 0
      vertex -29.2175 29.4133 3
      vertex -29 29.2679 3
    endloop
  endfacet
  facet normal 0.555758 0.831344 0
    outer loop
      vertex -29.2175 29.4133 3
      vertex -29 29.2679 0
      vertex -29.2175 29.4133 0
    endloop
  endfacet
  facet normal -0.442314 0.89686 0
    outer loop
      vertex -11 29.2679 0
      vertex -11.2346 29.1522 3
      vertex -11 29.2679 3
    endloop
  endfacet
  facet normal -0.442314 0.89686 0
    outer loop
      vertex -11.2346 29.1522 3
      vertex -11 29.2679 0
      vertex -11.2346 29.1522 0
    endloop
  endfacet
  facet normal 0 -1 0
    outer loop
      vertex -28 33 0
      vertex -12 33 3
      vertex -28 33 3
    endloop
  endfacet
  facet normal 0 -1 -0
    outer loop
      vertex -12 33 3
      vertex -28 33 0
      vertex -12 33 0
    endloop
  endfacet
  facet normal 0.659343 0.751842 -0
    outer loop
      vertex -29.2175 29.4133 0
      vertex -29.4142 29.5858 3
      vertex -29.2175 29.4133 3
    endloop
  endfacet
  facet normal 0.659343 0.751842 0
    outer loop
      vertex -29.4142 29.5858 3
      vertex -29.2175 29.4133 0
      vertex -29.4142 29.5858 0
    endloop
  endfacet
  facet normal 0.94695 -0.321382 0
    outer loop
      vertex -29.9319 31.5176 3
      vertex -29.8478 31.7654 0
      vertex -29.8478 31.7654 3
    endloop
  endfacet
  facet normal 0.94695 -0.321382 0
    outer loop
      vertex -29.8478 31.7654 0
      vertex -29.9319 31.5176 3
      vertex -29.9319 31.5176 0
    endloop
  endfacet
  facet normal 0.751842 -0.659343 0
    outer loop
      vertex -29.5867 32.2175 3
      vertex -29.4142 32.4142 0
      vertex -29.4142 32.4142 3
    endloop
  endfacet
  facet normal 0.751842 -0.659343 0
    outer loop
      vertex -29.4142 32.4142 0
      vertex -29.5867 32.2175 3
      vertex -29.5867 32.2175 0
    endloop
  endfacet
  facet normal -0.980801 -0.195013 0
    outer loop
      vertex -10.0171 31.2611 0
      vertex -10.0681 31.5176 3
      vertex -10.0681 31.5176 0
    endloop
  endfacet
  facet normal -0.980801 -0.195013 0
    outer loop
      vertex -10.0681 31.5176 3
      vertex -10.0171 31.2611 0
      vertex -10.0171 31.2611 3
    endloop
  endfacet
  facet normal -0.89686 -0.442314 0
    outer loop
      vertex -10.1522 31.7654 0
      vertex -10.2679 32 3
      vertex -10.2679 32 0
    endloop
  endfacet
  facet normal -0.89686 -0.442314 0
    outer loop
      vertex -10.2679 32 3
      vertex -10.1522 31.7654 0
      vertex -10.1522 31.7654 3
    endloop
  endfacet
  facet normal 0.980801 0.195013 0
    outer loop
      vertex -29.9319 30.4824 3
      vertex -29.9829 30.7389 0
      vertex -29.9829 30.7389 3
    endloop
  endfacet
  facet normal 0.980801 0.195013 0
    outer loop
      vertex -29.9829 30.7389 0
      vertex -29.9319 30.4824 3
      vertex -29.9319 30.4824 0
    endloop
  endfacet
  facet normal -0.831344 0.555758 0
    outer loop
      vertex -10.4133 29.7825 0
      vertex -10.2679 30 3
      vertex -10.2679 30 0
    endloop
  endfacet
  facet normal -0.831344 0.555758 0
    outer loop
      vertex -10.2679 30 3
      vertex -10.4133 29.7825 0
      vertex -10.4133 29.7825 3
    endloop
  endfacet
  facet normal -0.321382 -0.94695 0
    outer loop
      vertex -11.4824 32.9319 0
      vertex -11.2346 32.8478 3
      vertex -11.4824 32.9319 3
    endloop
  endfacet
  facet normal -0.321382 -0.94695 -0
    outer loop
      vertex -11.2346 32.8478 3
      vertex -11.4824 32.9319 0
      vertex -11.2346 32.8478 0
    endloop
  endfacet
  facet normal -0.442621 -0.896709 0
    outer loop
      vertex -11.2346 32.8478 0
      vertex -11 32.732 3
      vertex -11.2346 32.8478 3
    endloop
  endfacet
  facet normal -0.442621 -0.896709 -0
    outer loop
      vertex -11 32.732 3
      vertex -11.2346 32.8478 0
      vertex -11 32.732 0
    endloop
  endfacet
  facet normal 0 1 -0
    outer loop
      vertex -12 29 0
      vertex -28 29 3
      vertex -12 29 3
    endloop
  endfacet
  facet normal 0 1 0
    outer loop
      vertex -28 29 3
      vertex -12 29 0
      vertex -28 29 0
    endloop
  endfacet
  facet normal 0.896709 0.442621 0
    outer loop
      vertex -29.732 30 3
      vertex -29.8478 30.2346 0
      vertex -29.8478 30.2346 3
    endloop
  endfacet
  facet normal 0.896709 0.442621 0
    outer loop
      vertex -29.8478 30.2346 0
      vertex -29.732 30 3
      vertex -29.732 30 0
    endloop
  endfacet
  facet normal 0.896709 -0.442621 0
    outer loop
      vertex -29.8478 31.7654 3
      vertex -29.732 32 0
      vertex -29.732 32 3
    endloop
  endfacet
  facet normal 0.896709 -0.442621 0
    outer loop
      vertex -29.732 32 0
      vertex -29.8478 31.7654 3
      vertex -29.8478 31.7654 0
    endloop
  endfacet
  facet normal -0.997862 0.0653521 0
    outer loop
      vertex -10.0171 30.7389 0
      vertex -10 31 3
      vertex -10 31 0
    endloop
  endfacet
  facet normal -0.997862 0.0653521 0
    outer loop
      vertex -10 31 3
      vertex -10.0171 30.7389 0
      vertex -10.0171 30.7389 3
    endloop
  endfacet
  facet normal -0.94695 -0.321382 0
    outer loop
      vertex -10.0681 31.5176 0
      vertex -10.1522 31.7654 3
      vertex -10.1522 31.7654 0
    endloop
  endfacet
  facet normal -0.94695 -0.321382 0
    outer loop
      vertex -10.1522 31.7654 3
      vertex -10.0681 31.5176 0
      vertex -10.0681 31.5176 3
    endloop
  endfacet
  facet normal -0.831344 -0.555758 0
    outer loop
      vertex -10.2679 32 0
      vertex -10.4133 32.2175 3
      vertex -10.4133 32.2175 0
    endloop
  endfacet
  facet normal -0.831344 -0.555758 0
    outer loop
      vertex -10.4133 32.2175 3
      vertex -10.2679 32 0
      vertex -10.2679 32 3
    endloop
  endfacet
  facet normal -0.659343 0.751842 0
    outer loop
      vertex -10.5858 29.5858 0
      vertex -10.7825 29.4133 3
      vertex -10.5858 29.5858 3
    endloop
  endfacet
  facet normal -0.659343 0.751842 0
    outer loop
      vertex -10.7825 29.4133 3
      vertex -10.5858 29.5858 0
      vertex -10.7825 29.4133 0
    endloop
  endfacet
  facet normal -0.659343 -0.751842 0
    outer loop
      vertex -10.7825 32.5867 0
      vertex -10.5858 32.4142 3
      vertex -10.7825 32.5867 3
    endloop
  endfacet
  facet normal -0.659343 -0.751842 -0
    outer loop
      vertex -10.5858 32.4142 3
      vertex -10.7825 32.5867 0
      vertex -10.5858 32.4142 0
    endloop
  endfacet
  facet normal 0.659343 -0.751842 0
    outer loop
      vertex -29.4142 32.4142 0
      vertex -29.2175 32.5867 3
      vertex -29.4142 32.4142 3
    endloop
  endfacet
  facet normal 0.659343 -0.751842 0
    outer loop
      vertex -29.2175 32.5867 3
      vertex -29.4142 32.4142 0
      vertex -29.2175 32.5867 0
    endloop
  endfacet
  facet normal 0.980801 -0.195013 0
    outer loop
      vertex -29.9829 31.2611 3
      vertex -29.9319 31.5176 0
      vertex -29.9319 31.5176 3
    endloop
  endfacet
  facet normal 0.980801 -0.195013 0
    outer loop
      vertex -29.9319 31.5176 0
      vertex -29.9829 31.2611 3
      vertex -29.9829 31.2611 0
    endloop
  endfacet
  facet normal 0.195013 -0.980801 0
    outer loop
      vertex -28.5176 32.9319 0
      vertex -28.2611 32.9829 3
      vertex -28.5176 32.9319 3
    endloop
  endfacet
  facet normal 0.195013 -0.980801 0
    outer loop
      vertex -28.2611 32.9829 3
      vertex -28.5176 32.9319 0
      vertex -28.2611 32.9829 0
    endloop
  endfacet
  facet normal 0.831521 -0.555494 0
    outer loop
      vertex -29.732 32 3
      vertex -29.5867 32.2175 0
      vertex -29.5867 32.2175 3
    endloop
  endfacet
  facet normal 0.831521 -0.555494 0
    outer loop
      vertex -29.5867 32.2175 0
      vertex -29.732 32 3
      vertex -29.732 32 0
    endloop
  endfacet
  facet normal 0.442621 -0.896709 0
    outer loop
      vertex -29 32.732 0
      vertex -28.7654 32.8478 3
      vertex -29 32.732 3
    endloop
  endfacet
  facet normal 0.442621 -0.896709 0
    outer loop
      vertex -28.7654 32.8478 3
      vertex -29 32.732 0
      vertex -28.7654 32.8478 0
    endloop
  endfacet
  facet normal 0.0653521 -0.997862 0
    outer loop
      vertex -28.2611 32.9829 0
      vertex -28 33 3
      vertex -28.2611 32.9829 3
    endloop
  endfacet
  facet normal 0.0653521 -0.997862 0
    outer loop
      vertex -28 33 3
      vertex -28.2611 32.9829 0
      vertex -28 33 0
    endloop
  endfacet
  facet normal 0.321382 0.94695 -0
    outer loop
      vertex -28.5176 29.0681 0
      vertex -28.7654 29.1522 3
      vertex -28.5176 29.0681 3
    endloop
  endfacet
  facet normal 0.321382 0.94695 0
    outer loop
      vertex -28.7654 29.1522 3
      vertex -28.5176 29.0681 0
      vertex -28.7654 29.1522 0
    endloop
  endfacet
  facet normal -0.0653521 -0.997862 0
    outer loop
      vertex -12 33 0
      vertex -11.7389 32.9829 3
      vertex -12 33 3
    endloop
  endfacet
  facet normal -0.0653521 -0.997862 -0
    outer loop
      vertex -11.7389 32.9829 3
      vertex -12 33 0
      vertex -11.7389 32.9829 0
    endloop
  endfacet
  facet normal 0.997862 0.0653521 0
    outer loop
      vertex -29.9829 30.7389 3
      vertex -30 31 0
      vertex -30 31 3
    endloop
  endfacet
  facet normal 0.997862 0.0653521 0
    outer loop
      vertex -30 31 0
      vertex -29.9829 30.7389 3
      vertex -29.9829 30.7389 0
    endloop
  endfacet
  facet normal 0.94695 0.321382 0
    outer loop
      vertex -29.8478 30.2346 3
      vertex -29.9319 30.4824 0
      vertex -29.9319 30.4824 3
    endloop
  endfacet
  facet normal 0.94695 0.321382 0
    outer loop
      vertex -29.9319 30.4824 0
      vertex -29.8478 30.2346 3
      vertex -29.8478 30.2346 0
    endloop
  endfacet
  facet normal -0.980801 0.195013 0
    outer loop
      vertex -10.0681 30.4824 0
      vertex -10.0171 30.7389 3
      vertex -10.0171 30.7389 0
    endloop
  endfacet
  facet normal -0.980801 0.195013 0
    outer loop
      vertex -10.0171 30.7389 3
      vertex -10.0681 30.4824 0
      vertex -10.0681 30.4824 3
    endloop
  endfacet
  facet normal -0.94695 0.321382 0
    outer loop
      vertex -10.1522 30.2346 0
      vertex -10.0681 30.4824 3
      vertex -10.0681 30.4824 0
    endloop
  endfacet
  facet normal -0.94695 0.321382 0
    outer loop
      vertex -10.0681 30.4824 3
      vertex -10.1522 30.2346 0
      vertex -10.1522 30.2346 3
    endloop
  endfacet
  facet normal -0.555758 0.831344 0
    outer loop
      vertex -10.7825 29.4133 0
      vertex -11 29.2679 3
      vertex -10.7825 29.4133 3
    endloop
  endfacet
  facet normal -0.555758 0.831344 0
    outer loop
      vertex -11 29.2679 3
      vertex -10.7825 29.4133 0
      vertex -11 29.2679 0
    endloop
  endfacet
  facet normal -0.751842 0.659343 0
    outer loop
      vertex -10.5858 29.5858 0
      vertex -10.4133 29.7825 3
      vertex -10.4133 29.7825 0
    endloop
  endfacet
  facet normal -0.751842 0.659343 0
    outer loop
      vertex -10.4133 29.7825 3
      vertex -10.5858 29.5858 0
      vertex -10.5858 29.5858 3
    endloop
  endfacet
  facet normal -0.321382 0.94695 0
    outer loop
      vertex -11.2346 29.1522 0
      vertex -11.4824 29.0681 3
      vertex -11.2346 29.1522 3
    endloop
  endfacet
  facet normal -0.321382 0.94695 0
    outer loop
      vertex -11.4824 29.0681 3
      vertex -11.2346 29.1522 0
      vertex -11.4824 29.0681 0
    endloop
  endfacet
  facet normal 0.555494 -0.831521 0
    outer loop
      vertex -29.2175 32.5867 0
      vertex -29 32.732 3
      vertex -29.2175 32.5867 3
    endloop
  endfacet
  facet normal 0.555494 -0.831521 0
    outer loop
      vertex -29 32.732 3
      vertex -29.2175 32.5867 0
      vertex -29 32.732 0
    endloop
  endfacet
  facet normal 0.321382 -0.94695 0
    outer loop
      vertex -28.7654 32.8478 0
      vertex -28.5176 32.9319 3
      vertex -28.7654 32.8478 3
    endloop
  endfacet
  facet normal 0.321382 -0.94695 0
    outer loop
      vertex -28.5176 32.9319 3
      vertex -28.7654 32.8478 0
      vertex -28.5176 32.9319 0
    endloop
  endfacet
  facet normal 0.831521 0.555494 0
    outer loop
      vertex -29.5867 29.7825 3
      vertex -29.732 30 0
      vertex -29.732 30 3
    endloop
  endfacet
  facet normal 0.831521 0.555494 0
    outer loop
      vertex -29.732 30 0
      vertex -29.5867 29.7825 3
      vertex -29.5867 29.7825 0
    endloop
  endfacet
  facet normal -0.751842 -0.659343 0
    outer loop
      vertex -10.4133 32.2175 0
      vertex -10.5858 32.4142 3
      vertex -10.5858 32.4142 0
    endloop
  endfacet
  facet normal -0.751842 -0.659343 0
    outer loop
      vertex -10.5858 32.4142 3
      vertex -10.4133 32.2175 0
      vertex -10.4133 32.2175 3
    endloop
  endfacet
  facet normal 0.0653521 0.997862 -0
    outer loop
      vertex -28 29 0
      vertex -28.2611 29.0171 3
      vertex -28 29 3
    endloop
  endfacet
  facet normal 0.0653521 0.997862 0
    outer loop
      vertex -28.2611 29.0171 3
      vertex -28 29 0
      vertex -28.2611 29.0171 0
    endloop
  endfacet
  facet normal 0.195013 0.980801 -0
    outer loop
      vertex -28.2611 29.0171 0
      vertex -28.5176 29.0681 3
      vertex -28.2611 29.0171 3
    endloop
  endfacet
  facet normal 0.195013 0.980801 0
    outer loop
      vertex -28.5176 29.0681 3
      vertex -28.2611 29.0171 0
      vertex -28.5176 29.0681 0
    endloop
  endfacet
  facet normal 0.442314 0.89686 -0
    outer loop
      vertex -28.7654 29.1522 0
      vertex -29 29.2679 3
      vertex -28.7654 29.1522 3
    endloop
  endfacet
  facet normal 0.442314 0.89686 0
    outer loop
      vertex -29 29.2679 3
      vertex -28.7654 29.1522 0
      vertex -29 29.2679 0
    endloop
  endfacet
  facet normal -0.555494 -0.831521 0
    outer loop
      vertex -11 32.732 0
      vertex -10.7825 32.5867 3
      vertex -11 32.732 3
    endloop
  endfacet
  facet normal -0.555494 -0.831521 -0
    outer loop
      vertex -10.7825 32.5867 3
      vertex -11 32.732 0
      vertex -10.7825 32.5867 0
    endloop
  endfacet
  facet normal -0.0653521 0.997862 0
    outer loop
      vertex -11.7389 29.0171 0
      vertex -12 29 3
      vertex -11.7389 29.0171 3
    endloop
  endfacet
  facet normal -0.0653521 0.997862 0
    outer loop
      vertex -12 29 3
      vertex -11.7389 29.0171 0
      vertex -12 29 0
    endloop
  endfacet
  facet normal -0.195013 0.980801 0
    outer loop
      vertex -11.4824 29.0681 0
      vertex -11.7389 29.0171 3
      vertex -11.4824 29.0681 3
    endloop
  endfacet
  facet normal -0.195013 0.980801 0
    outer loop
      vertex -11.7389 29.0171 3
      vertex -11.4824 29.0681 0
      vertex -11.7389 29.0171 0
    endloop
  endfacet
  facet normal 0.980819 0.194922 0
    outer loop
      vertex 45.5545 -20.4141 3
      vertex 45.5137 -20.2088 0
      vertex 45.5137 -20.2088 3
    endloop
  endfacet
  facet normal 0.980819 0.194922 0
    outer loop
      vertex 45.5137 -20.2088 0
      vertex 45.5545 -20.4141 3
      vertex 45.5545 -20.4141 0
    endloop
  endfacet
  facet normal -0.980819 -0.194922 0
    outer loop
      vertex 66.4863 -19.7912 0
      vertex 66.4455 -19.5859 3
      vertex 66.4455 -19.5859 0
    endloop
  endfacet
  facet normal -0.980819 -0.194922 0
    outer loop
      vertex 66.4455 -19.5859 3
      vertex 66.4863 -19.7912 0
      vertex 66.4863 -19.7912 3
    endloop
  endfacet
  facet normal 0.946901 -0.321526 0
    outer loop
      vertex 45.5545 -19.5859 3
      vertex 45.6218 -19.3877 0
      vertex 45.6218 -19.3877 3
    endloop
  endfacet
  facet normal 0.946901 -0.321526 0
    outer loop
      vertex 45.6218 -19.3877 0
      vertex 45.5545 -19.5859 3
      vertex 45.5545 -19.5859 0
    endloop
  endfacet
  facet normal 0.997854 0.0654722 0
    outer loop
      vertex 45.5137 -20.2088 3
      vertex 45.5 -20 0
      vertex 45.5 -20 3
    endloop
  endfacet
  facet normal 0.997854 0.0654722 0
    outer loop
      vertex 45.5 -20 0
      vertex 45.5137 -20.2088 3
      vertex 45.5137 -20.2088 0
    endloop
  endfacet
  facet normal -0.442429 -0.896803 0
    outer loop
      vertex 65.5123 -18.5218 0
      vertex 65.7 -18.6144 3
      vertex 65.5123 -18.5218 3
    endloop
  endfacet
  facet normal -0.442429 -0.896803 -0
    outer loop
      vertex 65.7 -18.6144 3
      vertex 65.5123 -18.5218 0
      vertex 65.7 -18.6144 0
    endloop
  endfacet
  facet normal 0.980819 -0.194922 0
    outer loop
      vertex 45.5137 -19.7912 3
      vertex 45.5545 -19.5859 0
      vertex 45.5545 -19.5859 3
    endloop
  endfacet
  facet normal 0.980819 -0.194922 0
    outer loop
      vertex 45.5545 -19.5859 0
      vertex 45.5137 -19.7912 3
      vertex 45.5137 -19.7912 0
    endloop
  endfacet
  facet normal -0.0654722 -0.997854 0
    outer loop
      vertex 64.9 -18.4 0
      vertex 65.1088 -18.4137 3
      vertex 64.9 -18.4 3
    endloop
  endfacet
  facet normal -0.0654722 -0.997854 -0
    outer loop
      vertex 65.1088 -18.4137 3
      vertex 64.9 -18.4 0
      vertex 65.1088 -18.4137 0
    endloop
  endfacet
  facet normal -0.980819 0.194922 0
    outer loop
      vertex 66.4455 -20.4141 0
      vertex 66.4863 -20.2088 3
      vertex 66.4863 -20.2088 0
    endloop
  endfacet
  facet normal -0.980819 0.194922 0
    outer loop
      vertex 66.4863 -20.2088 3
      vertex 66.4455 -20.4141 0
      vertex 66.4455 -20.4141 3
    endloop
  endfacet
  facet normal -0.321526 -0.946901 0
    outer loop
      vertex 65.3141 -18.4545 0
      vertex 65.5123 -18.5218 3
      vertex 65.3141 -18.4545 3
    endloop
  endfacet
  facet normal -0.321526 -0.946901 -0
    outer loop
      vertex 65.5123 -18.5218 3
      vertex 65.3141 -18.4545 0
      vertex 65.5123 -18.5218 0
    endloop
  endfacet
  facet normal 0.659248 -0.751925 0
    outer loop
      vertex 45.9686 -18.8686 0
      vertex 46.126 -18.7306 3
      vertex 45.9686 -18.8686 3
    endloop
  endfacet
  facet normal 0.659248 -0.751925 0
    outer loop
      vertex 46.126 -18.7306 3
      vertex 45.9686 -18.8686 0
      vertex 46.126 -18.7306 0
    endloop
  endfacet
  facet normal 0.442429 -0.896803 0
    outer loop
      vertex 46.3 -18.6144 0
      vertex 46.4877 -18.5218 3
      vertex 46.3 -18.6144 3
    endloop
  endfacet
  facet normal 0.442429 -0.896803 0
    outer loop
      vertex 46.4877 -18.5218 3
      vertex 46.3 -18.6144 0
      vertex 46.4877 -18.5218 0
    endloop
  endfacet
  facet normal -0.555362 0.831609 0
    outer loop
      vertex 65.874 -21.2694 0
      vertex 65.7 -21.3856 3
      vertex 65.874 -21.2694 3
    endloop
  endfacet
  facet normal -0.555362 0.831609 0
    outer loop
      vertex 65.7 -21.3856 3
      vertex 65.874 -21.2694 0
      vertex 65.7 -21.3856 0
    endloop
  endfacet
  facet normal 0.0654722 -0.997854 0
    outer loop
      vertex 46.8912 -18.4137 0
      vertex 47.1 -18.4 3
      vertex 46.8912 -18.4137 3
    endloop
  endfacet
  facet normal 0.0654722 -0.997854 0
    outer loop
      vertex 47.1 -18.4 3
      vertex 46.8912 -18.4137 0
      vertex 47.1 -18.4 0
    endloop
  endfacet
  facet normal -0.896803 0.442429 0
    outer loop
      vertex 66.2856 -20.8 0
      vertex 66.3782 -20.6123 3
      vertex 66.3782 -20.6123 0
    endloop
  endfacet
  facet normal -0.896803 0.442429 0
    outer loop
      vertex 66.3782 -20.6123 3
      vertex 66.2856 -20.8 0
      vertex 66.2856 -20.8 3
    endloop
  endfacet
  facet normal 0.896803 -0.442429 0
    outer loop
      vertex 45.6218 -19.3877 3
      vertex 45.7144 -19.2 0
      vertex 45.7144 -19.2 3
    endloop
  endfacet
  facet normal 0.896803 -0.442429 0
    outer loop
      vertex 45.7144 -19.2 0
      vertex 45.6218 -19.3877 3
      vertex 45.6218 -19.3877 0
    endloop
  endfacet
  facet normal 0.831609 -0.555362 0
    outer loop
      vertex 45.7144 -19.2 3
      vertex 45.8306 -19.026 0
      vertex 45.8306 -19.026 3
    endloop
  endfacet
  facet normal 0.831609 -0.555362 0
    outer loop
      vertex 45.8306 -19.026 0
      vertex 45.7144 -19.2 3
      vertex 45.7144 -19.2 0
    endloop
  endfacet
  facet normal -0.0654722 0.997854 0
    outer loop
      vertex 65.1088 -21.5863 0
      vertex 64.9 -21.6 3
      vertex 65.1088 -21.5863 3
    endloop
  endfacet
  facet normal -0.0654722 0.997854 0
    outer loop
      vertex 64.9 -21.6 3
      vertex 65.1088 -21.5863 0
      vertex 64.9 -21.6 0
    endloop
  endfacet
  facet normal 0.751925 -0.659248 0
    outer loop
      vertex 45.8306 -19.026 3
      vertex 45.9686 -18.8686 0
      vertex 45.9686 -18.8686 3
    endloop
  endfacet
  facet normal 0.751925 -0.659248 0
    outer loop
      vertex 45.9686 -18.8686 0
      vertex 45.8306 -19.026 3
      vertex 45.8306 -19.026 0
    endloop
  endfacet
  facet normal -0.896803 -0.442429 0
    outer loop
      vertex 66.3782 -19.3877 0
      vertex 66.2856 -19.2 3
      vertex 66.2856 -19.2 0
    endloop
  endfacet
  facet normal -0.896803 -0.442429 0
    outer loop
      vertex 66.2856 -19.2 3
      vertex 66.3782 -19.3877 0
      vertex 66.3782 -19.3877 3
    endloop
  endfacet
  facet normal 0 -1 0
    outer loop
      vertex 47.1 -18.4 0
      vertex 64.9 -18.4 3
      vertex 47.1 -18.4 3
    endloop
  endfacet
  facet normal 0 -1 -0
    outer loop
      vertex 64.9 -18.4 3
      vertex 47.1 -18.4 0
      vertex 64.9 -18.4 0
    endloop
  endfacet
  facet normal -0.751925 0.659248 0
    outer loop
      vertex 66.0314 -21.1314 0
      vertex 66.1694 -20.974 3
      vertex 66.1694 -20.974 0
    endloop
  endfacet
  facet normal -0.751925 0.659248 0
    outer loop
      vertex 66.1694 -20.974 3
      vertex 66.0314 -21.1314 0
      vertex 66.0314 -21.1314 3
    endloop
  endfacet
  facet normal 0.321526 0.946901 -0
    outer loop
      vertex 46.6859 -21.5455 0
      vertex 46.4877 -21.4782 3
      vertex 46.6859 -21.5455 3
    endloop
  endfacet
  facet normal 0.321526 0.946901 0
    outer loop
      vertex 46.4877 -21.4782 3
      vertex 46.6859 -21.5455 0
      vertex 46.4877 -21.4782 0
    endloop
  endfacet
  facet normal 0 1 -0
    outer loop
      vertex 64.9 -21.6 0
      vertex 47.1 -21.6 3
      vertex 64.9 -21.6 3
    endloop
  endfacet
  facet normal 0 1 0
    outer loop
      vertex 47.1 -21.6 3
      vertex 64.9 -21.6 0
      vertex 47.1 -21.6 0
    endloop
  endfacet
  facet normal 0.194922 -0.980819 0
    outer loop
      vertex 46.6859 -18.4545 0
      vertex 46.8912 -18.4137 3
      vertex 46.6859 -18.4545 3
    endloop
  endfacet
  facet normal 0.194922 -0.980819 0
    outer loop
      vertex 46.8912 -18.4137 3
      vertex 46.6859 -18.4545 0
      vertex 46.8912 -18.4137 0
    endloop
  endfacet
  facet normal -0.555362 -0.831609 0
    outer loop
      vertex 65.7 -18.6144 0
      vertex 65.874 -18.7306 3
      vertex 65.7 -18.6144 3
    endloop
  endfacet
  facet normal -0.555362 -0.831609 -0
    outer loop
      vertex 65.874 -18.7306 3
      vertex 65.7 -18.6144 0
      vertex 65.874 -18.7306 0
    endloop
  endfacet
  facet normal 0.997854 -0.0654722 0
    outer loop
      vertex 45.5 -20 3
      vertex 45.5137 -19.7912 0
      vertex 45.5137 -19.7912 3
    endloop
  endfacet
  facet normal 0.997854 -0.0654722 0
    outer loop
      vertex 45.5137 -19.7912 0
      vertex 45.5 -20 3
      vertex 45.5 -20 0
    endloop
  endfacet
  facet normal -0.946901 -0.321526 0
    outer loop
      vertex 66.4455 -19.5859 0
      vertex 66.3782 -19.3877 3
      vertex 66.3782 -19.3877 0
    endloop
  endfacet
  facet normal -0.946901 -0.321526 0
    outer loop
      vertex 66.3782 -19.3877 3
      vertex 66.4455 -19.5859 0
      vertex 66.4455 -19.5859 3
    endloop
  endfacet
  facet normal 0.0654722 0.997854 -0
    outer loop
      vertex 47.1 -21.6 0
      vertex 46.8912 -21.5863 3
      vertex 47.1 -21.6 3
    endloop
  endfacet
  facet normal 0.0654722 0.997854 0
    outer loop
      vertex 46.8912 -21.5863 3
      vertex 47.1 -21.6 0
      vertex 46.8912 -21.5863 0
    endloop
  endfacet
  facet normal 0.751925 0.659248 0
    outer loop
      vertex 45.9686 -21.1314 3
      vertex 45.8306 -20.974 0
      vertex 45.8306 -20.974 3
    endloop
  endfacet
  facet normal 0.751925 0.659248 0
    outer loop
      vertex 45.8306 -20.974 0
      vertex 45.9686 -21.1314 3
      vertex 45.9686 -21.1314 0
    endloop
  endfacet
  facet normal 0.442429 0.896803 -0
    outer loop
      vertex 46.4877 -21.4782 0
      vertex 46.3 -21.3856 3
      vertex 46.4877 -21.4782 3
    endloop
  endfacet
  facet normal 0.442429 0.896803 0
    outer loop
      vertex 46.3 -21.3856 3
      vertex 46.4877 -21.4782 0
      vertex 46.3 -21.3856 0
    endloop
  endfacet
  facet normal -0.997854 0.0654722 0
    outer loop
      vertex 66.4863 -20.2088 0
      vertex 66.5 -20 3
      vertex 66.5 -20 0
    endloop
  endfacet
  facet normal -0.997854 0.0654722 0
    outer loop
      vertex 66.5 -20 3
      vertex 66.4863 -20.2088 0
      vertex 66.4863 -20.2088 3
    endloop
  endfacet
  facet normal 0.555362 0.831609 -0
    outer loop
      vertex 46.3 -21.3856 0
      vertex 46.126 -21.2694 3
      vertex 46.3 -21.3856 3
    endloop
  endfacet
  facet normal 0.555362 0.831609 0
    outer loop
      vertex 46.126 -21.2694 3
      vertex 46.3 -21.3856 0
      vertex 46.126 -21.2694 0
    endloop
  endfacet
  facet normal 0.555362 -0.831609 0
    outer loop
      vertex 46.126 -18.7306 0
      vertex 46.3 -18.6144 3
      vertex 46.126 -18.7306 3
    endloop
  endfacet
  facet normal 0.555362 -0.831609 0
    outer loop
      vertex 46.3 -18.6144 3
      vertex 46.126 -18.7306 0
      vertex 46.3 -18.6144 0
    endloop
  endfacet
  facet normal 0.896803 0.442429 0
    outer loop
      vertex 45.7144 -20.8 3
      vertex 45.6218 -20.6123 0
      vertex 45.6218 -20.6123 3
    endloop
  endfacet
  facet normal 0.896803 0.442429 0
    outer loop
      vertex 45.6218 -20.6123 0
      vertex 45.7144 -20.8 3
      vertex 45.7144 -20.8 0
    endloop
  endfacet
  facet normal 0.321526 -0.946901 0
    outer loop
      vertex 46.4877 -18.5218 0
      vertex 46.6859 -18.4545 3
      vertex 46.4877 -18.5218 3
    endloop
  endfacet
  facet normal 0.321526 -0.946901 0
    outer loop
      vertex 46.6859 -18.4545 3
      vertex 46.4877 -18.5218 0
      vertex 46.6859 -18.4545 0
    endloop
  endfacet
  facet normal -0.946901 0.321526 0
    outer loop
      vertex 66.3782 -20.6123 0
      vertex 66.4455 -20.4141 3
      vertex 66.4455 -20.4141 0
    endloop
  endfacet
  facet normal -0.946901 0.321526 0
    outer loop
      vertex 66.4455 -20.4141 3
      vertex 66.3782 -20.6123 0
      vertex 66.3782 -20.6123 3
    endloop
  endfacet
  facet normal -0.997854 -0.0654722 0
    outer loop
      vertex 66.5 -20 0
      vertex 66.4863 -19.7912 3
      vertex 66.4863 -19.7912 0
    endloop
  endfacet
  facet normal -0.997854 -0.0654722 0
    outer loop
      vertex 66.4863 -19.7912 3
      vertex 66.5 -20 0
      vertex 66.5 -20 3
    endloop
  endfacet
  facet normal -0.751925 -0.659248 0
    outer loop
      vertex 66.1694 -19.026 0
      vertex 66.0314 -18.8686 3
      vertex 66.0314 -18.8686 0
    endloop
  endfacet
  facet normal -0.751925 -0.659248 0
    outer loop
      vertex 66.0314 -18.8686 3
      vertex 66.1694 -19.026 0
      vertex 66.1694 -19.026 3
    endloop
  endfacet
  facet normal -0.194922 0.980819 0
    outer loop
      vertex 65.3141 -21.5455 0
      vertex 65.1088 -21.5863 3
      vertex 65.3141 -21.5455 3
    endloop
  endfacet
  facet normal -0.194922 0.980819 0
    outer loop
      vertex 65.1088 -21.5863 3
      vertex 65.3141 -21.5455 0
      vertex 65.1088 -21.5863 0
    endloop
  endfacet
  facet normal -0.659248 -0.751925 0
    outer loop
      vertex 65.874 -18.7306 0
      vertex 66.0314 -18.8686 3
      vertex 65.874 -18.7306 3
    endloop
  endfacet
  facet normal -0.659248 -0.751925 -0
    outer loop
      vertex 66.0314 -18.8686 3
      vertex 65.874 -18.7306 0
      vertex 66.0314 -18.8686 0
    endloop
  endfacet
  facet normal -0.831609 -0.555362 0
    outer loop
      vertex 66.2856 -19.2 0
      vertex 66.1694 -19.026 3
      vertex 66.1694 -19.026 0
    endloop
  endfacet
  facet normal -0.831609 -0.555362 0
    outer loop
      vertex 66.1694 -19.026 3
      vertex 66.2856 -19.2 0
      vertex 66.2856 -19.2 3
    endloop
  endfacet
  facet normal -0.831609 0.555362 0
    outer loop
      vertex 66.1694 -20.974 0
      vertex 66.2856 -20.8 3
      vertex 66.2856 -20.8 0
    endloop
  endfacet
  facet normal -0.831609 0.555362 0
    outer loop
      vertex 66.2856 -20.8 3
      vertex 66.1694 -20.974 0
      vertex 66.1694 -20.974 3
    endloop
  endfacet
  facet normal 0.659248 0.751925 -0
    outer loop
      vertex 46.126 -21.2694 0
      vertex 45.9686 -21.1314 3
      vertex 46.126 -21.2694 3
    endloop
  endfacet
  facet normal 0.659248 0.751925 0
    outer loop
      vertex 45.9686 -21.1314 3
      vertex 46.126 -21.2694 0
      vertex 45.9686 -21.1314 0
    endloop
  endfacet
  facet normal -0.194922 -0.980819 0
    outer loop
      vertex 65.1088 -18.4137 0
      vertex 65.3141 -18.4545 3
      vertex 65.1088 -18.4137 3
    endloop
  endfacet
  facet normal -0.194922 -0.980819 -0
    outer loop
      vertex 65.3141 -18.4545 3
      vertex 65.1088 -18.4137 0
      vertex 65.3141 -18.4545 0
    endloop
  endfacet
  facet normal -0.659248 0.751925 0
    outer loop
      vertex 66.0314 -21.1314 0
      vertex 65.874 -21.2694 3
      vertex 66.0314 -21.1314 3
    endloop
  endfacet
  facet normal -0.659248 0.751925 0
    outer loop
      vertex 65.874 -21.2694 3
      vertex 66.0314 -21.1314 0
      vertex 65.874 -21.2694 0
    endloop
  endfacet
  facet normal 0.946901 0.321526 0
    outer loop
      vertex 45.6218 -20.6123 3
      vertex 45.5545 -20.4141 0
      vertex 45.5545 -20.4141 3
    endloop
  endfacet
  facet normal 0.946901 0.321526 0
    outer loop
      vertex 45.5545 -20.4141 0
      vertex 45.6218 -20.6123 3
      vertex 45.6218 -20.6123 0
    endloop
  endfacet
  facet normal 0.831609 0.555362 0
    outer loop
      vertex 45.8306 -20.974 3
      vertex 45.7144 -20.8 0
      vertex 45.7144 -20.8 3
    endloop
  endfacet
  facet normal 0.831609 0.555362 0
    outer loop
      vertex 45.7144 -20.8 0
      vertex 45.8306 -20.974 3
      vertex 45.8306 -20.974 0
    endloop
  endfacet
  facet normal -0.442429 0.896803 0
    outer loop
      vertex 65.7 -21.3856 0
      vertex 65.5123 -21.4782 3
      vertex 65.7 -21.3856 3
    endloop
  endfacet
  facet normal -0.442429 0.896803 0
    outer loop
      vertex 65.5123 -21.4782 3
      vertex 65.7 -21.3856 0
      vertex 65.5123 -21.4782 0
    endloop
  endfacet
  facet normal 0.194922 0.980819 -0
    outer loop
      vertex 46.8912 -21.5863 0
      vertex 46.6859 -21.5455 3
      vertex 46.8912 -21.5863 3
    endloop
  endfacet
  facet normal 0.194922 0.980819 0
    outer loop
      vertex 46.6859 -21.5455 3
      vertex 46.8912 -21.5863 0
      vertex 46.6859 -21.5455 0
    endloop
  endfacet
  facet normal -0.321526 0.946901 0
    outer loop
      vertex 65.5123 -21.4782 0
      vertex 65.3141 -21.5455 3
      vertex 65.5123 -21.4782 3
    endloop
  endfacet
  facet normal -0.321526 0.946901 0
    outer loop
      vertex 65.3141 -21.5455 3
      vertex 65.5123 -21.4782 0
      vertex 65.3141 -21.5455 0
    endloop
  endfacet
  facet normal 0.896809 0.442418 0
    outer loop
      vertex 45.7144 -0.799999 3
      vertex 45.6218 -0.612293 0
      vertex 45.6218 -0.612293 3
    endloop
  endfacet
  facet normal 0.896809 0.442418 0
    outer loop
      vertex 45.6218 -0.612293 0
      vertex 45.7144 -0.799999 3
      vertex 45.7144 -0.799999 0
    endloop
  endfacet
  facet normal 0.980813 0.19495 0
    outer loop
      vertex 45.5545 -0.41411 3
      vertex 45.5137 -0.208841 0
      vertex 45.5137 -0.208841 3
    endloop
  endfacet
  facet normal 0.980813 0.19495 0
    outer loop
      vertex 45.5137 -0.208841 0
      vertex 45.5545 -0.41411 3
      vertex 45.5545 -0.41411 0
    endloop
  endfacet
  facet normal -0.896809 -0.442418 0
    outer loop
      vertex 66.3782 0.612293 0
      vertex 66.2856 0.799999 3
      vertex 66.2856 0.799999 0
    endloop
  endfacet
  facet normal -0.896809 -0.442418 0
    outer loop
      vertex 66.2856 0.799999 3
      vertex 66.3782 0.612293 0
      vertex 66.3782 0.612293 3
    endloop
  endfacet
  facet normal 0.997855 0.0654594 0
    outer loop
      vertex 45.5137 -0.208841 3
      vertex 45.5 0 0
      vertex 45.5 0 3
    endloop
  endfacet
  facet normal 0.997855 0.0654594 0
    outer loop
      vertex 45.5 0 0
      vertex 45.5137 -0.208841 3
      vertex 45.5137 -0.208841 0
    endloop
  endfacet
  facet normal 0.751826 -0.659362 0
    outer loop
      vertex 45.8306 0.974018 3
      vertex 45.9686 1.13137 0
      vertex 45.9686 1.13137 3
    endloop
  endfacet
  facet normal 0.751826 -0.659362 0
    outer loop
      vertex 45.9686 1.13137 0
      vertex 45.8306 0.974018 3
      vertex 45.8306 0.974018 0
    endloop
  endfacet
  facet normal -0.831637 0.55532 0
    outer loop
      vertex 66.1694 -0.974018 0
      vertex 66.2856 -0.799999 3
      vertex 66.2856 -0.799999 0
    endloop
  endfacet
  facet normal -0.831637 0.55532 0
    outer loop
      vertex 66.2856 -0.799999 3
      vertex 66.1694 -0.974018 0
      vertex 66.1694 -0.974018 3
    endloop
  endfacet
  facet normal 0.0654247 -0.997858 0
    outer loop
      vertex 46.8912 1.58631 0
      vertex 47.1 1.6 3
      vertex 46.8912 1.58631 3
    endloop
  endfacet
  facet normal 0.0654247 -0.997858 0
    outer loop
      vertex 47.1 1.6 3
      vertex 46.8912 1.58631 0
      vertex 47.1 1.6 0
    endloop
  endfacet
  facet normal 0.831637 -0.55532 0
    outer loop
      vertex 45.7144 0.799999 3
      vertex 45.8306 0.974018 0
      vertex 45.8306 0.974018 3
    endloop
  endfacet
  facet normal 0.831637 -0.55532 0
    outer loop
      vertex 45.8306 0.974018 0
      vertex 45.7144 0.799999 3
      vertex 45.7144 0.799999 0
    endloop
  endfacet
  facet normal 0.321397 -0.946944 0
    outer loop
      vertex 46.4877 1.47821 0
      vertex 46.6859 1.54548 3
      vertex 46.4877 1.47821 3
    endloop
  endfacet
  facet normal 0.321397 -0.946944 0
    outer loop
      vertex 46.6859 1.54548 3
      vertex 46.4877 1.47821 0
      vertex 46.6859 1.54548 0
    endloop
  endfacet
  facet normal 0.896809 -0.442418 0
    outer loop
      vertex 45.6218 0.612293 3
      vertex 45.7144 0.799999 0
      vertex 45.7144 0.799999 3
    endloop
  endfacet
  facet normal 0.896809 -0.442418 0
    outer loop
      vertex 45.7144 0.799999 0
      vertex 45.6218 0.612293 3
      vertex 45.6218 0.612293 0
    endloop
  endfacet
  facet normal -0.751826 0.659362 0
    outer loop
      vertex 66.0314 -1.13137 0
      vertex 66.1694 -0.974018 3
      vertex 66.1694 -0.974018 0
    endloop
  endfacet
  facet normal -0.751826 0.659362 0
    outer loop
      vertex 66.1694 -0.974018 3
      vertex 66.0314 -1.13137 0
      vertex 66.0314 -1.13137 3
    endloop
  endfacet
  facet normal 0 1 -0
    outer loop
      vertex 64.9 -1.6 0
      vertex 47.1 -1.6 3
      vertex 64.9 -1.6 3
    endloop
  endfacet
  facet normal 0 1 0
    outer loop
      vertex 47.1 -1.6 3
      vertex 64.9 -1.6 0
      vertex 47.1 -1.6 0
    endloop
  endfacet
  facet normal -0.0654247 -0.997858 0
    outer loop
      vertex 64.9 1.6 0
      vertex 65.1088 1.58631 3
      vertex 64.9 1.6 3
    endloop
  endfacet
  facet normal -0.0654247 -0.997858 -0
    outer loop
      vertex 65.1088 1.58631 3
      vertex 64.9 1.6 0
      vertex 65.1088 1.58631 0
    endloop
  endfacet
  facet normal -0.997855 0.0654594 0
    outer loop
      vertex 66.4863 -0.208841 0
      vertex 66.5 0 3
      vertex 66.5 0 0
    endloop
  endfacet
  facet normal -0.997855 0.0654594 0
    outer loop
      vertex 66.5 0 3
      vertex 66.4863 -0.208841 0
      vertex 66.4863 -0.208841 3
    endloop
  endfacet
  facet normal 0.555593 0.831454 -0
    outer loop
      vertex 46.3 -1.38564 0
      vertex 46.126 -1.26937 3
      vertex 46.3 -1.38564 3
    endloop
  endfacet
  facet normal 0.555593 0.831454 0
    outer loop
      vertex 46.126 -1.26937 3
      vertex 46.3 -1.38564 0
      vertex 46.126 -1.26937 0
    endloop
  endfacet
  facet normal 0.195059 0.980791 -0
    outer loop
      vertex 46.8912 -1.58631 0
      vertex 46.6859 -1.54548 3
      vertex 46.8912 -1.58631 3
    endloop
  endfacet
  facet normal 0.195059 0.980791 0
    outer loop
      vertex 46.6859 -1.54548 3
      vertex 46.8912 -1.58631 0
      vertex 46.6859 -1.54548 0
    endloop
  endfacet
  facet normal 0.946892 -0.321551 0
    outer loop
      vertex 45.5545 0.41411 3
      vertex 45.6218 0.612293 0
      vertex 45.6218 0.612293 3
    endloop
  endfacet
  facet normal 0.946892 -0.321551 0
    outer loop
      vertex 45.6218 0.612293 0
      vertex 45.5545 0.41411 3
      vertex 45.5545 0.41411 0
    endloop
  endfacet
  facet normal 0 -1 0
    outer loop
      vertex 47.1 1.6 0
      vertex 64.9 1.6 3
      vertex 47.1 1.6 3
    endloop
  endfacet
  facet normal 0 -1 -0
    outer loop
      vertex 64.9 1.6 3
      vertex 47.1 1.6 0
      vertex 64.9 1.6 0
    endloop
  endfacet
  facet normal -0.751826 -0.659362 0
    outer loop
      vertex 66.1694 0.974018 0
      vertex 66.0314 1.13137 3
      vertex 66.0314 1.13137 0
    endloop
  endfacet
  facet normal -0.751826 -0.659362 0
    outer loop
      vertex 66.0314 1.13137 3
      vertex 66.1694 0.974018 0
      vertex 66.1694 0.974018 3
    endloop
  endfacet
  facet normal -0.997855 -0.0654594 0
    outer loop
      vertex 66.5 0 0
      vertex 66.4863 0.208841 3
      vertex 66.4863 0.208841 0
    endloop
  endfacet
  facet normal -0.997855 -0.0654594 0
    outer loop
      vertex 66.4863 0.208841 3
      vertex 66.5 0 0
      vertex 66.5 0 3
    endloop
  endfacet
  facet normal 0.555593 -0.831454 0
    outer loop
      vertex 46.126 1.26937 0
      vertex 46.3 1.38564 3
      vertex 46.126 1.26937 3
    endloop
  endfacet
  facet normal 0.555593 -0.831454 0
    outer loop
      vertex 46.3 1.38564 3
      vertex 46.126 1.26937 0
      vertex 46.3 1.38564 0
    endloop
  endfacet
  facet normal -0.195059 0.980791 0
    outer loop
      vertex 65.3141 -1.54548 0
      vertex 65.1088 -1.58631 3
      vertex 65.3141 -1.54548 3
    endloop
  endfacet
  facet normal -0.195059 0.980791 0
    outer loop
      vertex 65.1088 -1.58631 3
      vertex 65.3141 -1.54548 0
      vertex 65.1088 -1.58631 0
    endloop
  endfacet
  facet normal -0.659248 -0.751925 0
    outer loop
      vertex 65.874 1.26937 0
      vertex 66.0314 1.13137 3
      vertex 65.874 1.26937 3
    endloop
  endfacet
  facet normal -0.659248 -0.751925 -0
    outer loop
      vertex 66.0314 1.13137 3
      vertex 65.874 1.26937 0
      vertex 66.0314 1.13137 0
    endloop
  endfacet
  facet normal -0.442314 -0.89686 0
    outer loop
      vertex 65.5123 1.47821 0
      vertex 65.7 1.38564 3
      vertex 65.5123 1.47821 3
    endloop
  endfacet
  facet normal -0.442314 -0.89686 -0
    outer loop
      vertex 65.7 1.38564 3
      vertex 65.5123 1.47821 0
      vertex 65.7 1.38564 0
    endloop
  endfacet
  facet normal -0.321397 -0.946944 0
    outer loop
      vertex 65.3141 1.54548 0
      vertex 65.5123 1.47821 3
      vertex 65.3141 1.54548 3
    endloop
  endfacet
  facet normal -0.321397 -0.946944 -0
    outer loop
      vertex 65.5123 1.47821 3
      vertex 65.3141 1.54548 0
      vertex 65.5123 1.47821 0
    endloop
  endfacet
  facet normal 0.659248 -0.751925 0
    outer loop
      vertex 45.9686 1.13137 0
      vertex 46.126 1.26937 3
      vertex 45.9686 1.13137 3
    endloop
  endfacet
  facet normal 0.659248 -0.751925 0
    outer loop
      vertex 46.126 1.26937 3
      vertex 45.9686 1.13137 0
      vertex 46.126 1.26937 0
    endloop
  endfacet
  facet normal -0.896809 0.442418 0
    outer loop
      vertex 66.2856 -0.799999 0
      vertex 66.3782 -0.612293 3
      vertex 66.3782 -0.612293 0
    endloop
  endfacet
  facet normal -0.896809 0.442418 0
    outer loop
      vertex 66.3782 -0.612293 3
      vertex 66.2856 -0.799999 0
      vertex 66.2856 -0.799999 3
    endloop
  endfacet
  facet normal -0.980813 -0.19495 0
    outer loop
      vertex 66.4863 0.208841 0
      vertex 66.4455 0.41411 3
      vertex 66.4455 0.41411 0
    endloop
  endfacet
  facet normal -0.980813 -0.19495 0
    outer loop
      vertex 66.4455 0.41411 3
      vertex 66.4863 0.208841 0
      vertex 66.4863 0.208841 3
    endloop
  endfacet
  facet normal -0.946892 -0.321551 0
    outer loop
      vertex 66.4455 0.41411 0
      vertex 66.3782 0.612293 3
      vertex 66.3782 0.612293 0
    endloop
  endfacet
  facet normal -0.946892 -0.321551 0
    outer loop
      vertex 66.3782 0.612293 3
      vertex 66.4455 0.41411 0
      vertex 66.4455 0.41411 3
    endloop
  endfacet
  facet normal 0.442314 -0.89686 0
    outer loop
      vertex 46.3 1.38564 0
      vertex 46.4877 1.47821 3
      vertex 46.3 1.38564 3
    endloop
  endfacet
  facet normal 0.442314 -0.89686 0
    outer loop
      vertex 46.4877 1.47821 3
      vertex 46.3 1.38564 0
      vertex 46.4877 1.47821 0
    endloop
  endfacet
  facet normal -0.946892 0.321551 0
    outer loop
      vertex 66.3782 -0.612293 0
      vertex 66.4455 -0.41411 3
      vertex 66.4455 -0.41411 0
    endloop
  endfacet
  facet normal -0.946892 0.321551 0
    outer loop
      vertex 66.4455 -0.41411 3
      vertex 66.3782 -0.612293 0
      vertex 66.3782 -0.612293 3
    endloop
  endfacet
  facet normal -0.980813 0.19495 0
    outer loop
      vertex 66.4455 -0.41411 0
      vertex 66.4863 -0.208841 3
      vertex 66.4863 -0.208841 0
    endloop
  endfacet
  facet normal -0.980813 0.19495 0
    outer loop
      vertex 66.4863 -0.208841 3
      vertex 66.4455 -0.41411 0
      vertex 66.4455 -0.41411 3
    endloop
  endfacet
  facet normal 0.659248 0.751925 -0
    outer loop
      vertex 46.126 -1.26937 0
      vertex 45.9686 -1.13137 3
      vertex 46.126 -1.26937 3
    endloop
  endfacet
  facet normal 0.659248 0.751925 0
    outer loop
      vertex 45.9686 -1.13137 3
      vertex 46.126 -1.26937 0
      vertex 45.9686 -1.13137 0
    endloop
  endfacet
  facet normal 0.980813 -0.19495 0
    outer loop
      vertex 45.5137 0.208841 3
      vertex 45.5545 0.41411 0
      vertex 45.5545 0.41411 3
    endloop
  endfacet
  facet normal 0.980813 -0.19495 0
    outer loop
      vertex 45.5545 0.41411 0
      vertex 45.5137 0.208841 3
      vertex 45.5137 0.208841 0
    endloop
  endfacet
  facet normal 0.997855 -0.0654594 0
    outer loop
      vertex 45.5 0 3
      vertex 45.5137 0.208841 0
      vertex 45.5137 0.208841 3
    endloop
  endfacet
  facet normal 0.997855 -0.0654594 0
    outer loop
      vertex 45.5137 0.208841 0
      vertex 45.5 0 3
      vertex 45.5 0 0
    endloop
  endfacet
  facet normal -0.442314 0.89686 0
    outer loop
      vertex 65.7 -1.38564 0
      vertex 65.5123 -1.47821 3
      vertex 65.7 -1.38564 3
    endloop
  endfacet
  facet normal -0.442314 0.89686 0
    outer loop
      vertex 65.5123 -1.47821 3
      vertex 65.7 -1.38564 0
      vertex 65.5123 -1.47821 0
    endloop
  endfacet
  facet normal -0.555593 -0.831454 0
    outer loop
      vertex 65.7 1.38564 0
      vertex 65.874 1.26937 3
      vertex 65.7 1.38564 3
    endloop
  endfacet
  facet normal -0.555593 -0.831454 -0
    outer loop
      vertex 65.874 1.26937 3
      vertex 65.7 1.38564 0
      vertex 65.874 1.26937 0
    endloop
  endfacet
  facet normal 0.321397 0.946944 -0
    outer loop
      vertex 46.6859 -1.54548 0
      vertex 46.4877 -1.47821 3
      vertex 46.6859 -1.54548 3
    endloop
  endfacet
  facet normal 0.321397 0.946944 0
    outer loop
      vertex 46.4877 -1.47821 3
      vertex 46.6859 -1.54548 0
      vertex 46.4877 -1.47821 0
    endloop
  endfacet
  facet normal 0.195059 -0.980791 0
    outer loop
      vertex 46.6859 1.54548 0
      vertex 46.8912 1.58631 3
      vertex 46.6859 1.54548 3
    endloop
  endfacet
  facet normal 0.195059 -0.980791 0
    outer loop
      vertex 46.8912 1.58631 3
      vertex 46.6859 1.54548 0
      vertex 46.8912 1.58631 0
    endloop
  endfacet
  facet normal -0.321397 0.946944 0
    outer loop
      vertex 65.5123 -1.47821 0
      vertex 65.3141 -1.54548 3
      vertex 65.5123 -1.47821 3
    endloop
  endfacet
  facet normal -0.321397 0.946944 0
    outer loop
      vertex 65.3141 -1.54548 3
      vertex 65.5123 -1.47821 0
      vertex 65.3141 -1.54548 0
    endloop
  endfacet
  facet normal -0.831637 -0.55532 0
    outer loop
      vertex 66.2856 0.799999 0
      vertex 66.1694 0.974018 3
      vertex 66.1694 0.974018 0
    endloop
  endfacet
  facet normal -0.831637 -0.55532 0
    outer loop
      vertex 66.1694 0.974018 3
      vertex 66.2856 0.799999 0
      vertex 66.2856 0.799999 3
    endloop
  endfacet
  facet normal -0.555593 0.831454 0
    outer loop
      vertex 65.874 -1.26937 0
      vertex 65.7 -1.38564 3
      vertex 65.874 -1.26937 3
    endloop
  endfacet
  facet normal -0.555593 0.831454 0
    outer loop
      vertex 65.7 -1.38564 3
      vertex 65.874 -1.26937 0
      vertex 65.7 -1.38564 0
    endloop
  endfacet
  facet normal -0.659248 0.751925 0
    outer loop
      vertex 66.0314 -1.13137 0
      vertex 65.874 -1.26937 3
      vertex 66.0314 -1.13137 3
    endloop
  endfacet
  facet normal -0.659248 0.751925 0
    outer loop
      vertex 65.874 -1.26937 3
      vertex 66.0314 -1.13137 0
      vertex 65.874 -1.26937 0
    endloop
  endfacet
  facet normal 0.442314 0.89686 -0
    outer loop
      vertex 46.4877 -1.47821 0
      vertex 46.3 -1.38564 3
      vertex 46.4877 -1.47821 3
    endloop
  endfacet
  facet normal 0.442314 0.89686 0
    outer loop
      vertex 46.3 -1.38564 3
      vertex 46.4877 -1.47821 0
      vertex 46.3 -1.38564 0
    endloop
  endfacet
  facet normal 0.751826 0.659362 0
    outer loop
      vertex 45.9686 -1.13137 3
      vertex 45.8306 -0.974018 0
      vertex 45.8306 -0.974018 3
    endloop
  endfacet
  facet normal 0.751826 0.659362 0
    outer loop
      vertex 45.8306 -0.974018 0
      vertex 45.9686 -1.13137 3
      vertex 45.9686 -1.13137 0
    endloop
  endfacet
  facet normal -0.0654247 0.997858 0
    outer loop
      vertex 65.1088 -1.58631 0
      vertex 64.9 -1.6 3
      vertex 65.1088 -1.58631 3
    endloop
  endfacet
  facet normal -0.0654247 0.997858 0
    outer loop
      vertex 64.9 -1.6 3
      vertex 65.1088 -1.58631 0
      vertex 64.9 -1.6 0
    endloop
  endfacet
  facet normal -0.195059 -0.980791 0
    outer loop
      vertex 65.1088 1.58631 0
      vertex 65.3141 1.54548 3
      vertex 65.1088 1.58631 3
    endloop
  endfacet
  facet normal -0.195059 -0.980791 -0
    outer loop
      vertex 65.3141 1.54548 3
      vertex 65.1088 1.58631 0
      vertex 65.3141 1.54548 0
    endloop
  endfacet
  facet normal 0.0654247 0.997858 -0
    outer loop
      vertex 47.1 -1.6 0
      vertex 46.8912 -1.58631 3
      vertex 47.1 -1.6 3
    endloop
  endfacet
  facet normal 0.0654247 0.997858 0
    outer loop
      vertex 46.8912 -1.58631 3
      vertex 47.1 -1.6 0
      vertex 46.8912 -1.58631 0
    endloop
  endfacet
  facet normal 0.831637 0.55532 0
    outer loop
      vertex 45.8306 -0.974018 3
      vertex 45.7144 -0.799999 0
      vertex 45.7144 -0.799999 3
    endloop
  endfacet
  facet normal 0.831637 0.55532 0
    outer loop
      vertex 45.7144 -0.799999 0
      vertex 45.8306 -0.974018 3
      vertex 45.8306 -0.974018 0
    endloop
  endfacet
  facet normal 0.946892 0.321551 0
    outer loop
      vertex 45.6218 -0.612293 3
      vertex 45.5545 -0.41411 0
      vertex 45.5545 -0.41411 3
    endloop
  endfacet
  facet normal 0.946892 0.321551 0
    outer loop
      vertex 45.5545 -0.41411 0
      vertex 45.6218 -0.612293 3
      vertex 45.6218 -0.612293 0
    endloop
  endfacet
  facet normal 0.896803 0.442429 0
    outer loop
      vertex 45.7144 19.2 3
      vertex 45.6218 19.3877 0
      vertex 45.6218 19.3877 3
    endloop
  endfacet
  facet normal 0.896803 0.442429 0
    outer loop
      vertex 45.6218 19.3877 0
      vertex 45.7144 19.2 3
      vertex 45.7144 19.2 0
    endloop
  endfacet
  facet normal 0.980819 0.194922 0
    outer loop
      vertex 45.5545 19.5859 3
      vertex 45.5137 19.7912 0
      vertex 45.5137 19.7912 3
    endloop
  endfacet
  facet normal 0.980819 0.194922 0
    outer loop
      vertex 45.5137 19.7912 0
      vertex 45.5545 19.5859 3
      vertex 45.5545 19.5859 0
    endloop
  endfacet
  facet normal -0.896803 -0.442429 0
    outer loop
      vertex 66.3782 20.6123 0
      vertex 66.2856 20.8 3
      vertex 66.2856 20.8 0
    endloop
  endfacet
  facet normal -0.896803 -0.442429 0
    outer loop
      vertex 66.2856 20.8 3
      vertex 66.3782 20.6123 0
      vertex 66.3782 20.6123 3
    endloop
  endfacet
  facet normal 0.997854 0.0654722 0
    outer loop
      vertex 45.5137 19.7912 3
      vertex 45.5 20 0
      vertex 45.5 20 3
    endloop
  endfacet
  facet normal 0.997854 0.0654722 0
    outer loop
      vertex 45.5 20 0
      vertex 45.5137 19.7912 3
      vertex 45.5137 19.7912 0
    endloop
  endfacet
  facet normal 0.751925 -0.659248 0
    outer loop
      vertex 45.8306 20.974 3
      vertex 45.9686 21.1314 0
      vertex 45.9686 21.1314 3
    endloop
  endfacet
  facet normal 0.751925 -0.659248 0
    outer loop
      vertex 45.9686 21.1314 0
      vertex 45.8306 20.974 3
      vertex 45.8306 20.974 0
    endloop
  endfacet
  facet normal -0.831609 0.555362 0
    outer loop
      vertex 66.1694 19.026 0
      vertex 66.2856 19.2 3
      vertex 66.2856 19.2 0
    endloop
  endfacet
  facet normal -0.831609 0.555362 0
    outer loop
      vertex 66.2856 19.2 3
      vertex 66.1694 19.026 0
      vertex 66.1694 19.026 3
    endloop
  endfacet
  facet normal 0.0654722 -0.997854 0
    outer loop
      vertex 46.8912 21.5863 0
      vertex 47.1 21.6 3
      vertex 46.8912 21.5863 3
    endloop
  endfacet
  facet normal 0.0654722 -0.997854 0
    outer loop
      vertex 47.1 21.6 3
      vertex 46.8912 21.5863 0
      vertex 47.1 21.6 0
    endloop
  endfacet
  facet normal 0.831609 -0.555362 0
    outer loop
      vertex 45.7144 20.8 3
      vertex 45.8306 20.974 0
      vertex 45.8306 20.974 3
    endloop
  endfacet
  facet normal 0.831609 -0.555362 0
    outer loop
      vertex 45.8306 20.974 0
      vertex 45.7144 20.8 3
      vertex 45.7144 20.8 0
    endloop
  endfacet
  facet normal 0.321526 -0.946901 0
    outer loop
      vertex 46.4877 21.4782 0
      vertex 46.6859 21.5455 3
      vertex 46.4877 21.4782 3
    endloop
  endfacet
  facet normal 0.321526 -0.946901 0
    outer loop
      vertex 46.6859 21.5455 3
      vertex 46.4877 21.4782 0
      vertex 46.6859 21.5455 0
    endloop
  endfacet
  facet normal 0.896803 -0.442429 0
    outer loop
      vertex 45.6218 20.6123 3
      vertex 45.7144 20.8 0
      vertex 45.7144 20.8 3
    endloop
  endfacet
  facet normal 0.896803 -0.442429 0
    outer loop
      vertex 45.7144 20.8 0
      vertex 45.6218 20.6123 3
      vertex 45.6218 20.6123 0
    endloop
  endfacet
  facet normal -0.751925 0.659248 0
    outer loop
      vertex 66.0314 18.8686 0
      vertex 66.1694 19.026 3
      vertex 66.1694 19.026 0
    endloop
  endfacet
  facet normal -0.751925 0.659248 0
    outer loop
      vertex 66.1694 19.026 3
      vertex 66.0314 18.8686 0
      vertex 66.0314 18.8686 3
    endloop
  endfacet
  facet normal 0 1 -0
    outer loop
      vertex 64.9 18.4 0
      vertex 47.1 18.4 3
      vertex 64.9 18.4 3
    endloop
  endfacet
  facet normal 0 1 0
    outer loop
      vertex 47.1 18.4 3
      vertex 64.9 18.4 0
      vertex 47.1 18.4 0
    endloop
  endfacet
  facet normal -0.0654722 -0.997854 0
    outer loop
      vertex 64.9 21.6 0
      vertex 65.1088 21.5863 3
      vertex 64.9 21.6 3
    endloop
  endfacet
  facet normal -0.0654722 -0.997854 -0
    outer loop
      vertex 65.1088 21.5863 3
      vertex 64.9 21.6 0
      vertex 65.1088 21.5863 0
    endloop
  endfacet
  facet normal -0.997854 0.0654722 0
    outer loop
      vertex 66.4863 19.7912 0
      vertex 66.5 20 3
      vertex 66.5 20 0
    endloop
  endfacet
  facet normal -0.997854 0.0654722 0
    outer loop
      vertex 66.5 20 3
      vertex 66.4863 19.7912 0
      vertex 66.4863 19.7912 3
    endloop
  endfacet
  facet normal 0.555362 0.831609 -0
    outer loop
      vertex 46.3 18.6144 0
      vertex 46.126 18.7306 3
      vertex 46.3 18.6144 3
    endloop
  endfacet
  facet normal 0.555362 0.831609 0
    outer loop
      vertex 46.126 18.7306 3
      vertex 46.3 18.6144 0
      vertex 46.126 18.7306 0
    endloop
  endfacet
  facet normal 0.194922 0.980819 -0
    outer loop
      vertex 46.8912 18.4137 0
      vertex 46.6859 18.4545 3
      vertex 46.8912 18.4137 3
    endloop
  endfacet
  facet normal 0.194922 0.980819 0
    outer loop
      vertex 46.6859 18.4545 3
      vertex 46.8912 18.4137 0
      vertex 46.6859 18.4545 0
    endloop
  endfacet
  facet normal 0.946901 -0.321526 0
    outer loop
      vertex 45.5545 20.4141 3
      vertex 45.6218 20.6123 0
      vertex 45.6218 20.6123 3
    endloop
  endfacet
  facet normal 0.946901 -0.321526 0
    outer loop
      vertex 45.6218 20.6123 0
      vertex 45.5545 20.4141 3
      vertex 45.5545 20.4141 0
    endloop
  endfacet
  facet normal 0 -1 0
    outer loop
      vertex 47.1 21.6 0
      vertex 64.9 21.6 3
      vertex 47.1 21.6 3
    endloop
  endfacet
  facet normal 0 -1 -0
    outer loop
      vertex 64.9 21.6 3
      vertex 47.1 21.6 0
      vertex 64.9 21.6 0
    endloop
  endfacet
  facet normal -0.751925 -0.659248 0
    outer loop
      vertex 66.1694 20.974 0
      vertex 66.0314 21.1314 3
      vertex 66.0314 21.1314 0
    endloop
  endfacet
  facet normal -0.751925 -0.659248 0
    outer loop
      vertex 66.0314 21.1314 3
      vertex 66.1694 20.974 0
      vertex 66.1694 20.974 3
    endloop
  endfacet
  facet normal -0.997854 -0.0654722 0
    outer loop
      vertex 66.5 20 0
      vertex 66.4863 20.2088 3
      vertex 66.4863 20.2088 0
    endloop
  endfacet
  facet normal -0.997854 -0.0654722 0
    outer loop
      vertex 66.4863 20.2088 3
      vertex 66.5 20 0
      vertex 66.5 20 3
    endloop
  endfacet
  facet normal 0.555362 -0.831609 0
    outer loop
      vertex 46.126 21.2694 0
      vertex 46.3 21.3856 3
      vertex 46.126 21.2694 3
    endloop
  endfacet
  facet normal 0.555362 -0.831609 0
    outer loop
      vertex 46.3 21.3856 3
      vertex 46.126 21.2694 0
      vertex 46.3 21.3856 0
    endloop
  endfacet
  facet normal -0.194922 0.980819 0
    outer loop
      vertex 65.3141 18.4545 0
      vertex 65.1088 18.4137 3
      vertex 65.3141 18.4545 3
    endloop
  endfacet
  facet normal -0.194922 0.980819 0
    outer loop
      vertex 65.1088 18.4137 3
      vertex 65.3141 18.4545 0
      vertex 65.1088 18.4137 0
    endloop
  endfacet
  facet normal -0.659248 -0.751925 0
    outer loop
      vertex 65.874 21.2694 0
      vertex 66.0314 21.1314 3
      vertex 65.874 21.2694 3
    endloop
  endfacet
  facet normal -0.659248 -0.751925 -0
    outer loop
      vertex 66.0314 21.1314 3
      vertex 65.874 21.2694 0
      vertex 66.0314 21.1314 0
    endloop
  endfacet
  facet normal -0.442429 -0.896803 0
    outer loop
      vertex 65.5123 21.4782 0
      vertex 65.7 21.3856 3
      vertex 65.5123 21.4782 3
    endloop
  endfacet
  facet normal -0.442429 -0.896803 -0
    outer loop
      vertex 65.7 21.3856 3
      vertex 65.5123 21.4782 0
      vertex 65.7 21.3856 0
    endloop
  endfacet
  facet normal -0.321526 -0.946901 0
    outer loop
      vertex 65.3141 21.5455 0
      vertex 65.5123 21.4782 3
      vertex 65.3141 21.5455 3
    endloop
  endfacet
  facet normal -0.321526 -0.946901 -0
    outer loop
      vertex 65.5123 21.4782 3
      vertex 65.3141 21.5455 0
      vertex 65.5123 21.4782 0
    endloop
  endfacet
  facet normal 0.659248 -0.751925 0
    outer loop
      vertex 45.9686 21.1314 0
      vertex 46.126 21.2694 3
      vertex 45.9686 21.1314 3
    endloop
  endfacet
  facet normal 0.659248 -0.751925 0
    outer loop
      vertex 46.126 21.2694 3
      vertex 45.9686 21.1314 0
      vertex 46.126 21.2694 0
    endloop
  endfacet
  facet normal -0.896803 0.442429 0
    outer loop
      vertex 66.2856 19.2 0
      vertex 66.3782 19.3877 3
      vertex 66.3782 19.3877 0
    endloop
  endfacet
  facet normal -0.896803 0.442429 0
    outer loop
      vertex 66.3782 19.3877 3
      vertex 66.2856 19.2 0
      vertex 66.2856 19.2 3
    endloop
  endfacet
  facet normal -0.980819 -0.194922 0
    outer loop
      vertex 66.4863 20.2088 0
      vertex 66.4455 20.4141 3
      vertex 66.4455 20.4141 0
    endloop
  endfacet
  facet normal -0.980819 -0.194922 0
    outer loop
      vertex 66.4455 20.4141 3
      vertex 66.4863 20.2088 0
      vertex 66.4863 20.2088 3
    endloop
  endfacet
  facet normal -0.946901 -0.321526 0
    outer loop
      vertex 66.4455 20.4141 0
      vertex 66.3782 20.6123 3
      vertex 66.3782 20.6123 0
    endloop
  endfacet
  facet normal -0.946901 -0.321526 0
    outer loop
      vertex 66.3782 20.6123 3
      vertex 66.4455 20.4141 0
      vertex 66.4455 20.4141 3
    endloop
  endfacet
  facet normal 0.442429 -0.896803 0
    outer loop
      vertex 46.3 21.3856 0
      vertex 46.4877 21.4782 3
      vertex 46.3 21.3856 3
    endloop
  endfacet
  facet normal 0.442429 -0.896803 0
    outer loop
      vertex 46.4877 21.4782 3
      vertex 46.3 21.3856 0
      vertex 46.4877 21.4782 0
    endloop
  endfacet
  facet normal -0.946901 0.321526 0
    outer loop
      vertex 66.3782 19.3877 0
      vertex 66.4455 19.5859 3
      vertex 66.4455 19.5859 0
    endloop
  endfacet
  facet normal -0.946901 0.321526 0
    outer loop
      vertex 66.4455 19.5859 3
      vertex 66.3782 19.3877 0
      vertex 66.3782 19.3877 3
    endloop
  endfacet
  facet normal -0.980819 0.194922 0
    outer loop
      vertex 66.4455 19.5859 0
      vertex 66.4863 19.7912 3
      vertex 66.4863 19.7912 0
    endloop
  endfacet
  facet normal -0.980819 0.194922 0
    outer loop
      vertex 66.4863 19.7912 3
      vertex 66.4455 19.5859 0
      vertex 66.4455 19.5859 3
    endloop
  endfacet
  facet normal 0.659248 0.751925 -0
    outer loop
      vertex 46.126 18.7306 0
      vertex 45.9686 18.8686 3
      vertex 46.126 18.7306 3
    endloop
  endfacet
  facet normal 0.659248 0.751925 0
    outer loop
      vertex 45.9686 18.8686 3
      vertex 46.126 18.7306 0
      vertex 45.9686 18.8686 0
    endloop
  endfacet
  facet normal 0.980819 -0.194922 0
    outer loop
      vertex 45.5137 20.2088 3
      vertex 45.5545 20.4141 0
      vertex 45.5545 20.4141 3
    endloop
  endfacet
  facet normal 0.980819 -0.194922 0
    outer loop
      vertex 45.5545 20.4141 0
      vertex 45.5137 20.2088 3
      vertex 45.5137 20.2088 0
    endloop
  endfacet
  facet normal 0.997854 -0.0654722 0
    outer loop
      vertex 45.5 20 3
      vertex 45.5137 20.2088 0
      vertex 45.5137 20.2088 3
    endloop
  endfacet
  facet normal 0.997854 -0.0654722 0
    outer loop
      vertex 45.5137 20.2088 0
      vertex 45.5 20 3
      vertex 45.5 20 0
    endloop
  endfacet
  facet normal -0.442429 0.896803 0
    outer loop
      vertex 65.7 18.6144 0
      vertex 65.5123 18.5218 3
      vertex 65.7 18.6144 3
    endloop
  endfacet
  facet normal -0.442429 0.896803 0
    outer loop
      vertex 65.5123 18.5218 3
      vertex 65.7 18.6144 0
      vertex 65.5123 18.5218 0
    endloop
  endfacet
  facet normal -0.555362 -0.831609 0
    outer loop
      vertex 65.7 21.3856 0
      vertex 65.874 21.2694 3
      vertex 65.7 21.3856 3
    endloop
  endfacet
  facet normal -0.555362 -0.831609 -0
    outer loop
      vertex 65.874 21.2694 3
      vertex 65.7 21.3856 0
      vertex 65.874 21.2694 0
    endloop
  endfacet
  facet normal 0.321526 0.946901 -0
    outer loop
      vertex 46.6859 18.4545 0
      vertex 46.4877 18.5218 3
      vertex 46.6859 18.4545 3
    endloop
  endfacet
  facet normal 0.321526 0.946901 0
    outer loop
      vertex 46.4877 18.5218 3
      vertex 46.6859 18.4545 0
      vertex 46.4877 18.5218 0
    endloop
  endfacet
  facet normal 0.194922 -0.980819 0
    outer loop
      vertex 46.6859 21.5455 0
      vertex 46.8912 21.5863 3
      vertex 46.6859 21.5455 3
    endloop
  endfacet
  facet normal 0.194922 -0.980819 0
    outer loop
      vertex 46.8912 21.5863 3
      vertex 46.6859 21.5455 0
      vertex 46.8912 21.5863 0
    endloop
  endfacet
  facet normal -0.321526 0.946901 0
    outer loop
      vertex 65.5123 18.5218 0
      vertex 65.3141 18.4545 3
      vertex 65.5123 18.5218 3
    endloop
  endfacet
  facet normal -0.321526 0.946901 0
    outer loop
      vertex 65.3141 18.4545 3
      vertex 65.5123 18.5218 0
      vertex 65.3141 18.4545 0
    endloop
  endfacet
  facet normal -0.831609 -0.555362 0
    outer loop
      vertex 66.2856 20.8 0
      vertex 66.1694 20.974 3
      vertex 66.1694 20.974 0
    endloop
  endfacet
  facet normal -0.831609 -0.555362 0
    outer loop
      vertex 66.1694 20.974 3
      vertex 66.2856 20.8 0
      vertex 66.2856 20.8 3
    endloop
  endfacet
  facet normal -0.555362 0.831609 0
    outer loop
      vertex 65.874 18.7306 0
      vertex 65.7 18.6144 3
      vertex 65.874 18.7306 3
    endloop
  endfacet
  facet normal -0.555362 0.831609 0
    outer loop
      vertex 65.7 18.6144 3
      vertex 65.874 18.7306 0
      vertex 65.7 18.6144 0
    endloop
  endfacet
  facet normal -0.659248 0.751925 0
    outer loop
      vertex 66.0314 18.8686 0
      vertex 65.874 18.7306 3
      vertex 66.0314 18.8686 3
    endloop
  endfacet
  facet normal -0.659248 0.751925 0
    outer loop
      vertex 65.874 18.7306 3
      vertex 66.0314 18.8686 0
      vertex 65.874 18.7306 0
    endloop
  endfacet
  facet normal 0.442429 0.896803 -0
    outer loop
      vertex 46.4877 18.5218 0
      vertex 46.3 18.6144 3
      vertex 46.4877 18.5218 3
    endloop
  endfacet
  facet normal 0.442429 0.896803 0
    outer loop
      vertex 46.3 18.6144 3
      vertex 46.4877 18.5218 0
      vertex 46.3 18.6144 0
    endloop
  endfacet
  facet normal 0.751925 0.659248 0
    outer loop
      vertex 45.9686 18.8686 3
      vertex 45.8306 19.026 0
      vertex 45.8306 19.026 3
    endloop
  endfacet
  facet normal 0.751925 0.659248 0
    outer loop
      vertex 45.8306 19.026 0
      vertex 45.9686 18.8686 3
      vertex 45.9686 18.8686 0
    endloop
  endfacet
  facet normal -0.0654722 0.997854 0
    outer loop
      vertex 65.1088 18.4137 0
      vertex 64.9 18.4 3
      vertex 65.1088 18.4137 3
    endloop
  endfacet
  facet normal -0.0654722 0.997854 0
    outer loop
      vertex 64.9 18.4 3
      vertex 65.1088 18.4137 0
      vertex 64.9 18.4 0
    endloop
  endfacet
  facet normal -0.194922 -0.980819 0
    outer loop
      vertex 65.1088 21.5863 0
      vertex 65.3141 21.5455 3
      vertex 65.1088 21.5863 3
    endloop
  endfacet
  facet normal -0.194922 -0.980819 -0
    outer loop
      vertex 65.3141 21.5455 3
      vertex 65.1088 21.5863 0
      vertex 65.3141 21.5455 0
    endloop
  endfacet
  facet normal 0.0654722 0.997854 -0
    outer loop
      vertex 47.1 18.4 0
      vertex 46.8912 18.4137 3
      vertex 47.1 18.4 3
    endloop
  endfacet
  facet normal 0.0654722 0.997854 0
    outer loop
      vertex 46.8912 18.4137 3
      vertex 47.1 18.4 0
      vertex 46.8912 18.4137 0
    endloop
  endfacet
  facet normal 0.831609 0.555362 0
    outer loop
      vertex 45.8306 19.026 3
      vertex 45.7144 19.2 0
      vertex 45.7144 19.2 3
    endloop
  endfacet
  facet normal 0.831609 0.555362 0
    outer loop
      vertex 45.7144 19.2 0
      vertex 45.8306 19.026 3
      vertex 45.8306 19.026 0
    endloop
  endfacet
  facet normal 0.946901 0.321526 0
    outer loop
      vertex 45.6218 19.3877 3
      vertex 45.5545 19.5859 0
      vertex 45.5545 19.5859 3
    endloop
  endfacet
  facet normal 0.946901 0.321526 0
    outer loop
      vertex 45.5545 19.5859 0
      vertex 45.6218 19.3877 3
      vertex 45.6218 19.3877 0
    endloop
  endfacet
  facet normal 0.0653646 -0.997861 0
    outer loop
      vertex 80 -38 0
      vertex 80.5221 -37.9658 3
      vertex 80 -38 3
    endloop
  endfacet
  facet normal 0.0653646 -0.997861 0
    outer loop
      vertex 80.5221 -37.9658 3
      vertex 80 -38 0
      vertex 80.5221 -37.9658 0
    endloop
  endfacet
  facet normal 0.321498 -0.94691 0
    outer loop
      vertex 81.0353 -37.8637 0
      vertex 81.5307 -37.6955 3
      vertex 81.0353 -37.8637 3
    endloop
  endfacet
  facet normal 0.321498 -0.94691 0
    outer loop
      vertex 81.5307 -37.6955 3
      vertex 81.0353 -37.8637 0
      vertex 81.5307 -37.6955 0
    endloop
  endfacet
  facet normal 0 -1 0
    outer loop
      vertex -80 -38 0
      vertex 80 -38 3
      vertex -80 -38 3
    endloop
  endfacet
  facet normal 0 -1 -0
    outer loop
      vertex 80 -38 3
      vertex -80 -38 0
      vertex 80 -38 0
    endloop
  endfacet
  facet normal -0.997861 0.0653646 0
    outer loop
      vertex -84 34 0
      vertex -83.9658 34.5221 3
      vertex -83.9658 34.5221 0
    endloop
  endfacet
  facet normal -0.997861 0.0653646 0
    outer loop
      vertex -83.9658 34.5221 3
      vertex -84 34 0
      vertex -84 34 3
    endloop
  endfacet
  facet normal 0.195124 -0.980779 0
    outer loop
      vertex 80.5221 -37.9658 0
      vertex 81.0353 -37.8637 3
      vertex 80.5221 -37.9658 3
    endloop
  endfacet
  facet normal 0.195124 -0.980779 0
    outer loop
      vertex 81.0353 -37.8637 3
      vertex 80.5221 -37.9658 0
      vertex 81.0353 -37.8637 0
    endloop
  endfacet
  facet normal 0 0 1
    outer loop
      vertex -53.8478 15.7654 3
      vertex -71.215 25.8803 3
      vertex -53.9319 15.5176 3
    endloop
  endfacet
  facet normal 0 0 1
    outer loop
      vertex -54 -15 3
      vertex -70.7692 -26.9563 3
      vertex -70.75 -27.25 3
    endloop
  endfacet
  facet normal -0 0 1
    outer loop
      vertex -71.409 25.659 3
      vertex -53.9319 15.5176 3
      vertex -71.215 25.8803 3
    endloop
  endfacet
  facet normal 0 0 1
    outer loop
      vertex -54 -15 3
      vertex -70.8267 -26.6677 3
      vertex -70.7692 -26.9563 3
    endloop
  endfacet
  facet normal 0 0 1
    outer loop
      vertex -53.9319 15.5176 3
      vertex -71.409 25.659 3
      vertex -53.9829 15.2611 3
    endloop
  endfacet
  facet normal 0 0 1
    outer loop
      vertex -54 -15 3
      vertex -70.9213 -26.389 3
      vertex -70.8267 -26.6677 3
    endloop
  endfacet
  facet normal -0 0 1
    outer loop
      vertex -71.6303 25.465 3
      vertex -53.9829 15.2611 3
      vertex -71.409 25.659 3
    endloop
  endfacet
  facet normal 0 0 1
    outer loop
      vertex -54 -15 3
      vertex -71.0514 -26.125 3
      vertex -70.9213 -26.389 3
    endloop
  endfacet
  facet normal 0 0 1
    outer loop
      vertex -53.9829 15.2611 3
      vertex -71.6303 25.465 3
      vertex -54 15 3
    endloop
  endfacet
  facet normal 0 0 1
    outer loop
      vertex -54 -15 3
      vertex -71.215 -25.8803 3
      vertex -71.0514 -26.125 3
    endloop
  endfacet
  facet normal -0 0 1
    outer loop
      vertex -71.875 25.3014 3
      vertex -54 15 3
      vertex -71.6303 25.465 3
    endloop
  endfacet
  facet normal 0 0 1
    outer loop
      vertex -54 -15 3
      vertex -71.409 -25.659 3
      vertex -71.215 -25.8803 3
    endloop
  endfacet
  facet normal -0 0 1
    outer loop
      vertex -72.139 25.1713 3
      vertex -54 15 3
      vertex -71.875 25.3014 3
    endloop
  endfacet
  facet normal 0 0 1
    outer loop
      vertex -54 -15 3
      vertex -71.6303 -25.465 3
      vertex -71.409 -25.659 3
    endloop
  endfacet
  facet normal -0 0 1
    outer loop
      vertex -72.4177 25.0767 3
      vertex -54 15 3
      vertex -72.139 25.1713 3
    endloop
  endfacet
  facet normal 0 0 1
    outer loop
      vertex -54 -15 3
      vertex -71.875 -25.3014 3
      vertex -71.6303 -25.465 3
    endloop
  endfacet
  facet normal -0 0 1
    outer loop
      vertex -72.7063 25.0192 3
      vertex -54 15 3
      vertex -72.4177 25.0767 3
    endloop
  endfacet
  facet normal 0 0 1
    outer loop
      vertex -54 -15 3
      vertex -72.139 -25.1713 3
      vertex -71.875 -25.3014 3
    endloop
  endfacet
  facet normal -0 0 1
    outer loop
      vertex -73 25 3
      vertex -54 15 3
      vertex -72.7063 25.0192 3
    endloop
  endfacet
  facet normal 0 0 1
    outer loop
      vertex -54 -15 3
      vertex -72.4177 -25.0767 3
      vertex -72.139 -25.1713 3
    endloop
  endfacet
  facet normal 0 0 1
    outer loop
      vertex -54 15 3
      vertex -73 25 3
      vertex -54 -15 3
    endloop
  endfacet
  facet normal 0 0 1
    outer loop
      vertex -54 -15 3
      vertex -72.7063 -25.0192 3
      vertex -72.4177 -25.0767 3
    endloop
  endfacet
  facet normal 0 0 1
    outer loop
      vertex -73 -25 3
      vertex -54 -15 3
      vertex -73 25 3
    endloop
  endfacet
  facet normal 0 0 1
    outer loop
      vertex -54 -15 3
      vertex -73 -25 3
      vertex -72.7063 -25.0192 3
    endloop
  endfacet
  facet normal 0 0 1
    outer loop
      vertex -73.2937 25.0192 3
      vertex -73 -25 3
      vertex -73 25 3
    endloop
  endfacet
  facet normal 0 0 1
    outer loop
      vertex -73.2937 25.0192 3
      vertex -73.2937 -25.0192 3
      vertex -73 -25 3
    endloop
  endfacet
  facet normal 0 0 1
    outer loop
      vertex -73.5823 25.0767 3
      vertex -73.2937 -25.0192 3
      vertex -73.2937 25.0192 3
    endloop
  endfacet
  facet normal 0 0 1
    outer loop
      vertex -73.5823 25.0767 3
      vertex -73.5823 -25.0767 3
      vertex -73.2937 -25.0192 3
    endloop
  endfacet
  facet normal 0 0 1
    outer loop
      vertex -73.861 25.1713 3
      vertex -73.5823 -25.0767 3
      vertex -73.5823 25.0767 3
    endloop
  endfacet
  facet normal 0 0 1
    outer loop
      vertex -73.861 25.1713 3
      vertex -73.861 -25.1713 3
      vertex -73.5823 -25.0767 3
    endloop
  endfacet
  facet normal 0 0 1
    outer loop
      vertex -74.125 25.3014 3
      vertex -73.861 -25.1713 3
      vertex -73.861 25.1713 3
    endloop
  endfacet
  facet normal 0 0 1
    outer loop
      vertex -74.125 25.3014 3
      vertex -74.125 -25.3014 3
      vertex -73.861 -25.1713 3
    endloop
  endfacet
  facet normal 0 0 1
    outer loop
      vertex -74.3697 25.465 3
      vertex -74.125 -25.3014 3
      vertex -74.125 25.3014 3
    endloop
  endfacet
  facet normal 0 0 1
    outer loop
      vertex -74.3697 25.465 3
      vertex -74.3697 -25.465 3
      vertex -74.125 -25.3014 3
    endloop
  endfacet
  facet normal 0 0 1
    outer loop
      vertex -74.591 25.659 3
      vertex -74.3697 -25.465 3
      vertex -74.3697 25.465 3
    endloop
  endfacet
  facet normal 0 0 1
    outer loop
      vertex -74.591 25.659 3
      vertex -74.591 -25.659 3
      vertex -74.3697 -25.465 3
    endloop
  endfacet
  facet normal 0 0 1
    outer loop
      vertex -74.785 25.8803 3
      vertex -74.591 -25.659 3
      vertex -74.591 25.659 3
    endloop
  endfacet
  facet normal 0 0 1
    outer loop
      vertex -74.785 25.8803 3
      vertex -74.785 -25.8803 3
      vertex -74.591 -25.659 3
    endloop
  endfacet
  facet normal 0 0 1
    outer loop
      vertex -84 34 3
      vertex -74.785 25.8803 3
      vertex -74.9486 26.125 3
    endloop
  endfacet
  facet normal 0 0 1
    outer loop
      vertex -74.785 25.8803 3
      vertex -84 34 3
      vertex -74.785 -25.8803 3
    endloop
  endfacet
  facet normal 0 0 1
    outer loop
      vertex -84 34 3
      vertex -74.9486 26.125 3
      vertex -75.0787 26.389 3
    endloop
  endfacet
  facet normal 0 0 1
    outer loop
      vertex -84 -34 3
      vertex -74.785 -25.8803 3
      vertex -84 34 3
    endloop
  endfacet
  facet normal 0 0 1
    outer loop
      vertex -84 34 3
      vertex -75.0787 26.389 3
      vertex -75.1733 26.6677 3
    endloop
  endfacet
  facet normal 0 0 1
    outer loop
      vertex -74.785 -25.8803 3
      vertex -84 -34 3
      vertex -74.9486 -26.125 3
    endloop
  endfacet
  facet normal 0 0 1
    outer loop
      vertex -84 34 3
      vertex -75.1733 26.6677 3
      vertex -75.2308 26.9563 3
    endloop
  endfacet
  facet normal 0 0 1
    outer loop
      vertex -74.9486 -26.125 3
      vertex -84 -34 3
      vertex -75.0787 -26.389 3
    endloop
  endfacet
  facet normal 0 0 1
    outer loop
      vertex -84 34 3
      vertex -75.2308 26.9563 3
      vertex -75.25 27.25 3
    endloop
  endfacet
  facet normal 0 0 1
    outer loop
      vertex -75.0787 -26.389 3
      vertex -84 -34 3
      vertex -75.1733 -26.6677 3
    endloop
  endfacet
  facet normal 0 0 1
    outer loop
      vertex -29.9829 -30.7389 3
      vertex -53.0171 -30.7389 3
      vertex -53 -31 3
    endloop
  endfacet
  facet normal 0 0 1
    outer loop
      vertex -52.7654 -16.8478 3
      vertex -53.0681 -30.4824 3
      vertex -53.0171 -30.7389 3
    endloop
  endfacet
  facet normal 0 0 1
    outer loop
      vertex -52.7654 -16.8478 3
      vertex -53.1522 -30.2346 3
      vertex -53.0681 -30.4824 3
    endloop
  endfacet
  facet normal 0 0 1
    outer loop
      vertex -55 -29 3
      vertex -53 -16.732 3
      vertex -53.2175 -16.5867 3
    endloop
  endfacet
  facet normal 0 0 1
    outer loop
      vertex -52.7654 -16.8478 3
      vertex -53.2679 -30 3
      vertex -53.1522 -30.2346 3
    endloop
  endfacet
  facet normal 0 0 1
    outer loop
      vertex -52.7654 -16.8478 3
      vertex -53.4133 -29.7825 3
      vertex -53.2679 -30 3
    endloop
  endfacet
  facet normal 0 0 1
    outer loop
      vertex -55 -29 3
      vertex -53.2175 -16.5867 3
      vertex -53.4142 -16.4142 3
    endloop
  endfacet
  facet normal 0 0 1
    outer loop
      vertex -52.7654 -16.8478 3
      vertex -53.5858 -29.5858 3
      vertex -53.4133 -29.7825 3
    endloop
  endfacet
  facet normal 0 0 1
    outer loop
      vertex -55 -29 3
      vertex -53.4142 -16.4142 3
      vertex -53.5867 -16.2175 3
    endloop
  endfacet
  facet normal 0 0 1
    outer loop
      vertex -55 -29 3
      vertex -53.5867 -16.2175 3
      vertex -53.732 -16 3
    endloop
  endfacet
  facet normal 0 0 1
    outer loop
      vertex -52.7654 -16.8478 3
      vertex -53.7825 -29.4133 3
      vertex -53.5858 -29.5858 3
    endloop
  endfacet
  facet normal 0 0 1
    outer loop
      vertex -70.75 -27.25 3
      vertex -53.732 -16 3
      vertex -53.8478 -15.7654 3
    endloop
  endfacet
  facet normal 0 0 1
    outer loop
      vertex -70.75 -27.25 3
      vertex -53.8478 -15.7654 3
      vertex -53.9319 -15.5176 3
    endloop
  endfacet
  facet normal 0 0 1
    outer loop
      vertex -70.75 -27.25 3
      vertex -53.9319 -15.5176 3
      vertex -53.9829 -15.2611 3
    endloop
  endfacet
  facet normal 0 0 1
    outer loop
      vertex -70.75 -27.25 3
      vertex -53.9829 -15.2611 3
      vertex -54 -15 3
    endloop
  endfacet
  facet normal 0 0 1
    outer loop
      vertex -52.7654 -16.8478 3
      vertex -54 -29.2679 3
      vertex -53.7825 -29.4133 3
    endloop
  endfacet
  facet normal -0 0 1
    outer loop
      vertex -53.7825 29.4133 3
      vertex -51.2346 16.8478 3
      vertex -53.5858 29.5858 3
    endloop
  endfacet
  facet normal 0 0 1
    outer loop
      vertex -51.2346 16.8478 3
      vertex -53.7825 29.4133 3
      vertex -51.4824 16.9319 3
    endloop
  endfacet
  facet normal -0 0 1
    outer loop
      vertex -54 29.2679 3
      vertex -51.4824 16.9319 3
      vertex -53.7825 29.4133 3
    endloop
  endfacet
  facet normal 0 0 1
    outer loop
      vertex -51.4824 16.9319 3
      vertex -54 29.2679 3
      vertex -51.7389 16.9829 3
    endloop
  endfacet
  facet normal -0 0 1
    outer loop
      vertex -54.2346 29.1522 3
      vertex -51.7389 16.9829 3
      vertex -54 29.2679 3
    endloop
  endfacet
  facet normal 0 0 1
    outer loop
      vertex -51.7389 16.9829 3
      vertex -54.2346 29.1522 3
      vertex -52 17 3
    endloop
  endfacet
  facet normal -0 0 1
    outer loop
      vertex -54.4824 29.0681 3
      vertex -52 17 3
      vertex -54.2346 29.1522 3
    endloop
  endfacet
  facet normal 0 0 1
    outer loop
      vertex -52 17 3
      vertex -54.4824 29.0681 3
      vertex -52.2611 16.9829 3
    endloop
  endfacet
  facet normal -0 0 1
    outer loop
      vertex -54.7389 29.0171 3
      vertex -52.2611 16.9829 3
      vertex -54.4824 29.0681 3
    endloop
  endfacet
  facet normal 0 0 1
    outer loop
      vertex -52.2611 16.9829 3
      vertex -54.7389 29.0171 3
      vertex -52.5176 16.9319 3
    endloop
  endfacet
  facet normal -0 0 1
    outer loop
      vertex -55 29 3
      vertex -52.5176 16.9319 3
      vertex -54.7389 29.0171 3
    endloop
  endfacet
  facet normal 0 0 1
    outer loop
      vertex -52.5176 16.9319 3
      vertex -55 29 3
      vertex -52.7654 16.8478 3
    endloop
  endfacet
  facet normal 0 0 1
    outer loop
      vertex -52.7654 16.8478 3
      vertex -55 29 3
      vertex -53 16.732 3
    endloop
  endfacet
  facet normal 0 0 1
    outer loop
      vertex -53 16.732 3
      vertex -55 29 3
      vertex -53.2175 16.5867 3
    endloop
  endfacet
  facet normal 0 0 1
    outer loop
      vertex -53.2175 16.5867 3
      vertex -55 29 3
      vertex -53.4142 16.4142 3
    endloop
  endfacet
  facet normal 0 0 1
    outer loop
      vertex -53.4142 16.4142 3
      vertex -55 29 3
      vertex -53.5867 16.2175 3
    endloop
  endfacet
  facet normal 0 0 1
    outer loop
      vertex -53.5867 16.2175 3
      vertex -55 29 3
      vertex -53.732 16 3
    endloop
  endfacet
  facet normal 0 0 1
    outer loop
      vertex -70.7692 26.9563 3
      vertex -55 29 3
      vertex -70.75 27.25 3
    endloop
  endfacet
  facet normal 0 0 1
    outer loop
      vertex -70.8267 26.6677 3
      vertex -55 29 3
      vertex -70.7692 26.9563 3
    endloop
  endfacet
  facet normal 0 0 1
    outer loop
      vertex -70.9213 26.389 3
      vertex -55 29 3
      vertex -70.8267 26.6677 3
    endloop
  endfacet
  facet normal 0 0 1
    outer loop
      vertex -52.7654 -16.8478 3
      vertex -54.2346 -29.1522 3
      vertex -54 -29.2679 3
    endloop
  endfacet
  facet normal 0 0 1
    outer loop
      vertex -55 29 3
      vertex -70.9213 26.389 3
      vertex -53.732 16 3
    endloop
  endfacet
  facet normal 0 0 1
    outer loop
      vertex -52.7654 -16.8478 3
      vertex -54.4824 -29.0681 3
      vertex -54.2346 -29.1522 3
    endloop
  endfacet
  facet normal -0 0 1
    outer loop
      vertex -71.0514 26.125 3
      vertex -53.732 16 3
      vertex -70.9213 26.389 3
    endloop
  endfacet
  facet normal 0 0 1
    outer loop
      vertex -52.7654 -16.8478 3
      vertex -54.7389 -29.0171 3
      vertex -54.4824 -29.0681 3
    endloop
  endfacet
  facet normal 0 0 1
    outer loop
      vertex -53.732 16 3
      vertex -71.0514 26.125 3
      vertex -53.8478 15.7654 3
    endloop
  endfacet
  facet normal 0 0 1
    outer loop
      vertex -52.7654 -16.8478 3
      vertex -55 -29 3
      vertex -54.7389 -29.0171 3
    endloop
  endfacet
  facet normal 0 0 1
    outer loop
      vertex -70.75 27.25 3
      vertex -55 29 3
      vertex -70.75 29 3
    endloop
  endfacet
  facet normal -0 0 1
    outer loop
      vertex -71.215 25.8803 3
      vertex -53.8478 15.7654 3
      vertex -71.0514 26.125 3
    endloop
  endfacet
  facet normal 0 0 1
    outer loop
      vertex -53.732 -16 3
      vertex -70.75 -27.25 3
      vertex -55 -29 3
    endloop
  endfacet
  facet normal 0 0 1
    outer loop
      vertex -55 -29 3
      vertex -70.75 -27.25 3
      vertex -70.75 -29 3
    endloop
  endfacet
  facet normal 0 0 1
    outer loop
      vertex -55 33 3
      vertex -70.75 34.75 3
      vertex -70.75 33 3
    endloop
  endfacet
  facet normal 0 0 1
    outer loop
      vertex -10.1522 30.2346 3
      vertex 34.9 36.1 3
      vertex -10.0681 30.4824 3
    endloop
  endfacet
  facet normal 0 0 1
    outer loop
      vertex 34.9 -36.1 3
      vertex -10.0171 -30.7389 3
      vertex -10 -31 3
    endloop
  endfacet
  facet normal 0 0 1
    outer loop
      vertex -10.2679 30 3
      vertex 34.9 36.1 3
      vertex -10.1522 30.2346 3
    endloop
  endfacet
  facet normal 0 0 1
    outer loop
      vertex 34.9 -36.1 3
      vertex -10.0681 -30.4824 3
      vertex -10.0171 -30.7389 3
    endloop
  endfacet
  facet normal 0 0 1
    outer loop
      vertex -10.4133 29.7825 3
      vertex 34.9 36.1 3
      vertex -10.2679 30 3
    endloop
  endfacet
  facet normal 0 0 1
    outer loop
      vertex 34.9 -36.1 3
      vertex -10.1522 -30.2346 3
      vertex -10.0681 -30.4824 3
    endloop
  endfacet
  facet normal 0 0 1
    outer loop
      vertex -18 15 3
      vertex 34.9 36.1 3
      vertex -10.4133 29.7825 3
    endloop
  endfacet
  facet normal 0 0 1
    outer loop
      vertex 34.9 -36.1 3
      vertex -10.2679 -30 3
      vertex -10.1522 -30.2346 3
    endloop
  endfacet
  facet normal 0 0 1
    outer loop
      vertex 34.9 36.1 3
      vertex -18 15 3
      vertex 34.9 -36.1 3
    endloop
  endfacet
  facet normal 0 0 1
    outer loop
      vertex 34.9 -36.1 3
      vertex -10.4133 -29.7825 3
      vertex -10.2679 -30 3
    endloop
  endfacet
  facet normal 0 0 1
    outer loop
      vertex -18 15 3
      vertex -10.4133 29.7825 3
      vertex -10.5858 29.5858 3
    endloop
  endfacet
  facet normal -0 0 1
    outer loop
      vertex -18 -15 3
      vertex 34.9 -36.1 3
      vertex -18 15 3
    endloop
  endfacet
  facet normal 0 0 1
    outer loop
      vertex -18 15 3
      vertex -10.5858 29.5858 3
      vertex -10.7825 29.4133 3
    endloop
  endfacet
  facet normal 0 0 1
    outer loop
      vertex 34.9 -36.1 3
      vertex -18 -15 3
      vertex -10.4133 -29.7825 3
    endloop
  endfacet
  facet normal 0 0 1
    outer loop
      vertex -18 15 3
      vertex -10.7825 29.4133 3
      vertex -11 29.2679 3
    endloop
  endfacet
  facet normal 0 0 1
    outer loop
      vertex -10.4133 -29.7825 3
      vertex -18 -15 3
      vertex -10.5858 -29.5858 3
    endloop
  endfacet
  facet normal 0 0 1
    outer loop
      vertex -18.0171 15.2611 3
      vertex -11 29.2679 3
      vertex -11.2346 29.1522 3
    endloop
  endfacet
  facet normal 0 0 1
    outer loop
      vertex -10.5858 -29.5858 3
      vertex -18 -15 3
      vertex -10.7825 -29.4133 3
    endloop
  endfacet
  facet normal 0 0 1
    outer loop
      vertex -18.0681 15.5176 3
      vertex -11.2346 29.1522 3
      vertex -11.4824 29.0681 3
    endloop
  endfacet
  facet normal 0 0 1
    outer loop
      vertex -10.7825 -29.4133 3
      vertex -18 -15 3
      vertex -11 -29.2679 3
    endloop
  endfacet
  facet normal 0 0 1
    outer loop
      vertex -18.1522 15.7654 3
      vertex -11.4824 29.0681 3
      vertex -11.7389 29.0171 3
    endloop
  endfacet
  facet normal -0 0 1
    outer loop
      vertex -18.0171 -15.2611 3
      vertex -11 -29.2679 3
      vertex -18 -15 3
    endloop
  endfacet
  facet normal 0 0 1
    outer loop
      vertex -18.2679 16 3
      vertex -11.7389 29.0171 3
      vertex -12 29 3
    endloop
  endfacet
  facet normal 0 0 1
    outer loop
      vertex -11 -29.2679 3
      vertex -18.0171 -15.2611 3
      vertex -11.2346 -29.1522 3
    endloop
  endfacet
  facet normal -0 0 1
    outer loop
      vertex -18.0681 -15.5176 3
      vertex -11.2346 -29.1522 3
      vertex -18.0171 -15.2611 3
    endloop
  endfacet
  facet normal 0 0 1
    outer loop
      vertex -11 29.2679 3
      vertex -18.0171 15.2611 3
      vertex -18 15 3
    endloop
  endfacet
  facet normal 0 0 1
    outer loop
      vertex -11.2346 29.1522 3
      vertex -18.0681 15.5176 3
      vertex -18.0171 15.2611 3
    endloop
  endfacet
  facet normal 0 0 1
    outer loop
      vertex -11.4824 29.0681 3
      vertex -18.1522 15.7654 3
      vertex -18.0681 15.5176 3
    endloop
  endfacet
  facet normal 0 0 1
    outer loop
      vertex -11.7389 29.0171 3
      vertex -18.2679 16 3
      vertex -18.1522 15.7654 3
    endloop
  endfacet
  facet normal 0 0 1
    outer loop
      vertex -12 29 3
      vertex -18.4133 16.2175 3
      vertex -18.2679 16 3
    endloop
  endfacet
  facet normal 0 0 1
    outer loop
      vertex -12 29 3
      vertex -18.5858 16.4142 3
      vertex -18.4133 16.2175 3
    endloop
  endfacet
  facet normal 0 0 1
    outer loop
      vertex -12 29 3
      vertex -18.7825 16.5867 3
      vertex -18.5858 16.4142 3
    endloop
  endfacet
  facet normal 0 0 1
    outer loop
      vertex -12 29 3
      vertex -19 16.732 3
      vertex -18.7825 16.5867 3
    endloop
  endfacet
  facet normal 0 0 1
    outer loop
      vertex -12 29 3
      vertex -19.2346 16.8478 3
      vertex -19 16.732 3
    endloop
  endfacet
  facet normal 0 0 1
    outer loop
      vertex -12 29 3
      vertex -19.4824 16.9319 3
      vertex -19.2346 16.8478 3
    endloop
  endfacet
  facet normal 0 0 1
    outer loop
      vertex -12 29 3
      vertex -19.7389 16.9829 3
      vertex -19.4824 16.9319 3
    endloop
  endfacet
  facet normal 0 0 1
    outer loop
      vertex -12 29 3
      vertex -20 17 3
      vertex -19.7389 16.9829 3
    endloop
  endfacet
  facet normal -0 0 1
    outer loop
      vertex -28 29 3
      vertex -20 17 3
      vertex -12 29 3
    endloop
  endfacet
  facet normal 0 0 1
    outer loop
      vertex -20 17 3
      vertex -28 29 3
      vertex -20.2611 16.9829 3
    endloop
  endfacet
  facet normal 0 0 1
    outer loop
      vertex -20.2611 16.9829 3
      vertex -28 29 3
      vertex -20.5176 16.9319 3
    endloop
  endfacet
  facet normal 0 0 1
    outer loop
      vertex -20.5176 16.9319 3
      vertex -28 29 3
      vertex -20.7654 16.8478 3
    endloop
  endfacet
  facet normal 0 0 1
    outer loop
      vertex -20.7654 16.8478 3
      vertex -28 29 3
      vertex -21 16.732 3
    endloop
  endfacet
  facet normal 0 0 1
    outer loop
      vertex -21 16.732 3
      vertex -28 29 3
      vertex -21.2175 16.5867 3
    endloop
  endfacet
  facet normal 0 0 1
    outer loop
      vertex -21.2175 16.5867 3
      vertex -28 29 3
      vertex -21.4142 16.4142 3
    endloop
  endfacet
  facet normal 0 0 1
    outer loop
      vertex -21.9829 15.2611 3
      vertex -34 15 3
      vertex -22 15 3
    endloop
  endfacet
  facet normal 0 0 1
    outer loop
      vertex -21.9319 15.5176 3
      vertex -34 15 3
      vertex -21.9829 15.2611 3
    endloop
  endfacet
  facet normal 0 0 1
    outer loop
      vertex -21.8478 15.7654 3
      vertex -34 15 3
      vertex -21.9319 15.5176 3
    endloop
  endfacet
  facet normal 0 0 1
    outer loop
      vertex -21.732 16 3
      vertex -34 15 3
      vertex -21.8478 15.7654 3
    endloop
  endfacet
  facet normal 0 0 1
    outer loop
      vertex -21.5867 16.2175 3
      vertex -34 15 3
      vertex -21.732 16 3
    endloop
  endfacet
  facet normal 0 0 1
    outer loop
      vertex -34 15 3
      vertex -21.5867 16.2175 3
      vertex -28 29 3
    endloop
  endfacet
  facet normal 0 0 1
    outer loop
      vertex -21.4142 16.4142 3
      vertex -28 29 3
      vertex -21.5867 16.2175 3
    endloop
  endfacet
  facet normal 0 0 1
    outer loop
      vertex 77.1 36.1 3
      vertex 84 34 3
      vertex 83.9658 34.5221 3
    endloop
  endfacet
  facet normal 0 0 1
    outer loop
      vertex 84 34 3
      vertex 77.1 36.1 3
      vertex 84 -34 3
    endloop
  endfacet
  facet normal 0 0 1
    outer loop
      vertex 77.1 36.1 3
      vertex 83.9658 34.5221 3
      vertex 83.8637 35.0353 3
    endloop
  endfacet
  facet normal 0 0 1
    outer loop
      vertex 77.1 -36.1 3
      vertex 84 -34 3
      vertex 77.1 36.1 3
    endloop
  endfacet
  facet normal 0 0 1
    outer loop
      vertex 77.1 36.1 3
      vertex 83.8637 35.0353 3
      vertex 83.6955 35.5307 3
    endloop
  endfacet
  facet normal 0 0 1
    outer loop
      vertex 84 -34 3
      vertex 77.1 -36.1 3
      vertex 83.9658 -34.5221 3
    endloop
  endfacet
  facet normal 0 0 1
    outer loop
      vertex 77.1 36.1 3
      vertex 83.6955 35.5307 3
      vertex 83.4641 36 3
    endloop
  endfacet
  facet normal 0 0 1
    outer loop
      vertex 83.9658 -34.5221 3
      vertex 77.1 -36.1 3
      vertex 83.8637 -35.0353 3
    endloop
  endfacet
  facet normal -0 0 1
    outer loop
      vertex 77.1 36.1 3
      vertex 83.4641 36 3
      vertex 83.1734 36.435 3
    endloop
  endfacet
  facet normal 0 0 1
    outer loop
      vertex 83.8637 -35.0353 3
      vertex 77.1 -36.1 3
      vertex 83.6955 -35.5307 3
    endloop
  endfacet
  facet normal 0 0 1
    outer loop
      vertex 77.1 36.1 3
      vertex 83.1734 36.435 3
      vertex 82.8284 36.8284 3
    endloop
  endfacet
  facet normal 0 0 1
    outer loop
      vertex 83.6955 -35.5307 3
      vertex 77.1 -36.1 3
      vertex 83.4641 -36 3
    endloop
  endfacet
  facet normal 0 0 1
    outer loop
      vertex 77.1 36.1 3
      vertex 82.8284 36.8284 3
      vertex 82.435 37.1734 3
    endloop
  endfacet
  facet normal 0 0 1
    outer loop
      vertex 83.4641 -36 3
      vertex 77.1 -36.1 3
      vertex 83.1734 -36.435 3
    endloop
  endfacet
  facet normal 0 0 1
    outer loop
      vertex 77.1 36.1 3
      vertex 82.435 37.1734 3
      vertex 82 37.4641 3
    endloop
  endfacet
  facet normal 0 0 1
    outer loop
      vertex 83.1734 -36.435 3
      vertex 77.1 -36.1 3
      vertex 82.8284 -36.8284 3
    endloop
  endfacet
  facet normal 0 0 1
    outer loop
      vertex 77.1 36.1 3
      vertex 82 37.4641 3
      vertex 81.5307 37.6955 3
    endloop
  endfacet
  facet normal 0 0 1
    outer loop
      vertex 82.8284 -36.8284 3
      vertex 77.1 -36.1 3
      vertex 82.435 -37.1734 3
    endloop
  endfacet
  facet normal 0 0 1
    outer loop
      vertex 77.1 36.1 3
      vertex 81.5307 37.6955 3
      vertex 81.0353 37.8637 3
    endloop
  endfacet
  facet normal 0 0 1
    outer loop
      vertex 82.435 -37.1734 3
      vertex 77.1 -36.1 3
      vertex 82 -37.4641 3
    endloop
  endfacet
  facet normal 0 0 1
    outer loop
      vertex 77.1 36.1 3
      vertex 81.0353 37.8637 3
      vertex 80.5221 37.9658 3
    endloop
  endfacet
  facet normal 0 0 1
    outer loop
      vertex 82 -37.4641 3
      vertex 77.1 -36.1 3
      vertex 81.5307 -37.6955 3
    endloop
  endfacet
  facet normal 0 0 1
    outer loop
      vertex 77.1 36.1 3
      vertex 80.5221 37.9658 3
      vertex 80 38 3
    endloop
  endfacet
  facet normal 0 0 1
    outer loop
      vertex 81.5307 -37.6955 3
      vertex 77.1 -36.1 3
      vertex 81.0353 -37.8637 3
    endloop
  endfacet
  facet normal 0 0 1
    outer loop
      vertex 81.0353 -37.8637 3
      vertex 77.1 -36.1 3
      vertex 80.5221 -37.9658 3
    endloop
  endfacet
  facet normal -0 0 1
    outer loop
      vertex 74.125 36.6986 3
      vertex 77.1 36.1 3
      vertex 80 38 3
    endloop
  endfacet
  facet normal 0 0 1
    outer loop
      vertex 77.1 36.1 3
      vertex 74.785 36.1197 3
      vertex 74.7982 36.1 3
    endloop
  endfacet
  facet normal 0 0 1
    outer loop
      vertex 77.1 36.1 3
      vertex 74.591 36.341 3
      vertex 74.785 36.1197 3
    endloop
  endfacet
  facet normal 0 0 1
    outer loop
      vertex 77.1 36.1 3
      vertex 74.3697 36.535 3
      vertex 74.591 36.341 3
    endloop
  endfacet
  facet normal 0 0 1
    outer loop
      vertex 77.1 36.1 3
      vertex 74.125 36.6986 3
      vertex 74.3697 36.535 3
    endloop
  endfacet
  facet normal 0 0 1
    outer loop
      vertex 80 38 3
      vertex 73.861 36.8287 3
      vertex 74.125 36.6986 3
    endloop
  endfacet
  facet normal 0 0 1
    outer loop
      vertex 80 38 3
      vertex 73.5823 36.9233 3
      vertex 73.861 36.8287 3
    endloop
  endfacet
  facet normal 0 0 1
    outer loop
      vertex 80 38 3
      vertex 73.2937 36.9808 3
      vertex 73.5823 36.9233 3
    endloop
  endfacet
  facet normal 0 0 1
    outer loop
      vertex 80 38 3
      vertex 73 37 3
      vertex 73.2937 36.9808 3
    endloop
  endfacet
  facet normal 0 0 1
    outer loop
      vertex 80 38 3
      vertex 72.7063 36.9808 3
      vertex 73 37 3
    endloop
  endfacet
  facet normal 0 0 1
    outer loop
      vertex 71.215 36.1197 3
      vertex 34.9 36.1 3
      vertex 71.2018 36.1 3
    endloop
  endfacet
  facet normal 0 0 1
    outer loop
      vertex 71.409 36.341 3
      vertex 34.9 36.1 3
      vertex 71.215 36.1197 3
    endloop
  endfacet
  facet normal 0 0 1
    outer loop
      vertex 71.6303 36.535 3
      vertex 34.9 36.1 3
      vertex 71.409 36.341 3
    endloop
  endfacet
  facet normal 0 0 1
    outer loop
      vertex 71.875 36.6986 3
      vertex 34.9 36.1 3
      vertex 71.6303 36.535 3
    endloop
  endfacet
  facet normal 0 0 1
    outer loop
      vertex 72.139 36.8287 3
      vertex 34.9 36.1 3
      vertex 71.875 36.6986 3
    endloop
  endfacet
  facet normal 0 0 1
    outer loop
      vertex 72.4177 36.9233 3
      vertex 34.9 36.1 3
      vertex 72.139 36.8287 3
    endloop
  endfacet
  facet normal 0 0 1
    outer loop
      vertex 72.7063 36.9808 3
      vertex 34.9 36.1 3
      vertex 72.4177 36.9233 3
    endloop
  endfacet
  facet normal 0 0 1
    outer loop
      vertex 80 38 3
      vertex 34.9 36.1 3
      vertex 72.7063 36.9808 3
    endloop
  endfacet
  facet normal 0 0 1
    outer loop
      vertex -10.0171 30.7389 3
      vertex 34.9 36.1 3
      vertex -10 31 3
    endloop
  endfacet
  facet normal 0 0 1
    outer loop
      vertex 34.9 36.1 3
      vertex -10.0171 31.2611 3
      vertex -10 31 3
    endloop
  endfacet
  facet normal 0 0 1
    outer loop
      vertex 34.9 36.1 3
      vertex -10.0681 31.5176 3
      vertex -10.0171 31.2611 3
    endloop
  endfacet
  facet normal 0 0 1
    outer loop
      vertex 34.9 36.1 3
      vertex -10.1522 31.7654 3
      vertex -10.0681 31.5176 3
    endloop
  endfacet
  facet normal 0 0 1
    outer loop
      vertex 34.9 36.1 3
      vertex -10.2679 32 3
      vertex -10.1522 31.7654 3
    endloop
  endfacet
  facet normal 0 0 1
    outer loop
      vertex 34.9 36.1 3
      vertex -10.4133 32.2175 3
      vertex -10.2679 32 3
    endloop
  endfacet
  facet normal 0 0 1
    outer loop
      vertex 34.9 36.1 3
      vertex -10.5858 32.4142 3
      vertex -10.4133 32.2175 3
    endloop
  endfacet
  facet normal 0 0 1
    outer loop
      vertex 34.9 36.1 3
      vertex -10.7825 32.5867 3
      vertex -10.5858 32.4142 3
    endloop
  endfacet
  facet normal 0 0 1
    outer loop
      vertex 34.9 36.1 3
      vertex -11 32.732 3
      vertex -10.7825 32.5867 3
    endloop
  endfacet
  facet normal 0 0 1
    outer loop
      vertex 34.9 36.1 3
      vertex -11.2346 32.8478 3
      vertex -11 32.732 3
    endloop
  endfacet
  facet normal 0 0 1
    outer loop
      vertex 34.9 36.1 3
      vertex -11.4824 32.9319 3
      vertex -11.2346 32.8478 3
    endloop
  endfacet
  facet normal 0 0 1
    outer loop
      vertex 34.9 36.1 3
      vertex -11.7389 32.9829 3
      vertex -11.4824 32.9319 3
    endloop
  endfacet
  facet normal 0 0 1
    outer loop
      vertex 34.9 36.1 3
      vertex -12 33 3
      vertex -11.7389 32.9829 3
    endloop
  endfacet
  facet normal 0 0 1
    outer loop
      vertex -72.7063 36.9808 3
      vertex -12 33 3
      vertex 34.9 36.1 3
    endloop
  endfacet
  facet normal -0 0 1
    outer loop
      vertex -35 -16.732 3
      vertex -28.7654 -29.1522 3
      vertex -34.7825 -16.5867 3
    endloop
  endfacet
  facet normal 0 0 1
    outer loop
      vertex -53 31 3
      vertex -30 31 3
      vertex -29.9829 31.2611 3
    endloop
  endfacet
  facet normal 0 0 1
    outer loop
      vertex -53.0171 31.2611 3
      vertex -29.9829 31.2611 3
      vertex -29.9319 31.5176 3
    endloop
  endfacet
  facet normal 0 0 1
    outer loop
      vertex -29.9829 30.7389 3
      vertex -34.0171 15.2611 3
      vertex -34 15 3
    endloop
  endfacet
  facet normal 0 0 1
    outer loop
      vertex -29.9829 30.7389 3
      vertex -34.0681 15.5176 3
      vertex -34.0171 15.2611 3
    endloop
  endfacet
  facet normal 0 0 1
    outer loop
      vertex -29.9829 30.7389 3
      vertex -34.1522 15.7654 3
      vertex -34.0681 15.5176 3
    endloop
  endfacet
  facet normal 0 0 1
    outer loop
      vertex -29.9829 30.7389 3
      vertex -34.2679 16 3
      vertex -34.1522 15.7654 3
    endloop
  endfacet
  facet normal 0 0 1
    outer loop
      vertex -29.9829 30.7389 3
      vertex -34.4133 16.2175 3
      vertex -34.2679 16 3
    endloop
  endfacet
  facet normal 0 0 1
    outer loop
      vertex -29.9829 30.7389 3
      vertex -34.5858 16.4142 3
      vertex -34.4133 16.2175 3
    endloop
  endfacet
  facet normal 0 0 1
    outer loop
      vertex -29.9829 30.7389 3
      vertex -34.7825 16.5867 3
      vertex -34.5858 16.4142 3
    endloop
  endfacet
  facet normal 0 0 1
    outer loop
      vertex -29.9829 30.7389 3
      vertex -35 16.732 3
      vertex -34.7825 16.5867 3
    endloop
  endfacet
  facet normal 0 0 1
    outer loop
      vertex -53.0681 31.5176 3
      vertex -29.9319 31.5176 3
      vertex -29.8478 31.7654 3
    endloop
  endfacet
  facet normal 0 0 1
    outer loop
      vertex -29.9829 30.7389 3
      vertex -35.2346 16.8478 3
      vertex -35 16.732 3
    endloop
  endfacet
  facet normal 0 0 1
    outer loop
      vertex -29.9829 30.7389 3
      vertex -35.4824 16.9319 3
      vertex -35.2346 16.8478 3
    endloop
  endfacet
  facet normal 0 0 1
    outer loop
      vertex -29.9829 30.7389 3
      vertex -35.7389 16.9829 3
      vertex -35.4824 16.9319 3
    endloop
  endfacet
  facet normal 0 0 1
    outer loop
      vertex -29.9829 30.7389 3
      vertex -36 17 3
      vertex -35.7389 16.9829 3
    endloop
  endfacet
  facet normal 0 0 1
    outer loop
      vertex -29.9829 30.7389 3
      vertex -36.2611 16.9829 3
      vertex -36 17 3
    endloop
  endfacet
  facet normal 0 0 1
    outer loop
      vertex -29.9829 30.7389 3
      vertex -36.5176 16.9319 3
      vertex -36.2611 16.9829 3
    endloop
  endfacet
  facet normal 0 0 1
    outer loop
      vertex -29.9829 30.7389 3
      vertex -36.7654 16.8478 3
      vertex -36.5176 16.9319 3
    endloop
  endfacet
  facet normal 0 0 1
    outer loop
      vertex -53.0171 30.7389 3
      vertex -29.9829 30.7389 3
      vertex -53 31 3
    endloop
  endfacet
  facet normal 0 0 1
    outer loop
      vertex -53.0681 30.4824 3
      vertex -29.9829 30.7389 3
      vertex -53.0171 30.7389 3
    endloop
  endfacet
  facet normal 0 0 1
    outer loop
      vertex -29.9829 30.7389 3
      vertex -53.0681 30.4824 3
      vertex -36.7654 16.8478 3
    endloop
  endfacet
  facet normal 0 0 1
    outer loop
      vertex -36.7654 16.8478 3
      vertex -53.0681 30.4824 3
      vertex -37 16.732 3
    endloop
  endfacet
  facet normal 0 0 1
    outer loop
      vertex -53.1522 31.7654 3
      vertex -29.8478 31.7654 3
      vertex -29.732 32 3
    endloop
  endfacet
  facet normal 0 0 1
    outer loop
      vertex -37.2175 16.5867 3
      vertex -50.7825 16.5867 3
      vertex -37.4142 16.4142 3
    endloop
  endfacet
  facet normal 0 0 1
    outer loop
      vertex -38 15 3
      vertex -50 15 3
      vertex -38 -15 3
    endloop
  endfacet
  facet normal 0 0 1
    outer loop
      vertex -37.9829 15.2611 3
      vertex -50 15 3
      vertex -38 15 3
    endloop
  endfacet
  facet normal 0 0 1
    outer loop
      vertex -50.0171 15.2611 3
      vertex -37.9829 15.2611 3
      vertex -37.9319 15.5176 3
    endloop
  endfacet
  facet normal 0 0 1
    outer loop
      vertex -50.0681 15.5176 3
      vertex -37.9319 15.5176 3
      vertex -37.8478 15.7654 3
    endloop
  endfacet
  facet normal 0 0 1
    outer loop
      vertex -50.1522 15.7654 3
      vertex -37.8478 15.7654 3
      vertex -37.732 16 3
    endloop
  endfacet
  facet normal 0 -0 1
    outer loop
      vertex -50.5858 16.4142 3
      vertex -37.4142 16.4142 3
      vertex -50.7825 16.5867 3
    endloop
  endfacet
  facet normal 0 0 1
    outer loop
      vertex -53.2679 32 3
      vertex -29.732 32 3
      vertex -29.5867 32.2175 3
    endloop
  endfacet
  facet normal 0 0 1
    outer loop
      vertex -53.4133 32.2175 3
      vertex -29.5867 32.2175 3
      vertex -29.4142 32.4142 3
    endloop
  endfacet
  facet normal 0 0 1
    outer loop
      vertex -53.5858 32.4142 3
      vertex -29.4142 32.4142 3
      vertex -29.2175 32.5867 3
    endloop
  endfacet
  facet normal 0 0 1
    outer loop
      vertex -37.9829 15.2611 3
      vertex -50.0171 15.2611 3
      vertex -50 15 3
    endloop
  endfacet
  facet normal 0 0 1
    outer loop
      vertex -37.9319 15.5176 3
      vertex -50.0681 15.5176 3
      vertex -50.0171 15.2611 3
    endloop
  endfacet
  facet normal 0 0 1
    outer loop
      vertex -37.8478 15.7654 3
      vertex -50.1522 15.7654 3
      vertex -50.0681 15.5176 3
    endloop
  endfacet
  facet normal 0 0 1
    outer loop
      vertex -37.732 16 3
      vertex -50.2679 16 3
      vertex -50.1522 15.7654 3
    endloop
  endfacet
  facet normal 0 0 1
    outer loop
      vertex -37.732 16 3
      vertex -50.4133 16.2175 3
      vertex -50.2679 16 3
    endloop
  endfacet
  facet normal 0 0 1
    outer loop
      vertex -37.5867 16.2175 3
      vertex -50.4133 16.2175 3
      vertex -37.732 16 3
    endloop
  endfacet
  facet normal 0 0 1
    outer loop
      vertex -37.4142 16.4142 3
      vertex -50.5858 16.4142 3
      vertex -37.5867 16.2175 3
    endloop
  endfacet
  facet normal 0 -0 1
    outer loop
      vertex -50.4133 16.2175 3
      vertex -37.5867 16.2175 3
      vertex -50.5858 16.4142 3
    endloop
  endfacet
  facet normal -0 0 1
    outer loop
      vertex -53.1522 30.2346 3
      vertex -37 16.732 3
      vertex -53.0681 30.4824 3
    endloop
  endfacet
  facet normal 0 0 1
    outer loop
      vertex -37 16.732 3
      vertex -53.1522 30.2346 3
      vertex -37.2175 16.5867 3
    endloop
  endfacet
  facet normal -0 0 1
    outer loop
      vertex -53.2679 30 3
      vertex -37.2175 16.5867 3
      vertex -53.1522 30.2346 3
    endloop
  endfacet
  facet normal 0 0 1
    outer loop
      vertex -37.2175 16.5867 3
      vertex -53.2679 30 3
      vertex -50.7825 16.5867 3
    endloop
  endfacet
  facet normal -0 0 1
    outer loop
      vertex -53.4133 29.7825 3
      vertex -50.7825 16.5867 3
      vertex -53.2679 30 3
    endloop
  endfacet
  facet normal 0 0 1
    outer loop
      vertex -50.7825 16.5867 3
      vertex -53.4133 29.7825 3
      vertex -51 16.732 3
    endloop
  endfacet
  facet normal -0 0 1
    outer loop
      vertex -53.5858 29.5858 3
      vertex -51 16.732 3
      vertex -53.4133 29.7825 3
    endloop
  endfacet
  facet normal 0 0 1
    outer loop
      vertex -51 16.732 3
      vertex -53.5858 29.5858 3
      vertex -51.2346 16.8478 3
    endloop
  endfacet
  facet normal 0 0 1
    outer loop
      vertex -53.7825 32.5867 3
      vertex -29.2175 32.5867 3
      vertex -29 32.732 3
    endloop
  endfacet
  facet normal 0 0 1
    outer loop
      vertex -54 32.732 3
      vertex -29 32.732 3
      vertex -28.7654 32.8478 3
    endloop
  endfacet
  facet normal 0 0 1
    outer loop
      vertex -54.2346 32.8478 3
      vertex -28.7654 32.8478 3
      vertex -28.5176 32.9319 3
    endloop
  endfacet
  facet normal 0 0 1
    outer loop
      vertex -54.4824 32.9319 3
      vertex -28.5176 32.9319 3
      vertex -28.2611 32.9829 3
    endloop
  endfacet
  facet normal 0 0 1
    outer loop
      vertex -29.9829 31.2611 3
      vertex -53.0171 31.2611 3
      vertex -53 31 3
    endloop
  endfacet
  facet normal 0 0 1
    outer loop
      vertex -29.9319 31.5176 3
      vertex -53.0681 31.5176 3
      vertex -53.0171 31.2611 3
    endloop
  endfacet
  facet normal 0 0 1
    outer loop
      vertex -72.4177 36.9233 3
      vertex -28.2611 32.9829 3
      vertex -28 33 3
    endloop
  endfacet
  facet normal 0 0 1
    outer loop
      vertex -29.8478 31.7654 3
      vertex -53.1522 31.7654 3
      vertex -53.0681 31.5176 3
    endloop
  endfacet
  facet normal 0 0 1
    outer loop
      vertex -12 33 3
      vertex -72.7063 36.9808 3
      vertex -28 33 3
    endloop
  endfacet
  facet normal 0 0 1
    outer loop
      vertex -29.732 32 3
      vertex -53.2679 32 3
      vertex -53.1522 31.7654 3
    endloop
  endfacet
  facet normal 0 0 1
    outer loop
      vertex -29.5867 32.2175 3
      vertex -53.4133 32.2175 3
      vertex -53.2679 32 3
    endloop
  endfacet
  facet normal 0 0 1
    outer loop
      vertex -29.4142 32.4142 3
      vertex -53.5858 32.4142 3
      vertex -53.4133 32.2175 3
    endloop
  endfacet
  facet normal -0 0 1
    outer loop
      vertex -80 38 3
      vertex 34.9 36.1 3
      vertex 80 38 3
    endloop
  endfacet
  facet normal 0 0 1
    outer loop
      vertex -29.2175 32.5867 3
      vertex -53.7825 32.5867 3
      vertex -53.5858 32.4142 3
    endloop
  endfacet
  facet normal 0 0 1
    outer loop
      vertex -29 32.732 3
      vertex -54 32.732 3
      vertex -53.7825 32.5867 3
    endloop
  endfacet
  facet normal 0 0 1
    outer loop
      vertex -28.7654 32.8478 3
      vertex -54.2346 32.8478 3
      vertex -54 32.732 3
    endloop
  endfacet
  facet normal 0 0 1
    outer loop
      vertex -28.5176 32.9319 3
      vertex -54.4824 32.9319 3
      vertex -54.2346 32.8478 3
    endloop
  endfacet
  facet normal 0 0 1
    outer loop
      vertex -28.2611 32.9829 3
      vertex -54.7389 32.9829 3
      vertex -54.4824 32.9319 3
    endloop
  endfacet
  facet normal 0 0 1
    outer loop
      vertex -28.2611 32.9829 3
      vertex -72.4177 36.9233 3
      vertex -54.7389 32.9829 3
    endloop
  endfacet
  facet normal -0 -0 1
    outer loop
      vertex -72.139 36.8287 3
      vertex -54.7389 32.9829 3
      vertex -72.4177 36.9233 3
    endloop
  endfacet
  facet normal 0 0 1
    outer loop
      vertex -55 33 3
      vertex -70.7692 35.0437 3
      vertex -70.75 34.75 3
    endloop
  endfacet
  facet normal 0 0 1
    outer loop
      vertex -55 33 3
      vertex -70.8267 35.3323 3
      vertex -70.7692 35.0437 3
    endloop
  endfacet
  facet normal 0 0 1
    outer loop
      vertex -55 33 3
      vertex -70.9213 35.611 3
      vertex -70.8267 35.3323 3
    endloop
  endfacet
  facet normal 0 0 1
    outer loop
      vertex -55 33 3
      vertex -71.0514 35.875 3
      vertex -70.9213 35.611 3
    endloop
  endfacet
  facet normal 0 0 1
    outer loop
      vertex -55 33 3
      vertex -71.215 36.1197 3
      vertex -71.0514 35.875 3
    endloop
  endfacet
  facet normal 0 0 1
    outer loop
      vertex -55 33 3
      vertex -71.409 36.341 3
      vertex -71.215 36.1197 3
    endloop
  endfacet
  facet normal 0 0 1
    outer loop
      vertex -55 33 3
      vertex -71.6303 36.535 3
      vertex -71.409 36.341 3
    endloop
  endfacet
  facet normal 0 0 1
    outer loop
      vertex -55 33 3
      vertex -71.875 36.6986 3
      vertex -71.6303 36.535 3
    endloop
  endfacet
  facet normal 0 0 1
    outer loop
      vertex -55 33 3
      vertex -72.139 36.8287 3
      vertex -71.875 36.6986 3
    endloop
  endfacet
  facet normal 0 0 1
    outer loop
      vertex -54.7389 32.9829 3
      vertex -72.139 36.8287 3
      vertex -55 33 3
    endloop
  endfacet
  facet normal 0 0 1
    outer loop
      vertex -28 33 3
      vertex -72.7063 36.9808 3
      vertex -72.4177 36.9233 3
    endloop
  endfacet
  facet normal 0 0 1
    outer loop
      vertex 34.9 36.1 3
      vertex -80 38 3
      vertex -72.7063 36.9808 3
    endloop
  endfacet
  facet normal -0 0 1
    outer loop
      vertex -84 34 3
      vertex -75.25 27.25 3
      vertex -75.25 34.75 3
    endloop
  endfacet
  facet normal 0 0 1
    outer loop
      vertex -75.1733 -26.6677 3
      vertex -84 -34 3
      vertex -75.2308 -26.9563 3
    endloop
  endfacet
  facet normal 0 0 1
    outer loop
      vertex -84 34 3
      vertex -75.25 34.75 3
      vertex -80 38 3
    endloop
  endfacet
  facet normal 0 0 1
    outer loop
      vertex -75.2308 35.0437 3
      vertex -80 38 3
      vertex -75.25 34.75 3
    endloop
  endfacet
  facet normal 0 0 1
    outer loop
      vertex -75.1733 35.3323 3
      vertex -80 38 3
      vertex -75.2308 35.0437 3
    endloop
  endfacet
  facet normal 0 0 1
    outer loop
      vertex -75.0787 35.611 3
      vertex -80 38 3
      vertex -75.1733 35.3323 3
    endloop
  endfacet
  facet normal 0 0 1
    outer loop
      vertex -74.9486 35.875 3
      vertex -80 38 3
      vertex -75.0787 35.611 3
    endloop
  endfacet
  facet normal 0 0 1
    outer loop
      vertex -74.785 36.1197 3
      vertex -80 38 3
      vertex -74.9486 35.875 3
    endloop
  endfacet
  facet normal 0 0 1
    outer loop
      vertex -74.591 36.341 3
      vertex -80 38 3
      vertex -74.785 36.1197 3
    endloop
  endfacet
  facet normal 0 0 1
    outer loop
      vertex -74.3697 36.535 3
      vertex -80 38 3
      vertex -74.591 36.341 3
    endloop
  endfacet
  facet normal 0 0 1
    outer loop
      vertex -74.125 36.6986 3
      vertex -80 38 3
      vertex -74.3697 36.535 3
    endloop
  endfacet
  facet normal 0 0 1
    outer loop
      vertex -73.861 36.8287 3
      vertex -80 38 3
      vertex -74.125 36.6986 3
    endloop
  endfacet
  facet normal 0 0 1
    outer loop
      vertex -73.5823 36.9233 3
      vertex -80 38 3
      vertex -73.861 36.8287 3
    endloop
  endfacet
  facet normal 0 0 1
    outer loop
      vertex -73.2937 36.9808 3
      vertex -80 38 3
      vertex -73.5823 36.9233 3
    endloop
  endfacet
  facet normal 0 0 1
    outer loop
      vertex -73 37 3
      vertex -80 38 3
      vertex -73.2937 36.9808 3
    endloop
  endfacet
  facet normal 0 0 1
    outer loop
      vertex -72.7063 36.9808 3
      vertex -80 38 3
      vertex -73 37 3
    endloop
  endfacet
  facet normal 0 0 1
    outer loop
      vertex 80.5221 -37.9658 3
      vertex 77.1 -36.1 3
      vertex 80 -38 3
    endloop
  endfacet
  facet normal 0 0 1
    outer loop
      vertex 74.785 -36.1197 3
      vertex 77.1 -36.1 3
      vertex 74.7982 -36.1 3
    endloop
  endfacet
  facet normal 0 0 1
    outer loop
      vertex 74.591 -36.341 3
      vertex 77.1 -36.1 3
      vertex 74.785 -36.1197 3
    endloop
  endfacet
  facet normal 0 0 1
    outer loop
      vertex 74.3697 -36.535 3
      vertex 77.1 -36.1 3
      vertex 74.591 -36.341 3
    endloop
  endfacet
  facet normal 0 0 1
    outer loop
      vertex 74.125 -36.6986 3
      vertex 77.1 -36.1 3
      vertex 74.3697 -36.535 3
    endloop
  endfacet
  facet normal 0 0 1
    outer loop
      vertex 77.1 -36.1 3
      vertex 74.125 -36.6986 3
      vertex 80 -38 3
    endloop
  endfacet
  facet normal -0 0 1
    outer loop
      vertex 73.861 -36.8287 3
      vertex 80 -38 3
      vertex 74.125 -36.6986 3
    endloop
  endfacet
  facet normal -0 0 1
    outer loop
      vertex 73.5823 -36.9233 3
      vertex 80 -38 3
      vertex 73.861 -36.8287 3
    endloop
  endfacet
  facet normal -0 0 1
    outer loop
      vertex 73.2937 -36.9808 3
      vertex 80 -38 3
      vertex 73.5823 -36.9233 3
    endloop
  endfacet
  facet normal -0 0 1
    outer loop
      vertex 73 -37 3
      vertex 80 -38 3
      vertex 73.2937 -36.9808 3
    endloop
  endfacet
  facet normal 0 0 1
    outer loop
      vertex 72.7063 -36.9808 3
      vertex 80 -38 3
      vertex 73 -37 3
    endloop
  endfacet
  facet normal -0 0 1
    outer loop
      vertex 34.9 -36.1 3
      vertex 71.215 -36.1197 3
      vertex 71.2018 -36.1 3
    endloop
  endfacet
  facet normal 0 0 1
    outer loop
      vertex 34.9 -36.1 3
      vertex 71.409 -36.341 3
      vertex 71.215 -36.1197 3
    endloop
  endfacet
  facet normal 0 0 1
    outer loop
      vertex 34.9 -36.1 3
      vertex 71.6303 -36.535 3
      vertex 71.409 -36.341 3
    endloop
  endfacet
  facet normal 0 0 1
    outer loop
      vertex 34.9 -36.1 3
      vertex 71.875 -36.6986 3
      vertex 71.6303 -36.535 3
    endloop
  endfacet
  facet normal 0 0 1
    outer loop
      vertex 34.9 -36.1 3
      vertex 72.139 -36.8287 3
      vertex 71.875 -36.6986 3
    endloop
  endfacet
  facet normal 0 0 1
    outer loop
      vertex 34.9 -36.1 3
      vertex 72.4177 -36.9233 3
      vertex 72.139 -36.8287 3
    endloop
  endfacet
  facet normal 0 0 1
    outer loop
      vertex 34.9 -36.1 3
      vertex 72.7063 -36.9808 3
      vertex 72.4177 -36.9233 3
    endloop
  endfacet
  facet normal 0 0 1
    outer loop
      vertex 34.9 -36.1 3
      vertex 80 -38 3
      vertex 72.7063 -36.9808 3
    endloop
  endfacet
  facet normal 0 0 1
    outer loop
      vertex -10.0681 30.4824 3
      vertex 34.9 36.1 3
      vertex -10.0171 30.7389 3
    endloop
  endfacet
  facet normal -0 0 1
    outer loop
      vertex -10.0171 -31.2611 3
      vertex 34.9 -36.1 3
      vertex -10 -31 3
    endloop
  endfacet
  facet normal -0 0 1
    outer loop
      vertex -10.0681 -31.5176 3
      vertex 34.9 -36.1 3
      vertex -10.0171 -31.2611 3
    endloop
  endfacet
  facet normal -0 0 1
    outer loop
      vertex -10.1522 -31.7654 3
      vertex 34.9 -36.1 3
      vertex -10.0681 -31.5176 3
    endloop
  endfacet
  facet normal -0 0 1
    outer loop
      vertex -10.2679 -32 3
      vertex 34.9 -36.1 3
      vertex -10.1522 -31.7654 3
    endloop
  endfacet
  facet normal -0 0 1
    outer loop
      vertex -10.4133 -32.2175 3
      vertex 34.9 -36.1 3
      vertex -10.2679 -32 3
    endloop
  endfacet
  facet normal -0 0 1
    outer loop
      vertex -10.5858 -32.4142 3
      vertex 34.9 -36.1 3
      vertex -10.4133 -32.2175 3
    endloop
  endfacet
  facet normal -0 0 1
    outer loop
      vertex -10.7825 -32.5867 3
      vertex 34.9 -36.1 3
      vertex -10.5858 -32.4142 3
    endloop
  endfacet
  facet normal -0 0 1
    outer loop
      vertex -11 -32.732 3
      vertex 34.9 -36.1 3
      vertex -10.7825 -32.5867 3
    endloop
  endfacet
  facet normal -0 0 1
    outer loop
      vertex -11.2346 -32.8478 3
      vertex 34.9 -36.1 3
      vertex -11 -32.732 3
    endloop
  endfacet
  facet normal -0 0 1
    outer loop
      vertex -11.4824 -32.9319 3
      vertex 34.9 -36.1 3
      vertex -11.2346 -32.8478 3
    endloop
  endfacet
  facet normal -0 0 1
    outer loop
      vertex -11.7389 -32.9829 3
      vertex 34.9 -36.1 3
      vertex -11.4824 -32.9319 3
    endloop
  endfacet
  facet normal -0 0 1
    outer loop
      vertex -12 -33 3
      vertex 34.9 -36.1 3
      vertex -11.7389 -32.9829 3
    endloop
  endfacet
  facet normal 0 0 1
    outer loop
      vertex -72.7063 -36.9808 3
      vertex -12 -33 3
      vertex -28 -33 3
    endloop
  endfacet
  facet normal 0 0 1
    outer loop
      vertex -28.7654 -29.1522 3
      vertex -35 -16.732 3
      vertex -29 -29.2679 3
    endloop
  endfacet
  facet normal -0 0 1
    outer loop
      vertex -35.2346 -16.8478 3
      vertex -29 -29.2679 3
      vertex -35 -16.732 3
    endloop
  endfacet
  facet normal 0 0 1
    outer loop
      vertex -29 -29.2679 3
      vertex -35.2346 -16.8478 3
      vertex -29.2175 -29.4133 3
    endloop
  endfacet
  facet normal -0 0 1
    outer loop
      vertex -35.4824 -16.9319 3
      vertex -29.2175 -29.4133 3
      vertex -35.2346 -16.8478 3
    endloop
  endfacet
  facet normal 0 0 1
    outer loop
      vertex -29.2175 -29.4133 3
      vertex -35.4824 -16.9319 3
      vertex -29.4142 -29.5858 3
    endloop
  endfacet
  facet normal -0 0 1
    outer loop
      vertex -35.7389 -16.9829 3
      vertex -29.4142 -29.5858 3
      vertex -35.4824 -16.9319 3
    endloop
  endfacet
  facet normal 0 0 1
    outer loop
      vertex -29.4142 -29.5858 3
      vertex -35.7389 -16.9829 3
      vertex -29.5867 -29.7825 3
    endloop
  endfacet
  facet normal -0 0 1
    outer loop
      vertex -36 -17 3
      vertex -29.5867 -29.7825 3
      vertex -35.7389 -16.9829 3
    endloop
  endfacet
  facet normal 0 0 1
    outer loop
      vertex -29.5867 -29.7825 3
      vertex -36 -17 3
      vertex -29.732 -30 3
    endloop
  endfacet
  facet normal 0 0 1
    outer loop
      vertex -36.2611 -16.9829 3
      vertex -29.732 -30 3
      vertex -36 -17 3
    endloop
  endfacet
  facet normal 0 0 1
    outer loop
      vertex -29.732 -30 3
      vertex -36.2611 -16.9829 3
      vertex -29.8478 -30.2346 3
    endloop
  endfacet
  facet normal 0 0 1
    outer loop
      vertex -36.5176 -16.9319 3
      vertex -29.8478 -30.2346 3
      vertex -36.2611 -16.9829 3
    endloop
  endfacet
  facet normal 0 0 1
    outer loop
      vertex -29.8478 -30.2346 3
      vertex -36.5176 -16.9319 3
      vertex -29.9319 -30.4824 3
    endloop
  endfacet
  facet normal 0 0 1
    outer loop
      vertex -36.7654 -16.8478 3
      vertex -29.9319 -30.4824 3
      vertex -36.5176 -16.9319 3
    endloop
  endfacet
  facet normal 0 0 1
    outer loop
      vertex -53.0171 -30.7389 3
      vertex -29.9319 -30.4824 3
      vertex -36.7654 -16.8478 3
    endloop
  endfacet
  facet normal 0 0 1
    outer loop
      vertex -53.0171 -30.7389 3
      vertex -29.9829 -30.7389 3
      vertex -29.9319 -30.4824 3
    endloop
  endfacet
  facet normal 0 0 1
    outer loop
      vertex -29.9829 -30.7389 3
      vertex -53 -31 3
      vertex -30 -31 3
    endloop
  endfacet
  facet normal 0 0 1
    outer loop
      vertex -30 -31 3
      vertex -53 -31 3
      vertex -29.9829 -31.2611 3
    endloop
  endfacet
  facet normal 0 0 1
    outer loop
      vertex -53.0171 -31.2611 3
      vertex -29.9829 -31.2611 3
      vertex -53 -31 3
    endloop
  endfacet
  facet normal 0 0 1
    outer loop
      vertex -53.0171 -30.7389 3
      vertex -36.7654 -16.8478 3
      vertex -37 -16.732 3
    endloop
  endfacet
  facet normal 0 0 1
    outer loop
      vertex -53.0171 -30.7389 3
      vertex -37 -16.732 3
      vertex -37.2175 -16.5867 3
    endloop
  endfacet
  facet normal 0 0 1
    outer loop
      vertex -50.7825 -16.5867 3
      vertex -37.2175 -16.5867 3
      vertex -37.4142 -16.4142 3
    endloop
  endfacet
  facet normal 0 0 1
    outer loop
      vertex -50.5858 -16.4142 3
      vertex -37.4142 -16.4142 3
      vertex -37.5867 -16.2175 3
    endloop
  endfacet
  facet normal 0 0 1
    outer loop
      vertex -29.9829 -31.2611 3
      vertex -53.0171 -31.2611 3
      vertex -29.9319 -31.5176 3
    endloop
  endfacet
  facet normal 0 0 1
    outer loop
      vertex -50.4133 -16.2175 3
      vertex -37.5867 -16.2175 3
      vertex -37.732 -16 3
    endloop
  endfacet
  facet normal 0 0 1
    outer loop
      vertex -50 -15 3
      vertex -38 -15 3
      vertex -50 15 3
    endloop
  endfacet
  facet normal 0 0 1
    outer loop
      vertex -38 -15 3
      vertex -50 -15 3
      vertex -37.9829 -15.2611 3
    endloop
  endfacet
  facet normal 0 0 1
    outer loop
      vertex -50.0171 -15.2611 3
      vertex -37.9829 -15.2611 3
      vertex -50 -15 3
    endloop
  endfacet
  facet normal 0 0 1
    outer loop
      vertex -37.9829 -15.2611 3
      vertex -50.0171 -15.2611 3
      vertex -37.9319 -15.5176 3
    endloop
  endfacet
  facet normal 0 0 1
    outer loop
      vertex -50.0681 -15.5176 3
      vertex -37.9319 -15.5176 3
      vertex -50.0171 -15.2611 3
    endloop
  endfacet
  facet normal 0 0 1
    outer loop
      vertex -37.9319 -15.5176 3
      vertex -50.0681 -15.5176 3
      vertex -37.8478 -15.7654 3
    endloop
  endfacet
  facet normal 0 0 1
    outer loop
      vertex -50.1522 -15.7654 3
      vertex -37.8478 -15.7654 3
      vertex -50.0681 -15.5176 3
    endloop
  endfacet
  facet normal 0 0 1
    outer loop
      vertex -37.8478 -15.7654 3
      vertex -50.1522 -15.7654 3
      vertex -37.732 -16 3
    endloop
  endfacet
  facet normal 0 0 1
    outer loop
      vertex -50.2679 -16 3
      vertex -37.732 -16 3
      vertex -50.1522 -15.7654 3
    endloop
  endfacet
  facet normal 0 0 1
    outer loop
      vertex -50.4133 -16.2175 3
      vertex -37.732 -16 3
      vertex -50.2679 -16 3
    endloop
  endfacet
  facet normal 0 0 1
    outer loop
      vertex -37.5867 -16.2175 3
      vertex -50.4133 -16.2175 3
      vertex -50.5858 -16.4142 3
    endloop
  endfacet
  facet normal 0 0 1
    outer loop
      vertex -37.4142 -16.4142 3
      vertex -50.5858 -16.4142 3
      vertex -50.7825 -16.5867 3
    endloop
  endfacet
  facet normal 0 0 1
    outer loop
      vertex -53.0681 -31.5176 3
      vertex -29.9319 -31.5176 3
      vertex -53.0171 -31.2611 3
    endloop
  endfacet
  facet normal 0 0 1
    outer loop
      vertex -29.9319 -31.5176 3
      vertex -53.0681 -31.5176 3
      vertex -29.8478 -31.7654 3
    endloop
  endfacet
  facet normal 0 0 1
    outer loop
      vertex -53.1522 -31.7654 3
      vertex -29.8478 -31.7654 3
      vertex -53.0681 -31.5176 3
    endloop
  endfacet
  facet normal 0 0 1
    outer loop
      vertex -53.0171 -30.7389 3
      vertex -37.2175 -16.5867 3
      vertex -50.7825 -16.5867 3
    endloop
  endfacet
  facet normal 0 0 1
    outer loop
      vertex -53.0171 -30.7389 3
      vertex -50.7825 -16.5867 3
      vertex -51 -16.732 3
    endloop
  endfacet
  facet normal 0 0 1
    outer loop
      vertex -53.0171 -30.7389 3
      vertex -51 -16.732 3
      vertex -51.2346 -16.8478 3
    endloop
  endfacet
  facet normal 0 0 1
    outer loop
      vertex -53.0171 -30.7389 3
      vertex -51.2346 -16.8478 3
      vertex -51.4824 -16.9319 3
    endloop
  endfacet
  facet normal 0 0 1
    outer loop
      vertex -53.0171 -30.7389 3
      vertex -51.4824 -16.9319 3
      vertex -51.7389 -16.9829 3
    endloop
  endfacet
  facet normal 0 0 1
    outer loop
      vertex -53.0171 -30.7389 3
      vertex -51.7389 -16.9829 3
      vertex -52 -17 3
    endloop
  endfacet
  facet normal 0 0 1
    outer loop
      vertex -53.0171 -30.7389 3
      vertex -52 -17 3
      vertex -52.2611 -16.9829 3
    endloop
  endfacet
  facet normal 0 0 1
    outer loop
      vertex -53.0171 -30.7389 3
      vertex -52.2611 -16.9829 3
      vertex -52.5176 -16.9319 3
    endloop
  endfacet
  facet normal 0 0 1
    outer loop
      vertex -53.0171 -30.7389 3
      vertex -52.5176 -16.9319 3
      vertex -52.7654 -16.8478 3
    endloop
  endfacet
  facet normal 0 0 1
    outer loop
      vertex -55 -29 3
      vertex -52.7654 -16.8478 3
      vertex -53 -16.732 3
    endloop
  endfacet
  facet normal 0 0 1
    outer loop
      vertex -29.8478 -31.7654 3
      vertex -53.1522 -31.7654 3
      vertex -29.732 -32 3
    endloop
  endfacet
  facet normal 0 0 1
    outer loop
      vertex -53.2679 -32 3
      vertex -29.732 -32 3
      vertex -53.1522 -31.7654 3
    endloop
  endfacet
  facet normal 0 0 1
    outer loop
      vertex -29.732 -32 3
      vertex -53.2679 -32 3
      vertex -29.5867 -32.2175 3
    endloop
  endfacet
  facet normal 0 0 1
    outer loop
      vertex -53.4133 -32.2175 3
      vertex -29.5867 -32.2175 3
      vertex -53.2679 -32 3
    endloop
  endfacet
  facet normal 0 0 1
    outer loop
      vertex -29.5867 -32.2175 3
      vertex -53.4133 -32.2175 3
      vertex -29.4142 -32.4142 3
    endloop
  endfacet
  facet normal 0 0 1
    outer loop
      vertex -53.5858 -32.4142 3
      vertex -29.4142 -32.4142 3
      vertex -53.4133 -32.2175 3
    endloop
  endfacet
  facet normal 0 0 1
    outer loop
      vertex -29.4142 -32.4142 3
      vertex -53.5858 -32.4142 3
      vertex -29.2175 -32.5867 3
    endloop
  endfacet
  facet normal 0 0 1
    outer loop
      vertex -53.7825 -32.5867 3
      vertex -29.2175 -32.5867 3
      vertex -53.5858 -32.4142 3
    endloop
  endfacet
  facet normal 0 0 1
    outer loop
      vertex -29.2175 -32.5867 3
      vertex -53.7825 -32.5867 3
      vertex -29 -32.732 3
    endloop
  endfacet
  facet normal 0 0 1
    outer loop
      vertex -54 -32.732 3
      vertex -29 -32.732 3
      vertex -53.7825 -32.5867 3
    endloop
  endfacet
  facet normal 0 0 1
    outer loop
      vertex -29 -32.732 3
      vertex -54 -32.732 3
      vertex -28.7654 -32.8478 3
    endloop
  endfacet
  facet normal 0 0 1
    outer loop
      vertex -54.2346 -32.8478 3
      vertex -28.7654 -32.8478 3
      vertex -54 -32.732 3
    endloop
  endfacet
  facet normal 0 0 1
    outer loop
      vertex -28.7654 -32.8478 3
      vertex -54.2346 -32.8478 3
      vertex -28.5176 -32.9319 3
    endloop
  endfacet
  facet normal 0 0 1
    outer loop
      vertex -54.4824 -32.9319 3
      vertex -28.5176 -32.9319 3
      vertex -54.2346 -32.8478 3
    endloop
  endfacet
  facet normal 0 0 1
    outer loop
      vertex -28.5176 -32.9319 3
      vertex -54.4824 -32.9319 3
      vertex -28.2611 -32.9829 3
    endloop
  endfacet
  facet normal 0 0 1
    outer loop
      vertex -54.7389 -32.9829 3
      vertex -28.2611 -32.9829 3
      vertex -54.4824 -32.9319 3
    endloop
  endfacet
  facet normal 0 0 1
    outer loop
      vertex -72.4177 -36.9233 3
      vertex -28.2611 -32.9829 3
      vertex -54.7389 -32.9829 3
    endloop
  endfacet
  facet normal 0 0 1
    outer loop
      vertex -28.2611 -32.9829 3
      vertex -72.4177 -36.9233 3
      vertex -28 -33 3
    endloop
  endfacet
  facet normal 0 0 1
    outer loop
      vertex -72.7063 -36.9808 3
      vertex -28 -33 3
      vertex -72.4177 -36.9233 3
    endloop
  endfacet
  facet normal 0 0 1
    outer loop
      vertex -72.139 -36.8287 3
      vertex -54.7389 -32.9829 3
      vertex -55 -33 3
    endloop
  endfacet
  facet normal 0 0 1
    outer loop
      vertex -70.75 -34.75 3
      vertex -55 -33 3
      vertex -70.75 -33 3
    endloop
  endfacet
  facet normal 0 0 1
    outer loop
      vertex -70.7692 -35.0437 3
      vertex -55 -33 3
      vertex -70.75 -34.75 3
    endloop
  endfacet
  facet normal 0 0 1
    outer loop
      vertex -70.8267 -35.3323 3
      vertex -55 -33 3
      vertex -70.7692 -35.0437 3
    endloop
  endfacet
  facet normal 0 0 1
    outer loop
      vertex -70.9213 -35.611 3
      vertex -55 -33 3
      vertex -70.8267 -35.3323 3
    endloop
  endfacet
  facet normal 0 0 1
    outer loop
      vertex -71.0514 -35.875 3
      vertex -55 -33 3
      vertex -70.9213 -35.611 3
    endloop
  endfacet
  facet normal 0 0 1
    outer loop
      vertex -71.215 -36.1197 3
      vertex -55 -33 3
      vertex -71.0514 -35.875 3
    endloop
  endfacet
  facet normal 0 0 1
    outer loop
      vertex -71.409 -36.341 3
      vertex -55 -33 3
      vertex -71.215 -36.1197 3
    endloop
  endfacet
  facet normal 0 0 1
    outer loop
      vertex -71.6303 -36.535 3
      vertex -55 -33 3
      vertex -71.409 -36.341 3
    endloop
  endfacet
  facet normal 0 0 1
    outer loop
      vertex -71.875 -36.6986 3
      vertex -55 -33 3
      vertex -71.6303 -36.535 3
    endloop
  endfacet
  facet normal 0 0 1
    outer loop
      vertex -72.139 -36.8287 3
      vertex -55 -33 3
      vertex -71.875 -36.6986 3
    endloop
  endfacet
  facet normal 0 0 1
    outer loop
      vertex -54.7389 -32.9829 3
      vertex -72.139 -36.8287 3
      vertex -72.4177 -36.9233 3
    endloop
  endfacet
  facet normal 0 0 1
    outer loop
      vertex -12 -33 3
      vertex -72.7063 -36.9808 3
      vertex 34.9 -36.1 3
    endloop
  endfacet
  facet normal 0 0 1
    outer loop
      vertex -80 -38 3
      vertex 34.9 -36.1 3
      vertex -72.7063 -36.9808 3
    endloop
  endfacet
  facet normal 0 0 1
    outer loop
      vertex -80 -38 3
      vertex -72.7063 -36.9808 3
      vertex -73 -37 3
    endloop
  endfacet
  facet normal 0 0 1
    outer loop
      vertex 34.9 -36.1 3
      vertex -80 -38 3
      vertex 80 -38 3
    endloop
  endfacet
  facet normal 0 0 1
    outer loop
      vertex -73.2937 -36.9808 3
      vertex -80 -38 3
      vertex -73 -37 3
    endloop
  endfacet
  facet normal 0 0 1
    outer loop
      vertex -73.5823 -36.9233 3
      vertex -80 -38 3
      vertex -73.2937 -36.9808 3
    endloop
  endfacet
  facet normal 0 0 1
    outer loop
      vertex -73.861 -36.8287 3
      vertex -80 -38 3
      vertex -73.5823 -36.9233 3
    endloop
  endfacet
  facet normal 0 0 1
    outer loop
      vertex -74.125 -36.6986 3
      vertex -80 -38 3
      vertex -73.861 -36.8287 3
    endloop
  endfacet
  facet normal 0 0 1
    outer loop
      vertex -74.3697 -36.535 3
      vertex -80 -38 3
      vertex -74.125 -36.6986 3
    endloop
  endfacet
  facet normal 0 0 1
    outer loop
      vertex -74.591 -36.341 3
      vertex -80 -38 3
      vertex -74.3697 -36.535 3
    endloop
  endfacet
  facet normal 0 0 1
    outer loop
      vertex -74.785 -36.1197 3
      vertex -80 -38 3
      vertex -74.591 -36.341 3
    endloop
  endfacet
  facet normal 0 0 1
    outer loop
      vertex -74.9486 -35.875 3
      vertex -80 -38 3
      vertex -74.785 -36.1197 3
    endloop
  endfacet
  facet normal 0 0 1
    outer loop
      vertex -75.0787 -35.611 3
      vertex -80 -38 3
      vertex -74.9486 -35.875 3
    endloop
  endfacet
  facet normal 0 0 1
    outer loop
      vertex -75.1733 -35.3323 3
      vertex -80 -38 3
      vertex -75.0787 -35.611 3
    endloop
  endfacet
  facet normal 0 0 1
    outer loop
      vertex -75.2308 -35.0437 3
      vertex -80 -38 3
      vertex -75.1733 -35.3323 3
    endloop
  endfacet
  facet normal 0 0 1
    outer loop
      vertex -75.25 -34.75 3
      vertex -80 -38 3
      vertex -75.2308 -35.0437 3
    endloop
  endfacet
  facet normal 0 0 1
    outer loop
      vertex -75.2308 -26.9563 3
      vertex -84 -34 3
      vertex -75.25 -27.25 3
    endloop
  endfacet
  facet normal 0 0 1
    outer loop
      vertex -84 34 3
      vertex -80 38 3
      vertex -80.5221 37.9658 3
    endloop
  endfacet
  facet normal 0 0 1
    outer loop
      vertex -75.25 -27.25 3
      vertex -84 -34 3
      vertex -75.25 -34.75 3
    endloop
  endfacet
  facet normal 0 0 1
    outer loop
      vertex -84 34 3
      vertex -80.5221 37.9658 3
      vertex -81.0353 37.8637 3
    endloop
  endfacet
  facet normal 0 0 1
    outer loop
      vertex -75.25 -34.75 3
      vertex -84 -34 3
      vertex -80 -38 3
    endloop
  endfacet
  facet normal 0 0 1
    outer loop
      vertex -84 34 3
      vertex -81.0353 37.8637 3
      vertex -81.5307 37.6955 3
    endloop
  endfacet
  facet normal 0 0 1
    outer loop
      vertex -80 -38 3
      vertex -84 -34 3
      vertex -80.5221 -37.9658 3
    endloop
  endfacet
  facet normal 0 0 1
    outer loop
      vertex -84 34 3
      vertex -81.5307 37.6955 3
      vertex -82 37.4641 3
    endloop
  endfacet
  facet normal 0 0 1
    outer loop
      vertex -80.5221 -37.9658 3
      vertex -84 -34 3
      vertex -81.0353 -37.8637 3
    endloop
  endfacet
  facet normal 0 0 1
    outer loop
      vertex -84 34 3
      vertex -82 37.4641 3
      vertex -82.435 37.1734 3
    endloop
  endfacet
  facet normal 0 0 1
    outer loop
      vertex -81.0353 -37.8637 3
      vertex -84 -34 3
      vertex -81.5307 -37.6955 3
    endloop
  endfacet
  facet normal 0 0 1
    outer loop
      vertex -84 34 3
      vertex -82.435 37.1734 3
      vertex -82.8284 36.8284 3
    endloop
  endfacet
  facet normal 0 0 1
    outer loop
      vertex -81.5307 -37.6955 3
      vertex -84 -34 3
      vertex -82 -37.4641 3
    endloop
  endfacet
  facet normal 0 0 1
    outer loop
      vertex -84 34 3
      vertex -82.8284 36.8284 3
      vertex -83.1734 36.435 3
    endloop
  endfacet
  facet normal 0 0 1
    outer loop
      vertex -82 -37.4641 3
      vertex -84 -34 3
      vertex -82.435 -37.1734 3
    endloop
  endfacet
  facet normal 0 0 1
    outer loop
      vertex -84 34 3
      vertex -83.1734 36.435 3
      vertex -83.4641 36 3
    endloop
  endfacet
  facet normal 0 0 1
    outer loop
      vertex -82.435 -37.1734 3
      vertex -84 -34 3
      vertex -82.8284 -36.8284 3
    endloop
  endfacet
  facet normal 0 0 1
    outer loop
      vertex -84 34 3
      vertex -83.4641 36 3
      vertex -83.6955 35.5307 3
    endloop
  endfacet
  facet normal 0 0 1
    outer loop
      vertex -82.8284 -36.8284 3
      vertex -84 -34 3
      vertex -83.1734 -36.435 3
    endloop
  endfacet
  facet normal 0 0 1
    outer loop
      vertex -84 34 3
      vertex -83.6955 35.5307 3
      vertex -83.8637 35.0353 3
    endloop
  endfacet
  facet normal 0 0 1
    outer loop
      vertex -83.1734 -36.435 3
      vertex -84 -34 3
      vertex -83.4641 -36 3
    endloop
  endfacet
  facet normal 0 0 1
    outer loop
      vertex -84 34 3
      vertex -83.8637 35.0353 3
      vertex -83.9658 34.5221 3
    endloop
  endfacet
  facet normal 0 0 1
    outer loop
      vertex -83.4641 -36 3
      vertex -84 -34 3
      vertex -83.6955 -35.5307 3
    endloop
  endfacet
  facet normal 0 0 1
    outer loop
      vertex -83.6955 -35.5307 3
      vertex -84 -34 3
      vertex -83.8637 -35.0353 3
    endloop
  endfacet
  facet normal 0 0 1
    outer loop
      vertex -83.8637 -35.0353 3
      vertex -84 -34 3
      vertex -83.9658 -34.5221 3
    endloop
  endfacet
  facet normal 0 0 1
    outer loop
      vertex -11.2346 -29.1522 3
      vertex -18.0681 -15.5176 3
      vertex -11.4824 -29.0681 3
    endloop
  endfacet
  facet normal -0 0 1
    outer loop
      vertex -18.1522 -15.7654 3
      vertex -11.4824 -29.0681 3
      vertex -18.0681 -15.5176 3
    endloop
  endfacet
  facet normal 0 0 1
    outer loop
      vertex -11.4824 -29.0681 3
      vertex -18.1522 -15.7654 3
      vertex -11.7389 -29.0171 3
    endloop
  endfacet
  facet normal -0 0 1
    outer loop
      vertex -18.2679 -16 3
      vertex -11.7389 -29.0171 3
      vertex -18.1522 -15.7654 3
    endloop
  endfacet
  facet normal 0 0 1
    outer loop
      vertex -11.7389 -29.0171 3
      vertex -18.2679 -16 3
      vertex -12 -29 3
    endloop
  endfacet
  facet normal -0 0 1
    outer loop
      vertex -18.4133 -16.2175 3
      vertex -12 -29 3
      vertex -18.2679 -16 3
    endloop
  endfacet
  facet normal -0 0 1
    outer loop
      vertex -18.5858 -16.4142 3
      vertex -12 -29 3
      vertex -18.4133 -16.2175 3
    endloop
  endfacet
  facet normal -0 0 1
    outer loop
      vertex -18.7825 -16.5867 3
      vertex -12 -29 3
      vertex -18.5858 -16.4142 3
    endloop
  endfacet
  facet normal -0 0 1
    outer loop
      vertex -19 -16.732 3
      vertex -12 -29 3
      vertex -18.7825 -16.5867 3
    endloop
  endfacet
  facet normal -0 0 1
    outer loop
      vertex -19.2346 -16.8478 3
      vertex -12 -29 3
      vertex -19 -16.732 3
    endloop
  endfacet
  facet normal -0 0 1
    outer loop
      vertex -19.4824 -16.9319 3
      vertex -12 -29 3
      vertex -19.2346 -16.8478 3
    endloop
  endfacet
  facet normal -0 0 1
    outer loop
      vertex -19.7389 -16.9829 3
      vertex -12 -29 3
      vertex -19.4824 -16.9319 3
    endloop
  endfacet
  facet normal -0 0 1
    outer loop
      vertex -20 -17 3
      vertex -12 -29 3
      vertex -19.7389 -16.9829 3
    endloop
  endfacet
  facet normal 0 0 1
    outer loop
      vertex -28 -29 3
      vertex -20 -17 3
      vertex -20.2611 -16.9829 3
    endloop
  endfacet
  facet normal 0 0 1
    outer loop
      vertex -28 -29 3
      vertex -20.2611 -16.9829 3
      vertex -20.5176 -16.9319 3
    endloop
  endfacet
  facet normal 0 0 1
    outer loop
      vertex -28 -29 3
      vertex -20.5176 -16.9319 3
      vertex -20.7654 -16.8478 3
    endloop
  endfacet
  facet normal 0 0 1
    outer loop
      vertex -28 -29 3
      vertex -20.7654 -16.8478 3
      vertex -21 -16.732 3
    endloop
  endfacet
  facet normal 0 0 1
    outer loop
      vertex -28 -29 3
      vertex -21 -16.732 3
      vertex -21.2175 -16.5867 3
    endloop
  endfacet
  facet normal 0 0 1
    outer loop
      vertex -28 -29 3
      vertex -21.2175 -16.5867 3
      vertex -21.4142 -16.4142 3
    endloop
  endfacet
  facet normal 0 0 1
    outer loop
      vertex -28 -29 3
      vertex -21.4142 -16.4142 3
      vertex -21.5867 -16.2175 3
    endloop
  endfacet
  facet normal 0 0 1
    outer loop
      vertex -34 15 3
      vertex -28 29 3
      vertex -28.2611 29.0171 3
    endloop
  endfacet
  facet normal 0 0 1
    outer loop
      vertex -20 -17 3
      vertex -28 -29 3
      vertex -12 -29 3
    endloop
  endfacet
  facet normal 0 0 1
    outer loop
      vertex -21.9319 -15.5176 3
      vertex -34.0681 -15.5176 3
      vertex -21.8478 -15.7654 3
    endloop
  endfacet
  facet normal 0 0 1
    outer loop
      vertex -34.0681 -15.5176 3
      vertex -21.9319 -15.5176 3
      vertex -34.0171 -15.2611 3
    endloop
  endfacet
  facet normal 0 0 1
    outer loop
      vertex -21.9829 -15.2611 3
      vertex -34.0171 -15.2611 3
      vertex -21.9319 -15.5176 3
    endloop
  endfacet
  facet normal 0 0 1
    outer loop
      vertex -34.0171 -15.2611 3
      vertex -21.9829 -15.2611 3
      vertex -34 -15 3
    endloop
  endfacet
  facet normal 0 0 1
    outer loop
      vertex -34 15 3
      vertex -28.2611 29.0171 3
      vertex -28.5176 29.0681 3
    endloop
  endfacet
  facet normal 0 0 1
    outer loop
      vertex -34 15 3
      vertex -28.5176 29.0681 3
      vertex -28.7654 29.1522 3
    endloop
  endfacet
  facet normal 0 0 1
    outer loop
      vertex -34.1522 -15.7654 3
      vertex -21.8478 -15.7654 3
      vertex -34.0681 -15.5176 3
    endloop
  endfacet
  facet normal 0 0 1
    outer loop
      vertex -34 15 3
      vertex -28.7654 29.1522 3
      vertex -29 29.2679 3
    endloop
  endfacet
  facet normal 0 0 1
    outer loop
      vertex -21.8478 -15.7654 3
      vertex -34.1522 -15.7654 3
      vertex -21.732 -16 3
    endloop
  endfacet
  facet normal 0 0 1
    outer loop
      vertex -34 15 3
      vertex -29 29.2679 3
      vertex -29.2175 29.4133 3
    endloop
  endfacet
  facet normal 0 0 1
    outer loop
      vertex -34.2679 -16 3
      vertex -21.732 -16 3
      vertex -34.1522 -15.7654 3
    endloop
  endfacet
  facet normal 0 0 1
    outer loop
      vertex -34 15 3
      vertex -29.2175 29.4133 3
      vertex -29.4142 29.5858 3
    endloop
  endfacet
  facet normal 0 0 1
    outer loop
      vertex -21.732 -16 3
      vertex -34.2679 -16 3
      vertex -21.5867 -16.2175 3
    endloop
  endfacet
  facet normal 0 0 1
    outer loop
      vertex -34 15 3
      vertex -29.4142 29.5858 3
      vertex -29.5867 29.7825 3
    endloop
  endfacet
  facet normal -0 0 1
    outer loop
      vertex -34 -15 3
      vertex -21.9829 -15.2611 3
      vertex -22 -15 3
    endloop
  endfacet
  facet normal 0 0 1
    outer loop
      vertex -22 15 3
      vertex -34 15 3
      vertex -22 -15 3
    endloop
  endfacet
  facet normal 0 0 1
    outer loop
      vertex -34.4133 -16.2175 3
      vertex -21.5867 -16.2175 3
      vertex -34.2679 -16 3
    endloop
  endfacet
  facet normal 0 0 1
    outer loop
      vertex -34 -15 3
      vertex -22 -15 3
      vertex -34 15 3
    endloop
  endfacet
  facet normal 0 0 1
    outer loop
      vertex -21.5867 -16.2175 3
      vertex -34.4133 -16.2175 3
      vertex -28 -29 3
    endloop
  endfacet
  facet normal 0 0 1
    outer loop
      vertex -34 15 3
      vertex -29.5867 29.7825 3
      vertex -29.732 30 3
    endloop
  endfacet
  facet normal 0 0 1
    outer loop
      vertex -28 -29 3
      vertex -34.4133 -16.2175 3
      vertex -28.2611 -29.0171 3
    endloop
  endfacet
  facet normal 0 0 1
    outer loop
      vertex -34 15 3
      vertex -29.732 30 3
      vertex -29.8478 30.2346 3
    endloop
  endfacet
  facet normal -0 0 1
    outer loop
      vertex -34.5858 -16.4142 3
      vertex -28.2611 -29.0171 3
      vertex -34.4133 -16.2175 3
    endloop
  endfacet
  facet normal 0 0 1
    outer loop
      vertex -34 15 3
      vertex -29.8478 30.2346 3
      vertex -29.9319 30.4824 3
    endloop
  endfacet
  facet normal 0 0 1
    outer loop
      vertex -28.2611 -29.0171 3
      vertex -34.5858 -16.4142 3
      vertex -28.5176 -29.0681 3
    endloop
  endfacet
  facet normal 0 0 1
    outer loop
      vertex -34 15 3
      vertex -29.9319 30.4824 3
      vertex -29.9829 30.7389 3
    endloop
  endfacet
  facet normal -0 0 1
    outer loop
      vertex -34.7825 -16.5867 3
      vertex -28.5176 -29.0681 3
      vertex -34.5858 -16.4142 3
    endloop
  endfacet
  facet normal -0 0 1
    outer loop
      vertex -53 31 3
      vertex -29.9829 30.7389 3
      vertex -30 31 3
    endloop
  endfacet
  facet normal 0 0 1
    outer loop
      vertex -28.5176 -29.0681 3
      vertex -34.7825 -16.5867 3
      vertex -28.7654 -29.1522 3
    endloop
  endfacet
  facet normal -0 0 1
    outer loop
      vertex 66.4455 -0.41411 3
      vertex 70.75 -27.25 3
      vertex 66.4863 -0.208841 3
    endloop
  endfacet
  facet normal 0 0 1
    outer loop
      vertex 70.75 -27.25 3
      vertex 66.4863 -19.7912 3
      vertex 66.5 -20 3
    endloop
  endfacet
  facet normal -0 0 1
    outer loop
      vertex 66.3782 -0.612293 3
      vertex 70.75 -27.25 3
      vertex 66.4455 -0.41411 3
    endloop
  endfacet
  facet normal 0 0 1
    outer loop
      vertex 70.75 -27.25 3
      vertex 66.4455 -19.5859 3
      vertex 66.4863 -19.7912 3
    endloop
  endfacet
  facet normal -0 0 1
    outer loop
      vertex 66.3782 -19.3877 3
      vertex 70.75 -27.25 3
      vertex 66.3782 -0.612293 3
    endloop
  endfacet
  facet normal 0 0 1
    outer loop
      vertex 70.75 -27.25 3
      vertex 66.3782 -19.3877 3
      vertex 66.4455 -19.5859 3
    endloop
  endfacet
  facet normal -0 0 1
    outer loop
      vertex 66.2856 -0.799999 3
      vertex 66.3782 -19.3877 3
      vertex 66.3782 -0.612293 3
    endloop
  endfacet
  facet normal 0 0 1
    outer loop
      vertex 66.2856 -0.799999 3
      vertex 66.2856 -19.2 3
      vertex 66.3782 -19.3877 3
    endloop
  endfacet
  facet normal -0 0 1
    outer loop
      vertex 66.1694 -0.974018 3
      vertex 66.2856 -19.2 3
      vertex 66.2856 -0.799999 3
    endloop
  endfacet
  facet normal 0 0 1
    outer loop
      vertex 66.1694 -0.974018 3
      vertex 66.1694 -19.026 3
      vertex 66.2856 -19.2 3
    endloop
  endfacet
  facet normal -0 0 1
    outer loop
      vertex 66.0314 -1.13137 3
      vertex 66.1694 -19.026 3
      vertex 66.1694 -0.974018 3
    endloop
  endfacet
  facet normal 0 0 1
    outer loop
      vertex 66.0314 -1.13137 3
      vertex 66.0314 -18.8686 3
      vertex 66.1694 -19.026 3
    endloop
  endfacet
  facet normal -0 0 1
    outer loop
      vertex 65.874 -1.26937 3
      vertex 66.0314 -18.8686 3
      vertex 66.0314 -1.13137 3
    endloop
  endfacet
  facet normal 0 0 1
    outer loop
      vertex 65.874 -1.26937 3
      vertex 65.874 -18.7306 3
      vertex 66.0314 -18.8686 3
    endloop
  endfacet
  facet normal -0 0 1
    outer loop
      vertex 65.7 -1.38564 3
      vertex 65.874 -18.7306 3
      vertex 65.874 -1.26937 3
    endloop
  endfacet
  facet normal 0 0 1
    outer loop
      vertex 65.7 -1.38564 3
      vertex 65.7 -18.6144 3
      vertex 65.874 -18.7306 3
    endloop
  endfacet
  facet normal -0 0 1
    outer loop
      vertex 65.5123 -1.47821 3
      vertex 65.7 -18.6144 3
      vertex 65.7 -1.38564 3
    endloop
  endfacet
  facet normal 0 0 1
    outer loop
      vertex 65.5123 -1.47821 3
      vertex 65.5123 -18.5218 3
      vertex 65.7 -18.6144 3
    endloop
  endfacet
  facet normal -0 0 1
    outer loop
      vertex 65.3141 -1.54548 3
      vertex 65.5123 -18.5218 3
      vertex 65.5123 -1.47821 3
    endloop
  endfacet
  facet normal 0 0 1
    outer loop
      vertex 65.3141 -1.54548 3
      vertex 65.3141 -18.4545 3
      vertex 65.5123 -18.5218 3
    endloop
  endfacet
  facet normal -0 0 1
    outer loop
      vertex 65.1088 -1.58631 3
      vertex 65.3141 -18.4545 3
      vertex 65.3141 -1.54548 3
    endloop
  endfacet
  facet normal 0 0 1
    outer loop
      vertex 65.1088 -1.58631 3
      vertex 65.1088 -18.4137 3
      vertex 65.3141 -18.4545 3
    endloop
  endfacet
  facet normal -0 0 1
    outer loop
      vertex 64.9 -1.6 3
      vertex 65.1088 -18.4137 3
      vertex 65.1088 -1.58631 3
    endloop
  endfacet
  facet normal 0 0 1
    outer loop
      vertex 64.9 -1.6 3
      vertex 64.9 -18.4 3
      vertex 65.1088 -18.4137 3
    endloop
  endfacet
  facet normal -0 0 1
    outer loop
      vertex 47.1 -1.6 3
      vertex 64.9 -18.4 3
      vertex 64.9 -1.6 3
    endloop
  endfacet
  facet normal 0 0 1
    outer loop
      vertex 47.1 -1.6 3
      vertex 47.1 -18.4 3
      vertex 64.9 -18.4 3
    endloop
  endfacet
  facet normal 0 0 1
    outer loop
      vertex 46.8912 -1.58631 3
      vertex 47.1 -18.4 3
      vertex 47.1 -1.6 3
    endloop
  endfacet
  facet normal 0 0 1
    outer loop
      vertex 46.8912 -1.58631 3
      vertex 46.8912 -18.4137 3
      vertex 47.1 -18.4 3
    endloop
  endfacet
  facet normal 0 0 1
    outer loop
      vertex 46.6859 -1.54548 3
      vertex 46.8912 -18.4137 3
      vertex 46.8912 -1.58631 3
    endloop
  endfacet
  facet normal 0 0 1
    outer loop
      vertex 46.6859 -1.54548 3
      vertex 46.6859 -18.4545 3
      vertex 46.8912 -18.4137 3
    endloop
  endfacet
  facet normal 0 0 1
    outer loop
      vertex 46.4877 -1.47821 3
      vertex 46.6859 -18.4545 3
      vertex 46.6859 -1.54548 3
    endloop
  endfacet
  facet normal 0 0 1
    outer loop
      vertex 46.4877 -1.47821 3
      vertex 46.4877 -18.5218 3
      vertex 46.6859 -18.4545 3
    endloop
  endfacet
  facet normal 0 0 1
    outer loop
      vertex 46.3 -1.38564 3
      vertex 46.4877 -18.5218 3
      vertex 46.4877 -1.47821 3
    endloop
  endfacet
  facet normal 0 0 1
    outer loop
      vertex 46.3 -1.38564 3
      vertex 46.3 -18.6144 3
      vertex 46.4877 -18.5218 3
    endloop
  endfacet
  facet normal 0 0 1
    outer loop
      vertex 46.126 -1.26937 3
      vertex 46.3 -18.6144 3
      vertex 46.3 -1.38564 3
    endloop
  endfacet
  facet normal 0 0 1
    outer loop
      vertex 46.126 -1.26937 3
      vertex 46.126 -18.7306 3
      vertex 46.3 -18.6144 3
    endloop
  endfacet
  facet normal 0 0 1
    outer loop
      vertex 45.9686 -1.13137 3
      vertex 46.126 -18.7306 3
      vertex 46.126 -1.26937 3
    endloop
  endfacet
  facet normal 0 0 1
    outer loop
      vertex 45.9686 -1.13137 3
      vertex 45.9686 -18.8686 3
      vertex 46.126 -18.7306 3
    endloop
  endfacet
  facet normal 0 0 1
    outer loop
      vertex 45.8306 -0.974018 3
      vertex 45.9686 -18.8686 3
      vertex 45.9686 -1.13137 3
    endloop
  endfacet
  facet normal 0 0 1
    outer loop
      vertex 45.8306 -0.974018 3
      vertex 45.8306 -19.026 3
      vertex 45.9686 -18.8686 3
    endloop
  endfacet
  facet normal 0 0 1
    outer loop
      vertex 45.7144 -0.799999 3
      vertex 45.8306 -19.026 3
      vertex 45.8306 -0.974018 3
    endloop
  endfacet
  facet normal 0 0 1
    outer loop
      vertex 45.7144 -0.799999 3
      vertex 45.7144 -19.2 3
      vertex 45.8306 -19.026 3
    endloop
  endfacet
  facet normal 0 0 1
    outer loop
      vertex 45.6218 -0.612293 3
      vertex 45.7144 -19.2 3
      vertex 45.7144 -0.799999 3
    endloop
  endfacet
  facet normal 0 0 1
    outer loop
      vertex 45.6218 -0.612293 3
      vertex 45.6218 -19.3877 3
      vertex 45.7144 -19.2 3
    endloop
  endfacet
  facet normal 0 0 1
    outer loop
      vertex 45.5545 -0.41411 3
      vertex 45.6218 -19.3877 3
      vertex 45.6218 -0.612293 3
    endloop
  endfacet
  facet normal 0 0 1
    outer loop
      vertex 45.5545 -0.41411 3
      vertex 45.5545 -19.5859 3
      vertex 45.6218 -19.3877 3
    endloop
  endfacet
  facet normal 0 0 1
    outer loop
      vertex 37.3 -33.7 3
      vertex 45.5545 -0.41411 3
      vertex 45.5137 -0.208841 3
    endloop
  endfacet
  facet normal 0 0 1
    outer loop
      vertex 45.5545 -0.41411 3
      vertex 37.3 -33.7 3
      vertex 45.5545 -19.5859 3
    endloop
  endfacet
  facet normal 0 0 1
    outer loop
      vertex 37.3 -33.7 3
      vertex 45.5137 -0.208841 3
      vertex 45.5 0 3
    endloop
  endfacet
  facet normal 0 0 1
    outer loop
      vertex 45.5545 -19.5859 3
      vertex 37.3 -33.7 3
      vertex 45.5137 -19.7912 3
    endloop
  endfacet
  facet normal 0 0 1
    outer loop
      vertex 66.4455 19.5859 3
      vertex 70.75 27.25 3
      vertex 66.4863 19.7912 3
    endloop
  endfacet
  facet normal 0 0 1
    outer loop
      vertex 70.75 27.25 3
      vertex 66.4863 0.208841 3
      vertex 66.5 0 3
    endloop
  endfacet
  facet normal 0 0 1
    outer loop
      vertex 66.3782 19.3877 3
      vertex 70.75 27.25 3
      vertex 66.4455 19.5859 3
    endloop
  endfacet
  facet normal 0 0 1
    outer loop
      vertex 70.75 27.25 3
      vertex 66.4455 0.41411 3
      vertex 66.4863 0.208841 3
    endloop
  endfacet
  facet normal 0 0 1
    outer loop
      vertex 66.3782 0.612293 3
      vertex 70.75 27.25 3
      vertex 66.3782 19.3877 3
    endloop
  endfacet
  facet normal 0 0 1
    outer loop
      vertex 70.75 27.25 3
      vertex 66.3782 0.612293 3
      vertex 66.4455 0.41411 3
    endloop
  endfacet
  facet normal -0 0 1
    outer loop
      vertex 66.2856 19.2 3
      vertex 66.3782 0.612293 3
      vertex 66.3782 19.3877 3
    endloop
  endfacet
  facet normal 0 0 1
    outer loop
      vertex 66.2856 19.2 3
      vertex 66.2856 0.799999 3
      vertex 66.3782 0.612293 3
    endloop
  endfacet
  facet normal -0 0 1
    outer loop
      vertex 66.1694 19.026 3
      vertex 66.2856 0.799999 3
      vertex 66.2856 19.2 3
    endloop
  endfacet
  facet normal 0 0 1
    outer loop
      vertex 66.1694 19.026 3
      vertex 66.1694 0.974018 3
      vertex 66.2856 0.799999 3
    endloop
  endfacet
  facet normal -0 0 1
    outer loop
      vertex 66.0314 18.8686 3
      vertex 66.1694 0.974018 3
      vertex 66.1694 19.026 3
    endloop
  endfacet
  facet normal 0 0 1
    outer loop
      vertex 66.0314 18.8686 3
      vertex 66.0314 1.13137 3
      vertex 66.1694 0.974018 3
    endloop
  endfacet
  facet normal -0 0 1
    outer loop
      vertex 65.874 18.7306 3
      vertex 66.0314 1.13137 3
      vertex 66.0314 18.8686 3
    endloop
  endfacet
  facet normal 0 0 1
    outer loop
      vertex 65.874 18.7306 3
      vertex 65.874 1.26937 3
      vertex 66.0314 1.13137 3
    endloop
  endfacet
  facet normal -0 0 1
    outer loop
      vertex 65.7 18.6144 3
      vertex 65.874 1.26937 3
      vertex 65.874 18.7306 3
    endloop
  endfacet
  facet normal 0 0 1
    outer loop
      vertex 65.7 18.6144 3
      vertex 65.7 1.38564 3
      vertex 65.874 1.26937 3
    endloop
  endfacet
  facet normal -0 0 1
    outer loop
      vertex 65.5123 18.5218 3
      vertex 65.7 1.38564 3
      vertex 65.7 18.6144 3
    endloop
  endfacet
  facet normal 0 0 1
    outer loop
      vertex 65.5123 18.5218 3
      vertex 65.5123 1.47821 3
      vertex 65.7 1.38564 3
    endloop
  endfacet
  facet normal -0 0 1
    outer loop
      vertex 65.3141 18.4545 3
      vertex 65.5123 1.47821 3
      vertex 65.5123 18.5218 3
    endloop
  endfacet
  facet normal 0 0 1
    outer loop
      vertex 65.3141 18.4545 3
      vertex 65.3141 1.54548 3
      vertex 65.5123 1.47821 3
    endloop
  endfacet
  facet normal -0 0 1
    outer loop
      vertex 65.1088 18.4137 3
      vertex 65.3141 1.54548 3
      vertex 65.3141 18.4545 3
    endloop
  endfacet
  facet normal 0 0 1
    outer loop
      vertex 65.1088 18.4137 3
      vertex 65.1088 1.58631 3
      vertex 65.3141 1.54548 3
    endloop
  endfacet
  facet normal -0 0 1
    outer loop
      vertex 64.9 18.4 3
      vertex 65.1088 1.58631 3
      vertex 65.1088 18.4137 3
    endloop
  endfacet
  facet normal 0 0 1
    outer loop
      vertex 64.9 18.4 3
      vertex 64.9 1.6 3
      vertex 65.1088 1.58631 3
    endloop
  endfacet
  facet normal -0 0 1
    outer loop
      vertex 47.1 18.4 3
      vertex 64.9 1.6 3
      vertex 64.9 18.4 3
    endloop
  endfacet
  facet normal 0 0 1
    outer loop
      vertex 47.1 18.4 3
      vertex 47.1 1.6 3
      vertex 64.9 1.6 3
    endloop
  endfacet
  facet normal 0 0 1
    outer loop
      vertex 46.8912 18.4137 3
      vertex 47.1 1.6 3
      vertex 47.1 18.4 3
    endloop
  endfacet
  facet normal 0 0 1
    outer loop
      vertex 46.8912 18.4137 3
      vertex 46.8912 1.58631 3
      vertex 47.1 1.6 3
    endloop
  endfacet
  facet normal 0 0 1
    outer loop
      vertex 46.6859 18.4545 3
      vertex 46.8912 1.58631 3
      vertex 46.8912 18.4137 3
    endloop
  endfacet
  facet normal 0 0 1
    outer loop
      vertex 46.6859 18.4545 3
      vertex 46.6859 1.54548 3
      vertex 46.8912 1.58631 3
    endloop
  endfacet
  facet normal 0 0 1
    outer loop
      vertex 46.4877 18.5218 3
      vertex 46.6859 1.54548 3
      vertex 46.6859 18.4545 3
    endloop
  endfacet
  facet normal 0 0 1
    outer loop
      vertex 46.4877 18.5218 3
      vertex 46.4877 1.47821 3
      vertex 46.6859 1.54548 3
    endloop
  endfacet
  facet normal 0 0 1
    outer loop
      vertex 46.3 18.6144 3
      vertex 46.4877 1.47821 3
      vertex 46.4877 18.5218 3
    endloop
  endfacet
  facet normal 0 0 1
    outer loop
      vertex 46.3 18.6144 3
      vertex 46.3 1.38564 3
      vertex 46.4877 1.47821 3
    endloop
  endfacet
  facet normal 0 0 1
    outer loop
      vertex 46.126 18.7306 3
      vertex 46.3 1.38564 3
      vertex 46.3 18.6144 3
    endloop
  endfacet
  facet normal 0 0 1
    outer loop
      vertex 46.126 18.7306 3
      vertex 46.126 1.26937 3
      vertex 46.3 1.38564 3
    endloop
  endfacet
  facet normal 0 0 1
    outer loop
      vertex 45.9686 18.8686 3
      vertex 46.126 1.26937 3
      vertex 46.126 18.7306 3
    endloop
  endfacet
  facet normal 0 0 1
    outer loop
      vertex 45.9686 18.8686 3
      vertex 45.9686 1.13137 3
      vertex 46.126 1.26937 3
    endloop
  endfacet
  facet normal 0 0 1
    outer loop
      vertex 45.8306 19.026 3
      vertex 45.9686 1.13137 3
      vertex 45.9686 18.8686 3
    endloop
  endfacet
  facet normal 0 0 1
    outer loop
      vertex 45.8306 19.026 3
      vertex 45.8306 0.974018 3
      vertex 45.9686 1.13137 3
    endloop
  endfacet
  facet normal 0 0 1
    outer loop
      vertex 45.7144 19.2 3
      vertex 45.8306 0.974018 3
      vertex 45.8306 19.026 3
    endloop
  endfacet
  facet normal 0 0 1
    outer loop
      vertex 45.7144 19.2 3
      vertex 45.7144 0.799999 3
      vertex 45.8306 0.974018 3
    endloop
  endfacet
  facet normal 0 0 1
    outer loop
      vertex 45.6218 19.3877 3
      vertex 45.7144 0.799999 3
      vertex 45.7144 19.2 3
    endloop
  endfacet
  facet normal 0 0 1
    outer loop
      vertex 45.6218 19.3877 3
      vertex 45.6218 0.612293 3
      vertex 45.7144 0.799999 3
    endloop
  endfacet
  facet normal 0 0 1
    outer loop
      vertex 45.5545 19.5859 3
      vertex 45.6218 0.612293 3
      vertex 45.6218 19.3877 3
    endloop
  endfacet
  facet normal 0 0 1
    outer loop
      vertex 45.5545 19.5859 3
      vertex 45.5545 0.41411 3
      vertex 45.6218 0.612293 3
    endloop
  endfacet
  facet normal 0 0 1
    outer loop
      vertex 37.3 33.7 3
      vertex 45.5545 19.5859 3
      vertex 45.5137 19.7912 3
    endloop
  endfacet
  facet normal 0 0 1
    outer loop
      vertex 45.5545 19.5859 3
      vertex 37.3 33.7 3
      vertex 45.5545 0.41411 3
    endloop
  endfacet
  facet normal 0 0 1
    outer loop
      vertex 37.3 33.7 3
      vertex 45.5137 19.7912 3
      vertex 45.5 20 3
    endloop
  endfacet
  facet normal 0 0 1
    outer loop
      vertex 45.5545 0.41411 3
      vertex 37.3 33.7 3
      vertex 45.5137 0.208841 3
    endloop
  endfacet
  facet normal 0 0 1
    outer loop
      vertex 64.9 21.6 3
      vertex 70.75 27.25 3
      vertex 70.75 33.7 3
    endloop
  endfacet
  facet normal 0 0 1
    outer loop
      vertex 70.75 27.25 3
      vertex 66.5 0 3
      vertex 70.75 -27.25 3
    endloop
  endfacet
  facet normal 0 0 1
    outer loop
      vertex 66.4863 19.7912 3
      vertex 70.75 27.25 3
      vertex 66.5 20 3
    endloop
  endfacet
  facet normal 0 0 1
    outer loop
      vertex 70.75 27.25 3
      vertex 66.4863 20.2088 3
      vertex 66.5 20 3
    endloop
  endfacet
  facet normal 0 0 1
    outer loop
      vertex 70.75 27.25 3
      vertex 66.4455 20.4141 3
      vertex 66.4863 20.2088 3
    endloop
  endfacet
  facet normal 0 0 1
    outer loop
      vertex 70.75 27.25 3
      vertex 66.3782 20.6123 3
      vertex 66.4455 20.4141 3
    endloop
  endfacet
  facet normal 0 0 1
    outer loop
      vertex 70.75 27.25 3
      vertex 66.2856 20.8 3
      vertex 66.3782 20.6123 3
    endloop
  endfacet
  facet normal 0 0 1
    outer loop
      vertex 70.75 27.25 3
      vertex 66.1694 20.974 3
      vertex 66.2856 20.8 3
    endloop
  endfacet
  facet normal 0 0 1
    outer loop
      vertex 70.75 27.25 3
      vertex 66.0314 21.1314 3
      vertex 66.1694 20.974 3
    endloop
  endfacet
  facet normal 0 0 1
    outer loop
      vertex 70.75 27.25 3
      vertex 65.874 21.2694 3
      vertex 66.0314 21.1314 3
    endloop
  endfacet
  facet normal 0 0 1
    outer loop
      vertex 70.75 27.25 3
      vertex 65.7 21.3856 3
      vertex 65.874 21.2694 3
    endloop
  endfacet
  facet normal 0 0 1
    outer loop
      vertex 70.75 27.25 3
      vertex 65.5123 21.4782 3
      vertex 65.7 21.3856 3
    endloop
  endfacet
  facet normal 0 0 1
    outer loop
      vertex 70.75 27.25 3
      vertex 65.3141 21.5455 3
      vertex 65.5123 21.4782 3
    endloop
  endfacet
  facet normal 0 0 1
    outer loop
      vertex 70.75 27.25 3
      vertex 65.1088 21.5863 3
      vertex 65.3141 21.5455 3
    endloop
  endfacet
  facet normal 0 0 1
    outer loop
      vertex 70.75 27.25 3
      vertex 64.9 21.6 3
      vertex 65.1088 21.5863 3
    endloop
  endfacet
  facet normal 0 0 1
    outer loop
      vertex 70.75 33.7 3
      vertex 47.1 21.6 3
      vertex 64.9 21.6 3
    endloop
  endfacet
  facet normal -0 0 1
    outer loop
      vertex 37.3 33.7 3
      vertex 47.1 21.6 3
      vertex 70.75 33.7 3
    endloop
  endfacet
  facet normal 0 0 1
    outer loop
      vertex 47.1 21.6 3
      vertex 37.3 33.7 3
      vertex 46.8912 21.5863 3
    endloop
  endfacet
  facet normal 0 0 1
    outer loop
      vertex 46.8912 21.5863 3
      vertex 37.3 33.7 3
      vertex 46.6859 21.5455 3
    endloop
  endfacet
  facet normal 0 0 1
    outer loop
      vertex 46.6859 21.5455 3
      vertex 37.3 33.7 3
      vertex 46.4877 21.4782 3
    endloop
  endfacet
  facet normal 0 0 1
    outer loop
      vertex 45.5137 0.208841 3
      vertex 37.3 33.7 3
      vertex 45.5 0 3
    endloop
  endfacet
  facet normal 0 0 1
    outer loop
      vertex 37.3 -33.7 3
      vertex 45.5 0 3
      vertex 37.3 33.7 3
    endloop
  endfacet
  facet normal 0 0 1
    outer loop
      vertex 45.5137 20.2088 3
      vertex 37.3 33.7 3
      vertex 45.5 20 3
    endloop
  endfacet
  facet normal 0 0 1
    outer loop
      vertex 45.5545 20.4141 3
      vertex 37.3 33.7 3
      vertex 45.5137 20.2088 3
    endloop
  endfacet
  facet normal 0 0 1
    outer loop
      vertex 45.6218 20.6123 3
      vertex 37.3 33.7 3
      vertex 45.5545 20.4141 3
    endloop
  endfacet
  facet normal 0 0 1
    outer loop
      vertex 45.7144 20.8 3
      vertex 37.3 33.7 3
      vertex 45.6218 20.6123 3
    endloop
  endfacet
  facet normal 0 0 1
    outer loop
      vertex 45.8306 20.974 3
      vertex 37.3 33.7 3
      vertex 45.7144 20.8 3
    endloop
  endfacet
  facet normal 0 0 1
    outer loop
      vertex 45.9686 21.1314 3
      vertex 37.3 33.7 3
      vertex 45.8306 20.974 3
    endloop
  endfacet
  facet normal 0 0 1
    outer loop
      vertex 46.126 21.2694 3
      vertex 37.3 33.7 3
      vertex 45.9686 21.1314 3
    endloop
  endfacet
  facet normal 0 0 1
    outer loop
      vertex 46.3 21.3856 3
      vertex 37.3 33.7 3
      vertex 46.126 21.2694 3
    endloop
  endfacet
  facet normal 0 0 1
    outer loop
      vertex 46.4877 21.4782 3
      vertex 37.3 33.7 3
      vertex 46.3 21.3856 3
    endloop
  endfacet
  facet normal -0 0 1
    outer loop
      vertex 74.591 25.659 3
      vertex 74.7 -25.7833 3
      vertex 74.7 25.7833 3
    endloop
  endfacet
  facet normal 0 0 1
    outer loop
      vertex 74.591 25.659 3
      vertex 74.591 -25.659 3
      vertex 74.7 -25.7833 3
    endloop
  endfacet
  facet normal -0 0 1
    outer loop
      vertex 74.3697 25.465 3
      vertex 74.591 -25.659 3
      vertex 74.591 25.659 3
    endloop
  endfacet
  facet normal 0 0 1
    outer loop
      vertex 74.3697 25.465 3
      vertex 74.3697 -25.465 3
      vertex 74.591 -25.659 3
    endloop
  endfacet
  facet normal -0 0 1
    outer loop
      vertex 74.125 25.3014 3
      vertex 74.3697 -25.465 3
      vertex 74.3697 25.465 3
    endloop
  endfacet
  facet normal 0 0 1
    outer loop
      vertex 74.125 25.3014 3
      vertex 74.125 -25.3014 3
      vertex 74.3697 -25.465 3
    endloop
  endfacet
  facet normal -0 0 1
    outer loop
      vertex 73.861 25.1713 3
      vertex 74.125 -25.3014 3
      vertex 74.125 25.3014 3
    endloop
  endfacet
  facet normal 0 0 1
    outer loop
      vertex 73.861 25.1713 3
      vertex 73.861 -25.1713 3
      vertex 74.125 -25.3014 3
    endloop
  endfacet
  facet normal -0 0 1
    outer loop
      vertex 73.5823 25.0767 3
      vertex 73.861 -25.1713 3
      vertex 73.861 25.1713 3
    endloop
  endfacet
  facet normal 0 0 1
    outer loop
      vertex 73.5823 25.0767 3
      vertex 73.5823 -25.0767 3
      vertex 73.861 -25.1713 3
    endloop
  endfacet
  facet normal -0 0 1
    outer loop
      vertex 73.2937 25.0192 3
      vertex 73.5823 -25.0767 3
      vertex 73.5823 25.0767 3
    endloop
  endfacet
  facet normal 0 0 1
    outer loop
      vertex 73.2937 25.0192 3
      vertex 73.2937 -25.0192 3
      vertex 73.5823 -25.0767 3
    endloop
  endfacet
  facet normal -0 0 1
    outer loop
      vertex 73 25 3
      vertex 73.2937 -25.0192 3
      vertex 73.2937 25.0192 3
    endloop
  endfacet
  facet normal 0 0 1
    outer loop
      vertex 73 25 3
      vertex 73 -25 3
      vertex 73.2937 -25.0192 3
    endloop
  endfacet
  facet normal 0 0 1
    outer loop
      vertex 72.7063 25.0192 3
      vertex 73 -25 3
      vertex 73 25 3
    endloop
  endfacet
  facet normal 0 0 1
    outer loop
      vertex 72.7063 25.0192 3
      vertex 72.7063 -25.0192 3
      vertex 73 -25 3
    endloop
  endfacet
  facet normal 0 0 1
    outer loop
      vertex 72.4177 25.0767 3
      vertex 72.7063 -25.0192 3
      vertex 72.7063 25.0192 3
    endloop
  endfacet
  facet normal 0 0 1
    outer loop
      vertex 72.4177 25.0767 3
      vertex 72.4177 -25.0767 3
      vertex 72.7063 -25.0192 3
    endloop
  endfacet
  facet normal 0 0 1
    outer loop
      vertex 72.139 25.1713 3
      vertex 72.4177 -25.0767 3
      vertex 72.4177 25.0767 3
    endloop
  endfacet
  facet normal 0 0 1
    outer loop
      vertex 72.139 25.1713 3
      vertex 72.139 -25.1713 3
      vertex 72.4177 -25.0767 3
    endloop
  endfacet
  facet normal 0 0 1
    outer loop
      vertex 71.875 25.3014 3
      vertex 72.139 -25.1713 3
      vertex 72.139 25.1713 3
    endloop
  endfacet
  facet normal 0 0 1
    outer loop
      vertex 71.875 25.3014 3
      vertex 71.875 -25.3014 3
      vertex 72.139 -25.1713 3
    endloop
  endfacet
  facet normal 0 0 1
    outer loop
      vertex 71.6303 25.465 3
      vertex 71.875 -25.3014 3
      vertex 71.875 25.3014 3
    endloop
  endfacet
  facet normal 0 0 1
    outer loop
      vertex 71.6303 25.465 3
      vertex 71.6303 -25.465 3
      vertex 71.875 -25.3014 3
    endloop
  endfacet
  facet normal 0 0 1
    outer loop
      vertex 71.409 25.659 3
      vertex 71.6303 -25.465 3
      vertex 71.6303 25.465 3
    endloop
  endfacet
  facet normal 0 0 1
    outer loop
      vertex 71.409 25.659 3
      vertex 71.409 -25.659 3
      vertex 71.6303 -25.465 3
    endloop
  endfacet
  facet normal 0 0 1
    outer loop
      vertex 71.215 25.8803 3
      vertex 71.409 -25.659 3
      vertex 71.409 25.659 3
    endloop
  endfacet
  facet normal 0 0 1
    outer loop
      vertex 71.215 25.8803 3
      vertex 71.215 -25.8803 3
      vertex 71.409 -25.659 3
    endloop
  endfacet
  facet normal 0 0 1
    outer loop
      vertex 71.0514 26.125 3
      vertex 71.215 -25.8803 3
      vertex 71.215 25.8803 3
    endloop
  endfacet
  facet normal 0 0 1
    outer loop
      vertex 71.0514 26.125 3
      vertex 71.0514 -26.125 3
      vertex 71.215 -25.8803 3
    endloop
  endfacet
  facet normal 0 0 1
    outer loop
      vertex 70.9213 26.389 3
      vertex 71.0514 -26.125 3
      vertex 71.0514 26.125 3
    endloop
  endfacet
  facet normal 0 0 1
    outer loop
      vertex 70.9213 26.389 3
      vertex 70.9213 -26.389 3
      vertex 71.0514 -26.125 3
    endloop
  endfacet
  facet normal 0 0 1
    outer loop
      vertex 70.8267 26.6677 3
      vertex 70.9213 -26.389 3
      vertex 70.9213 26.389 3
    endloop
  endfacet
  facet normal 0 0 1
    outer loop
      vertex 70.8267 26.6677 3
      vertex 70.8267 -26.6677 3
      vertex 70.9213 -26.389 3
    endloop
  endfacet
  facet normal 0 0 1
    outer loop
      vertex 70.7692 26.9563 3
      vertex 70.8267 -26.6677 3
      vertex 70.8267 26.6677 3
    endloop
  endfacet
  facet normal 0 0 1
    outer loop
      vertex 70.7692 26.9563 3
      vertex 70.7692 -26.9563 3
      vertex 70.8267 -26.6677 3
    endloop
  endfacet
  facet normal 0 0 1
    outer loop
      vertex 70.75 27.25 3
      vertex 70.7692 -26.9563 3
      vertex 70.7692 26.9563 3
    endloop
  endfacet
  facet normal 0 0 1
    outer loop
      vertex 70.7692 -26.9563 3
      vertex 70.75 27.25 3
      vertex 70.75 -27.25 3
    endloop
  endfacet
  facet normal -0 0 1
    outer loop
      vertex 66.4863 -0.208841 3
      vertex 70.75 -27.25 3
      vertex 66.5 0 3
    endloop
  endfacet
  facet normal -0 0 1
    outer loop
      vertex 66.4863 -20.2088 3
      vertex 70.75 -27.25 3
      vertex 66.5 -20 3
    endloop
  endfacet
  facet normal -0 0 1
    outer loop
      vertex 66.4455 -20.4141 3
      vertex 70.75 -27.25 3
      vertex 66.4863 -20.2088 3
    endloop
  endfacet
  facet normal -0 0 1
    outer loop
      vertex 66.3782 -20.6123 3
      vertex 70.75 -27.25 3
      vertex 66.4455 -20.4141 3
    endloop
  endfacet
  facet normal -0 0 1
    outer loop
      vertex 66.2856 -20.8 3
      vertex 70.75 -27.25 3
      vertex 66.3782 -20.6123 3
    endloop
  endfacet
  facet normal -0 0 1
    outer loop
      vertex 66.1694 -20.974 3
      vertex 70.75 -27.25 3
      vertex 66.2856 -20.8 3
    endloop
  endfacet
  facet normal -0 0 1
    outer loop
      vertex 66.0314 -21.1314 3
      vertex 70.75 -27.25 3
      vertex 66.1694 -20.974 3
    endloop
  endfacet
  facet normal -0 0 1
    outer loop
      vertex 65.874 -21.2694 3
      vertex 70.75 -27.25 3
      vertex 66.0314 -21.1314 3
    endloop
  endfacet
  facet normal -0 0 1
    outer loop
      vertex 65.7 -21.3856 3
      vertex 70.75 -27.25 3
      vertex 65.874 -21.2694 3
    endloop
  endfacet
  facet normal -0 0 1
    outer loop
      vertex 65.5123 -21.4782 3
      vertex 70.75 -27.25 3
      vertex 65.7 -21.3856 3
    endloop
  endfacet
  facet normal -0 0 1
    outer loop
      vertex 65.3141 -21.5455 3
      vertex 70.75 -27.25 3
      vertex 65.5123 -21.4782 3
    endloop
  endfacet
  facet normal -0 0 1
    outer loop
      vertex 65.1088 -21.5863 3
      vertex 70.75 -27.25 3
      vertex 65.3141 -21.5455 3
    endloop
  endfacet
  facet normal -0 0 1
    outer loop
      vertex 64.9 -21.6 3
      vertex 70.75 -27.25 3
      vertex 65.1088 -21.5863 3
    endloop
  endfacet
  facet normal 0 0 1
    outer loop
      vertex 70.75 -27.25 3
      vertex 64.9 -21.6 3
      vertex 70.75 -33.7 3
    endloop
  endfacet
  facet normal -0 0 1
    outer loop
      vertex 47.1 -21.6 3
      vertex 70.75 -33.7 3
      vertex 64.9 -21.6 3
    endloop
  endfacet
  facet normal 0 0 1
    outer loop
      vertex 37.3 -33.7 3
      vertex 47.1 -21.6 3
      vertex 46.8912 -21.5863 3
    endloop
  endfacet
  facet normal 0 0 1
    outer loop
      vertex 37.3 -33.7 3
      vertex 46.8912 -21.5863 3
      vertex 46.6859 -21.5455 3
    endloop
  endfacet
  facet normal 0 0 1
    outer loop
      vertex 37.3 -33.7 3
      vertex 46.6859 -21.5455 3
      vertex 46.4877 -21.4782 3
    endloop
  endfacet
  facet normal 0 0 1
    outer loop
      vertex 37.3 -33.7 3
      vertex 46.4877 -21.4782 3
      vertex 46.3 -21.3856 3
    endloop
  endfacet
  facet normal 0 0 1
    outer loop
      vertex 45.5137 -19.7912 3
      vertex 37.3 -33.7 3
      vertex 45.5 -20 3
    endloop
  endfacet
  facet normal 0 0 1
    outer loop
      vertex 47.1 -21.6 3
      vertex 37.3 -33.7 3
      vertex 70.75 -33.7 3
    endloop
  endfacet
  facet normal 0 0 1
    outer loop
      vertex 46.126 -21.2694 3
      vertex 37.3 -33.7 3
      vertex 46.3 -21.3856 3
    endloop
  endfacet
  facet normal 0 0 1
    outer loop
      vertex 45.9686 -21.1314 3
      vertex 37.3 -33.7 3
      vertex 46.126 -21.2694 3
    endloop
  endfacet
  facet normal 0 0 1
    outer loop
      vertex 45.8306 -20.974 3
      vertex 37.3 -33.7 3
      vertex 45.9686 -21.1314 3
    endloop
  endfacet
  facet normal 0 0 1
    outer loop
      vertex 45.7144 -20.8 3
      vertex 37.3 -33.7 3
      vertex 45.8306 -20.974 3
    endloop
  endfacet
  facet normal 0 0 1
    outer loop
      vertex 45.6218 -20.6123 3
      vertex 37.3 -33.7 3
      vertex 45.7144 -20.8 3
    endloop
  endfacet
  facet normal 0 0 1
    outer loop
      vertex 45.5545 -20.4141 3
      vertex 37.3 -33.7 3
      vertex 45.6218 -20.6123 3
    endloop
  endfacet
  facet normal 0 0 1
    outer loop
      vertex 45.5137 -20.2088 3
      vertex 37.3 -33.7 3
      vertex 45.5545 -20.4141 3
    endloop
  endfacet
  facet normal 0 0 1
    outer loop
      vertex 45.5 -20 3
      vertex 37.3 -33.7 3
      vertex 45.5137 -20.2088 3
    endloop
  endfacet
  facet normal -1 0 0
    outer loop
      vertex -84 -34 0
      vertex -84 34 3
      vertex -84 34 0
    endloop
  endfacet
  facet normal -1 -0 0
    outer loop
      vertex -84 34 3
      vertex -84 -34 0
      vertex -84 -34 3
    endloop
  endfacet
  facet normal -0.659343 0.751842 0
    outer loop
      vertex -82.435 37.1734 0
      vertex -82.8284 36.8284 3
      vertex -82.435 37.1734 3
    endloop
  endfacet
  facet normal -0.659343 0.751842 0
    outer loop
      vertex -82.8284 36.8284 3
      vertex -82.435 37.1734 0
      vertex -82.8284 36.8284 0
    endloop
  endfacet
  facet normal 1 -0 0
    outer loop
      vertex 84 -34 3
      vertex 84 34 0
      vertex 84 34 3
    endloop
  endfacet
  facet normal 1 0 0
    outer loop
      vertex 84 34 0
      vertex 84 -34 3
      vertex 84 -34 0
    endloop
  endfacet
  facet normal 0.831432 -0.555626 0
    outer loop
      vertex 83.1734 -36.435 3
      vertex 83.4641 -36 0
      vertex 83.4641 -36 3
    endloop
  endfacet
  facet normal 0.831432 -0.555626 0
    outer loop
      vertex 83.4641 -36 0
      vertex 83.1734 -36.435 3
      vertex 83.1734 -36.435 0
    endloop
  endfacet
  facet normal 0.751842 -0.659343 0
    outer loop
      vertex 82.8284 -36.8284 3
      vertex 83.1734 -36.435 0
      vertex 83.1734 -36.435 3
    endloop
  endfacet
  facet normal 0.751842 -0.659343 0
    outer loop
      vertex 83.1734 -36.435 0
      vertex 82.8284 -36.8284 3
      vertex 82.8284 -36.8284 0
    endloop
  endfacet
  facet normal 0.831432 0.555626 0
    outer loop
      vertex 83.4641 36 3
      vertex 83.1734 36.435 0
      vertex 83.1734 36.435 3
    endloop
  endfacet
  facet normal 0.831432 0.555626 0
    outer loop
      vertex 83.1734 36.435 0
      vertex 83.4641 36 3
      vertex 83.4641 36 0
    endloop
  endfacet
  facet normal -0.321498 -0.94691 0
    outer loop
      vertex -81.5307 -37.6955 0
      vertex -81.0353 -37.8637 3
      vertex -81.5307 -37.6955 3
    endloop
  endfacet
  facet normal -0.321498 -0.94691 -0
    outer loop
      vertex -81.0353 -37.8637 3
      vertex -81.5307 -37.6955 0
      vertex -81.0353 -37.8637 0
    endloop
  endfacet
  facet normal 0 1 -0
    outer loop
      vertex 80 38 0
      vertex -80 38 3
      vertex 80 38 3
    endloop
  endfacet
  facet normal 0 1 0
    outer loop
      vertex -80 38 3
      vertex 80 38 0
      vertex -80 38 0
    endloop
  endfacet
  facet normal -0.195124 -0.980779 0
    outer loop
      vertex -81.0353 -37.8637 0
      vertex -80.5221 -37.9658 3
      vertex -81.0353 -37.8637 3
    endloop
  endfacet
  facet normal -0.195124 -0.980779 -0
    outer loop
      vertex -80.5221 -37.9658 3
      vertex -81.0353 -37.8637 0
      vertex -80.5221 -37.9658 0
    endloop
  endfacet
  facet normal 0.555626 -0.831432 0
    outer loop
      vertex 82 -37.4641 0
      vertex 82.435 -37.1734 3
      vertex 82 -37.4641 3
    endloop
  endfacet
  facet normal 0.555626 -0.831432 0
    outer loop
      vertex 82.435 -37.1734 3
      vertex 82 -37.4641 0
      vertex 82.435 -37.1734 0
    endloop
  endfacet
  facet normal 0.896898 -0.442238 0
    outer loop
      vertex 83.4641 -36 3
      vertex 83.6955 -35.5307 0
      vertex 83.6955 -35.5307 3
    endloop
  endfacet
  facet normal 0.896898 -0.442238 0
    outer loop
      vertex 83.6955 -35.5307 0
      vertex 83.4641 -36 3
      vertex 83.4641 -36 0
    endloop
  endfacet
  facet normal 0.442238 0.896898 -0
    outer loop
      vertex 82 37.4641 0
      vertex 81.5307 37.6955 3
      vertex 82 37.4641 3
    endloop
  endfacet
  facet normal 0.442238 0.896898 0
    outer loop
      vertex 81.5307 37.6955 3
      vertex 82 37.4641 0
      vertex 81.5307 37.6955 0
    endloop
  endfacet
  facet normal -0.659343 -0.751842 0
    outer loop
      vertex -82.8284 -36.8284 0
      vertex -82.435 -37.1734 3
      vertex -82.8284 -36.8284 3
    endloop
  endfacet
  facet normal -0.659343 -0.751842 -0
    outer loop
      vertex -82.435 -37.1734 3
      vertex -82.8284 -36.8284 0
      vertex -82.435 -37.1734 0
    endloop
  endfacet
  facet normal 0.195124 0.980779 -0
    outer loop
      vertex 81.0353 37.8637 0
      vertex 80.5221 37.9658 3
      vertex 81.0353 37.8637 3
    endloop
  endfacet
  facet normal 0.195124 0.980779 0
    outer loop
      vertex 80.5221 37.9658 3
      vertex 81.0353 37.8637 0
      vertex 80.5221 37.9658 0
    endloop
  endfacet
  facet normal -0.896898 0.442238 0
    outer loop
      vertex -83.6955 35.5307 0
      vertex -83.4641 36 3
      vertex -83.4641 36 0
    endloop
  endfacet
  facet normal -0.896898 0.442238 0
    outer loop
      vertex -83.4641 36 3
      vertex -83.6955 35.5307 0
      vertex -83.6955 35.5307 3
    endloop
  endfacet
  facet normal 0.321498 0.94691 -0
    outer loop
      vertex 81.5307 37.6955 0
      vertex 81.0353 37.8637 3
      vertex 81.5307 37.6955 3
    endloop
  endfacet
  facet normal 0.321498 0.94691 0
    outer loop
      vertex 81.0353 37.8637 3
      vertex 81.5307 37.6955 0
      vertex 81.0353 37.8637 0
    endloop
  endfacet
  facet normal -0.0653646 -0.997861 0
    outer loop
      vertex -80.5221 -37.9658 0
      vertex -80 -38 3
      vertex -80.5221 -37.9658 3
    endloop
  endfacet
  facet normal -0.0653646 -0.997861 -0
    outer loop
      vertex -80 -38 3
      vertex -80.5221 -37.9658 0
      vertex -80 -38 0
    endloop
  endfacet
  facet normal -0.555626 0.831432 0
    outer loop
      vertex -82 37.4641 0
      vertex -82.435 37.1734 3
      vertex -82 37.4641 3
    endloop
  endfacet
  facet normal -0.555626 0.831432 0
    outer loop
      vertex -82.435 37.1734 3
      vertex -82 37.4641 0
      vertex -82.435 37.1734 0
    endloop
  endfacet
  facet normal 0.442238 -0.896898 0
    outer loop
      vertex 81.5307 -37.6955 0
      vertex 82 -37.4641 3
      vertex 81.5307 -37.6955 3
    endloop
  endfacet
  facet normal 0.442238 -0.896898 0
    outer loop
      vertex 82 -37.4641 3
      vertex 81.5307 -37.6955 0
      vertex 82 -37.4641 0
    endloop
  endfacet
  facet normal 0.0653646 0.997861 -0
    outer loop
      vertex 80.5221 37.9658 0
      vertex 80 38 3
      vertex 80.5221 37.9658 3
    endloop
  endfacet
  facet normal 0.0653646 0.997861 0
    outer loop
      vertex 80 38 3
      vertex 80.5221 37.9658 0
      vertex 80 38 0
    endloop
  endfacet
  facet normal -0.980779 0.195124 0
    outer loop
      vertex -83.9658 34.5221 0
      vertex -83.8637 35.0353 3
      vertex -83.8637 35.0353 0
    endloop
  endfacet
  facet normal -0.980779 0.195124 0
    outer loop
      vertex -83.8637 35.0353 3
      vertex -83.9658 34.5221 0
      vertex -83.9658 34.5221 3
    endloop
  endfacet
  facet normal 0.659343 -0.751842 0
    outer loop
      vertex 82.435 -37.1734 0
      vertex 82.8284 -36.8284 3
      vertex 82.435 -37.1734 3
    endloop
  endfacet
  facet normal 0.659343 -0.751842 0
    outer loop
      vertex 82.8284 -36.8284 3
      vertex 82.435 -37.1734 0
      vertex 82.8284 -36.8284 0
    endloop
  endfacet
  facet normal -0.195124 0.980779 0
    outer loop
      vertex -80.5221 37.9658 0
      vertex -81.0353 37.8637 3
      vertex -80.5221 37.9658 3
    endloop
  endfacet
  facet normal -0.195124 0.980779 0
    outer loop
      vertex -81.0353 37.8637 3
      vertex -80.5221 37.9658 0
      vertex -81.0353 37.8637 0
    endloop
  endfacet
  facet normal -0.0653646 0.997861 0
    outer loop
      vertex -80 38 0
      vertex -80.5221 37.9658 3
      vertex -80 38 3
    endloop
  endfacet
  facet normal -0.0653646 0.997861 0
    outer loop
      vertex -80.5221 37.9658 3
      vertex -80 38 0
      vertex -80.5221 37.9658 0
    endloop
  endfacet
  facet normal 0.896898 0.442238 0
    outer loop
      vertex 83.6955 35.5307 3
      vertex 83.4641 36 0
      vertex 83.4641 36 3
    endloop
  endfacet
  facet normal 0.896898 0.442238 0
    outer loop
      vertex 83.4641 36 0
      vertex 83.6955 35.5307 3
      vertex 83.6955 35.5307 0
    endloop
  endfacet
  facet normal -0.980779 -0.195124 0
    outer loop
      vertex -83.8637 -35.0353 0
      vertex -83.9658 -34.5221 3
      vertex -83.9658 -34.5221 0
    endloop
  endfacet
  facet normal -0.980779 -0.195124 0
    outer loop
      vertex -83.9658 -34.5221 3
      vertex -83.8637 -35.0353 0
      vertex -83.8637 -35.0353 3
    endloop
  endfacet
  facet normal 0.997861 -0.0653646 0
    outer loop
      vertex 83.9658 -34.5221 3
      vertex 84 -34 0
      vertex 84 -34 3
    endloop
  endfacet
  facet normal 0.997861 -0.0653646 0
    outer loop
      vertex 84 -34 0
      vertex 83.9658 -34.5221 3
      vertex 83.9658 -34.5221 0
    endloop
  endfacet
  facet normal 0.94691 -0.321498 0
    outer loop
      vertex 83.6955 -35.5307 3
      vertex 83.8637 -35.0353 0
      vertex 83.8637 -35.0353 3
    endloop
  endfacet
  facet normal 0.94691 -0.321498 0
    outer loop
      vertex 83.8637 -35.0353 0
      vertex 83.6955 -35.5307 3
      vertex 83.6955 -35.5307 0
    endloop
  endfacet
  facet normal -0.555626 -0.831432 0
    outer loop
      vertex -82.435 -37.1734 0
      vertex -82 -37.4641 3
      vertex -82.435 -37.1734 3
    endloop
  endfacet
  facet normal -0.555626 -0.831432 -0
    outer loop
      vertex -82 -37.4641 3
      vertex -82.435 -37.1734 0
      vertex -82 -37.4641 0
    endloop
  endfacet
  facet normal -0.321498 0.94691 0
    outer loop
      vertex -81.0353 37.8637 0
      vertex -81.5307 37.6955 3
      vertex -81.0353 37.8637 3
    endloop
  endfacet
  facet normal -0.321498 0.94691 0
    outer loop
      vertex -81.5307 37.6955 3
      vertex -81.0353 37.8637 0
      vertex -81.5307 37.6955 0
    endloop
  endfacet
  facet normal 0.751842 0.659343 0
    outer loop
      vertex 83.1734 36.435 3
      vertex 82.8284 36.8284 0
      vertex 82.8284 36.8284 3
    endloop
  endfacet
  facet normal 0.751842 0.659343 0
    outer loop
      vertex 82.8284 36.8284 0
      vertex 83.1734 36.435 3
      vertex 83.1734 36.435 0
    endloop
  endfacet
  facet normal -0.442238 0.896898 0
    outer loop
      vertex -81.5307 37.6955 0
      vertex -82 37.4641 3
      vertex -81.5307 37.6955 3
    endloop
  endfacet
  facet normal -0.442238 0.896898 0
    outer loop
      vertex -82 37.4641 3
      vertex -81.5307 37.6955 0
      vertex -82 37.4641 0
    endloop
  endfacet
  facet normal -0.94691 0.321498 0
    outer loop
      vertex -83.8637 35.0353 0
      vertex -83.6955 35.5307 3
      vertex -83.6955 35.5307 0
    endloop
  endfacet
  facet normal -0.94691 0.321498 0
    outer loop
      vertex -83.6955 35.5307 3
      vertex -83.8637 35.0353 0
      vertex -83.8637 35.0353 3
    endloop
  endfacet
  facet normal -0.751842 -0.659343 0
    outer loop
      vertex -82.8284 -36.8284 0
      vertex -83.1734 -36.435 3
      vertex -83.1734 -36.435 0
    endloop
  endfacet
  facet normal -0.751842 -0.659343 0
    outer loop
      vertex -83.1734 -36.435 3
      vertex -82.8284 -36.8284 0
      vertex -82.8284 -36.8284 3
    endloop
  endfacet
  facet normal 0.94691 0.321498 0
    outer loop
      vertex 83.8637 35.0353 3
      vertex 83.6955 35.5307 0
      vertex 83.6955 35.5307 3
    endloop
  endfacet
  facet normal 0.94691 0.321498 0
    outer loop
      vertex 83.6955 35.5307 0
      vertex 83.8637 35.0353 3
      vertex 83.8637 35.0353 0
    endloop
  endfacet
  facet normal 0.980779 -0.195124 0
    outer loop
      vertex 83.8637 -35.0353 3
      vertex 83.9658 -34.5221 0
      vertex 83.9658 -34.5221 3
    endloop
  endfacet
  facet normal 0.980779 -0.195124 0
    outer loop
      vertex 83.9658 -34.5221 0
      vertex 83.8637 -35.0353 3
      vertex 83.8637 -35.0353 0
    endloop
  endfacet
  facet normal 0.555626 0.831432 -0
    outer loop
      vertex 82.435 37.1734 0
      vertex 82 37.4641 3
      vertex 82.435 37.1734 3
    endloop
  endfacet
  facet normal 0.555626 0.831432 0
    outer loop
      vertex 82 37.4641 3
      vertex 82.435 37.1734 0
      vertex 82 37.4641 0
    endloop
  endfacet
  facet normal 0.980779 0.195124 0
    outer loop
      vertex 83.9658 34.5221 3
      vertex 83.8637 35.0353 0
      vertex 83.8637 35.0353 3
    endloop
  endfacet
  facet normal 0.980779 0.195124 0
    outer loop
      vertex 83.8637 35.0353 0
      vertex 83.9658 34.5221 3
      vertex 83.9658 34.5221 0
    endloop
  endfacet
  facet normal -0.94691 -0.321498 0
    outer loop
      vertex -83.6955 -35.5307 0
      vertex -83.8637 -35.0353 3
      vertex -83.8637 -35.0353 0
    endloop
  endfacet
  facet normal -0.94691 -0.321498 0
    outer loop
      vertex -83.8637 -35.0353 3
      vertex -83.6955 -35.5307 0
      vertex -83.6955 -35.5307 3
    endloop
  endfacet
  facet normal -0.751842 0.659343 0
    outer loop
      vertex -83.1734 36.435 0
      vertex -82.8284 36.8284 3
      vertex -82.8284 36.8284 0
    endloop
  endfacet
  facet normal -0.751842 0.659343 0
    outer loop
      vertex -82.8284 36.8284 3
      vertex -83.1734 36.435 0
      vertex -83.1734 36.435 3
    endloop
  endfacet
  facet normal -0.831432 0.555626 0
    outer loop
      vertex -83.4641 36 0
      vertex -83.1734 36.435 3
      vertex -83.1734 36.435 0
    endloop
  endfacet
  facet normal -0.831432 0.555626 0
    outer loop
      vertex -83.1734 36.435 3
      vertex -83.4641 36 0
      vertex -83.4641 36 3
    endloop
  endfacet
  facet normal 0.659343 0.751842 -0
    outer loop
      vertex 82.8284 36.8284 0
      vertex 82.435 37.1734 3
      vertex 82.8284 36.8284 3
    endloop
  endfacet
  facet normal 0.659343 0.751842 0
    outer loop
      vertex 82.435 37.1734 3
      vertex 82.8284 36.8284 0
      vertex 82.435 37.1734 0
    endloop
  endfacet
  facet normal 0.997861 0.0653646 0
    outer loop
      vertex 84 34 3
      vertex 83.9658 34.5221 0
      vertex 83.9658 34.5221 3
    endloop
  endfacet
  facet normal 0.997861 0.0653646 0
    outer loop
      vertex 83.9658 34.5221 0
      vertex 84 34 3
      vertex 84 34 0
    endloop
  endfacet
  facet normal -0.442238 -0.896898 0
    outer loop
      vertex -82 -37.4641 0
      vertex -81.5307 -37.6955 3
      vertex -82 -37.4641 3
    endloop
  endfacet
  facet normal -0.442238 -0.896898 -0
    outer loop
      vertex -81.5307 -37.6955 3
      vertex -82 -37.4641 0
      vertex -81.5307 -37.6955 0
    endloop
  endfacet
  facet normal -0.831432 -0.555626 0
    outer loop
      vertex -83.1734 -36.435 0
      vertex -83.4641 -36 3
      vertex -83.4641 -36 0
    endloop
  endfacet
  facet normal -0.831432 -0.555626 0
    outer loop
      vertex -83.4641 -36 3
      vertex -83.1734 -36.435 0
      vertex -83.1734 -36.435 3
    endloop
  endfacet
  facet normal -0 0 -1
    outer loop
      vertex -53.8478 -15.7654 0
      vertex -71.215 -25.8803 0
      vertex -53.9319 -15.5176 0
    endloop
  endfacet
  facet normal 0 0 -1
    outer loop
      vertex -54 15 0
      vertex -70.7692 26.9563 0
      vertex -70.75 27.25 0
    endloop
  endfacet
  facet normal 0 0 -1
    outer loop
      vertex -71.409 -25.659 0
      vertex -53.9319 -15.5176 0
      vertex -71.215 -25.8803 0
    endloop
  endfacet
  facet normal 0 0 -1
    outer loop
      vertex -54 15 0
      vertex -70.8267 26.6677 0
      vertex -70.7692 26.9563 0
    endloop
  endfacet
  facet normal -0 0 -1
    outer loop
      vertex -53.9319 -15.5176 0
      vertex -71.409 -25.659 0
      vertex -53.9829 -15.2611 0
    endloop
  endfacet
  facet normal 0 0 -1
    outer loop
      vertex -54 15 0
      vertex -70.9213 26.389 0
      vertex -70.8267 26.6677 0
    endloop
  endfacet
  facet normal 0 0 -1
    outer loop
      vertex -71.6303 -25.465 0
      vertex -53.9829 -15.2611 0
      vertex -71.409 -25.659 0
    endloop
  endfacet
  facet normal 0 0 -1
    outer loop
      vertex -54 15 0
      vertex -71.0514 26.125 0
      vertex -70.9213 26.389 0
    endloop
  endfacet
  facet normal -0 0 -1
    outer loop
      vertex -53.9829 -15.2611 0
      vertex -71.6303 -25.465 0
      vertex -54 -15 0
    endloop
  endfacet
  facet normal 0 0 -1
    outer loop
      vertex -54 15 0
      vertex -71.215 25.8803 0
      vertex -71.0514 26.125 0
    endloop
  endfacet
  facet normal 0 0 -1
    outer loop
      vertex -71.875 -25.3014 0
      vertex -54 -15 0
      vertex -71.6303 -25.465 0
    endloop
  endfacet
  facet normal 0 0 -1
    outer loop
      vertex -54 15 0
      vertex -71.409 25.659 0
      vertex -71.215 25.8803 0
    endloop
  endfacet
  facet normal 0 0 -1
    outer loop
      vertex -72.139 -25.1713 0
      vertex -54 -15 0
      vertex -71.875 -25.3014 0
    endloop
  endfacet
  facet normal 0 0 -1
    outer loop
      vertex -54 15 0
      vertex -71.6303 25.465 0
      vertex -71.409 25.659 0
    endloop
  endfacet
  facet normal 0 0 -1
    outer loop
      vertex -72.4177 -25.0767 0
      vertex -54 -15 0
      vertex -72.139 -25.1713 0
    endloop
  endfacet
  facet normal 0 0 -1
    outer loop
      vertex -54 15 0
      vertex -71.875 25.3014 0
      vertex -71.6303 25.465 0
    endloop
  endfacet
  facet normal 0 0 -1
    outer loop
      vertex -72.7063 -25.0192 0
      vertex -54 -15 0
      vertex -72.4177 -25.0767 0
    endloop
  endfacet
  facet normal 0 0 -1
    outer loop
      vertex -54 15 0
      vertex -72.139 25.1713 0
      vertex -71.875 25.3014 0
    endloop
  endfacet
  facet normal 0 0 -1
    outer loop
      vertex -73 -25 0
      vertex -54 -15 0
      vertex -72.7063 -25.0192 0
    endloop
  endfacet
  facet normal 0 0 -1
    outer loop
      vertex -54 15 0
      vertex -72.4177 25.0767 0
      vertex -72.139 25.1713 0
    endloop
  endfacet
  facet normal -0 0 -1
    outer loop
      vertex -54 -15 0
      vertex -73 -25 0
      vertex -54 15 0
    endloop
  endfacet
  facet normal 0 0 -1
    outer loop
      vertex -54 15 0
      vertex -72.7063 25.0192 0
      vertex -72.4177 25.0767 0
    endloop
  endfacet
  facet normal 0 0 -1
    outer loop
      vertex -73 25 0
      vertex -54 15 0
      vertex -73 -25 0
    endloop
  endfacet
  facet normal 0 0 -1
    outer loop
      vertex -54 15 0
      vertex -73 25 0
      vertex -72.7063 25.0192 0
    endloop
  endfacet
  facet normal 0 0 -1
    outer loop
      vertex -73.2937 -25.0192 0
      vertex -73 25 0
      vertex -73 -25 0
    endloop
  endfacet
  facet normal 0 0 -1
    outer loop
      vertex -73.2937 -25.0192 0
      vertex -73.2937 25.0192 0
      vertex -73 25 0
    endloop
  endfacet
  facet normal 0 0 -1
    outer loop
      vertex -73.5823 -25.0767 0
      vertex -73.2937 25.0192 0
      vertex -73.2937 -25.0192 0
    endloop
  endfacet
  facet normal 0 0 -1
    outer loop
      vertex -73.5823 -25.0767 0
      vertex -73.5823 25.0767 0
      vertex -73.2937 25.0192 0
    endloop
  endfacet
  facet normal 0 0 -1
    outer loop
      vertex -73.861 -25.1713 0
      vertex -73.5823 25.0767 0
      vertex -73.5823 -25.0767 0
    endloop
  endfacet
  facet normal 0 0 -1
    outer loop
      vertex -73.861 -25.1713 0
      vertex -73.861 25.1713 0
      vertex -73.5823 25.0767 0
    endloop
  endfacet
  facet normal 0 0 -1
    outer loop
      vertex -74.125 -25.3014 0
      vertex -73.861 25.1713 0
      vertex -73.861 -25.1713 0
    endloop
  endfacet
  facet normal 0 0 -1
    outer loop
      vertex -74.125 -25.3014 0
      vertex -74.125 25.3014 0
      vertex -73.861 25.1713 0
    endloop
  endfacet
  facet normal 0 0 -1
    outer loop
      vertex -74.3697 -25.465 0
      vertex -74.125 25.3014 0
      vertex -74.125 -25.3014 0
    endloop
  endfacet
  facet normal 0 0 -1
    outer loop
      vertex -74.3697 -25.465 0
      vertex -74.3697 25.465 0
      vertex -74.125 25.3014 0
    endloop
  endfacet
  facet normal 0 0 -1
    outer loop
      vertex -74.591 -25.659 0
      vertex -74.3697 25.465 0
      vertex -74.3697 -25.465 0
    endloop
  endfacet
  facet normal 0 0 -1
    outer loop
      vertex -74.591 -25.659 0
      vertex -74.591 25.659 0
      vertex -74.3697 25.465 0
    endloop
  endfacet
  facet normal 0 0 -1
    outer loop
      vertex -74.785 -25.8803 0
      vertex -74.591 25.659 0
      vertex -74.591 -25.659 0
    endloop
  endfacet
  facet normal 0 0 -1
    outer loop
      vertex -74.785 -25.8803 0
      vertex -74.785 25.8803 0
      vertex -74.591 25.659 0
    endloop
  endfacet
  facet normal 0 0 -1
    outer loop
      vertex -84 -34 0
      vertex -74.785 -25.8803 0
      vertex -74.9486 -26.125 0
    endloop
  endfacet
  facet normal -0 0 -1
    outer loop
      vertex -74.785 -25.8803 0
      vertex -84 -34 0
      vertex -74.785 25.8803 0
    endloop
  endfacet
  facet normal 0 0 -1
    outer loop
      vertex -84 -34 0
      vertex -74.9486 -26.125 0
      vertex -75.0787 -26.389 0
    endloop
  endfacet
  facet normal 0 0 -1
    outer loop
      vertex -84 34 0
      vertex -74.785 25.8803 0
      vertex -84 -34 0
    endloop
  endfacet
  facet normal 0 0 -1
    outer loop
      vertex -84 -34 0
      vertex -75.0787 -26.389 0
      vertex -75.1733 -26.6677 0
    endloop
  endfacet
  facet normal 0 0 -1
    outer loop
      vertex -74.785 25.8803 0
      vertex -84 34 0
      vertex -74.9486 26.125 0
    endloop
  endfacet
  facet normal 0 0 -1
    outer loop
      vertex -84 -34 0
      vertex -75.1733 -26.6677 0
      vertex -75.2308 -26.9563 0
    endloop
  endfacet
  facet normal 0 0 -1
    outer loop
      vertex -74.9486 26.125 0
      vertex -84 34 0
      vertex -75.0787 26.389 0
    endloop
  endfacet
  facet normal 0 0 -1
    outer loop
      vertex -84 -34 0
      vertex -75.2308 -26.9563 0
      vertex -75.25 -27.25 0
    endloop
  endfacet
  facet normal 0 0 -1
    outer loop
      vertex -75.0787 26.389 0
      vertex -84 34 0
      vertex -75.1733 26.6677 0
    endloop
  endfacet
  facet normal 0 0 -1
    outer loop
      vertex -29.9829 30.7389 0
      vertex -53.0171 30.7389 0
      vertex -53 31 0
    endloop
  endfacet
  facet normal 0 0 -1
    outer loop
      vertex -52.7654 16.8478 0
      vertex -53.0681 30.4824 0
      vertex -53.0171 30.7389 0
    endloop
  endfacet
  facet normal 0 0 -1
    outer loop
      vertex -52.7654 16.8478 0
      vertex -53.1522 30.2346 0
      vertex -53.0681 30.4824 0
    endloop
  endfacet
  facet normal 0 0 -1
    outer loop
      vertex -55 29 0
      vertex -53 16.732 0
      vertex -53.2175 16.5867 0
    endloop
  endfacet
  facet normal 0 0 -1
    outer loop
      vertex -52.7654 16.8478 0
      vertex -53.2679 30 0
      vertex -53.1522 30.2346 0
    endloop
  endfacet
  facet normal 0 0 -1
    outer loop
      vertex -52.7654 16.8478 0
      vertex -53.4133 29.7825 0
      vertex -53.2679 30 0
    endloop
  endfacet
  facet normal 0 0 -1
    outer loop
      vertex -55 29 0
      vertex -53.2175 16.5867 0
      vertex -53.4142 16.4142 0
    endloop
  endfacet
  facet normal 0 0 -1
    outer loop
      vertex -52.7654 16.8478 0
      vertex -53.5858 29.5858 0
      vertex -53.4133 29.7825 0
    endloop
  endfacet
  facet normal 0 0 -1
    outer loop
      vertex -55 29 0
      vertex -53.4142 16.4142 0
      vertex -53.5867 16.2175 0
    endloop
  endfacet
  facet normal 0 0 -1
    outer loop
      vertex -55 29 0
      vertex -53.5867 16.2175 0
      vertex -53.732 16 0
    endloop
  endfacet
  facet normal 0 0 -1
    outer loop
      vertex -52.7654 16.8478 0
      vertex -53.7825 29.4133 0
      vertex -53.5858 29.5858 0
    endloop
  endfacet
  facet normal 0 0 -1
    outer loop
      vertex -70.75 27.25 0
      vertex -53.732 16 0
      vertex -53.8478 15.7654 0
    endloop
  endfacet
  facet normal 0 0 -1
    outer loop
      vertex -70.75 27.25 0
      vertex -53.8478 15.7654 0
      vertex -53.9319 15.5176 0
    endloop
  endfacet
  facet normal 0 0 -1
    outer loop
      vertex -70.75 27.25 0
      vertex -53.9319 15.5176 0
      vertex -53.9829 15.2611 0
    endloop
  endfacet
  facet normal 0 0 -1
    outer loop
      vertex -70.75 27.25 0
      vertex -53.9829 15.2611 0
      vertex -54 15 0
    endloop
  endfacet
  facet normal 0 0 -1
    outer loop
      vertex -52.7654 16.8478 0
      vertex -54 29.2679 0
      vertex -53.7825 29.4133 0
    endloop
  endfacet
  facet normal 0 0 -1
    outer loop
      vertex -53.7825 -29.4133 0
      vertex -51.2346 -16.8478 0
      vertex -53.5858 -29.5858 0
    endloop
  endfacet
  facet normal 0 0 -1
    outer loop
      vertex -51.2346 -16.8478 0
      vertex -53.7825 -29.4133 0
      vertex -51.4824 -16.9319 0
    endloop
  endfacet
  facet normal 0 0 -1
    outer loop
      vertex -54 -29.2679 0
      vertex -51.4824 -16.9319 0
      vertex -53.7825 -29.4133 0
    endloop
  endfacet
  facet normal 0 0 -1
    outer loop
      vertex -51.4824 -16.9319 0
      vertex -54 -29.2679 0
      vertex -51.7389 -16.9829 0
    endloop
  endfacet
  facet normal 0 0 -1
    outer loop
      vertex -54.2346 -29.1522 0
      vertex -51.7389 -16.9829 0
      vertex -54 -29.2679 0
    endloop
  endfacet
  facet normal 0 0 -1
    outer loop
      vertex -51.7389 -16.9829 0
      vertex -54.2346 -29.1522 0
      vertex -52 -17 0
    endloop
  endfacet
  facet normal 0 0 -1
    outer loop
      vertex -54.4824 -29.0681 0
      vertex -52 -17 0
      vertex -54.2346 -29.1522 0
    endloop
  endfacet
  facet normal -0 0 -1
    outer loop
      vertex -52 -17 0
      vertex -54.4824 -29.0681 0
      vertex -52.2611 -16.9829 0
    endloop
  endfacet
  facet normal 0 0 -1
    outer loop
      vertex -54.7389 -29.0171 0
      vertex -52.2611 -16.9829 0
      vertex -54.4824 -29.0681 0
    endloop
  endfacet
  facet normal -0 0 -1
    outer loop
      vertex -52.2611 -16.9829 0
      vertex -54.7389 -29.0171 0
      vertex -52.5176 -16.9319 0
    endloop
  endfacet
  facet normal 0 0 -1
    outer loop
      vertex -55 -29 0
      vertex -52.5176 -16.9319 0
      vertex -54.7389 -29.0171 0
    endloop
  endfacet
  facet normal -0 0 -1
    outer loop
      vertex -52.5176 -16.9319 0
      vertex -55 -29 0
      vertex -52.7654 -16.8478 0
    endloop
  endfacet
  facet normal -0 0 -1
    outer loop
      vertex -52.7654 -16.8478 0
      vertex -55 -29 0
      vertex -53 -16.732 0
    endloop
  endfacet
  facet normal -0 0 -1
    outer loop
      vertex -53 -16.732 0
      vertex -55 -29 0
      vertex -53.2175 -16.5867 0
    endloop
  endfacet
  facet normal -0 0 -1
    outer loop
      vertex -53.2175 -16.5867 0
      vertex -55 -29 0
      vertex -53.4142 -16.4142 0
    endloop
  endfacet
  facet normal -0 0 -1
    outer loop
      vertex -53.4142 -16.4142 0
      vertex -55 -29 0
      vertex -53.5867 -16.2175 0
    endloop
  endfacet
  facet normal -0 0 -1
    outer loop
      vertex -53.5867 -16.2175 0
      vertex -55 -29 0
      vertex -53.732 -16 0
    endloop
  endfacet
  facet normal 0 0 -1
    outer loop
      vertex -70.7692 -26.9563 0
      vertex -55 -29 0
      vertex -70.75 -27.25 0
    endloop
  endfacet
  facet normal 0 0 -1
    outer loop
      vertex -70.8267 -26.6677 0
      vertex -55 -29 0
      vertex -70.7692 -26.9563 0
    endloop
  endfacet
  facet normal 0 0 -1
    outer loop
      vertex -70.9213 -26.389 0
      vertex -55 -29 0
      vertex -70.8267 -26.6677 0
    endloop
  endfacet
  facet normal 0 0 -1
    outer loop
      vertex -52.7654 16.8478 0
      vertex -54.2346 29.1522 0
      vertex -54 29.2679 0
    endloop
  endfacet
  facet normal 0 0 -1
    outer loop
      vertex -55 -29 0
      vertex -70.9213 -26.389 0
      vertex -53.732 -16 0
    endloop
  endfacet
  facet normal 0 0 -1
    outer loop
      vertex -52.7654 16.8478 0
      vertex -54.4824 29.0681 0
      vertex -54.2346 29.1522 0
    endloop
  endfacet
  facet normal 0 0 -1
    outer loop
      vertex -71.0514 -26.125 0
      vertex -53.732 -16 0
      vertex -70.9213 -26.389 0
    endloop
  endfacet
  facet normal 0 0 -1
    outer loop
      vertex -52.7654 16.8478 0
      vertex -54.7389 29.0171 0
      vertex -54.4824 29.0681 0
    endloop
  endfacet
  facet normal -0 0 -1
    outer loop
      vertex -53.732 -16 0
      vertex -71.0514 -26.125 0
      vertex -53.8478 -15.7654 0
    endloop
  endfacet
  facet normal 0 0 -1
    outer loop
      vertex -52.7654 16.8478 0
      vertex -55 29 0
      vertex -54.7389 29.0171 0
    endloop
  endfacet
  facet normal 0 0 -1
    outer loop
      vertex -70.75 -27.25 0
      vertex -55 -29 0
      vertex -70.75 -29 0
    endloop
  endfacet
  facet normal 0 0 -1
    outer loop
      vertex -71.215 -25.8803 0
      vertex -53.8478 -15.7654 0
      vertex -71.0514 -26.125 0
    endloop
  endfacet
  facet normal 0 0 -1
    outer loop
      vertex -53.732 16 0
      vertex -70.75 27.25 0
      vertex -55 29 0
    endloop
  endfacet
  facet normal -0 0 -1
    outer loop
      vertex -55 29 0
      vertex -70.75 27.25 0
      vertex -70.75 29 0
    endloop
  endfacet
  facet normal -0 0 -1
    outer loop
      vertex -55 -33 0
      vertex -70.75 -34.75 0
      vertex -70.75 -33 0
    endloop
  endfacet
  facet normal 0 0 -1
    outer loop
      vertex -10.4133 -29.7825 0
      vertex 45.5545 -19.5859 0
      vertex -10.2679 -30 0
    endloop
  endfacet
  facet normal 0 0 -1
    outer loop
      vertex 45.5 0 0
      vertex -10.0171 30.7389 0
      vertex -10 31 0
    endloop
  endfacet
  facet normal -0 0 -1
    outer loop
      vertex 45.5545 -19.5859 0
      vertex -10.4133 -29.7825 0
      vertex 45.5545 -0.41411 0
    endloop
  endfacet
  facet normal 0 0 -1
    outer loop
      vertex 45.5 0 0
      vertex -10.0681 30.4824 0
      vertex -10.0171 30.7389 0
    endloop
  endfacet
  facet normal 0 0 -1
    outer loop
      vertex -18 -15 0
      vertex 45.5545 -0.41411 0
      vertex -10.4133 -29.7825 0
    endloop
  endfacet
  facet normal 0 0 -1
    outer loop
      vertex 45.5 0 0
      vertex -10.1522 30.2346 0
      vertex -10.0681 30.4824 0
    endloop
  endfacet
  facet normal -0 0 -1
    outer loop
      vertex 45.5545 -0.41411 0
      vertex -18 -15 0
      vertex 45.5137 -0.208841 0
    endloop
  endfacet
  facet normal 0 0 -1
    outer loop
      vertex 45.5 0 0
      vertex -10.2679 30 0
      vertex -10.1522 30.2346 0
    endloop
  endfacet
  facet normal -0 0 -1
    outer loop
      vertex 45.5137 -0.208841 0
      vertex -18 -15 0
      vertex 45.5 0 0
    endloop
  endfacet
  facet normal 0 0 -1
    outer loop
      vertex 45.5 0 0
      vertex -10.4133 29.7825 0
      vertex -10.2679 30 0
    endloop
  endfacet
  facet normal 0 0 -1
    outer loop
      vertex -18 -15 0
      vertex -10.4133 -29.7825 0
      vertex -10.5858 -29.5858 0
    endloop
  endfacet
  facet normal 0 0 -1
    outer loop
      vertex -18 15 0
      vertex 45.5 0 0
      vertex -18 -15 0
    endloop
  endfacet
  facet normal 0 0 -1
    outer loop
      vertex -18 -15 0
      vertex -10.5858 -29.5858 0
      vertex -10.7825 -29.4133 0
    endloop
  endfacet
  facet normal 0 0 -1
    outer loop
      vertex 45.5 0 0
      vertex -18 15 0
      vertex -10.4133 29.7825 0
    endloop
  endfacet
  facet normal 0 0 -1
    outer loop
      vertex -18 -15 0
      vertex -10.7825 -29.4133 0
      vertex -11 -29.2679 0
    endloop
  endfacet
  facet normal 0 0 -1
    outer loop
      vertex -10.4133 29.7825 0
      vertex -18 15 0
      vertex -10.5858 29.5858 0
    endloop
  endfacet
  facet normal 0 0 -1
    outer loop
      vertex -18.0171 -15.2611 0
      vertex -11 -29.2679 0
      vertex -11.2346 -29.1522 0
    endloop
  endfacet
  facet normal 0 0 -1
    outer loop
      vertex -10.5858 29.5858 0
      vertex -18 15 0
      vertex -10.7825 29.4133 0
    endloop
  endfacet
  facet normal 0 0 -1
    outer loop
      vertex -18.0681 -15.5176 0
      vertex -11.2346 -29.1522 0
      vertex -11.4824 -29.0681 0
    endloop
  endfacet
  facet normal 0 0 -1
    outer loop
      vertex -10.7825 29.4133 0
      vertex -18 15 0
      vertex -11 29.2679 0
    endloop
  endfacet
  facet normal 0 0 -1
    outer loop
      vertex -18.1522 -15.7654 0
      vertex -11.4824 -29.0681 0
      vertex -11.7389 -29.0171 0
    endloop
  endfacet
  facet normal 0 0 -1
    outer loop
      vertex -18.0171 15.2611 0
      vertex -11 29.2679 0
      vertex -18 15 0
    endloop
  endfacet
  facet normal 0 0 -1
    outer loop
      vertex -18.2679 -16 0
      vertex -11.7389 -29.0171 0
      vertex -12 -29 0
    endloop
  endfacet
  facet normal 0 0 -1
    outer loop
      vertex -11 29.2679 0
      vertex -18.0171 15.2611 0
      vertex -11.2346 29.1522 0
    endloop
  endfacet
  facet normal 0 0 -1
    outer loop
      vertex -18.0681 15.5176 0
      vertex -11.2346 29.1522 0
      vertex -18.0171 15.2611 0
    endloop
  endfacet
  facet normal 0 0 -1
    outer loop
      vertex -11 -29.2679 0
      vertex -18.0171 -15.2611 0
      vertex -18 -15 0
    endloop
  endfacet
  facet normal 0 0 -1
    outer loop
      vertex -11.2346 -29.1522 0
      vertex -18.0681 -15.5176 0
      vertex -18.0171 -15.2611 0
    endloop
  endfacet
  facet normal 0 0 -1
    outer loop
      vertex -11.4824 -29.0681 0
      vertex -18.1522 -15.7654 0
      vertex -18.0681 -15.5176 0
    endloop
  endfacet
  facet normal 0 0 -1
    outer loop
      vertex -11.7389 -29.0171 0
      vertex -18.2679 -16 0
      vertex -18.1522 -15.7654 0
    endloop
  endfacet
  facet normal 0 0 -1
    outer loop
      vertex -12 -29 0
      vertex -18.4133 -16.2175 0
      vertex -18.2679 -16 0
    endloop
  endfacet
  facet normal 0 0 -1
    outer loop
      vertex -12 -29 0
      vertex -18.5858 -16.4142 0
      vertex -18.4133 -16.2175 0
    endloop
  endfacet
  facet normal 0 0 -1
    outer loop
      vertex -12 -29 0
      vertex -18.7825 -16.5867 0
      vertex -18.5858 -16.4142 0
    endloop
  endfacet
  facet normal 0 0 -1
    outer loop
      vertex -12 -29 0
      vertex -19 -16.732 0
      vertex -18.7825 -16.5867 0
    endloop
  endfacet
  facet normal 0 0 -1
    outer loop
      vertex -12 -29 0
      vertex -19.2346 -16.8478 0
      vertex -19 -16.732 0
    endloop
  endfacet
  facet normal 0 0 -1
    outer loop
      vertex -12 -29 0
      vertex -19.4824 -16.9319 0
      vertex -19.2346 -16.8478 0
    endloop
  endfacet
  facet normal 0 0 -1
    outer loop
      vertex -12 -29 0
      vertex -19.7389 -16.9829 0
      vertex -19.4824 -16.9319 0
    endloop
  endfacet
  facet normal 0 0 -1
    outer loop
      vertex -12 -29 0
      vertex -20 -17 0
      vertex -19.7389 -16.9829 0
    endloop
  endfacet
  facet normal 0 0 -1
    outer loop
      vertex -28 -29 0
      vertex -20 -17 0
      vertex -12 -29 0
    endloop
  endfacet
  facet normal -0 0 -1
    outer loop
      vertex -20 -17 0
      vertex -28 -29 0
      vertex -20.2611 -16.9829 0
    endloop
  endfacet
  facet normal -0 0 -1
    outer loop
      vertex -20.2611 -16.9829 0
      vertex -28 -29 0
      vertex -20.5176 -16.9319 0
    endloop
  endfacet
  facet normal -0 0 -1
    outer loop
      vertex -20.5176 -16.9319 0
      vertex -28 -29 0
      vertex -20.7654 -16.8478 0
    endloop
  endfacet
  facet normal -0 0 -1
    outer loop
      vertex -20.7654 -16.8478 0
      vertex -28 -29 0
      vertex -21 -16.732 0
    endloop
  endfacet
  facet normal -0 0 -1
    outer loop
      vertex -21 -16.732 0
      vertex -28 -29 0
      vertex -21.2175 -16.5867 0
    endloop
  endfacet
  facet normal -0 0 -1
    outer loop
      vertex -21.2175 -16.5867 0
      vertex -28 -29 0
      vertex -21.4142 -16.4142 0
    endloop
  endfacet
  facet normal 0 0 -1
    outer loop
      vertex -21.9829 -15.2611 0
      vertex -34 -15 0
      vertex -22 -15 0
    endloop
  endfacet
  facet normal 0 0 -1
    outer loop
      vertex -21.9319 -15.5176 0
      vertex -34 -15 0
      vertex -21.9829 -15.2611 0
    endloop
  endfacet
  facet normal 0 0 -1
    outer loop
      vertex -21.8478 -15.7654 0
      vertex -34 -15 0
      vertex -21.9319 -15.5176 0
    endloop
  endfacet
  facet normal 0 0 -1
    outer loop
      vertex -21.732 -16 0
      vertex -34 -15 0
      vertex -21.8478 -15.7654 0
    endloop
  endfacet
  facet normal 0 0 -1
    outer loop
      vertex -21.5867 -16.2175 0
      vertex -34 -15 0
      vertex -21.732 -16 0
    endloop
  endfacet
  facet normal 0 0 -1
    outer loop
      vertex -34 -15 0
      vertex -21.5867 -16.2175 0
      vertex -28 -29 0
    endloop
  endfacet
  facet normal -0 0 -1
    outer loop
      vertex -21.4142 -16.4142 0
      vertex -28 -29 0
      vertex -21.5867 -16.2175 0
    endloop
  endfacet
  facet normal 0 0 -1
    outer loop
      vertex 74.3697 25.465 0
      vertex 66.3782 0.612293 0
      vertex 74.125 25.3014 0
    endloop
  endfacet
  facet normal 0 0 -1
    outer loop
      vertex 73.861 25.1713 0
      vertex 66.4863 19.7912 0
      vertex 66.5 20 0
    endloop
  endfacet
  facet normal 0 0 -1
    outer loop
      vertex 66.2856 0.799999 0
      vertex 74.125 25.3014 0
      vertex 66.3782 0.612293 0
    endloop
  endfacet
  facet normal 0 0 -1
    outer loop
      vertex 73.861 25.1713 0
      vertex 66.4455 19.5859 0
      vertex 66.4863 19.7912 0
    endloop
  endfacet
  facet normal 0 0 -1
    outer loop
      vertex 74.125 25.3014 0
      vertex 66.2856 0.799999 0
      vertex 73.861 25.1713 0
    endloop
  endfacet
  facet normal 0 0 -1
    outer loop
      vertex 73.861 25.1713 0
      vertex 66.3782 19.3877 0
      vertex 66.4455 19.5859 0
    endloop
  endfacet
  facet normal 0 0 -1
    outer loop
      vertex 66.2856 19.2 0
      vertex 73.861 25.1713 0
      vertex 66.2856 0.799999 0
    endloop
  endfacet
  facet normal 0 0 -1
    outer loop
      vertex 73.861 25.1713 0
      vertex 66.2856 19.2 0
      vertex 66.3782 19.3877 0
    endloop
  endfacet
  facet normal 0 0 -1
    outer loop
      vertex 66.1694 0.974018 0
      vertex 66.2856 19.2 0
      vertex 66.2856 0.799999 0
    endloop
  endfacet
  facet normal 0 0 -1
    outer loop
      vertex 66.1694 0.974018 0
      vertex 66.1694 19.026 0
      vertex 66.2856 19.2 0
    endloop
  endfacet
  facet normal 0 0 -1
    outer loop
      vertex 66.0314 1.13137 0
      vertex 66.1694 19.026 0
      vertex 66.1694 0.974018 0
    endloop
  endfacet
  facet normal 0 0 -1
    outer loop
      vertex 66.0314 1.13137 0
      vertex 66.0314 18.8686 0
      vertex 66.1694 19.026 0
    endloop
  endfacet
  facet normal 0 0 -1
    outer loop
      vertex 65.874 1.26937 0
      vertex 66.0314 18.8686 0
      vertex 66.0314 1.13137 0
    endloop
  endfacet
  facet normal 0 0 -1
    outer loop
      vertex 65.874 1.26937 0
      vertex 65.874 18.7306 0
      vertex 66.0314 18.8686 0
    endloop
  endfacet
  facet normal 0 0 -1
    outer loop
      vertex 65.7 1.38564 0
      vertex 65.874 18.7306 0
      vertex 65.874 1.26937 0
    endloop
  endfacet
  facet normal 0 0 -1
    outer loop
      vertex 65.7 1.38564 0
      vertex 65.7 18.6144 0
      vertex 65.874 18.7306 0
    endloop
  endfacet
  facet normal 0 0 -1
    outer loop
      vertex 65.5123 1.47821 0
      vertex 65.7 18.6144 0
      vertex 65.7 1.38564 0
    endloop
  endfacet
  facet normal 0 0 -1
    outer loop
      vertex 65.5123 1.47821 0
      vertex 65.5123 18.5218 0
      vertex 65.7 18.6144 0
    endloop
  endfacet
  facet normal 0 0 -1
    outer loop
      vertex 65.3141 1.54548 0
      vertex 65.5123 18.5218 0
      vertex 65.5123 1.47821 0
    endloop
  endfacet
  facet normal 0 0 -1
    outer loop
      vertex 65.3141 1.54548 0
      vertex 65.3141 18.4545 0
      vertex 65.5123 18.5218 0
    endloop
  endfacet
  facet normal 0 0 -1
    outer loop
      vertex 65.1088 1.58631 0
      vertex 65.3141 18.4545 0
      vertex 65.3141 1.54548 0
    endloop
  endfacet
  facet normal 0 0 -1
    outer loop
      vertex 65.1088 1.58631 0
      vertex 65.1088 18.4137 0
      vertex 65.3141 18.4545 0
    endloop
  endfacet
  facet normal 0 0 -1
    outer loop
      vertex 64.9 1.6 0
      vertex 65.1088 18.4137 0
      vertex 65.1088 1.58631 0
    endloop
  endfacet
  facet normal 0 0 -1
    outer loop
      vertex 64.9 1.6 0
      vertex 64.9 18.4 0
      vertex 65.1088 18.4137 0
    endloop
  endfacet
  facet normal 0 0 -1
    outer loop
      vertex 47.1 1.6 0
      vertex 64.9 18.4 0
      vertex 64.9 1.6 0
    endloop
  endfacet
  facet normal 0 0 -1
    outer loop
      vertex 47.1 1.6 0
      vertex 47.1 18.4 0
      vertex 64.9 18.4 0
    endloop
  endfacet
  facet normal 0 0 -1
    outer loop
      vertex 46.8912 1.58631 0
      vertex 47.1 18.4 0
      vertex 47.1 1.6 0
    endloop
  endfacet
  facet normal 0 0 -1
    outer loop
      vertex 46.8912 1.58631 0
      vertex 46.8912 18.4137 0
      vertex 47.1 18.4 0
    endloop
  endfacet
  facet normal 0 0 -1
    outer loop
      vertex 46.6859 1.54548 0
      vertex 46.8912 18.4137 0
      vertex 46.8912 1.58631 0
    endloop
  endfacet
  facet normal 0 0 -1
    outer loop
      vertex 46.6859 1.54548 0
      vertex 46.6859 18.4545 0
      vertex 46.8912 18.4137 0
    endloop
  endfacet
  facet normal 0 0 -1
    outer loop
      vertex 46.4877 1.47821 0
      vertex 46.6859 18.4545 0
      vertex 46.6859 1.54548 0
    endloop
  endfacet
  facet normal 0 0 -1
    outer loop
      vertex 46.4877 1.47821 0
      vertex 46.4877 18.5218 0
      vertex 46.6859 18.4545 0
    endloop
  endfacet
  facet normal 0 0 -1
    outer loop
      vertex 46.3 1.38564 0
      vertex 46.4877 18.5218 0
      vertex 46.4877 1.47821 0
    endloop
  endfacet
  facet normal 0 0 -1
    outer loop
      vertex 46.3 1.38564 0
      vertex 46.3 18.6144 0
      vertex 46.4877 18.5218 0
    endloop
  endfacet
  facet normal 0 0 -1
    outer loop
      vertex 46.126 1.26937 0
      vertex 46.3 18.6144 0
      vertex 46.3 1.38564 0
    endloop
  endfacet
  facet normal 0 0 -1
    outer loop
      vertex 46.126 1.26937 0
      vertex 46.126 18.7306 0
      vertex 46.3 18.6144 0
    endloop
  endfacet
  facet normal 0 0 -1
    outer loop
      vertex 45.9686 1.13137 0
      vertex 46.126 18.7306 0
      vertex 46.126 1.26937 0
    endloop
  endfacet
  facet normal 0 0 -1
    outer loop
      vertex 45.9686 1.13137 0
      vertex 45.9686 18.8686 0
      vertex 46.126 18.7306 0
    endloop
  endfacet
  facet normal 0 0 -1
    outer loop
      vertex 45.8306 0.974018 0
      vertex 45.9686 18.8686 0
      vertex 45.9686 1.13137 0
    endloop
  endfacet
  facet normal 0 0 -1
    outer loop
      vertex 45.8306 0.974018 0
      vertex 45.8306 19.026 0
      vertex 45.9686 18.8686 0
    endloop
  endfacet
  facet normal 0 0 -1
    outer loop
      vertex 45.7144 0.799999 0
      vertex 45.8306 19.026 0
      vertex 45.8306 0.974018 0
    endloop
  endfacet
  facet normal 0 0 -1
    outer loop
      vertex 45.7144 0.799999 0
      vertex 45.7144 19.2 0
      vertex 45.8306 19.026 0
    endloop
  endfacet
  facet normal 0 0 -1
    outer loop
      vertex 45.6218 0.612293 0
      vertex 45.7144 19.2 0
      vertex 45.7144 0.799999 0
    endloop
  endfacet
  facet normal 0 0 -1
    outer loop
      vertex 45.6218 0.612293 0
      vertex 45.6218 19.3877 0
      vertex 45.7144 19.2 0
    endloop
  endfacet
  facet normal 0 0 -1
    outer loop
      vertex 45.5545 0.41411 0
      vertex 45.6218 19.3877 0
      vertex 45.6218 0.612293 0
    endloop
  endfacet
  facet normal 0 0 -1
    outer loop
      vertex 45.5545 0.41411 0
      vertex 45.5545 19.5859 0
      vertex 45.6218 19.3877 0
    endloop
  endfacet
  facet normal 0 0 -1
    outer loop
      vertex -10 31 0
      vertex 45.5545 0.41411 0
      vertex 45.5137 0.208841 0
    endloop
  endfacet
  facet normal 0 0 -1
    outer loop
      vertex 45.5545 0.41411 0
      vertex -10 31 0
      vertex 45.5545 19.5859 0
    endloop
  endfacet
  facet normal 0 0 -1
    outer loop
      vertex -10 31 0
      vertex 45.5137 0.208841 0
      vertex 45.5 0 0
    endloop
  endfacet
  facet normal 0 0 -1
    outer loop
      vertex 45.5545 19.5859 0
      vertex -10 31 0
      vertex 45.5137 19.7912 0
    endloop
  endfacet
  facet normal 0 0 -1
    outer loop
      vertex 73.2937 -25.0192 0
      vertex 66.3782 -19.3877 0
      vertex 73.5823 -25.0767 0
    endloop
  endfacet
  facet normal 0 0 -1
    outer loop
      vertex 73.861 -25.1713 0
      vertex 66.4863 -0.208841 0
      vertex 66.5 0 0
    endloop
  endfacet
  facet normal 0 0 -1
    outer loop
      vertex 66.2856 -19.2 0
      vertex 73.5823 -25.0767 0
      vertex 66.3782 -19.3877 0
    endloop
  endfacet
  facet normal 0 0 -1
    outer loop
      vertex 73.861 -25.1713 0
      vertex 66.4455 -0.41411 0
      vertex 66.4863 -0.208841 0
    endloop
  endfacet
  facet normal 0 0 -1
    outer loop
      vertex 73.5823 -25.0767 0
      vertex 66.2856 -19.2 0
      vertex 73.861 -25.1713 0
    endloop
  endfacet
  facet normal 0 0 -1
    outer loop
      vertex 73.861 -25.1713 0
      vertex 66.3782 -0.612293 0
      vertex 66.4455 -0.41411 0
    endloop
  endfacet
  facet normal 0 0 -1
    outer loop
      vertex 66.2856 -0.799999 0
      vertex 73.861 -25.1713 0
      vertex 66.2856 -19.2 0
    endloop
  endfacet
  facet normal 0 0 -1
    outer loop
      vertex 73.861 -25.1713 0
      vertex 66.2856 -0.799999 0
      vertex 66.3782 -0.612293 0
    endloop
  endfacet
  facet normal 0 0 -1
    outer loop
      vertex 66.1694 -19.026 0
      vertex 66.2856 -0.799999 0
      vertex 66.2856 -19.2 0
    endloop
  endfacet
  facet normal 0 0 -1
    outer loop
      vertex 66.1694 -19.026 0
      vertex 66.1694 -0.974018 0
      vertex 66.2856 -0.799999 0
    endloop
  endfacet
  facet normal 0 0 -1
    outer loop
      vertex 66.0314 -18.8686 0
      vertex 66.1694 -0.974018 0
      vertex 66.1694 -19.026 0
    endloop
  endfacet
  facet normal 0 0 -1
    outer loop
      vertex 66.0314 -18.8686 0
      vertex 66.0314 -1.13137 0
      vertex 66.1694 -0.974018 0
    endloop
  endfacet
  facet normal 0 0 -1
    outer loop
      vertex 65.874 -18.7306 0
      vertex 66.0314 -1.13137 0
      vertex 66.0314 -18.8686 0
    endloop
  endfacet
  facet normal 0 0 -1
    outer loop
      vertex 65.874 -18.7306 0
      vertex 65.874 -1.26937 0
      vertex 66.0314 -1.13137 0
    endloop
  endfacet
  facet normal 0 0 -1
    outer loop
      vertex 65.7 -18.6144 0
      vertex 65.874 -1.26937 0
      vertex 65.874 -18.7306 0
    endloop
  endfacet
  facet normal 0 0 -1
    outer loop
      vertex 65.7 -18.6144 0
      vertex 65.7 -1.38564 0
      vertex 65.874 -1.26937 0
    endloop
  endfacet
  facet normal 0 0 -1
    outer loop
      vertex 65.5123 -18.5218 0
      vertex 65.7 -1.38564 0
      vertex 65.7 -18.6144 0
    endloop
  endfacet
  facet normal 0 0 -1
    outer loop
      vertex 65.5123 -18.5218 0
      vertex 65.5123 -1.47821 0
      vertex 65.7 -1.38564 0
    endloop
  endfacet
  facet normal 0 0 -1
    outer loop
      vertex 65.3141 -18.4545 0
      vertex 65.5123 -1.47821 0
      vertex 65.5123 -18.5218 0
    endloop
  endfacet
  facet normal 0 0 -1
    outer loop
      vertex 65.3141 -18.4545 0
      vertex 65.3141 -1.54548 0
      vertex 65.5123 -1.47821 0
    endloop
  endfacet
  facet normal 0 0 -1
    outer loop
      vertex 65.1088 -18.4137 0
      vertex 65.3141 -1.54548 0
      vertex 65.3141 -18.4545 0
    endloop
  endfacet
  facet normal 0 0 -1
    outer loop
      vertex 65.1088 -18.4137 0
      vertex 65.1088 -1.58631 0
      vertex 65.3141 -1.54548 0
    endloop
  endfacet
  facet normal 0 0 -1
    outer loop
      vertex 64.9 -18.4 0
      vertex 65.1088 -1.58631 0
      vertex 65.1088 -18.4137 0
    endloop
  endfacet
  facet normal 0 0 -1
    outer loop
      vertex 64.9 -18.4 0
      vertex 64.9 -1.6 0
      vertex 65.1088 -1.58631 0
    endloop
  endfacet
  facet normal 0 0 -1
    outer loop
      vertex 47.1 -18.4 0
      vertex 64.9 -1.6 0
      vertex 64.9 -18.4 0
    endloop
  endfacet
  facet normal 0 0 -1
    outer loop
      vertex 47.1 -18.4 0
      vertex 47.1 -1.6 0
      vertex 64.9 -1.6 0
    endloop
  endfacet
  facet normal 0 0 -1
    outer loop
      vertex 46.8912 -18.4137 0
      vertex 47.1 -1.6 0
      vertex 47.1 -18.4 0
    endloop
  endfacet
  facet normal 0 0 -1
    outer loop
      vertex 46.8912 -18.4137 0
      vertex 46.8912 -1.58631 0
      vertex 47.1 -1.6 0
    endloop
  endfacet
  facet normal 0 0 -1
    outer loop
      vertex 46.6859 -18.4545 0
      vertex 46.8912 -1.58631 0
      vertex 46.8912 -18.4137 0
    endloop
  endfacet
  facet normal 0 0 -1
    outer loop
      vertex 46.6859 -18.4545 0
      vertex 46.6859 -1.54548 0
      vertex 46.8912 -1.58631 0
    endloop
  endfacet
  facet normal 0 0 -1
    outer loop
      vertex 46.4877 -18.5218 0
      vertex 46.6859 -1.54548 0
      vertex 46.6859 -18.4545 0
    endloop
  endfacet
  facet normal 0 0 -1
    outer loop
      vertex 46.4877 -18.5218 0
      vertex 46.4877 -1.47821 0
      vertex 46.6859 -1.54548 0
    endloop
  endfacet
  facet normal 0 0 -1
    outer loop
      vertex 46.3 -18.6144 0
      vertex 46.4877 -1.47821 0
      vertex 46.4877 -18.5218 0
    endloop
  endfacet
  facet normal 0 0 -1
    outer loop
      vertex 46.3 -18.6144 0
      vertex 46.3 -1.38564 0
      vertex 46.4877 -1.47821 0
    endloop
  endfacet
  facet normal 0 0 -1
    outer loop
      vertex 46.126 -18.7306 0
      vertex 46.3 -1.38564 0
      vertex 46.3 -18.6144 0
    endloop
  endfacet
  facet normal 0 0 -1
    outer loop
      vertex 46.126 -18.7306 0
      vertex 46.126 -1.26937 0
      vertex 46.3 -1.38564 0
    endloop
  endfacet
  facet normal 0 0 -1
    outer loop
      vertex 45.9686 -18.8686 0
      vertex 46.126 -1.26937 0
      vertex 46.126 -18.7306 0
    endloop
  endfacet
  facet normal 0 0 -1
    outer loop
      vertex 45.9686 -18.8686 0
      vertex 45.9686 -1.13137 0
      vertex 46.126 -1.26937 0
    endloop
  endfacet
  facet normal 0 0 -1
    outer loop
      vertex 45.8306 -19.026 0
      vertex 45.9686 -1.13137 0
      vertex 45.9686 -18.8686 0
    endloop
  endfacet
  facet normal 0 0 -1
    outer loop
      vertex 45.8306 -19.026 0
      vertex 45.8306 -0.974018 0
      vertex 45.9686 -1.13137 0
    endloop
  endfacet
  facet normal 0 0 -1
    outer loop
      vertex 45.7144 -19.2 0
      vertex 45.8306 -0.974018 0
      vertex 45.8306 -19.026 0
    endloop
  endfacet
  facet normal 0 0 -1
    outer loop
      vertex 45.7144 -19.2 0
      vertex 45.7144 -0.799999 0
      vertex 45.8306 -0.974018 0
    endloop
  endfacet
  facet normal 0 0 -1
    outer loop
      vertex 45.6218 -19.3877 0
      vertex 45.7144 -0.799999 0
      vertex 45.7144 -19.2 0
    endloop
  endfacet
  facet normal 0 0 -1
    outer loop
      vertex 45.6218 -19.3877 0
      vertex 45.6218 -0.612293 0
      vertex 45.7144 -0.799999 0
    endloop
  endfacet
  facet normal 0 0 -1
    outer loop
      vertex 45.5545 -19.5859 0
      vertex 45.6218 -0.612293 0
      vertex 45.6218 -19.3877 0
    endloop
  endfacet
  facet normal 0 0 -1
    outer loop
      vertex 45.5545 -19.5859 0
      vertex 45.5545 -0.41411 0
      vertex 45.6218 -0.612293 0
    endloop
  endfacet
  facet normal -0 0 -1
    outer loop
      vertex 45.5137 -20.2088 0
      vertex -10.0681 -30.4824 0
      vertex 45.5 -20 0
    endloop
  endfacet
  facet normal 0 0 -1
    outer loop
      vertex -10.1522 -30.2346 0
      vertex 45.5 -20 0
      vertex -10.0681 -30.4824 0
    endloop
  endfacet
  facet normal 0 0 -1
    outer loop
      vertex -10.0681 -30.4824 0
      vertex 45.5137 -20.2088 0
      vertex -10.0171 -30.7389 0
    endloop
  endfacet
  facet normal -0 0 -1
    outer loop
      vertex 45.5 -20 0
      vertex -10.1522 -30.2346 0
      vertex 45.5137 -19.7912 0
    endloop
  endfacet
  facet normal 0 0 -1
    outer loop
      vertex 75.0787 -26.389 0
      vertex 84 -34 0
      vertex 75.1733 -26.6677 0
    endloop
  endfacet
  facet normal 0 0 -1
    outer loop
      vertex 84 34 0
      vertex 75.2308 26.9563 0
      vertex 75.25 27.25 0
    endloop
  endfacet
  facet normal 0 0 -1
    outer loop
      vertex 74.9486 -26.125 0
      vertex 84 -34 0
      vertex 75.0787 -26.389 0
    endloop
  endfacet
  facet normal 0 0 -1
    outer loop
      vertex 84 34 0
      vertex 75.1733 26.6677 0
      vertex 75.2308 26.9563 0
    endloop
  endfacet
  facet normal 0 0 -1
    outer loop
      vertex 74.785 -25.8803 0
      vertex 84 -34 0
      vertex 74.9486 -26.125 0
    endloop
  endfacet
  facet normal 0 0 -1
    outer loop
      vertex 84 34 0
      vertex 75.0787 26.389 0
      vertex 75.1733 26.6677 0
    endloop
  endfacet
  facet normal 0 0 -1
    outer loop
      vertex 66.5 0 0
      vertex 84 -34 0
      vertex 74.785 -25.8803 0
    endloop
  endfacet
  facet normal 0 0 -1
    outer loop
      vertex 84 34 0
      vertex 74.9486 26.125 0
      vertex 75.0787 26.389 0
    endloop
  endfacet
  facet normal 0 0 -1
    outer loop
      vertex 84 -34 0
      vertex 66.5 0 0
      vertex 84 34 0
    endloop
  endfacet
  facet normal 0 0 -1
    outer loop
      vertex 84 34 0
      vertex 74.785 25.8803 0
      vertex 74.9486 26.125 0
    endloop
  endfacet
  facet normal 0 0 -1
    outer loop
      vertex 66.5 0 0
      vertex 74.785 -25.8803 0
      vertex 74.591 -25.659 0
    endloop
  endfacet
  facet normal 0 0 -1
    outer loop
      vertex 84 34 0
      vertex 66.5 0 0
      vertex 74.785 25.8803 0
    endloop
  endfacet
  facet normal 0 0 -1
    outer loop
      vertex 66.5 0 0
      vertex 74.591 -25.659 0
      vertex 74.3697 -25.465 0
    endloop
  endfacet
  facet normal 0 0 -1
    outer loop
      vertex 66.4863 0.208841 0
      vertex 74.785 25.8803 0
      vertex 66.5 0 0
    endloop
  endfacet
  facet normal 0 0 -1
    outer loop
      vertex 66.5 0 0
      vertex 74.3697 -25.465 0
      vertex 74.125 -25.3014 0
    endloop
  endfacet
  facet normal 0 0 -1
    outer loop
      vertex 74.785 25.8803 0
      vertex 66.4863 0.208841 0
      vertex 74.591 25.659 0
    endloop
  endfacet
  facet normal 0 0 -1
    outer loop
      vertex 66.5 0 0
      vertex 74.125 -25.3014 0
      vertex 73.861 -25.1713 0
    endloop
  endfacet
  facet normal 0 0 -1
    outer loop
      vertex 66.4455 0.41411 0
      vertex 74.591 25.659 0
      vertex 66.4863 0.208841 0
    endloop
  endfacet
  facet normal 0 0 -1
    outer loop
      vertex 73 -25 0
      vertex 66.4455 -19.5859 0
      vertex 73.2937 -25.0192 0
    endloop
  endfacet
  facet normal 0 0 -1
    outer loop
      vertex 74.591 25.659 0
      vertex 66.4455 0.41411 0
      vertex 74.3697 25.465 0
    endloop
  endfacet
  facet normal 0 0 -1
    outer loop
      vertex 66.4455 -19.5859 0
      vertex 73 -25 0
      vertex 66.4863 -19.7912 0
    endloop
  endfacet
  facet normal 0 0 -1
    outer loop
      vertex 66.3782 0.612293 0
      vertex 74.3697 25.465 0
      vertex 66.4455 0.41411 0
    endloop
  endfacet
  facet normal 0 0 -1
    outer loop
      vertex 72.7063 -25.0192 0
      vertex 66.4863 -19.7912 0
      vertex 73 -25 0
    endloop
  endfacet
  facet normal 0 0 -1
    outer loop
      vertex 73.861 25.1713 0
      vertex 66.5 20 0
      vertex 73.5823 25.0767 0
    endloop
  endfacet
  facet normal 0 0 -1
    outer loop
      vertex 66.4863 -19.7912 0
      vertex 72.7063 -25.0192 0
      vertex 66.5 -20 0
    endloop
  endfacet
  facet normal 0 0 -1
    outer loop
      vertex 73.5823 25.0767 0
      vertex 66.5 20 0
      vertex 73.2937 25.0192 0
    endloop
  endfacet
  facet normal 0 0 -1
    outer loop
      vertex 66.5 -20 0
      vertex 72.7063 -25.0192 0
      vertex 72.4177 -25.0767 0
    endloop
  endfacet
  facet normal 0 0 -1
    outer loop
      vertex 73.2937 25.0192 0
      vertex 66.5 20 0
      vertex 73 25 0
    endloop
  endfacet
  facet normal 0 0 -1
    outer loop
      vertex 66.4863 -20.2088 0
      vertex 72.4177 -25.0767 0
      vertex 72.139 -25.1713 0
    endloop
  endfacet
  facet normal -0 0 -1
    outer loop
      vertex 73 25 0
      vertex 66.5 20 0
      vertex 72.7063 25.0192 0
    endloop
  endfacet
  facet normal 0 0 -1
    outer loop
      vertex 66.4455 -20.4141 0
      vertex 72.139 -25.1713 0
      vertex 71.875 -25.3014 0
    endloop
  endfacet
  facet normal -0 0 -1
    outer loop
      vertex 72.7063 25.0192 0
      vertex 66.5 20 0
      vertex 72.4177 25.0767 0
    endloop
  endfacet
  facet normal 0 0 -1
    outer loop
      vertex 66.3782 -20.6123 0
      vertex 71.875 -25.3014 0
      vertex 71.6303 -25.465 0
    endloop
  endfacet
  facet normal 0 0 -1
    outer loop
      vertex 66.4863 20.2088 0
      vertex 72.4177 25.0767 0
      vertex 66.5 20 0
    endloop
  endfacet
  facet normal 0 0 -1
    outer loop
      vertex 66.2856 -20.8 0
      vertex 71.6303 -25.465 0
      vertex 71.409 -25.659 0
    endloop
  endfacet
  facet normal -0 0 -1
    outer loop
      vertex 72.4177 25.0767 0
      vertex 66.4863 20.2088 0
      vertex 72.139 25.1713 0
    endloop
  endfacet
  facet normal 0 0 -1
    outer loop
      vertex 66.0314 -21.1314 0
      vertex 71.409 -25.659 0
      vertex 71.215 -25.8803 0
    endloop
  endfacet
  facet normal 0 0 -1
    outer loop
      vertex 66.4455 20.4141 0
      vertex 72.139 25.1713 0
      vertex 66.4863 20.2088 0
    endloop
  endfacet
  facet normal 0 0 -1
    outer loop
      vertex 65.874 -21.2694 0
      vertex 71.215 -25.8803 0
      vertex 71.0514 -26.125 0
    endloop
  endfacet
  facet normal -0 0 -1
    outer loop
      vertex 72.139 25.1713 0
      vertex 66.4455 20.4141 0
      vertex 71.875 25.3014 0
    endloop
  endfacet
  facet normal 0 0 -1
    outer loop
      vertex 65.7 -21.3856 0
      vertex 71.0514 -26.125 0
      vertex 70.9213 -26.389 0
    endloop
  endfacet
  facet normal 0 0 -1
    outer loop
      vertex 66.3782 20.6123 0
      vertex 71.875 25.3014 0
      vertex 66.4455 20.4141 0
    endloop
  endfacet
  facet normal 0 0 -1
    outer loop
      vertex 65.5123 -21.4782 0
      vertex 70.9213 -26.389 0
      vertex 70.8267 -26.6677 0
    endloop
  endfacet
  facet normal -0 0 -1
    outer loop
      vertex 71.875 25.3014 0
      vertex 66.3782 20.6123 0
      vertex 71.6303 25.465 0
    endloop
  endfacet
  facet normal 0 0 -1
    outer loop
      vertex 65.3141 -21.5455 0
      vertex 70.8267 -26.6677 0
      vertex 70.7692 -26.9563 0
    endloop
  endfacet
  facet normal 0 0 -1
    outer loop
      vertex 66.2856 20.8 0
      vertex 71.6303 25.465 0
      vertex 66.3782 20.6123 0
    endloop
  endfacet
  facet normal 0 0 -1
    outer loop
      vertex 65.1088 -21.5863 0
      vertex 70.7692 -26.9563 0
      vertex 70.75 -27.25 0
    endloop
  endfacet
  facet normal -0 0 -1
    outer loop
      vertex 71.6303 25.465 0
      vertex 66.2856 20.8 0
      vertex 71.409 25.659 0
    endloop
  endfacet
  facet normal 0 0 -1
    outer loop
      vertex 80 -38 0
      vertex 84 -34 0
      vertex 83.9658 -34.5221 0
    endloop
  endfacet
  facet normal 0 0 -1
    outer loop
      vertex 75.2308 -26.9563 0
      vertex 84 -34 0
      vertex 75.25 -27.25 0
    endloop
  endfacet
  facet normal 0 0 -1
    outer loop
      vertex 80 -38 0
      vertex 83.9658 -34.5221 0
      vertex 83.8637 -35.0353 0
    endloop
  endfacet
  facet normal 0 0 -1
    outer loop
      vertex 75.1733 -26.6677 0
      vertex 84 -34 0
      vertex 75.2308 -26.9563 0
    endloop
  endfacet
  facet normal 0 0 -1
    outer loop
      vertex 80 -38 0
      vertex 83.8637 -35.0353 0
      vertex 83.6955 -35.5307 0
    endloop
  endfacet
  facet normal 0 0 -1
    outer loop
      vertex 75.25 34.75 0
      vertex 84 34 0
      vertex 75.25 27.25 0
    endloop
  endfacet
  facet normal 0 0 -1
    outer loop
      vertex 80 -38 0
      vertex 83.6955 -35.5307 0
      vertex 83.4641 -36 0
    endloop
  endfacet
  facet normal 0 -0 -1
    outer loop
      vertex 80 38 0
      vertex 84 34 0
      vertex 75.25 34.75 0
    endloop
  endfacet
  facet normal 0 0 -1
    outer loop
      vertex 80 -38 0
      vertex 83.4641 -36 0
      vertex 83.1734 -36.435 0
    endloop
  endfacet
  facet normal 0 0 -1
    outer loop
      vertex 84 34 0
      vertex 80 38 0
      vertex 83.9658 34.5221 0
    endloop
  endfacet
  facet normal 0 0 -1
    outer loop
      vertex 80 -38 0
      vertex 83.1734 -36.435 0
      vertex 82.8284 -36.8284 0
    endloop
  endfacet
  facet normal 0 0 -1
    outer loop
      vertex 83.9658 34.5221 0
      vertex 80 38 0
      vertex 83.8637 35.0353 0
    endloop
  endfacet
  facet normal 0 0 -1
    outer loop
      vertex 80 -38 0
      vertex 82.8284 -36.8284 0
      vertex 82.435 -37.1734 0
    endloop
  endfacet
  facet normal 0 0 -1
    outer loop
      vertex 83.8637 35.0353 0
      vertex 80 38 0
      vertex 83.6955 35.5307 0
    endloop
  endfacet
  facet normal 0 0 -1
    outer loop
      vertex 80 -38 0
      vertex 82.435 -37.1734 0
      vertex 82 -37.4641 0
    endloop
  endfacet
  facet normal 0 0 -1
    outer loop
      vertex 83.6955 35.5307 0
      vertex 80 38 0
      vertex 83.4641 36 0
    endloop
  endfacet
  facet normal 0 0 -1
    outer loop
      vertex 80 -38 0
      vertex 82 -37.4641 0
      vertex 81.5307 -37.6955 0
    endloop
  endfacet
  facet normal 0 0 -1
    outer loop
      vertex 83.4641 36 0
      vertex 80 38 0
      vertex 83.1734 36.435 0
    endloop
  endfacet
  facet normal 0 0 -1
    outer loop
      vertex 80 -38 0
      vertex 81.5307 -37.6955 0
      vertex 81.0353 -37.8637 0
    endloop
  endfacet
  facet normal 0 0 -1
    outer loop
      vertex 83.1734 36.435 0
      vertex 80 38 0
      vertex 82.8284 36.8284 0
    endloop
  endfacet
  facet normal 0 0 -1
    outer loop
      vertex 80 -38 0
      vertex 81.0353 -37.8637 0
      vertex 80.5221 -37.9658 0
    endloop
  endfacet
  facet normal 0 0 -1
    outer loop
      vertex 82.8284 36.8284 0
      vertex 80 38 0
      vertex 82.435 37.1734 0
    endloop
  endfacet
  facet normal 0 0 -1
    outer loop
      vertex 84 -34 0
      vertex 80 -38 0
      vertex 75.25 -34.75 0
    endloop
  endfacet
  facet normal 0 0 -1
    outer loop
      vertex 82.435 37.1734 0
      vertex 80 38 0
      vertex 82 37.4641 0
    endloop
  endfacet
  facet normal -0 0 -1
    outer loop
      vertex 84 -34 0
      vertex 75.25 -34.75 0
      vertex 75.25 -27.25 0
    endloop
  endfacet
  facet normal 0 0 -1
    outer loop
      vertex 80 -38 0
      vertex 75.2308 -35.0437 0
      vertex 75.25 -34.75 0
    endloop
  endfacet
  facet normal 0 0 -1
    outer loop
      vertex 80 -38 0
      vertex 75.1733 -35.3323 0
      vertex 75.2308 -35.0437 0
    endloop
  endfacet
  facet normal 0 0 -1
    outer loop
      vertex 80 -38 0
      vertex 75.0787 -35.611 0
      vertex 75.1733 -35.3323 0
    endloop
  endfacet
  facet normal 0 0 -1
    outer loop
      vertex 80 -38 0
      vertex 74.9486 -35.875 0
      vertex 75.0787 -35.611 0
    endloop
  endfacet
  facet normal 0 0 -1
    outer loop
      vertex 80 -38 0
      vertex 74.785 -36.1197 0
      vertex 74.9486 -35.875 0
    endloop
  endfacet
  facet normal 0 0 -1
    outer loop
      vertex 80 -38 0
      vertex 74.591 -36.341 0
      vertex 74.785 -36.1197 0
    endloop
  endfacet
  facet normal 0 0 -1
    outer loop
      vertex 80 -38 0
      vertex 74.3697 -36.535 0
      vertex 74.591 -36.341 0
    endloop
  endfacet
  facet normal 0 0 -1
    outer loop
      vertex 80 -38 0
      vertex 74.125 -36.6986 0
      vertex 74.3697 -36.535 0
    endloop
  endfacet
  facet normal 0 0 -1
    outer loop
      vertex 80 -38 0
      vertex 73.861 -36.8287 0
      vertex 74.125 -36.6986 0
    endloop
  endfacet
  facet normal 0 0 -1
    outer loop
      vertex 80 -38 0
      vertex 73.5823 -36.9233 0
      vertex 73.861 -36.8287 0
    endloop
  endfacet
  facet normal 0 0 -1
    outer loop
      vertex 80 -38 0
      vertex 73.2937 -36.9808 0
      vertex 73.5823 -36.9233 0
    endloop
  endfacet
  facet normal 0 0 -1
    outer loop
      vertex 80 -38 0
      vertex 73 -37 0
      vertex 73.2937 -36.9808 0
    endloop
  endfacet
  facet normal 0 0 -1
    outer loop
      vertex 80 -38 0
      vertex 72.7063 -36.9808 0
      vertex 73 -37 0
    endloop
  endfacet
  facet normal 0 0 -1
    outer loop
      vertex 64.9 -21.6 0
      vertex 70.75 -27.25 0
      vertex 70.75 -34.75 0
    endloop
  endfacet
  facet normal 0 0 -1
    outer loop
      vertex 66.1694 20.974 0
      vertex 71.409 25.659 0
      vertex 66.2856 20.8 0
    endloop
  endfacet
  facet normal 0 0 -1
    outer loop
      vertex 66.3782 -19.3877 0
      vertex 73.2937 -25.0192 0
      vertex 66.4455 -19.5859 0
    endloop
  endfacet
  facet normal 0 0 -1
    outer loop
      vertex 47.1 -21.6 0
      vertex 70.75 -34.75 0
      vertex 70.7692 -35.0437 0
    endloop
  endfacet
  facet normal 0 0 -1
    outer loop
      vertex 47.1 -21.6 0
      vertex 70.7692 -35.0437 0
      vertex 70.8267 -35.3323 0
    endloop
  endfacet
  facet normal 0 0 -1
    outer loop
      vertex 72.4177 -25.0767 0
      vertex 66.4863 -20.2088 0
      vertex 66.5 -20 0
    endloop
  endfacet
  facet normal 0 0 -1
    outer loop
      vertex 72.139 -25.1713 0
      vertex 66.4455 -20.4141 0
      vertex 66.4863 -20.2088 0
    endloop
  endfacet
  facet normal 0 0 -1
    outer loop
      vertex 71.875 -25.3014 0
      vertex 66.3782 -20.6123 0
      vertex 66.4455 -20.4141 0
    endloop
  endfacet
  facet normal 0 0 -1
    outer loop
      vertex 71.6303 -25.465 0
      vertex 66.2856 -20.8 0
      vertex 66.3782 -20.6123 0
    endloop
  endfacet
  facet normal 0 0 -1
    outer loop
      vertex 71.409 -25.659 0
      vertex 66.1694 -20.974 0
      vertex 66.2856 -20.8 0
    endloop
  endfacet
  facet normal 0 0 -1
    outer loop
      vertex 71.409 -25.659 0
      vertex 66.0314 -21.1314 0
      vertex 66.1694 -20.974 0
    endloop
  endfacet
  facet normal 0 0 -1
    outer loop
      vertex 71.215 -25.8803 0
      vertex 65.874 -21.2694 0
      vertex 66.0314 -21.1314 0
    endloop
  endfacet
  facet normal 0 0 -1
    outer loop
      vertex 47.1 -21.6 0
      vertex 70.8267 -35.3323 0
      vertex 70.9213 -35.611 0
    endloop
  endfacet
  facet normal 0 0 -1
    outer loop
      vertex 71.0514 -26.125 0
      vertex 65.7 -21.3856 0
      vertex 65.874 -21.2694 0
    endloop
  endfacet
  facet normal 0 0 -1
    outer loop
      vertex 70.9213 -26.389 0
      vertex 65.5123 -21.4782 0
      vertex 65.7 -21.3856 0
    endloop
  endfacet
  facet normal 0 0 -1
    outer loop
      vertex 70.8267 -26.6677 0
      vertex 65.3141 -21.5455 0
      vertex 65.5123 -21.4782 0
    endloop
  endfacet
  facet normal 0 0 -1
    outer loop
      vertex 70.7692 -26.9563 0
      vertex 65.1088 -21.5863 0
      vertex 65.3141 -21.5455 0
    endloop
  endfacet
  facet normal 0 0 -1
    outer loop
      vertex 70.75 -27.25 0
      vertex 64.9 -21.6 0
      vertex 65.1088 -21.5863 0
    endloop
  endfacet
  facet normal 0 0 -1
    outer loop
      vertex 70.75 -34.75 0
      vertex 47.1 -21.6 0
      vertex 64.9 -21.6 0
    endloop
  endfacet
  facet normal 0 0 -1
    outer loop
      vertex 71.0514 -35.875 0
      vertex 47.1 -21.6 0
      vertex 70.9213 -35.611 0
    endloop
  endfacet
  facet normal 0 0 -1
    outer loop
      vertex 46.8912 -21.5863 0
      vertex 71.0514 -35.875 0
      vertex 71.215 -36.1197 0
    endloop
  endfacet
  facet normal 0 0 -1
    outer loop
      vertex 46.6859 -21.5455 0
      vertex 71.215 -36.1197 0
      vertex 71.409 -36.341 0
    endloop
  endfacet
  facet normal 0 0 -1
    outer loop
      vertex -10.7825 -32.5867 0
      vertex 71.409 -36.341 0
      vertex 71.6303 -36.535 0
    endloop
  endfacet
  facet normal 0 0 -1
    outer loop
      vertex -11 -32.732 0
      vertex 71.6303 -36.535 0
      vertex 71.875 -36.6986 0
    endloop
  endfacet
  facet normal 0 0 -1
    outer loop
      vertex 71.0514 -35.875 0
      vertex 46.8912 -21.5863 0
      vertex 47.1 -21.6 0
    endloop
  endfacet
  facet normal 0 0 -1
    outer loop
      vertex 71.215 -36.1197 0
      vertex 46.6859 -21.5455 0
      vertex 46.8912 -21.5863 0
    endloop
  endfacet
  facet normal 0 0 -1
    outer loop
      vertex 71.409 -36.341 0
      vertex -10.7825 -32.5867 0
      vertex 46.6859 -21.5455 0
    endloop
  endfacet
  facet normal -0 0 -1
    outer loop
      vertex 46.6859 -21.5455 0
      vertex -10.7825 -32.5867 0
      vertex 46.4877 -21.4782 0
    endloop
  endfacet
  facet normal 0 0 -1
    outer loop
      vertex -10.2679 -30 0
      vertex 45.5137 -19.7912 0
      vertex -10.1522 -30.2346 0
    endloop
  endfacet
  facet normal -0 0 -1
    outer loop
      vertex 45.5137 -19.7912 0
      vertex -10.2679 -30 0
      vertex 45.5545 -19.5859 0
    endloop
  endfacet
  facet normal -0 0 -1
    outer loop
      vertex 45.5545 -20.4141 0
      vertex -10.0171 -30.7389 0
      vertex 45.5137 -20.2088 0
    endloop
  endfacet
  facet normal 0 0 -1
    outer loop
      vertex -10.0171 -30.7389 0
      vertex 45.5545 -20.4141 0
      vertex -10 -31 0
    endloop
  endfacet
  facet normal -0 0 -1
    outer loop
      vertex 45.6218 -20.6123 0
      vertex -10 -31 0
      vertex 45.5545 -20.4141 0
    endloop
  endfacet
  facet normal 0 0 -1
    outer loop
      vertex -10.0171 -31.2611 0
      vertex 45.6218 -20.6123 0
      vertex 45.7144 -20.8 0
    endloop
  endfacet
  facet normal 0 0 -1
    outer loop
      vertex -10.0681 -31.5176 0
      vertex 45.7144 -20.8 0
      vertex 45.8306 -20.974 0
    endloop
  endfacet
  facet normal 0 0 -1
    outer loop
      vertex -10.1522 -31.7654 0
      vertex 45.8306 -20.974 0
      vertex 45.9686 -21.1314 0
    endloop
  endfacet
  facet normal 0 0 -1
    outer loop
      vertex -10.2679 -32 0
      vertex 45.9686 -21.1314 0
      vertex 46.126 -21.2694 0
    endloop
  endfacet
  facet normal 0 0 -1
    outer loop
      vertex -10.4133 -32.2175 0
      vertex 46.126 -21.2694 0
      vertex 46.3 -21.3856 0
    endloop
  endfacet
  facet normal 0 -0 -1
    outer loop
      vertex -10.5858 -32.4142 0
      vertex 46.4877 -21.4782 0
      vertex -10.7825 -32.5867 0
    endloop
  endfacet
  facet normal 0 0 -1
    outer loop
      vertex -11.2346 -32.8478 0
      vertex 71.875 -36.6986 0
      vertex 72.139 -36.8287 0
    endloop
  endfacet
  facet normal 0 0 -1
    outer loop
      vertex -11.4824 -32.9319 0
      vertex 72.139 -36.8287 0
      vertex 72.4177 -36.9233 0
    endloop
  endfacet
  facet normal 0 0 -1
    outer loop
      vertex -11.7389 -32.9829 0
      vertex 72.4177 -36.9233 0
      vertex 72.7063 -36.9808 0
    endloop
  endfacet
  facet normal 0 0 -1
    outer loop
      vertex -12 -33 0
      vertex 72.7063 -36.9808 0
      vertex 80 -38 0
    endloop
  endfacet
  facet normal 0 0 -1
    outer loop
      vertex 45.6218 -20.6123 0
      vertex -10.0171 -31.2611 0
      vertex -10 -31 0
    endloop
  endfacet
  facet normal 0 0 -1
    outer loop
      vertex 45.7144 -20.8 0
      vertex -10.0681 -31.5176 0
      vertex -10.0171 -31.2611 0
    endloop
  endfacet
  facet normal 0 0 -1
    outer loop
      vertex 45.8306 -20.974 0
      vertex -10.1522 -31.7654 0
      vertex -10.0681 -31.5176 0
    endloop
  endfacet
  facet normal 0 0 -1
    outer loop
      vertex 45.9686 -21.1314 0
      vertex -10.2679 -32 0
      vertex -10.1522 -31.7654 0
    endloop
  endfacet
  facet normal 0 0 -1
    outer loop
      vertex 46.126 -21.2694 0
      vertex -10.4133 -32.2175 0
      vertex -10.2679 -32 0
    endloop
  endfacet
  facet normal 0 0 -1
    outer loop
      vertex 46.3 -21.3856 0
      vertex -10.5858 -32.4142 0
      vertex -10.4133 -32.2175 0
    endloop
  endfacet
  facet normal -0 0 -1
    outer loop
      vertex 46.4877 -21.4782 0
      vertex -10.5858 -32.4142 0
      vertex 46.3 -21.3856 0
    endloop
  endfacet
  facet normal 0 0 -1
    outer loop
      vertex 71.6303 -36.535 0
      vertex -11 -32.732 0
      vertex -10.7825 -32.5867 0
    endloop
  endfacet
  facet normal 0 0 -1
    outer loop
      vertex 71.875 -36.6986 0
      vertex -11.2346 -32.8478 0
      vertex -11 -32.732 0
    endloop
  endfacet
  facet normal 0 0 -1
    outer loop
      vertex 72.139 -36.8287 0
      vertex -11.4824 -32.9319 0
      vertex -11.2346 -32.8478 0
    endloop
  endfacet
  facet normal 0 0 -1
    outer loop
      vertex 72.4177 -36.9233 0
      vertex -11.7389 -32.9829 0
      vertex -11.4824 -32.9319 0
    endloop
  endfacet
  facet normal 0 0 -1
    outer loop
      vertex 72.7063 -36.9808 0
      vertex -12 -33 0
      vertex -11.7389 -32.9829 0
    endloop
  endfacet
  facet normal 0 0 -1
    outer loop
      vertex -80 -38 0
      vertex -12 -33 0
      vertex 80 -38 0
    endloop
  endfacet
  facet normal 0 0 -1
    outer loop
      vertex -35 16.732 0
      vertex -28.7654 29.1522 0
      vertex -34.7825 16.5867 0
    endloop
  endfacet
  facet normal 0 0 -1
    outer loop
      vertex -53 -31 0
      vertex -30 -31 0
      vertex -29.9829 -31.2611 0
    endloop
  endfacet
  facet normal 0 0 -1
    outer loop
      vertex -53.0171 -31.2611 0
      vertex -29.9829 -31.2611 0
      vertex -29.9319 -31.5176 0
    endloop
  endfacet
  facet normal 0 0 -1
    outer loop
      vertex -29.9829 -30.7389 0
      vertex -34.0171 -15.2611 0
      vertex -34 -15 0
    endloop
  endfacet
  facet normal 0 0 -1
    outer loop
      vertex -29.9829 -30.7389 0
      vertex -34.0681 -15.5176 0
      vertex -34.0171 -15.2611 0
    endloop
  endfacet
  facet normal 0 0 -1
    outer loop
      vertex -29.9829 -30.7389 0
      vertex -34.1522 -15.7654 0
      vertex -34.0681 -15.5176 0
    endloop
  endfacet
  facet normal 0 0 -1
    outer loop
      vertex -29.9829 -30.7389 0
      vertex -34.2679 -16 0
      vertex -34.1522 -15.7654 0
    endloop
  endfacet
  facet normal 0 0 -1
    outer loop
      vertex -29.9829 -30.7389 0
      vertex -34.4133 -16.2175 0
      vertex -34.2679 -16 0
    endloop
  endfacet
  facet normal 0 0 -1
    outer loop
      vertex -29.9829 -30.7389 0
      vertex -34.5858 -16.4142 0
      vertex -34.4133 -16.2175 0
    endloop
  endfacet
  facet normal 0 0 -1
    outer loop
      vertex -29.9829 -30.7389 0
      vertex -34.7825 -16.5867 0
      vertex -34.5858 -16.4142 0
    endloop
  endfacet
  facet normal 0 0 -1
    outer loop
      vertex -29.9829 -30.7389 0
      vertex -35 -16.732 0
      vertex -34.7825 -16.5867 0
    endloop
  endfacet
  facet normal 0 0 -1
    outer loop
      vertex -53.0681 -31.5176 0
      vertex -29.9319 -31.5176 0
      vertex -29.8478 -31.7654 0
    endloop
  endfacet
  facet normal 0 0 -1
    outer loop
      vertex -29.9829 -30.7389 0
      vertex -35.2346 -16.8478 0
      vertex -35 -16.732 0
    endloop
  endfacet
  facet normal 0 0 -1
    outer loop
      vertex -29.9829 -30.7389 0
      vertex -35.4824 -16.9319 0
      vertex -35.2346 -16.8478 0
    endloop
  endfacet
  facet normal 0 0 -1
    outer loop
      vertex -29.9829 -30.7389 0
      vertex -35.7389 -16.9829 0
      vertex -35.4824 -16.9319 0
    endloop
  endfacet
  facet normal 0 0 -1
    outer loop
      vertex -29.9829 -30.7389 0
      vertex -36 -17 0
      vertex -35.7389 -16.9829 0
    endloop
  endfacet
  facet normal 0 0 -1
    outer loop
      vertex -29.9829 -30.7389 0
      vertex -36.2611 -16.9829 0
      vertex -36 -17 0
    endloop
  endfacet
  facet normal 0 0 -1
    outer loop
      vertex -29.9829 -30.7389 0
      vertex -36.5176 -16.9319 0
      vertex -36.2611 -16.9829 0
    endloop
  endfacet
  facet normal 0 0 -1
    outer loop
      vertex -29.9829 -30.7389 0
      vertex -36.7654 -16.8478 0
      vertex -36.5176 -16.9319 0
    endloop
  endfacet
  facet normal 0 0 -1
    outer loop
      vertex -53.0171 -30.7389 0
      vertex -29.9829 -30.7389 0
      vertex -53 -31 0
    endloop
  endfacet
  facet normal 0 0 -1
    outer loop
      vertex -53.0681 -30.4824 0
      vertex -29.9829 -30.7389 0
      vertex -53.0171 -30.7389 0
    endloop
  endfacet
  facet normal 0 0 -1
    outer loop
      vertex -29.9829 -30.7389 0
      vertex -53.0681 -30.4824 0
      vertex -36.7654 -16.8478 0
    endloop
  endfacet
  facet normal -0 0 -1
    outer loop
      vertex -36.7654 -16.8478 0
      vertex -53.0681 -30.4824 0
      vertex -37 -16.732 0
    endloop
  endfacet
  facet normal 0 0 -1
    outer loop
      vertex -53.1522 -31.7654 0
      vertex -29.8478 -31.7654 0
      vertex -29.732 -32 0
    endloop
  endfacet
  facet normal 0 0 -1
    outer loop
      vertex -37.2175 -16.5867 0
      vertex -50.7825 -16.5867 0
      vertex -37.4142 -16.4142 0
    endloop
  endfacet
  facet normal 0 0 -1
    outer loop
      vertex -38 -15 0
      vertex -50 -15 0
      vertex -38 15 0
    endloop
  endfacet
  facet normal 0 0 -1
    outer loop
      vertex -37.9829 -15.2611 0
      vertex -50 -15 0
      vertex -38 -15 0
    endloop
  endfacet
  facet normal 0 0 -1
    outer loop
      vertex -50.0171 -15.2611 0
      vertex -37.9829 -15.2611 0
      vertex -37.9319 -15.5176 0
    endloop
  endfacet
  facet normal 0 0 -1
    outer loop
      vertex -50.0681 -15.5176 0
      vertex -37.9319 -15.5176 0
      vertex -37.8478 -15.7654 0
    endloop
  endfacet
  facet normal 0 0 -1
    outer loop
      vertex -50.1522 -15.7654 0
      vertex -37.8478 -15.7654 0
      vertex -37.732 -16 0
    endloop
  endfacet
  facet normal 0 -0 -1
    outer loop
      vertex -50.5858 -16.4142 0
      vertex -37.4142 -16.4142 0
      vertex -50.7825 -16.5867 0
    endloop
  endfacet
  facet normal 0 0 -1
    outer loop
      vertex -53.2679 -32 0
      vertex -29.732 -32 0
      vertex -29.5867 -32.2175 0
    endloop
  endfacet
  facet normal 0 0 -1
    outer loop
      vertex -53.4133 -32.2175 0
      vertex -29.5867 -32.2175 0
      vertex -29.4142 -32.4142 0
    endloop
  endfacet
  facet normal 0 0 -1
    outer loop
      vertex -53.5858 -32.4142 0
      vertex -29.4142 -32.4142 0
      vertex -29.2175 -32.5867 0
    endloop
  endfacet
  facet normal 0 0 -1
    outer loop
      vertex -37.9829 -15.2611 0
      vertex -50.0171 -15.2611 0
      vertex -50 -15 0
    endloop
  endfacet
  facet normal 0 0 -1
    outer loop
      vertex -37.9319 -15.5176 0
      vertex -50.0681 -15.5176 0
      vertex -50.0171 -15.2611 0
    endloop
  endfacet
  facet normal 0 0 -1
    outer loop
      vertex -37.8478 -15.7654 0
      vertex -50.1522 -15.7654 0
      vertex -50.0681 -15.5176 0
    endloop
  endfacet
  facet normal 0 0 -1
    outer loop
      vertex -37.732 -16 0
      vertex -50.2679 -16 0
      vertex -50.1522 -15.7654 0
    endloop
  endfacet
  facet normal -0 0 -1
    outer loop
      vertex -37.732 -16 0
      vertex -50.4133 -16.2175 0
      vertex -50.2679 -16 0
    endloop
  endfacet
  facet normal 0 0 -1
    outer loop
      vertex -37.5867 -16.2175 0
      vertex -50.4133 -16.2175 0
      vertex -37.732 -16 0
    endloop
  endfacet
  facet normal 0 0 -1
    outer loop
      vertex -37.4142 -16.4142 0
      vertex -50.5858 -16.4142 0
      vertex -37.5867 -16.2175 0
    endloop
  endfacet
  facet normal 0 -0 -1
    outer loop
      vertex -50.4133 -16.2175 0
      vertex -37.5867 -16.2175 0
      vertex -50.5858 -16.4142 0
    endloop
  endfacet
  facet normal 0 0 -1
    outer loop
      vertex -53.1522 -30.2346 0
      vertex -37 -16.732 0
      vertex -53.0681 -30.4824 0
    endloop
  endfacet
  facet normal -0 0 -1
    outer loop
      vertex -37 -16.732 0
      vertex -53.1522 -30.2346 0
      vertex -37.2175 -16.5867 0
    endloop
  endfacet
  facet normal 0 0 -1
    outer loop
      vertex -53.2679 -30 0
      vertex -37.2175 -16.5867 0
      vertex -53.1522 -30.2346 0
    endloop
  endfacet
  facet normal -0 0 -1
    outer loop
      vertex -37.2175 -16.5867 0
      vertex -53.2679 -30 0
      vertex -50.7825 -16.5867 0
    endloop
  endfacet
  facet normal 0 0 -1
    outer loop
      vertex -53.4133 -29.7825 0
      vertex -50.7825 -16.5867 0
      vertex -53.2679 -30 0
    endloop
  endfacet
  facet normal 0 0 -1
    outer loop
      vertex -50.7825 -16.5867 0
      vertex -53.4133 -29.7825 0
      vertex -51 -16.732 0
    endloop
  endfacet
  facet normal 0 0 -1
    outer loop
      vertex -53.5858 -29.5858 0
      vertex -51 -16.732 0
      vertex -53.4133 -29.7825 0
    endloop
  endfacet
  facet normal 0 0 -1
    outer loop
      vertex -51 -16.732 0
      vertex -53.5858 -29.5858 0
      vertex -51.2346 -16.8478 0
    endloop
  endfacet
  facet normal 0 0 -1
    outer loop
      vertex -53.7825 -32.5867 0
      vertex -29.2175 -32.5867 0
      vertex -29 -32.732 0
    endloop
  endfacet
  facet normal 0 0 -1
    outer loop
      vertex -54 -32.732 0
      vertex -29 -32.732 0
      vertex -28.7654 -32.8478 0
    endloop
  endfacet
  facet normal 0 0 -1
    outer loop
      vertex -54.2346 -32.8478 0
      vertex -28.7654 -32.8478 0
      vertex -28.5176 -32.9319 0
    endloop
  endfacet
  facet normal 0 0 -1
    outer loop
      vertex -54.4824 -32.9319 0
      vertex -28.5176 -32.9319 0
      vertex -28.2611 -32.9829 0
    endloop
  endfacet
  facet normal 0 0 -1
    outer loop
      vertex -29.9829 -31.2611 0
      vertex -53.0171 -31.2611 0
      vertex -53 -31 0
    endloop
  endfacet
  facet normal 0 0 -1
    outer loop
      vertex -29.9319 -31.5176 0
      vertex -53.0681 -31.5176 0
      vertex -53.0171 -31.2611 0
    endloop
  endfacet
  facet normal 0 0 -1
    outer loop
      vertex -72.4177 -36.9233 0
      vertex -28.2611 -32.9829 0
      vertex -28 -33 0
    endloop
  endfacet
  facet normal 0 0 -1
    outer loop
      vertex -29.8478 -31.7654 0
      vertex -53.1522 -31.7654 0
      vertex -53.0681 -31.5176 0
    endloop
  endfacet
  facet normal 0 0 -1
    outer loop
      vertex -29.732 -32 0
      vertex -53.2679 -32 0
      vertex -53.1522 -31.7654 0
    endloop
  endfacet
  facet normal -0 0 -1
    outer loop
      vertex -12 -33 0
      vertex -72.7063 -36.9808 0
      vertex -28 -33 0
    endloop
  endfacet
  facet normal 0 0 -1
    outer loop
      vertex -29.5867 -32.2175 0
      vertex -53.4133 -32.2175 0
      vertex -53.2679 -32 0
    endloop
  endfacet
  facet normal 0 0 -1
    outer loop
      vertex -29.4142 -32.4142 0
      vertex -53.5858 -32.4142 0
      vertex -53.4133 -32.2175 0
    endloop
  endfacet
  facet normal 0 0 -1
    outer loop
      vertex -29.2175 -32.5867 0
      vertex -53.7825 -32.5867 0
      vertex -53.5858 -32.4142 0
    endloop
  endfacet
  facet normal 0 0 -1
    outer loop
      vertex -29 -32.732 0
      vertex -54 -32.732 0
      vertex -53.7825 -32.5867 0
    endloop
  endfacet
  facet normal 0 0 -1
    outer loop
      vertex -28.7654 -32.8478 0
      vertex -54.2346 -32.8478 0
      vertex -54 -32.732 0
    endloop
  endfacet
  facet normal 0 0 -1
    outer loop
      vertex -28.5176 -32.9319 0
      vertex -54.4824 -32.9319 0
      vertex -54.2346 -32.8478 0
    endloop
  endfacet
  facet normal 0 0 -1
    outer loop
      vertex -28.2611 -32.9829 0
      vertex -54.7389 -32.9829 0
      vertex -54.4824 -32.9319 0
    endloop
  endfacet
  facet normal -0 0 -1
    outer loop
      vertex -28.2611 -32.9829 0
      vertex -72.4177 -36.9233 0
      vertex -54.7389 -32.9829 0
    endloop
  endfacet
  facet normal 0 -0 -1
    outer loop
      vertex -72.139 -36.8287 0
      vertex -54.7389 -32.9829 0
      vertex -72.4177 -36.9233 0
    endloop
  endfacet
  facet normal 0 0 -1
    outer loop
      vertex -55 -33 0
      vertex -70.7692 -35.0437 0
      vertex -70.75 -34.75 0
    endloop
  endfacet
  facet normal 0 0 -1
    outer loop
      vertex -55 -33 0
      vertex -70.8267 -35.3323 0
      vertex -70.7692 -35.0437 0
    endloop
  endfacet
  facet normal 0 0 -1
    outer loop
      vertex -55 -33 0
      vertex -70.9213 -35.611 0
      vertex -70.8267 -35.3323 0
    endloop
  endfacet
  facet normal 0 0 -1
    outer loop
      vertex -55 -33 0
      vertex -71.0514 -35.875 0
      vertex -70.9213 -35.611 0
    endloop
  endfacet
  facet normal 0 0 -1
    outer loop
      vertex -55 -33 0
      vertex -71.215 -36.1197 0
      vertex -71.0514 -35.875 0
    endloop
  endfacet
  facet normal 0 0 -1
    outer loop
      vertex -55 -33 0
      vertex -71.409 -36.341 0
      vertex -71.215 -36.1197 0
    endloop
  endfacet
  facet normal 0 0 -1
    outer loop
      vertex -55 -33 0
      vertex -71.6303 -36.535 0
      vertex -71.409 -36.341 0
    endloop
  endfacet
  facet normal 0 0 -1
    outer loop
      vertex -55 -33 0
      vertex -71.875 -36.6986 0
      vertex -71.6303 -36.535 0
    endloop
  endfacet
  facet normal 0 0 -1
    outer loop
      vertex -55 -33 0
      vertex -72.139 -36.8287 0
      vertex -71.875 -36.6986 0
    endloop
  endfacet
  facet normal 0 0 -1
    outer loop
      vertex -54.7389 -32.9829 0
      vertex -72.139 -36.8287 0
      vertex -55 -33 0
    endloop
  endfacet
  facet normal 0 0 -1
    outer loop
      vertex -28 -33 0
      vertex -72.7063 -36.9808 0
      vertex -72.4177 -36.9233 0
    endloop
  endfacet
  facet normal 0 0 -1
    outer loop
      vertex -12 -33 0
      vertex -80 -38 0
      vertex -72.7063 -36.9808 0
    endloop
  endfacet
  facet normal 0 0 -1
    outer loop
      vertex -84 -34 0
      vertex -75.25 -27.25 0
      vertex -75.25 -34.75 0
    endloop
  endfacet
  facet normal 0 0 -1
    outer loop
      vertex -75.1733 26.6677 0
      vertex -84 34 0
      vertex -75.2308 26.9563 0
    endloop
  endfacet
  facet normal 0 0 -1
    outer loop
      vertex -84 -34 0
      vertex -75.25 -34.75 0
      vertex -80 -38 0
    endloop
  endfacet
  facet normal -0 0 -1
    outer loop
      vertex -75.2308 -35.0437 0
      vertex -80 -38 0
      vertex -75.25 -34.75 0
    endloop
  endfacet
  facet normal -0 0 -1
    outer loop
      vertex -75.1733 -35.3323 0
      vertex -80 -38 0
      vertex -75.2308 -35.0437 0
    endloop
  endfacet
  facet normal -0 0 -1
    outer loop
      vertex -75.0787 -35.611 0
      vertex -80 -38 0
      vertex -75.1733 -35.3323 0
    endloop
  endfacet
  facet normal -0 0 -1
    outer loop
      vertex -74.9486 -35.875 0
      vertex -80 -38 0
      vertex -75.0787 -35.611 0
    endloop
  endfacet
  facet normal -0 0 -1
    outer loop
      vertex -74.785 -36.1197 0
      vertex -80 -38 0
      vertex -74.9486 -35.875 0
    endloop
  endfacet
  facet normal -0 0 -1
    outer loop
      vertex -74.591 -36.341 0
      vertex -80 -38 0
      vertex -74.785 -36.1197 0
    endloop
  endfacet
  facet normal -0 0 -1
    outer loop
      vertex -74.3697 -36.535 0
      vertex -80 -38 0
      vertex -74.591 -36.341 0
    endloop
  endfacet
  facet normal -0 0 -1
    outer loop
      vertex -74.125 -36.6986 0
      vertex -80 -38 0
      vertex -74.3697 -36.535 0
    endloop
  endfacet
  facet normal -0 0 -1
    outer loop
      vertex -73.861 -36.8287 0
      vertex -80 -38 0
      vertex -74.125 -36.6986 0
    endloop
  endfacet
  facet normal -0 0 -1
    outer loop
      vertex -73.5823 -36.9233 0
      vertex -80 -38 0
      vertex -73.861 -36.8287 0
    endloop
  endfacet
  facet normal -0 0 -1
    outer loop
      vertex -73.2937 -36.9808 0
      vertex -80 -38 0
      vertex -73.5823 -36.9233 0
    endloop
  endfacet
  facet normal -0 0 -1
    outer loop
      vertex -73 -37 0
      vertex -80 -38 0
      vertex -73.2937 -36.9808 0
    endloop
  endfacet
  facet normal 0 0 -1
    outer loop
      vertex -72.7063 -36.9808 0
      vertex -80 -38 0
      vertex -73 -37 0
    endloop
  endfacet
  facet normal 0 0 -1
    outer loop
      vertex 82 37.4641 0
      vertex 80 38 0
      vertex 81.5307 37.6955 0
    endloop
  endfacet
  facet normal 0 0 -1
    outer loop
      vertex 81.5307 37.6955 0
      vertex 80 38 0
      vertex 81.0353 37.8637 0
    endloop
  endfacet
  facet normal 0 0 -1
    outer loop
      vertex 81.0353 37.8637 0
      vertex 80 38 0
      vertex 80.5221 37.9658 0
    endloop
  endfacet
  facet normal 0 0 -1
    outer loop
      vertex 75.2308 35.0437 0
      vertex 80 38 0
      vertex 75.25 34.75 0
    endloop
  endfacet
  facet normal 0 0 -1
    outer loop
      vertex 75.1733 35.3323 0
      vertex 80 38 0
      vertex 75.2308 35.0437 0
    endloop
  endfacet
  facet normal 0 0 -1
    outer loop
      vertex 75.0787 35.611 0
      vertex 80 38 0
      vertex 75.1733 35.3323 0
    endloop
  endfacet
  facet normal 0 0 -1
    outer loop
      vertex 74.9486 35.875 0
      vertex 80 38 0
      vertex 75.0787 35.611 0
    endloop
  endfacet
  facet normal 0 0 -1
    outer loop
      vertex 74.785 36.1197 0
      vertex 80 38 0
      vertex 74.9486 35.875 0
    endloop
  endfacet
  facet normal 0 0 -1
    outer loop
      vertex 74.591 36.341 0
      vertex 80 38 0
      vertex 74.785 36.1197 0
    endloop
  endfacet
  facet normal 0 0 -1
    outer loop
      vertex 74.3697 36.535 0
      vertex 80 38 0
      vertex 74.591 36.341 0
    endloop
  endfacet
  facet normal 0 0 -1
    outer loop
      vertex 74.125 36.6986 0
      vertex 80 38 0
      vertex 74.3697 36.535 0
    endloop
  endfacet
  facet normal 0 0 -1
    outer loop
      vertex 73.861 36.8287 0
      vertex 80 38 0
      vertex 74.125 36.6986 0
    endloop
  endfacet
  facet normal 0 0 -1
    outer loop
      vertex 73.5823 36.9233 0
      vertex 80 38 0
      vertex 73.861 36.8287 0
    endloop
  endfacet
  facet normal 0 0 -1
    outer loop
      vertex 73.2937 36.9808 0
      vertex 80 38 0
      vertex 73.5823 36.9233 0
    endloop
  endfacet
  facet normal 0 0 -1
    outer loop
      vertex 73 37 0
      vertex 80 38 0
      vertex 73.2937 36.9808 0
    endloop
  endfacet
  facet normal 0 0 -1
    outer loop
      vertex 72.7063 36.9808 0
      vertex 80 38 0
      vertex 73 37 0
    endloop
  endfacet
  facet normal 0 0 -1
    outer loop
      vertex 66.0314 21.1314 0
      vertex 71.409 25.659 0
      vertex 66.1694 20.974 0
    endloop
  endfacet
  facet normal -0 0 -1
    outer loop
      vertex 71.409 25.659 0
      vertex 66.0314 21.1314 0
      vertex 71.215 25.8803 0
    endloop
  endfacet
  facet normal 0 0 -1
    outer loop
      vertex 65.874 21.2694 0
      vertex 71.215 25.8803 0
      vertex 66.0314 21.1314 0
    endloop
  endfacet
  facet normal -0 0 -1
    outer loop
      vertex 71.215 25.8803 0
      vertex 65.874 21.2694 0
      vertex 71.0514 26.125 0
    endloop
  endfacet
  facet normal 0 0 -1
    outer loop
      vertex 65.7 21.3856 0
      vertex 71.0514 26.125 0
      vertex 65.874 21.2694 0
    endloop
  endfacet
  facet normal -0 0 -1
    outer loop
      vertex 71.0514 26.125 0
      vertex 65.7 21.3856 0
      vertex 70.9213 26.389 0
    endloop
  endfacet
  facet normal 0 0 -1
    outer loop
      vertex 65.5123 21.4782 0
      vertex 70.9213 26.389 0
      vertex 65.7 21.3856 0
    endloop
  endfacet
  facet normal -0 0 -1
    outer loop
      vertex 70.9213 26.389 0
      vertex 65.5123 21.4782 0
      vertex 70.8267 26.6677 0
    endloop
  endfacet
  facet normal 0 0 -1
    outer loop
      vertex 65.3141 21.5455 0
      vertex 70.8267 26.6677 0
      vertex 65.5123 21.4782 0
    endloop
  endfacet
  facet normal -0 0 -1
    outer loop
      vertex 70.8267 26.6677 0
      vertex 65.3141 21.5455 0
      vertex 70.7692 26.9563 0
    endloop
  endfacet
  facet normal 0 0 -1
    outer loop
      vertex 65.1088 21.5863 0
      vertex 70.7692 26.9563 0
      vertex 65.3141 21.5455 0
    endloop
  endfacet
  facet normal -0 0 -1
    outer loop
      vertex 70.7692 26.9563 0
      vertex 65.1088 21.5863 0
      vertex 70.75 27.25 0
    endloop
  endfacet
  facet normal 0 0 -1
    outer loop
      vertex 64.9 21.6 0
      vertex 70.75 27.25 0
      vertex 65.1088 21.5863 0
    endloop
  endfacet
  facet normal -0 0 -1
    outer loop
      vertex 70.75 27.25 0
      vertex 64.9 21.6 0
      vertex 70.75 34.75 0
    endloop
  endfacet
  facet normal 0 0 -1
    outer loop
      vertex 47.1 21.6 0
      vertex 70.75 34.75 0
      vertex 64.9 21.6 0
    endloop
  endfacet
  facet normal -0 0 -1
    outer loop
      vertex 70.75 34.75 0
      vertex 47.1 21.6 0
      vertex 70.7692 35.0437 0
    endloop
  endfacet
  facet normal -0 0 -1
    outer loop
      vertex 70.7692 35.0437 0
      vertex 47.1 21.6 0
      vertex 70.8267 35.3323 0
    endloop
  endfacet
  facet normal -0 0 -1
    outer loop
      vertex 70.8267 35.3323 0
      vertex 47.1 21.6 0
      vertex 70.9213 35.611 0
    endloop
  endfacet
  facet normal 0 0 -1
    outer loop
      vertex 47.1 21.6 0
      vertex 71.0514 35.875 0
      vertex 70.9213 35.611 0
    endloop
  endfacet
  facet normal 0 0 -1
    outer loop
      vertex 46.8912 21.5863 0
      vertex 71.0514 35.875 0
      vertex 47.1 21.6 0
    endloop
  endfacet
  facet normal -0 0 -1
    outer loop
      vertex 71.0514 35.875 0
      vertex 46.8912 21.5863 0
      vertex 71.215 36.1197 0
    endloop
  endfacet
  facet normal 0 0 -1
    outer loop
      vertex 46.6859 21.5455 0
      vertex 71.215 36.1197 0
      vertex 46.8912 21.5863 0
    endloop
  endfacet
  facet normal -0 0 -1
    outer loop
      vertex 71.215 36.1197 0
      vertex 46.6859 21.5455 0
      vertex 71.409 36.341 0
    endloop
  endfacet
  facet normal 0 0 -1
    outer loop
      vertex -10.7825 32.5867 0
      vertex 71.409 36.341 0
      vertex 46.6859 21.5455 0
    endloop
  endfacet
  facet normal -0 0 -1
    outer loop
      vertex 71.409 36.341 0
      vertex -10.7825 32.5867 0
      vertex 71.6303 36.535 0
    endloop
  endfacet
  facet normal 0 0 -1
    outer loop
      vertex -10.7825 32.5867 0
      vertex 46.6859 21.5455 0
      vertex 46.4877 21.4782 0
    endloop
  endfacet
  facet normal 0 0 -1
    outer loop
      vertex -10.5858 32.4142 0
      vertex 46.4877 21.4782 0
      vertex 46.3 21.3856 0
    endloop
  endfacet
  facet normal 0 0 -1
    outer loop
      vertex 45.5137 19.7912 0
      vertex -10 31 0
      vertex 45.5 20 0
    endloop
  endfacet
  facet normal 0 0 -1
    outer loop
      vertex 45.5 20 0
      vertex -10 31 0
      vertex 45.5137 20.2088 0
    endloop
  endfacet
  facet normal 0 0 -1
    outer loop
      vertex 45.5137 20.2088 0
      vertex -10 31 0
      vertex 45.5545 20.4141 0
    endloop
  endfacet
  facet normal 0 0 -1
    outer loop
      vertex 45.5545 20.4141 0
      vertex -10 31 0
      vertex 45.6218 20.6123 0
    endloop
  endfacet
  facet normal 0 0 -1
    outer loop
      vertex -10.0171 31.2611 0
      vertex 45.6218 20.6123 0
      vertex -10 31 0
    endloop
  endfacet
  facet normal 0 0 -1
    outer loop
      vertex 45.6218 20.6123 0
      vertex -10.0171 31.2611 0
      vertex 45.7144 20.8 0
    endloop
  endfacet
  facet normal 0 0 -1
    outer loop
      vertex -10.0681 31.5176 0
      vertex 45.7144 20.8 0
      vertex -10.0171 31.2611 0
    endloop
  endfacet
  facet normal 0 0 -1
    outer loop
      vertex 45.7144 20.8 0
      vertex -10.0681 31.5176 0
      vertex 45.8306 20.974 0
    endloop
  endfacet
  facet normal 0 0 -1
    outer loop
      vertex -10.1522 31.7654 0
      vertex 45.8306 20.974 0
      vertex -10.0681 31.5176 0
    endloop
  endfacet
  facet normal 0 0 -1
    outer loop
      vertex 45.8306 20.974 0
      vertex -10.1522 31.7654 0
      vertex 45.9686 21.1314 0
    endloop
  endfacet
  facet normal 0 0 -1
    outer loop
      vertex -10.2679 32 0
      vertex 45.9686 21.1314 0
      vertex -10.1522 31.7654 0
    endloop
  endfacet
  facet normal 0 0 -1
    outer loop
      vertex 45.9686 21.1314 0
      vertex -10.2679 32 0
      vertex 46.126 21.2694 0
    endloop
  endfacet
  facet normal 0 0 -1
    outer loop
      vertex -10.4133 32.2175 0
      vertex 46.126 21.2694 0
      vertex -10.2679 32 0
    endloop
  endfacet
  facet normal 0 0 -1
    outer loop
      vertex 46.126 21.2694 0
      vertex -10.4133 32.2175 0
      vertex 46.3 21.3856 0
    endloop
  endfacet
  facet normal 0 0 -1
    outer loop
      vertex -10.5858 32.4142 0
      vertex 46.3 21.3856 0
      vertex -10.4133 32.2175 0
    endloop
  endfacet
  facet normal 0 0 -1
    outer loop
      vertex 46.4877 21.4782 0
      vertex -10.5858 32.4142 0
      vertex -10.7825 32.5867 0
    endloop
  endfacet
  facet normal 0 0 -1
    outer loop
      vertex -11 32.732 0
      vertex 71.6303 36.535 0
      vertex -10.7825 32.5867 0
    endloop
  endfacet
  facet normal -0 0 -1
    outer loop
      vertex 71.6303 36.535 0
      vertex -11 32.732 0
      vertex 71.875 36.6986 0
    endloop
  endfacet
  facet normal 0 0 -1
    outer loop
      vertex -11.2346 32.8478 0
      vertex 71.875 36.6986 0
      vertex -11 32.732 0
    endloop
  endfacet
  facet normal -0 0 -1
    outer loop
      vertex 71.875 36.6986 0
      vertex -11.2346 32.8478 0
      vertex 72.139 36.8287 0
    endloop
  endfacet
  facet normal 0 0 -1
    outer loop
      vertex -11.4824 32.9319 0
      vertex 72.139 36.8287 0
      vertex -11.2346 32.8478 0
    endloop
  endfacet
  facet normal -0 0 -1
    outer loop
      vertex 72.139 36.8287 0
      vertex -11.4824 32.9319 0
      vertex 72.4177 36.9233 0
    endloop
  endfacet
  facet normal 0 0 -1
    outer loop
      vertex -11.7389 32.9829 0
      vertex 72.4177 36.9233 0
      vertex -11.4824 32.9319 0
    endloop
  endfacet
  facet normal -0 0 -1
    outer loop
      vertex 72.4177 36.9233 0
      vertex -11.7389 32.9829 0
      vertex 72.7063 36.9808 0
    endloop
  endfacet
  facet normal 0 0 -1
    outer loop
      vertex -12 33 0
      vertex 72.7063 36.9808 0
      vertex -11.7389 32.9829 0
    endloop
  endfacet
  facet normal -0 0 -1
    outer loop
      vertex 72.7063 36.9808 0
      vertex -12 33 0
      vertex 80 38 0
    endloop
  endfacet
  facet normal 0 0 -1
    outer loop
      vertex -72.7063 36.9808 0
      vertex -12 33 0
      vertex -28 33 0
    endloop
  endfacet
  facet normal -0 0 -1
    outer loop
      vertex -28.7654 29.1522 0
      vertex -35 16.732 0
      vertex -29 29.2679 0
    endloop
  endfacet
  facet normal 0 0 -1
    outer loop
      vertex -35.2346 16.8478 0
      vertex -29 29.2679 0
      vertex -35 16.732 0
    endloop
  endfacet
  facet normal -0 0 -1
    outer loop
      vertex -29 29.2679 0
      vertex -35.2346 16.8478 0
      vertex -29.2175 29.4133 0
    endloop
  endfacet
  facet normal 0 0 -1
    outer loop
      vertex -35.4824 16.9319 0
      vertex -29.2175 29.4133 0
      vertex -35.2346 16.8478 0
    endloop
  endfacet
  facet normal -0 0 -1
    outer loop
      vertex -29.2175 29.4133 0
      vertex -35.4824 16.9319 0
      vertex -29.4142 29.5858 0
    endloop
  endfacet
  facet normal 0 0 -1
    outer loop
      vertex -35.7389 16.9829 0
      vertex -29.4142 29.5858 0
      vertex -35.4824 16.9319 0
    endloop
  endfacet
  facet normal -0 0 -1
    outer loop
      vertex -29.4142 29.5858 0
      vertex -35.7389 16.9829 0
      vertex -29.5867 29.7825 0
    endloop
  endfacet
  facet normal 0 0 -1
    outer loop
      vertex -36 17 0
      vertex -29.5867 29.7825 0
      vertex -35.7389 16.9829 0
    endloop
  endfacet
  facet normal -0 0 -1
    outer loop
      vertex -29.5867 29.7825 0
      vertex -36 17 0
      vertex -29.732 30 0
    endloop
  endfacet
  facet normal 0 0 -1
    outer loop
      vertex -36.2611 16.9829 0
      vertex -29.732 30 0
      vertex -36 17 0
    endloop
  endfacet
  facet normal -0 0 -1
    outer loop
      vertex -29.732 30 0
      vertex -36.2611 16.9829 0
      vertex -29.8478 30.2346 0
    endloop
  endfacet
  facet normal 0 0 -1
    outer loop
      vertex -36.5176 16.9319 0
      vertex -29.8478 30.2346 0
      vertex -36.2611 16.9829 0
    endloop
  endfacet
  facet normal -0 0 -1
    outer loop
      vertex -29.8478 30.2346 0
      vertex -36.5176 16.9319 0
      vertex -29.9319 30.4824 0
    endloop
  endfacet
  facet normal 0 0 -1
    outer loop
      vertex -36.7654 16.8478 0
      vertex -29.9319 30.4824 0
      vertex -36.5176 16.9319 0
    endloop
  endfacet
  facet normal 0 0 -1
    outer loop
      vertex -53.0171 30.7389 0
      vertex -29.9319 30.4824 0
      vertex -36.7654 16.8478 0
    endloop
  endfacet
  facet normal 0 0 -1
    outer loop
      vertex -53.0171 30.7389 0
      vertex -29.9829 30.7389 0
      vertex -29.9319 30.4824 0
    endloop
  endfacet
  facet normal 0 0 -1
    outer loop
      vertex -29.9829 30.7389 0
      vertex -53 31 0
      vertex -30 31 0
    endloop
  endfacet
  facet normal 0 0 -1
    outer loop
      vertex -30 31 0
      vertex -53 31 0
      vertex -29.9829 31.2611 0
    endloop
  endfacet
  facet normal 0 0 -1
    outer loop
      vertex -53.0171 31.2611 0
      vertex -29.9829 31.2611 0
      vertex -53 31 0
    endloop
  endfacet
  facet normal 0 0 -1
    outer loop
      vertex -53.0171 30.7389 0
      vertex -36.7654 16.8478 0
      vertex -37 16.732 0
    endloop
  endfacet
  facet normal 0 0 -1
    outer loop
      vertex -53.0171 30.7389 0
      vertex -37 16.732 0
      vertex -37.2175 16.5867 0
    endloop
  endfacet
  facet normal 0 0 -1
    outer loop
      vertex -50.7825 16.5867 0
      vertex -37.2175 16.5867 0
      vertex -37.4142 16.4142 0
    endloop
  endfacet
  facet normal 0 0 -1
    outer loop
      vertex -50.5858 16.4142 0
      vertex -37.4142 16.4142 0
      vertex -37.5867 16.2175 0
    endloop
  endfacet
  facet normal 0 0 -1
    outer loop
      vertex -29.9829 31.2611 0
      vertex -53.0171 31.2611 0
      vertex -29.9319 31.5176 0
    endloop
  endfacet
  facet normal 0 0 -1
    outer loop
      vertex -50.4133 16.2175 0
      vertex -37.5867 16.2175 0
      vertex -37.732 16 0
    endloop
  endfacet
  facet normal 0 0 -1
    outer loop
      vertex -50 15 0
      vertex -38 15 0
      vertex -50 -15 0
    endloop
  endfacet
  facet normal 0 0 -1
    outer loop
      vertex -38 15 0
      vertex -50 15 0
      vertex -37.9829 15.2611 0
    endloop
  endfacet
  facet normal 0 0 -1
    outer loop
      vertex -50.0171 15.2611 0
      vertex -37.9829 15.2611 0
      vertex -50 15 0
    endloop
  endfacet
  facet normal 0 0 -1
    outer loop
      vertex -37.9829 15.2611 0
      vertex -50.0171 15.2611 0
      vertex -37.9319 15.5176 0
    endloop
  endfacet
  facet normal 0 0 -1
    outer loop
      vertex -50.0681 15.5176 0
      vertex -37.9319 15.5176 0
      vertex -50.0171 15.2611 0
    endloop
  endfacet
  facet normal 0 0 -1
    outer loop
      vertex -37.9319 15.5176 0
      vertex -50.0681 15.5176 0
      vertex -37.8478 15.7654 0
    endloop
  endfacet
  facet normal 0 0 -1
    outer loop
      vertex -50.1522 15.7654 0
      vertex -37.8478 15.7654 0
      vertex -50.0681 15.5176 0
    endloop
  endfacet
  facet normal 0 0 -1
    outer loop
      vertex -37.8478 15.7654 0
      vertex -50.1522 15.7654 0
      vertex -37.732 16 0
    endloop
  endfacet
  facet normal 0 0 -1
    outer loop
      vertex -50.2679 16 0
      vertex -37.732 16 0
      vertex -50.1522 15.7654 0
    endloop
  endfacet
  facet normal 0 0 -1
    outer loop
      vertex -50.4133 16.2175 0
      vertex -37.732 16 0
      vertex -50.2679 16 0
    endloop
  endfacet
  facet normal 0 0 -1
    outer loop
      vertex -37.5867 16.2175 0
      vertex -50.4133 16.2175 0
      vertex -50.5858 16.4142 0
    endloop
  endfacet
  facet normal 0 0 -1
    outer loop
      vertex -37.4142 16.4142 0
      vertex -50.5858 16.4142 0
      vertex -50.7825 16.5867 0
    endloop
  endfacet
  facet normal 0 0 -1
    outer loop
      vertex -53.0681 31.5176 0
      vertex -29.9319 31.5176 0
      vertex -53.0171 31.2611 0
    endloop
  endfacet
  facet normal 0 0 -1
    outer loop
      vertex -29.9319 31.5176 0
      vertex -53.0681 31.5176 0
      vertex -29.8478 31.7654 0
    endloop
  endfacet
  facet normal 0 0 -1
    outer loop
      vertex -53.1522 31.7654 0
      vertex -29.8478 31.7654 0
      vertex -53.0681 31.5176 0
    endloop
  endfacet
  facet normal 0 0 -1
    outer loop
      vertex -53.0171 30.7389 0
      vertex -37.2175 16.5867 0
      vertex -50.7825 16.5867 0
    endloop
  endfacet
  facet normal 0 0 -1
    outer loop
      vertex -53.0171 30.7389 0
      vertex -50.7825 16.5867 0
      vertex -51 16.732 0
    endloop
  endfacet
  facet normal 0 0 -1
    outer loop
      vertex -53.0171 30.7389 0
      vertex -51 16.732 0
      vertex -51.2346 16.8478 0
    endloop
  endfacet
  facet normal 0 0 -1
    outer loop
      vertex -53.0171 30.7389 0
      vertex -51.2346 16.8478 0
      vertex -51.4824 16.9319 0
    endloop
  endfacet
  facet normal 0 0 -1
    outer loop
      vertex -53.0171 30.7389 0
      vertex -51.4824 16.9319 0
      vertex -51.7389 16.9829 0
    endloop
  endfacet
  facet normal 0 0 -1
    outer loop
      vertex -53.0171 30.7389 0
      vertex -51.7389 16.9829 0
      vertex -52 17 0
    endloop
  endfacet
  facet normal 0 0 -1
    outer loop
      vertex -53.0171 30.7389 0
      vertex -52 17 0
      vertex -52.2611 16.9829 0
    endloop
  endfacet
  facet normal 0 0 -1
    outer loop
      vertex -53.0171 30.7389 0
      vertex -52.2611 16.9829 0
      vertex -52.5176 16.9319 0
    endloop
  endfacet
  facet normal 0 0 -1
    outer loop
      vertex -53.0171 30.7389 0
      vertex -52.5176 16.9319 0
      vertex -52.7654 16.8478 0
    endloop
  endfacet
  facet normal 0 0 -1
    outer loop
      vertex -55 29 0
      vertex -52.7654 16.8478 0
      vertex -53 16.732 0
    endloop
  endfacet
  facet normal 0 0 -1
    outer loop
      vertex -29.8478 31.7654 0
      vertex -53.1522 31.7654 0
      vertex -29.732 32 0
    endloop
  endfacet
  facet normal 0 0 -1
    outer loop
      vertex -53.2679 32 0
      vertex -29.732 32 0
      vertex -53.1522 31.7654 0
    endloop
  endfacet
  facet normal 0 0 -1
    outer loop
      vertex -29.732 32 0
      vertex -53.2679 32 0
      vertex -29.5867 32.2175 0
    endloop
  endfacet
  facet normal 0 0 -1
    outer loop
      vertex -53.4133 32.2175 0
      vertex -29.5867 32.2175 0
      vertex -53.2679 32 0
    endloop
  endfacet
  facet normal 0 0 -1
    outer loop
      vertex -29.5867 32.2175 0
      vertex -53.4133 32.2175 0
      vertex -29.4142 32.4142 0
    endloop
  endfacet
  facet normal 0 0 -1
    outer loop
      vertex -53.5858 32.4142 0
      vertex -29.4142 32.4142 0
      vertex -53.4133 32.2175 0
    endloop
  endfacet
  facet normal 0 0 -1
    outer loop
      vertex -29.4142 32.4142 0
      vertex -53.5858 32.4142 0
      vertex -29.2175 32.5867 0
    endloop
  endfacet
  facet normal 0 0 -1
    outer loop
      vertex -53.7825 32.5867 0
      vertex -29.2175 32.5867 0
      vertex -53.5858 32.4142 0
    endloop
  endfacet
  facet normal 0 0 -1
    outer loop
      vertex -29.2175 32.5867 0
      vertex -53.7825 32.5867 0
      vertex -29 32.732 0
    endloop
  endfacet
  facet normal 0 0 -1
    outer loop
      vertex -54 32.732 0
      vertex -29 32.732 0
      vertex -53.7825 32.5867 0
    endloop
  endfacet
  facet normal 0 0 -1
    outer loop
      vertex -29 32.732 0
      vertex -54 32.732 0
      vertex -28.7654 32.8478 0
    endloop
  endfacet
  facet normal 0 0 -1
    outer loop
      vertex -54.2346 32.8478 0
      vertex -28.7654 32.8478 0
      vertex -54 32.732 0
    endloop
  endfacet
  facet normal 0 0 -1
    outer loop
      vertex -28.7654 32.8478 0
      vertex -54.2346 32.8478 0
      vertex -28.5176 32.9319 0
    endloop
  endfacet
  facet normal 0 0 -1
    outer loop
      vertex -54.4824 32.9319 0
      vertex -28.5176 32.9319 0
      vertex -54.2346 32.8478 0
    endloop
  endfacet
  facet normal 0 0 -1
    outer loop
      vertex -28.5176 32.9319 0
      vertex -54.4824 32.9319 0
      vertex -28.2611 32.9829 0
    endloop
  endfacet
  facet normal 0 0 -1
    outer loop
      vertex -54.7389 32.9829 0
      vertex -28.2611 32.9829 0
      vertex -54.4824 32.9319 0
    endloop
  endfacet
  facet normal 0 0 -1
    outer loop
      vertex -72.4177 36.9233 0
      vertex -28.2611 32.9829 0
      vertex -54.7389 32.9829 0
    endloop
  endfacet
  facet normal 0 0 -1
    outer loop
      vertex -28.2611 32.9829 0
      vertex -72.4177 36.9233 0
      vertex -28 33 0
    endloop
  endfacet
  facet normal 0 0 -1
    outer loop
      vertex -72.139 36.8287 0
      vertex -54.7389 32.9829 0
      vertex -55 33 0
    endloop
  endfacet
  facet normal 0 0 -1
    outer loop
      vertex -70.75 34.75 0
      vertex -55 33 0
      vertex -70.75 33 0
    endloop
  endfacet
  facet normal 0 0 -1
    outer loop
      vertex -70.7692 35.0437 0
      vertex -55 33 0
      vertex -70.75 34.75 0
    endloop
  endfacet
  facet normal 0 0 -1
    outer loop
      vertex -70.8267 35.3323 0
      vertex -55 33 0
      vertex -70.7692 35.0437 0
    endloop
  endfacet
  facet normal 0 0 -1
    outer loop
      vertex -70.9213 35.611 0
      vertex -55 33 0
      vertex -70.8267 35.3323 0
    endloop
  endfacet
  facet normal 0 0 -1
    outer loop
      vertex -71.0514 35.875 0
      vertex -55 33 0
      vertex -70.9213 35.611 0
    endloop
  endfacet
  facet normal 0 0 -1
    outer loop
      vertex -71.215 36.1197 0
      vertex -55 33 0
      vertex -71.0514 35.875 0
    endloop
  endfacet
  facet normal 0 0 -1
    outer loop
      vertex -71.409 36.341 0
      vertex -55 33 0
      vertex -71.215 36.1197 0
    endloop
  endfacet
  facet normal 0 0 -1
    outer loop
      vertex -71.6303 36.535 0
      vertex -55 33 0
      vertex -71.409 36.341 0
    endloop
  endfacet
  facet normal 0 0 -1
    outer loop
      vertex -71.875 36.6986 0
      vertex -55 33 0
      vertex -71.6303 36.535 0
    endloop
  endfacet
  facet normal 0 0 -1
    outer loop
      vertex -72.139 36.8287 0
      vertex -55 33 0
      vertex -71.875 36.6986 0
    endloop
  endfacet
  facet normal 0 0 -1
    outer loop
      vertex -54.7389 32.9829 0
      vertex -72.139 36.8287 0
      vertex -72.4177 36.9233 0
    endloop
  endfacet
  facet normal 0 0 -1
    outer loop
      vertex -72.7063 36.9808 0
      vertex -28 33 0
      vertex -72.4177 36.9233 0
    endloop
  endfacet
  facet normal 0 0 -1
    outer loop
      vertex -80 38 0
      vertex -12 33 0
      vertex -72.7063 36.9808 0
    endloop
  endfacet
  facet normal 0 0 -1
    outer loop
      vertex -80 38 0
      vertex -72.7063 36.9808 0
      vertex -73 37 0
    endloop
  endfacet
  facet normal 0 0 -1
    outer loop
      vertex -12 33 0
      vertex -80 38 0
      vertex 80 38 0
    endloop
  endfacet
  facet normal 0 0 -1
    outer loop
      vertex -73.2937 36.9808 0
      vertex -80 38 0
      vertex -73 37 0
    endloop
  endfacet
  facet normal 0 0 -1
    outer loop
      vertex -73.5823 36.9233 0
      vertex -80 38 0
      vertex -73.2937 36.9808 0
    endloop
  endfacet
  facet normal 0 0 -1
    outer loop
      vertex -73.861 36.8287 0
      vertex -80 38 0
      vertex -73.5823 36.9233 0
    endloop
  endfacet
  facet normal 0 0 -1
    outer loop
      vertex -74.125 36.6986 0
      vertex -80 38 0
      vertex -73.861 36.8287 0
    endloop
  endfacet
  facet normal 0 0 -1
    outer loop
      vertex -74.3697 36.535 0
      vertex -80 38 0
      vertex -74.125 36.6986 0
    endloop
  endfacet
  facet normal 0 0 -1
    outer loop
      vertex -74.591 36.341 0
      vertex -80 38 0
      vertex -74.3697 36.535 0
    endloop
  endfacet
  facet normal 0 0 -1
    outer loop
      vertex -74.785 36.1197 0
      vertex -80 38 0
      vertex -74.591 36.341 0
    endloop
  endfacet
  facet normal 0 0 -1
    outer loop
      vertex -74.9486 35.875 0
      vertex -80 38 0
      vertex -74.785 36.1197 0
    endloop
  endfacet
  facet normal 0 0 -1
    outer loop
      vertex -75.0787 35.611 0
      vertex -80 38 0
      vertex -74.9486 35.875 0
    endloop
  endfacet
  facet normal 0 0 -1
    outer loop
      vertex -75.1733 35.3323 0
      vertex -80 38 0
      vertex -75.0787 35.611 0
    endloop
  endfacet
  facet normal 0 0 -1
    outer loop
      vertex -75.2308 35.0437 0
      vertex -80 38 0
      vertex -75.1733 35.3323 0
    endloop
  endfacet
  facet normal 0 0 -1
    outer loop
      vertex -75.25 34.75 0
      vertex -80 38 0
      vertex -75.2308 35.0437 0
    endloop
  endfacet
  facet normal 0 0 -1
    outer loop
      vertex -75.2308 26.9563 0
      vertex -84 34 0
      vertex -75.25 27.25 0
    endloop
  endfacet
  facet normal 0 0 -1
    outer loop
      vertex -84 -34 0
      vertex -80 -38 0
      vertex -80.5221 -37.9658 0
    endloop
  endfacet
  facet normal 0 0 -1
    outer loop
      vertex -75.25 27.25 0
      vertex -84 34 0
      vertex -75.25 34.75 0
    endloop
  endfacet
  facet normal 0 0 -1
    outer loop
      vertex -84 -34 0
      vertex -80.5221 -37.9658 0
      vertex -81.0353 -37.8637 0
    endloop
  endfacet
  facet normal -0 0 -1
    outer loop
      vertex -75.25 34.75 0
      vertex -84 34 0
      vertex -80 38 0
    endloop
  endfacet
  facet normal 0 0 -1
    outer loop
      vertex -84 -34 0
      vertex -81.0353 -37.8637 0
      vertex -81.5307 -37.6955 0
    endloop
  endfacet
  facet normal 0 0 -1
    outer loop
      vertex -80 38 0
      vertex -84 34 0
      vertex -80.5221 37.9658 0
    endloop
  endfacet
  facet normal 0 0 -1
    outer loop
      vertex -84 -34 0
      vertex -81.5307 -37.6955 0
      vertex -82 -37.4641 0
    endloop
  endfacet
  facet normal 0 0 -1
    outer loop
      vertex -80.5221 37.9658 0
      vertex -84 34 0
      vertex -81.0353 37.8637 0
    endloop
  endfacet
  facet normal 0 0 -1
    outer loop
      vertex -84 -34 0
      vertex -82 -37.4641 0
      vertex -82.435 -37.1734 0
    endloop
  endfacet
  facet normal 0 0 -1
    outer loop
      vertex -81.0353 37.8637 0
      vertex -84 34 0
      vertex -81.5307 37.6955 0
    endloop
  endfacet
  facet normal 0 0 -1
    outer loop
      vertex -84 -34 0
      vertex -82.435 -37.1734 0
      vertex -82.8284 -36.8284 0
    endloop
  endfacet
  facet normal 0 0 -1
    outer loop
      vertex -81.5307 37.6955 0
      vertex -84 34 0
      vertex -82 37.4641 0
    endloop
  endfacet
  facet normal 0 0 -1
    outer loop
      vertex -84 -34 0
      vertex -82.8284 -36.8284 0
      vertex -83.1734 -36.435 0
    endloop
  endfacet
  facet normal 0 0 -1
    outer loop
      vertex -82 37.4641 0
      vertex -84 34 0
      vertex -82.435 37.1734 0
    endloop
  endfacet
  facet normal 0 0 -1
    outer loop
      vertex -84 -34 0
      vertex -83.1734 -36.435 0
      vertex -83.4641 -36 0
    endloop
  endfacet
  facet normal 0 0 -1
    outer loop
      vertex -82.435 37.1734 0
      vertex -84 34 0
      vertex -82.8284 36.8284 0
    endloop
  endfacet
  facet normal 0 0 -1
    outer loop
      vertex -84 -34 0
      vertex -83.4641 -36 0
      vertex -83.6955 -35.5307 0
    endloop
  endfacet
  facet normal 0 0 -1
    outer loop
      vertex -82.8284 36.8284 0
      vertex -84 34 0
      vertex -83.1734 36.435 0
    endloop
  endfacet
  facet normal 0 0 -1
    outer loop
      vertex -84 -34 0
      vertex -83.6955 -35.5307 0
      vertex -83.8637 -35.0353 0
    endloop
  endfacet
  facet normal 0 0 -1
    outer loop
      vertex -83.1734 36.435 0
      vertex -84 34 0
      vertex -83.4641 36 0
    endloop
  endfacet
  facet normal 0 0 -1
    outer loop
      vertex -84 -34 0
      vertex -83.8637 -35.0353 0
      vertex -83.9658 -34.5221 0
    endloop
  endfacet
  facet normal 0 0 -1
    outer loop
      vertex -83.4641 36 0
      vertex -84 34 0
      vertex -83.6955 35.5307 0
    endloop
  endfacet
  facet normal 0 0 -1
    outer loop
      vertex -83.6955 35.5307 0
      vertex -84 34 0
      vertex -83.8637 35.0353 0
    endloop
  endfacet
  facet normal 0 0 -1
    outer loop
      vertex -83.8637 35.0353 0
      vertex -84 34 0
      vertex -83.9658 34.5221 0
    endloop
  endfacet
  facet normal 0 0 -1
    outer loop
      vertex -11.2346 29.1522 0
      vertex -18.0681 15.5176 0
      vertex -11.4824 29.0681 0
    endloop
  endfacet
  facet normal 0 0 -1
    outer loop
      vertex -18.1522 15.7654 0
      vertex -11.4824 29.0681 0
      vertex -18.0681 15.5176 0
    endloop
  endfacet
  facet normal 0 0 -1
    outer loop
      vertex -11.4824 29.0681 0
      vertex -18.1522 15.7654 0
      vertex -11.7389 29.0171 0
    endloop
  endfacet
  facet normal 0 0 -1
    outer loop
      vertex -18.2679 16 0
      vertex -11.7389 29.0171 0
      vertex -18.1522 15.7654 0
    endloop
  endfacet
  facet normal 0 0 -1
    outer loop
      vertex -11.7389 29.0171 0
      vertex -18.2679 16 0
      vertex -12 29 0
    endloop
  endfacet
  facet normal 0 0 -1
    outer loop
      vertex -18.4133 16.2175 0
      vertex -12 29 0
      vertex -18.2679 16 0
    endloop
  endfacet
  facet normal 0 0 -1
    outer loop
      vertex -18.5858 16.4142 0
      vertex -12 29 0
      vertex -18.4133 16.2175 0
    endloop
  endfacet
  facet normal 0 0 -1
    outer loop
      vertex -18.7825 16.5867 0
      vertex -12 29 0
      vertex -18.5858 16.4142 0
    endloop
  endfacet
  facet normal 0 0 -1
    outer loop
      vertex -19 16.732 0
      vertex -12 29 0
      vertex -18.7825 16.5867 0
    endloop
  endfacet
  facet normal 0 0 -1
    outer loop
      vertex -19.2346 16.8478 0
      vertex -12 29 0
      vertex -19 16.732 0
    endloop
  endfacet
  facet normal 0 0 -1
    outer loop
      vertex -19.4824 16.9319 0
      vertex -12 29 0
      vertex -19.2346 16.8478 0
    endloop
  endfacet
  facet normal 0 0 -1
    outer loop
      vertex -19.7389 16.9829 0
      vertex -12 29 0
      vertex -19.4824 16.9319 0
    endloop
  endfacet
  facet normal 0 0 -1
    outer loop
      vertex -20 17 0
      vertex -12 29 0
      vertex -19.7389 16.9829 0
    endloop
  endfacet
  facet normal 0 0 -1
    outer loop
      vertex -28 29 0
      vertex -20 17 0
      vertex -20.2611 16.9829 0
    endloop
  endfacet
  facet normal 0 0 -1
    outer loop
      vertex -28 29 0
      vertex -20.2611 16.9829 0
      vertex -20.5176 16.9319 0
    endloop
  endfacet
  facet normal 0 0 -1
    outer loop
      vertex -28 29 0
      vertex -20.5176 16.9319 0
      vertex -20.7654 16.8478 0
    endloop
  endfacet
  facet normal 0 0 -1
    outer loop
      vertex -28 29 0
      vertex -20.7654 16.8478 0
      vertex -21 16.732 0
    endloop
  endfacet
  facet normal 0 0 -1
    outer loop
      vertex -28 29 0
      vertex -21 16.732 0
      vertex -21.2175 16.5867 0
    endloop
  endfacet
  facet normal 0 0 -1
    outer loop
      vertex -28 29 0
      vertex -21.2175 16.5867 0
      vertex -21.4142 16.4142 0
    endloop
  endfacet
  facet normal 0 0 -1
    outer loop
      vertex -28 29 0
      vertex -21.4142 16.4142 0
      vertex -21.5867 16.2175 0
    endloop
  endfacet
  facet normal 0 0 -1
    outer loop
      vertex -34 -15 0
      vertex -28 -29 0
      vertex -28.2611 -29.0171 0
    endloop
  endfacet
  facet normal 0 0 -1
    outer loop
      vertex -20 17 0
      vertex -28 29 0
      vertex -12 29 0
    endloop
  endfacet
  facet normal 0 0 -1
    outer loop
      vertex -21.9319 15.5176 0
      vertex -34.0681 15.5176 0
      vertex -21.8478 15.7654 0
    endloop
  endfacet
  facet normal 0 0 -1
    outer loop
      vertex -34.0681 15.5176 0
      vertex -21.9319 15.5176 0
      vertex -34.0171 15.2611 0
    endloop
  endfacet
  facet normal 0 0 -1
    outer loop
      vertex -21.9829 15.2611 0
      vertex -34.0171 15.2611 0
      vertex -21.9319 15.5176 0
    endloop
  endfacet
  facet normal 0 0 -1
    outer loop
      vertex -34.0171 15.2611 0
      vertex -21.9829 15.2611 0
      vertex -34 15 0
    endloop
  endfacet
  facet normal 0 0 -1
    outer loop
      vertex -34 -15 0
      vertex -28.2611 -29.0171 0
      vertex -28.5176 -29.0681 0
    endloop
  endfacet
  facet normal 0 0 -1
    outer loop
      vertex -34 -15 0
      vertex -28.5176 -29.0681 0
      vertex -28.7654 -29.1522 0
    endloop
  endfacet
  facet normal 0 0 -1
    outer loop
      vertex -34.1522 15.7654 0
      vertex -21.8478 15.7654 0
      vertex -34.0681 15.5176 0
    endloop
  endfacet
  facet normal 0 0 -1
    outer loop
      vertex -34 -15 0
      vertex -28.7654 -29.1522 0
      vertex -29 -29.2679 0
    endloop
  endfacet
  facet normal 0 0 -1
    outer loop
      vertex -21.8478 15.7654 0
      vertex -34.1522 15.7654 0
      vertex -21.732 16 0
    endloop
  endfacet
  facet normal 0 0 -1
    outer loop
      vertex -34 -15 0
      vertex -29 -29.2679 0
      vertex -29.2175 -29.4133 0
    endloop
  endfacet
  facet normal 0 0 -1
    outer loop
      vertex -34.2679 16 0
      vertex -21.732 16 0
      vertex -34.1522 15.7654 0
    endloop
  endfacet
  facet normal 0 0 -1
    outer loop
      vertex -34 -15 0
      vertex -29.2175 -29.4133 0
      vertex -29.4142 -29.5858 0
    endloop
  endfacet
  facet normal 0 0 -1
    outer loop
      vertex -21.732 16 0
      vertex -34.2679 16 0
      vertex -21.5867 16.2175 0
    endloop
  endfacet
  facet normal 0 0 -1
    outer loop
      vertex -34 -15 0
      vertex -29.4142 -29.5858 0
      vertex -29.5867 -29.7825 0
    endloop
  endfacet
  facet normal 0 0 -1
    outer loop
      vertex -34 15 0
      vertex -21.9829 15.2611 0
      vertex -22 15 0
    endloop
  endfacet
  facet normal 0 0 -1
    outer loop
      vertex -22 -15 0
      vertex -34 -15 0
      vertex -22 15 0
    endloop
  endfacet
  facet normal 0 0 -1
    outer loop
      vertex -34.4133 16.2175 0
      vertex -21.5867 16.2175 0
      vertex -34.2679 16 0
    endloop
  endfacet
  facet normal 0 0 -1
    outer loop
      vertex -34 15 0
      vertex -22 15 0
      vertex -34 -15 0
    endloop
  endfacet
  facet normal 0 0 -1
    outer loop
      vertex -21.5867 16.2175 0
      vertex -34.4133 16.2175 0
      vertex -28 29 0
    endloop
  endfacet
  facet normal 0 0 -1
    outer loop
      vertex -34 -15 0
      vertex -29.5867 -29.7825 0
      vertex -29.732 -30 0
    endloop
  endfacet
  facet normal -0 0 -1
    outer loop
      vertex -28 29 0
      vertex -34.4133 16.2175 0
      vertex -28.2611 29.0171 0
    endloop
  endfacet
  facet normal 0 0 -1
    outer loop
      vertex -34 -15 0
      vertex -29.732 -30 0
      vertex -29.8478 -30.2346 0
    endloop
  endfacet
  facet normal 0 0 -1
    outer loop
      vertex -34.5858 16.4142 0
      vertex -28.2611 29.0171 0
      vertex -34.4133 16.2175 0
    endloop
  endfacet
  facet normal 0 0 -1
    outer loop
      vertex -34 -15 0
      vertex -29.8478 -30.2346 0
      vertex -29.9319 -30.4824 0
    endloop
  endfacet
  facet normal -0 0 -1
    outer loop
      vertex -28.2611 29.0171 0
      vertex -34.5858 16.4142 0
      vertex -28.5176 29.0681 0
    endloop
  endfacet
  facet normal 0 0 -1
    outer loop
      vertex -34 -15 0
      vertex -29.9319 -30.4824 0
      vertex -29.9829 -30.7389 0
    endloop
  endfacet
  facet normal 0 0 -1
    outer loop
      vertex -34.7825 16.5867 0
      vertex -28.5176 29.0681 0
      vertex -34.5858 16.4142 0
    endloop
  endfacet
  facet normal 0 0 -1
    outer loop
      vertex -53 -31 0
      vertex -29.9829 -30.7389 0
      vertex -30 -31 0
    endloop
  endfacet
  facet normal -0 0 -1
    outer loop
      vertex -28.5176 29.0681 0
      vertex -34.7825 16.5867 0
      vertex -28.7654 29.1522 0
    endloop
  endfacet
  facet normal -0.896898 -0.442238 0
    outer loop
      vertex -83.4641 -36 0
      vertex -83.6955 -35.5307 3
      vertex -83.6955 -35.5307 0
    endloop
  endfacet
  facet normal -0.896898 -0.442238 0
    outer loop
      vertex -83.6955 -35.5307 3
      vertex -83.4641 -36 0
      vertex -83.4641 -36 3
    endloop
  endfacet
  facet normal -0.997861 -0.0653646 0
    outer loop
      vertex -83.9658 -34.5221 0
      vertex -84 -34 3
      vertex -84 -34 0
    endloop
  endfacet
  facet normal -0.997861 -0.0653646 0
    outer loop
      vertex -84 -34 3
      vertex -83.9658 -34.5221 0
      vertex -83.9658 -34.5221 3
    endloop
  endfacet
  facet normal 1 0 0
    outer loop
      vertex 37.3 -32.7 8.95
      vertex 37.3 -33.7 8.95
      vertex 37.3 -32.7 8.85
    endloop
  endfacet
  facet normal 1 0 0
    outer loop
      vertex 37.3 24.7 8.95
      vertex 37.3 -24.7 8.95
      vertex 37.3 24.7 8.85
    endloop
  endfacet
  facet normal 1 0 0
    outer loop
      vertex 37.3 32.7 8.85
      vertex 37.3 33.7 8.95
      vertex 37.3 32.7 8.95
    endloop
  endfacet
  facet normal 1 0 0
    outer loop
      vertex 37.3 33.7 8.95
      vertex 37.3 32.7 8.85
      vertex 37.3 33.7 3
    endloop
  endfacet
  facet normal 1 -0 0
    outer loop
      vertex 37.3 24.7 8.85
      vertex 37.3 33.7 3
      vertex 37.3 32.7 8.85
    endloop
  endfacet
  facet normal 1 0 0
    outer loop
      vertex 37.3 -24.7 8.85
      vertex 37.3 24.7 8.85
      vertex 37.3 -24.7 8.95
    endloop
  endfacet
  facet normal 1 0 0
    outer loop
      vertex 37.3 24.7 8.85
      vertex 37.3 -24.7 8.85
      vertex 37.3 33.7 3
    endloop
  endfacet
  facet normal 1 0 0
    outer loop
      vertex 37.3 -33.7 3
      vertex 37.3 -24.7 8.85
      vertex 37.3 -32.7 8.85
    endloop
  endfacet
  facet normal 1 0 0
    outer loop
      vertex 37.3 -24.7 8.85
      vertex 37.3 -33.7 3
      vertex 37.3 33.7 3
    endloop
  endfacet
  facet normal 1 0 0
    outer loop
      vertex 37.3 -33.7 3
      vertex 37.3 -32.7 8.85
      vertex 37.3 -33.7 8.95
    endloop
  endfacet
  facet normal -1 0 0
    outer loop
      vertex 37.3 -32.7 8.95
      vertex 37.3 -24.7 10.65
      vertex 37.3 -24.7 8.95
    endloop
  endfacet
  facet normal -1 -0 0
    outer loop
      vertex 37.3 -24.7 10.65
      vertex 37.3 -32.7 8.95
      vertex 37.3 -32.7 10.65
    endloop
  endfacet
  facet normal -1 0 0
    outer loop
      vertex 37.3 24.7 8.95
      vertex 37.3 32.7 10.65
      vertex 37.3 32.7 8.95
    endloop
  endfacet
  facet normal -1 -0 0
    outer loop
      vertex 37.3 32.7 10.65
      vertex 37.3 24.7 8.95
      vertex 37.3 24.7 10.65
    endloop
  endfacet
  facet normal 0 0 1
    outer loop
      vertex 74.7 32.7 8.95
      vertex 77.1 36.1 8.95
      vertex 74.7 33.7 8.95
    endloop
  endfacet
  facet normal 0 0 1
    outer loop
      vertex 77.1 36.1 8.95
      vertex 37.3 33.7 8.95
      vertex 74.7 33.7 8.95
    endloop
  endfacet
  facet normal 0 0 1
    outer loop
      vertex 34.9 36.1 8.95
      vertex 37.3 32.7 8.95
      vertex 37.3 33.7 8.95
    endloop
  endfacet
  facet normal 0 0 1
    outer loop
      vertex 37.3 32.7 8.95
      vertex 34.9 36.1 8.95
      vertex 37.3 24.7 8.95
    endloop
  endfacet
  facet normal 0 0 1
    outer loop
      vertex 37.3 24.7 8.95
      vertex 34.9 36.1 8.95
      vertex 37.3 -24.7 8.95
    endloop
  endfacet
  facet normal 0 0 1
    outer loop
      vertex 34.9 -36.1 8.95
      vertex 37.3 -24.7 8.95
      vertex 34.9 36.1 8.95
    endloop
  endfacet
  facet normal 0 0 1
    outer loop
      vertex 37.3 -24.7 8.95
      vertex 34.9 -36.1 8.95
      vertex 37.3 -32.7 8.95
    endloop
  endfacet
  facet normal -0 0 1
    outer loop
      vertex 34.9 36.1 8.95
      vertex 37.3 33.7 8.95
      vertex 77.1 36.1 8.95
    endloop
  endfacet
  facet normal 0 0 1
    outer loop
      vertex 74.7 24.7 8.95
      vertex 77.1 36.1 8.95
      vertex 74.7 32.7 8.95
    endloop
  endfacet
  facet normal 0 0 1
    outer loop
      vertex 77.1 36.1 8.95
      vertex 74.7 24.7 8.95
      vertex 77.1 -36.1 8.95
    endloop
  endfacet
  facet normal -0 0 1
    outer loop
      vertex 74.7 -24.7 8.95
      vertex 77.1 -36.1 8.95
      vertex 74.7 24.7 8.95
    endloop
  endfacet
  facet normal -0 0 1
    outer loop
      vertex 74.7 -32.7 8.95
      vertex 77.1 -36.1 8.95
      vertex 74.7 -24.7 8.95
    endloop
  endfacet
  facet normal -0 0 1
    outer loop
      vertex 74.7 -33.7 8.95
      vertex 77.1 -36.1 8.95
      vertex 74.7 -32.7 8.95
    endloop
  endfacet
  facet normal -0 0 1
    outer loop
      vertex 37.3 -33.7 8.95
      vertex 77.1 -36.1 8.95
      vertex 74.7 -33.7 8.95
    endloop
  endfacet
  facet normal 0 0 1
    outer loop
      vertex 37.3 -33.7 8.95
      vertex 34.9 -36.1 8.95
      vertex 77.1 -36.1 8.95
    endloop
  endfacet
  facet normal 0 0 1
    outer loop
      vertex 37.3 -32.7 8.95
      vertex 34.9 -36.1 8.95
      vertex 37.3 -33.7 8.95
    endloop
  endfacet
  facet normal 0 0 -1
    outer loop
      vertex 74.7 -33.7 2.75
      vertex 75.25 -34.75 2.75
      vertex 75.2308 -35.0437 2.75
    endloop
  endfacet
  facet normal 0 0 -1
    outer loop
      vertex 75.25 -34.75 2.75
      vertex 74.7 -33.7 2.75
      vertex 75.25 -27.25 2.75
    endloop
  endfacet
  facet normal 0 0 -1
    outer loop
      vertex 74.7 -33.7 2.75
      vertex 75.2308 -35.0437 2.75
      vertex 75.1733 -35.3323 2.75
    endloop
  endfacet
  facet normal 0 0 -1
    outer loop
      vertex 74.7 -25.7833 2.75
      vertex 75.25 -27.25 2.75
      vertex 74.7 -33.7 2.75
    endloop
  endfacet
  facet normal 0 0 -1
    outer loop
      vertex 74.7 -33.7 2.75
      vertex 75.1733 -35.3323 2.75
      vertex 75.0787 -35.611 2.75
    endloop
  endfacet
  facet normal 0 0 -1
    outer loop
      vertex 75.25 -27.25 2.75
      vertex 74.7 -25.7833 2.75
      vertex 75.2308 -26.9563 2.75
    endloop
  endfacet
  facet normal 0 0 -1
    outer loop
      vertex 74.7 -33.7 2.75
      vertex 75.0787 -35.611 2.75
      vertex 74.9486 -35.875 2.75
    endloop
  endfacet
  facet normal 0 0 -1
    outer loop
      vertex 75.2308 -26.9563 2.75
      vertex 74.7 -25.7833 2.75
      vertex 75.1733 -26.6677 2.75
    endloop
  endfacet
  facet normal 0 0 -1
    outer loop
      vertex 74.7 -33.7 2.75
      vertex 74.9486 -35.875 2.75
      vertex 74.7982 -36.1 2.75
    endloop
  endfacet
  facet normal 0 0 -1
    outer loop
      vertex 75.1733 -26.6677 2.75
      vertex 74.7 -25.7833 2.75
      vertex 75.0787 -26.389 2.75
    endloop
  endfacet
  facet normal 0 0 -1
    outer loop
      vertex 75.0787 -26.389 2.75
      vertex 74.7 -25.7833 2.75
      vertex 74.9486 -26.125 2.75
    endloop
  endfacet
  facet normal 0 0 -1
    outer loop
      vertex 71.2018 -36.1 2.75
      vertex 74.7 -33.7 2.75
      vertex 74.7982 -36.1 2.75
    endloop
  endfacet
  facet normal 0 0 -1
    outer loop
      vertex 71.0514 -35.875 2.75
      vertex 74.7 -33.7 2.75
      vertex 71.2018 -36.1 2.75
    endloop
  endfacet
  facet normal 0 0 -1
    outer loop
      vertex 70.9213 -35.611 2.75
      vertex 74.7 -33.7 2.75
      vertex 71.0514 -35.875 2.75
    endloop
  endfacet
  facet normal 0 0 -1
    outer loop
      vertex 70.8267 -35.3323 2.75
      vertex 74.7 -33.7 2.75
      vertex 70.9213 -35.611 2.75
    endloop
  endfacet
  facet normal 0 0 -1
    outer loop
      vertex 70.7692 -35.0437 2.75
      vertex 74.7 -33.7 2.75
      vertex 70.8267 -35.3323 2.75
    endloop
  endfacet
  facet normal 0 0 -1
    outer loop
      vertex 70.75 -34.75 2.75
      vertex 74.7 -33.7 2.75
      vertex 70.7692 -35.0437 2.75
    endloop
  endfacet
  facet normal -0 0 -1
    outer loop
      vertex 74.7 -33.7 2.75
      vertex 70.75 -34.75 2.75
      vertex 70.75 -33.7 2.75
    endloop
  endfacet
  facet normal 0 0 -1
    outer loop
      vertex 74.9486 -26.125 2.75
      vertex 74.7 -25.7833 2.75
      vertex 74.785 -25.8803 2.75
    endloop
  endfacet
  facet normal 0 0 -1
    outer loop
      vertex 74.7 25.7833 2.75
      vertex 75.25 27.25 2.75
      vertex 75.2308 26.9563 2.75
    endloop
  endfacet
  facet normal 0 0 -1
    outer loop
      vertex 75.25 27.25 2.75
      vertex 74.7 33.7 2.75
      vertex 75.25 34.75 2.75
    endloop
  endfacet
  facet normal 0 0 -1
    outer loop
      vertex 74.7 25.7833 2.75
      vertex 75.2308 26.9563 2.75
      vertex 75.1733 26.6677 2.75
    endloop
  endfacet
  facet normal -0 0 -1
    outer loop
      vertex 75.25 34.75 2.75
      vertex 74.7 33.7 2.75
      vertex 75.2308 35.0437 2.75
    endloop
  endfacet
  facet normal 0 0 -1
    outer loop
      vertex 74.7 25.7833 2.75
      vertex 75.1733 26.6677 2.75
      vertex 75.0787 26.389 2.75
    endloop
  endfacet
  facet normal -0 0 -1
    outer loop
      vertex 75.2308 35.0437 2.75
      vertex 74.7 33.7 2.75
      vertex 75.1733 35.3323 2.75
    endloop
  endfacet
  facet normal 0 0 -1
    outer loop
      vertex 74.7 25.7833 2.75
      vertex 75.0787 26.389 2.75
      vertex 74.9486 26.125 2.75
    endloop
  endfacet
  facet normal -0 0 -1
    outer loop
      vertex 75.1733 35.3323 2.75
      vertex 74.7 33.7 2.75
      vertex 75.0787 35.611 2.75
    endloop
  endfacet
  facet normal -0 0 -1
    outer loop
      vertex 75.0787 35.611 2.75
      vertex 74.7 33.7 2.75
      vertex 74.9486 35.875 2.75
    endloop
  endfacet
  facet normal 0 0 -1
    outer loop
      vertex 74.7 25.7833 2.75
      vertex 74.9486 26.125 2.75
      vertex 74.785 25.8803 2.75
    endloop
  endfacet
  facet normal -0 0 -1
    outer loop
      vertex 75.25 27.25 2.75
      vertex 74.7 25.7833 2.75
      vertex 74.7 33.7 2.75
    endloop
  endfacet
  facet normal -0 0 -1
    outer loop
      vertex 74.9486 35.875 2.75
      vertex 74.7 33.7 2.75
      vertex 74.7982 36.1 2.75
    endloop
  endfacet
  facet normal 0 0 -1
    outer loop
      vertex 74.7 33.7 2.75
      vertex 71.2018 36.1 2.75
      vertex 74.7982 36.1 2.75
    endloop
  endfacet
  facet normal 0 0 -1
    outer loop
      vertex 74.7 33.7 2.75
      vertex 71.0514 35.875 2.75
      vertex 71.2018 36.1 2.75
    endloop
  endfacet
  facet normal 0 0 -1
    outer loop
      vertex 74.7 33.7 2.75
      vertex 70.9213 35.611 2.75
      vertex 71.0514 35.875 2.75
    endloop
  endfacet
  facet normal 0 0 -1
    outer loop
      vertex 74.7 33.7 2.75
      vertex 70.8267 35.3323 2.75
      vertex 70.9213 35.611 2.75
    endloop
  endfacet
  facet normal 0 0 -1
    outer loop
      vertex 74.7 33.7 2.75
      vertex 70.7692 35.0437 2.75
      vertex 70.8267 35.3323 2.75
    endloop
  endfacet
  facet normal 0 0 -1
    outer loop
      vertex 70.75 34.75 2.75
      vertex 74.7 33.7 2.75
      vertex 70.75 33.7 2.75
    endloop
  endfacet
  facet normal 0 0 -1
    outer loop
      vertex 74.7 33.7 2.75
      vertex 70.75 34.75 2.75
      vertex 70.7692 35.0437 2.75
    endloop
  endfacet
  facet normal -1 0 0
    outer loop
      vertex 34.9 -36.1 3
      vertex 34.9 36.1 8.95
      vertex 34.9 36.1 3
    endloop
  endfacet
  facet normal -1 -0 0
    outer loop
      vertex 34.9 36.1 8.95
      vertex 34.9 -36.1 3
      vertex 34.9 -36.1 8.95
    endloop
  endfacet
  facet normal 0 -1 0
    outer loop
      vertex 70.75 33.7 3
      vertex 37.3 33.7 8.95
      vertex 37.3 33.7 3
    endloop
  endfacet
  facet normal 0 -1 0
    outer loop
      vertex 37.3 33.7 8.95
      vertex 70.75 33.7 3
      vertex 74.7 33.7 8.95
    endloop
  endfacet
  facet normal 0 -1 0
    outer loop
      vertex 74.7 33.7 2.75
      vertex 70.75 33.7 3
      vertex 70.75 33.7 2.75
    endloop
  endfacet
  facet normal 0 -1 0
    outer loop
      vertex 70.75 33.7 3
      vertex 74.7 33.7 2.75
      vertex 74.7 33.7 8.95
    endloop
  endfacet
  facet normal 0 1 0
    outer loop
      vertex 74.7 -33.7 8.95
      vertex 70.75 -33.7 3
      vertex 37.3 -33.7 8.95
    endloop
  endfacet
  facet normal 0 1 -0
    outer loop
      vertex 74.7 -33.7 2.75
      vertex 70.75 -33.7 3
      vertex 74.7 -33.7 8.95
    endloop
  endfacet
  facet normal 0 1 0
    outer loop
      vertex 70.75 -33.7 3
      vertex 74.7 -33.7 2.75
      vertex 70.75 -33.7 2.75
    endloop
  endfacet
  facet normal 0 1 0
    outer loop
      vertex 37.3 -33.7 8.95
      vertex 70.75 -33.7 3
      vertex 37.3 -33.7 3
    endloop
  endfacet
  facet normal 1 -0 0
    outer loop
      vertex 77.1 -36.1 8.95
      vertex 77.1 36.1 3
      vertex 77.1 36.1 8.95
    endloop
  endfacet
  facet normal 1 0 0
    outer loop
      vertex 77.1 36.1 3
      vertex 77.1 -36.1 8.95
      vertex 77.1 -36.1 3
    endloop
  endfacet
  facet normal -1 0 0
    outer loop
      vertex 74.7 -33.7 2.75
      vertex 74.7 -25.7833 3
      vertex 74.7 -25.7833 2.75
    endloop
  endfacet
  facet normal -1 -0 0
    outer loop
      vertex 74.7 -25.7833 3
      vertex 74.7 -33.7 2.75
      vertex 74.7 -32.7 8.85
    endloop
  endfacet
  facet normal -1 0 0
    outer loop
      vertex 74.7 -33.7 8.95
      vertex 74.7 -32.7 8.85
      vertex 74.7 -33.7 2.75
    endloop
  endfacet
  facet normal -1 0 0
    outer loop
      vertex 74.7 -32.7 8.85
      vertex 74.7 -33.7 8.95
      vertex 74.7 -32.7 8.95
    endloop
  endfacet
  facet normal -1 0 0
    outer loop
      vertex 74.7 33.7 2.75
      vertex 74.7 32.7 8.85
      vertex 74.7 33.7 8.95
    endloop
  endfacet
  facet normal -1 0 0
    outer loop
      vertex 74.7 25.7833 3
      vertex 74.7 33.7 2.75
      vertex 74.7 25.7833 2.75
    endloop
  endfacet
  facet normal -1 0 0
    outer loop
      vertex 74.7 33.7 2.75
      vertex 74.7 25.7833 3
      vertex 74.7 32.7 8.85
    endloop
  endfacet
  facet normal -1 0 0
    outer loop
      vertex 74.7 25.7833 3
      vertex 74.7 24.7 8.85
      vertex 74.7 32.7 8.85
    endloop
  endfacet
  facet normal -1 0 0
    outer loop
      vertex 74.7 24.7 8.85
      vertex 74.7 -24.7 8.85
      vertex 74.7 24.7 8.95
    endloop
  endfacet
  facet normal -1 0 0
    outer loop
      vertex 74.7 25.7833 3
      vertex 74.7 -24.7 8.85
      vertex 74.7 24.7 8.85
    endloop
  endfacet
  facet normal -1 0 0
    outer loop
      vertex 74.7 -25.7833 3
      vertex 74.7 -24.7 8.85
      vertex 74.7 25.7833 3
    endloop
  endfacet
  facet normal -1 -0 0
    outer loop
      vertex 74.7 -24.7 8.85
      vertex 74.7 -25.7833 3
      vertex 74.7 -32.7 8.85
    endloop
  endfacet
  facet normal -1 -0 0
    outer loop
      vertex 74.7 33.7 8.95
      vertex 74.7 32.7 8.85
      vertex 74.7 32.7 8.95
    endloop
  endfacet
  facet normal -1 -0 0
    outer loop
      vertex 74.7 24.7 8.95
      vertex 74.7 -24.7 8.85
      vertex 74.7 -24.7 8.95
    endloop
  endfacet
  facet normal 1 -0 0
    outer loop
      vertex 74.7 -32.7 10.65
      vertex 74.7 -24.7 8.95
      vertex 74.7 -24.7 10.65
    endloop
  endfacet
  facet normal 1 0 0
    outer loop
      vertex 74.7 -24.7 8.95
      vertex 74.7 -32.7 10.65
      vertex 74.7 -32.7 8.95
    endloop
  endfacet
  facet normal 1 -0 0
    outer loop
      vertex 74.7 24.7 10.65
      vertex 74.7 32.7 8.95
      vertex 74.7 32.7 10.65
    endloop
  endfacet
  facet normal 1 0 0
    outer loop
      vertex 74.7 32.7 8.95
      vertex 74.7 24.7 10.65
      vertex 74.7 24.7 8.95
    endloop
  endfacet
  facet normal 0 -1 0
    outer loop
      vertex 71.2018 -36.1 2.75
      vertex 74.7982 -36.1 3
      vertex 71.2018 -36.1 3
    endloop
  endfacet
  facet normal 0 -1 -0
    outer loop
      vertex 74.7982 -36.1 3
      vertex 71.2018 -36.1 2.75
      vertex 74.7982 -36.1 2.75
    endloop
  endfacet
  facet normal 0 -1 0
    outer loop
      vertex 71.2018 -36.1 3
      vertex 34.9 -36.1 8.95
      vertex 34.9 -36.1 3
    endloop
  endfacet
  facet normal 0 -1 0
    outer loop
      vertex 34.9 -36.1 8.95
      vertex 71.2018 -36.1 3
      vertex 77.1 -36.1 8.95
    endloop
  endfacet
  facet normal 0 -1 0
    outer loop
      vertex 74.7982 -36.1 3
      vertex 77.1 -36.1 8.95
      vertex 71.2018 -36.1 3
    endloop
  endfacet
  facet normal 0 -1 -0
    outer loop
      vertex 77.1 -36.1 8.95
      vertex 74.7982 -36.1 3
      vertex 77.1 -36.1 3
    endloop
  endfacet
  facet normal 0 1 -0
    outer loop
      vertex 74.7982 36.1 2.75
      vertex 71.2018 36.1 3
      vertex 74.7982 36.1 3
    endloop
  endfacet
  facet normal 0 1 0
    outer loop
      vertex 71.2018 36.1 3
      vertex 74.7982 36.1 2.75
      vertex 71.2018 36.1 2.75
    endloop
  endfacet
  facet normal 0 1 0
    outer loop
      vertex 74.7982 36.1 3
      vertex 77.1 36.1 8.95
      vertex 77.1 36.1 3
    endloop
  endfacet
  facet normal 0 1 0
    outer loop
      vertex 71.2018 36.1 3
      vertex 77.1 36.1 8.95
      vertex 74.7982 36.1 3
    endloop
  endfacet
  facet normal 0 1 0
    outer loop
      vertex 77.1 36.1 8.95
      vertex 71.2018 36.1 3
      vertex 34.9 36.1 8.95
    endloop
  endfacet
  facet normal 0 1 0
    outer loop
      vertex 34.9 36.1 8.95
      vertex 71.2018 36.1 3
      vertex 34.9 36.1 3
    endloop
  endfacet
  facet normal 1 -0 0
    outer loop
      vertex 40.9 -32.7 10.65
      vertex 40.9 -24.7 8.85
      vertex 40.9 -24.7 10.65
    endloop
  endfacet
  facet normal 1 0 0
    outer loop
      vertex 40.9 -24.7 8.85
      vertex 40.9 -32.7 10.65
      vertex 40.9 -32.7 8.85
    endloop
  endfacet
  facet normal -0 0 1
    outer loop
      vertex 37.3 -24.7 10.65
      vertex 40.9 -32.7 10.65
      vertex 40.9 -24.7 10.65
    endloop
  endfacet
  facet normal 0 0 1
    outer loop
      vertex 40.9 -32.7 10.65
      vertex 37.3 -24.7 10.65
      vertex 37.3 -32.7 10.65
    endloop
  endfacet
  facet normal 0 0 -1
    outer loop
      vertex 37.3 -32.7 8.85
      vertex 40.9 -24.7 8.85
      vertex 40.9 -32.7 8.85
    endloop
  endfacet
  facet normal -0 0 -1
    outer loop
      vertex 40.9 -24.7 8.85
      vertex 37.3 -32.7 8.85
      vertex 37.3 -24.7 8.85
    endloop
  endfacet
  facet normal 0 1 0
    outer loop
      vertex 40.9 -24.7 10.65
      vertex 37.3 -24.7 8.95
      vertex 37.3 -24.7 10.65
    endloop
  endfacet
  facet normal 0 1 -0
    outer loop
      vertex 40.9 -24.7 8.85
      vertex 37.3 -24.7 8.95
      vertex 40.9 -24.7 10.65
    endloop
  endfacet
  facet normal 0 1 0
    outer loop
      vertex 37.3 -24.7 8.95
      vertex 40.9 -24.7 8.85
      vertex 37.3 -24.7 8.85
    endloop
  endfacet
  facet normal 0 -1 0
    outer loop
      vertex 37.3 -32.7 8.95
      vertex 40.9 -32.7 10.65
      vertex 37.3 -32.7 10.65
    endloop
  endfacet
  facet normal 0 -1 0
    outer loop
      vertex 40.9 -32.7 8.85
      vertex 37.3 -32.7 8.95
      vertex 37.3 -32.7 8.85
    endloop
  endfacet
  facet normal 0 -1 0
    outer loop
      vertex 37.3 -32.7 8.95
      vertex 40.9 -32.7 8.85
      vertex 40.9 -32.7 10.65
    endloop
  endfacet
  facet normal 1 -0 0
    outer loop
      vertex 40.9 24.7 10.65
      vertex 40.9 32.7 8.85
      vertex 40.9 32.7 10.65
    endloop
  endfacet
  facet normal 1 0 0
    outer loop
      vertex 40.9 32.7 8.85
      vertex 40.9 24.7 10.65
      vertex 40.9 24.7 8.85
    endloop
  endfacet
  facet normal -0 0 1
    outer loop
      vertex 37.3 32.7 10.65
      vertex 40.9 24.7 10.65
      vertex 40.9 32.7 10.65
    endloop
  endfacet
  facet normal 0 0 1
    outer loop
      vertex 40.9 24.7 10.65
      vertex 37.3 32.7 10.65
      vertex 37.3 24.7 10.65
    endloop
  endfacet
  facet normal 0 0 -1
    outer loop
      vertex 37.3 24.7 8.85
      vertex 40.9 32.7 8.85
      vertex 40.9 24.7 8.85
    endloop
  endfacet
  facet normal -0 0 -1
    outer loop
      vertex 40.9 32.7 8.85
      vertex 37.3 24.7 8.85
      vertex 37.3 32.7 8.85
    endloop
  endfacet
  facet normal 0 1 0
    outer loop
      vertex 40.9 32.7 10.65
      vertex 37.3 32.7 8.95
      vertex 37.3 32.7 10.65
    endloop
  endfacet
  facet normal 0 1 -0
    outer loop
      vertex 40.9 32.7 8.85
      vertex 37.3 32.7 8.95
      vertex 40.9 32.7 10.65
    endloop
  endfacet
  facet normal 0 1 0
    outer loop
      vertex 37.3 32.7 8.95
      vertex 40.9 32.7 8.85
      vertex 37.3 32.7 8.85
    endloop
  endfacet
  facet normal 0 -1 0
    outer loop
      vertex 37.3 24.7 8.95
      vertex 40.9 24.7 10.65
      vertex 37.3 24.7 10.65
    endloop
  endfacet
  facet normal 0 -1 0
    outer loop
      vertex 40.9 24.7 8.85
      vertex 37.3 24.7 8.95
      vertex 37.3 24.7 8.85
    endloop
  endfacet
  facet normal 0 -1 0
    outer loop
      vertex 37.3 24.7 8.95
      vertex 40.9 24.7 8.85
      vertex 40.9 24.7 10.65
    endloop
  endfacet
  facet normal -0 0 1
    outer loop
      vertex 71.1 -24.7 10.65
      vertex 74.7 -32.7 10.65
      vertex 74.7 -24.7 10.65
    endloop
  endfacet
  facet normal 0 0 1
    outer loop
      vertex 74.7 -32.7 10.65
      vertex 71.1 -24.7 10.65
      vertex 71.1 -32.7 10.65
    endloop
  endfacet
  facet normal 0 0 -1
    outer loop
      vertex 71.1 -32.7 8.85
      vertex 74.7 -24.7 8.85
      vertex 74.7 -32.7 8.85
    endloop
  endfacet
  facet normal -0 0 -1
    outer loop
      vertex 74.7 -24.7 8.85
      vertex 71.1 -32.7 8.85
      vertex 71.1 -24.7 8.85
    endloop
  endfacet
  facet normal -1 0 0
    outer loop
      vertex 71.1 -32.7 8.85
      vertex 71.1 -24.7 10.65
      vertex 71.1 -24.7 8.85
    endloop
  endfacet
  facet normal -1 -0 0
    outer loop
      vertex 71.1 -24.7 10.65
      vertex 71.1 -32.7 8.85
      vertex 71.1 -32.7 10.65
    endloop
  endfacet
  facet normal 0 1 -0
    outer loop
      vertex 74.7 -24.7 8.95
      vertex 71.1 -24.7 10.65
      vertex 74.7 -24.7 10.65
    endloop
  endfacet
  facet normal 0 1 0
    outer loop
      vertex 71.1 -24.7 8.85
      vertex 74.7 -24.7 8.95
      vertex 74.7 -24.7 8.85
    endloop
  endfacet
  facet normal 0 1 0
    outer loop
      vertex 74.7 -24.7 8.95
      vertex 71.1 -24.7 8.85
      vertex 71.1 -24.7 10.65
    endloop
  endfacet
  facet normal 0 -1 0
    outer loop
      vertex 71.1 -32.7 10.65
      vertex 74.7 -32.7 8.95
      vertex 74.7 -32.7 10.65
    endloop
  endfacet
  facet normal 0 -1 0
    outer loop
      vertex 71.1 -32.7 8.85
      vertex 74.7 -32.7 8.95
      vertex 71.1 -32.7 10.65
    endloop
  endfacet
  facet normal 0 -1 -0
    outer loop
      vertex 74.7 -32.7 8.95
      vertex 71.1 -32.7 8.85
      vertex 74.7 -32.7 8.85
    endloop
  endfacet
  facet normal -0 0 1
    outer loop
      vertex 71.1 32.7 10.65
      vertex 74.7 24.7 10.65
      vertex 74.7 32.7 10.65
    endloop
  endfacet
  facet normal 0 0 1
    outer loop
      vertex 74.7 24.7 10.65
      vertex 71.1 32.7 10.65
      vertex 71.1 24.7 10.65
    endloop
  endfacet
  facet normal 0 0 -1
    outer loop
      vertex 71.1 24.7 8.85
      vertex 74.7 32.7 8.85
      vertex 74.7 24.7 8.85
    endloop
  endfacet
  facet normal -0 0 -1
    outer loop
      vertex 74.7 32.7 8.85
      vertex 71.1 24.7 8.85
      vertex 71.1 32.7 8.85
    endloop
  endfacet
  facet normal -1 0 0
    outer loop
      vertex 71.1 24.7 8.85
      vertex 71.1 32.7 10.65
      vertex 71.1 32.7 8.85
    endloop
  endfacet
  facet normal -1 -0 0
    outer loop
      vertex 71.1 32.7 10.65
      vertex 71.1 24.7 8.85
      vertex 71.1 24.7 10.65
    endloop
  endfacet
  facet normal 0 1 -0
    outer loop
      vertex 74.7 32.7 8.95
      vertex 71.1 32.7 10.65
      vertex 74.7 32.7 10.65
    endloop
  endfacet
  facet normal 0 1 0
    outer loop
      vertex 71.1 32.7 8.85
      vertex 74.7 32.7 8.95
      vertex 74.7 32.7 8.85
    endloop
  endfacet
  facet normal 0 1 0
    outer loop
      vertex 74.7 32.7 8.95
      vertex 71.1 32.7 8.85
      vertex 71.1 32.7 10.65
    endloop
  endfacet
  facet normal 0 -1 0
    outer loop
      vertex 71.1 24.7 10.65
      vertex 74.7 24.7 8.95
      vertex 74.7 24.7 10.65
    endloop
  endfacet
  facet normal 0 -1 0
    outer loop
      vertex 71.1 24.7 8.85
      vertex 74.7 24.7 8.95
      vertex 71.1 24.7 10.65
    endloop
  endfacet
  facet normal 0 -1 -0
    outer loop
      vertex 74.7 24.7 8.95
      vertex 71.1 24.7 8.85
      vertex 74.7 24.7 8.85
    endloop
  endfacet
endsolid OpenSCAD_Model
