solid OpenSCAD_Model
  facet normal 0.0653858 0.99786 -0
    outer loop
      vertex -21 -9.5 0
      vertex -21.1958 -9.48717 2.4
      vertex -21 -9.5 2.4
    endloop
  endfacet
  facet normal 0.0653858 0.99786 0
    outer loop
      vertex -21.1958 -9.48717 2.4
      vertex -21 -9.5 0
      vertex -21.1958 -9.48717 0
    endloop
  endfacet
  facet normal 1 -0 0
    outer loop
      vertex -22.5 -8 2.4
      vertex -22.5 8 0
      vertex -22.5 8 2.4
    endloop
  endfacet
  facet normal 1 0 0
    outer loop
      vertex -22.5 8 0
      vertex -22.5 -8 2.4
      vertex -22.5 -8 0
    endloop
  endfacet
  facet normal -0.555676 0.831399 0
    outer loop
      vertex -20.0869 -9.19003 0
      vertex -20.25 -9.29904 2.4
      vertex -20.0869 -9.19003 2.4
    endloop
  endfacet
  facet normal -0.555676 0.831399 0
    outer loop
      vertex -20.25 -9.29904 2.4
      vertex -20.0869 -9.19003 0
      vertex -20.25 -9.29904 0
    endloop
  endfacet
  facet normal -0.659139 -0.752021 0
    outer loop
      vertex -20.0869 9.19003 0
      vertex -19.9393 9.06066 2.4
      vertex -20.0869 9.19003 2.4
    endloop
  endfacet
  facet normal -0.659139 -0.752021 -0
    outer loop
      vertex -19.9393 9.06066 2.4
      vertex -20.0869 9.19003 0
      vertex -19.9393 9.06066 0
    endloop
  endfacet
  facet normal -0.0653858 -0.99786 0
    outer loop
      vertex -21 9.5 0
      vertex -20.8042 9.48717 2.4
      vertex -21 9.5 2.4
    endloop
  endfacet
  facet normal -0.0653858 -0.99786 -0
    outer loop
      vertex -20.8042 9.48717 2.4
      vertex -21 9.5 0
      vertex -20.8042 9.48717 0
    endloop
  endfacet
  facet normal -0.442233 -0.8969 0
    outer loop
      vertex -20.426 9.38582 0
      vertex -20.25 9.29904 2.4
      vertex -20.426 9.38582 2.4
    endloop
  endfacet
  facet normal -0.442233 -0.8969 -0
    outer loop
      vertex -20.25 9.29904 2.4
      vertex -20.426 9.38582 0
      vertex -20.25 9.29904 0
    endloop
  endfacet
  facet normal -0.831485 -0.555547 0
    outer loop
      vertex -19.701 8.75 0
      vertex -19.81 8.91314 2.4
      vertex -19.81 8.91314 0
    endloop
  endfacet
  facet normal -0.831485 -0.555547 0
    outer loop
      vertex -19.81 8.91314 2.4
      vertex -19.701 8.75 0
      vertex -19.701 8.75 2.4
    endloop
  endfacet
  facet normal -0.195136 -0.980776 0
    outer loop
      vertex -20.8042 9.48717 0
      vertex -20.6118 9.44889 2.4
      vertex -20.8042 9.48717 2.4
    endloop
  endfacet
  facet normal -0.195136 -0.980776 -0
    outer loop
      vertex -20.6118 9.44889 2.4
      vertex -20.8042 9.48717 0
      vertex -20.6118 9.44889 0
    endloop
  endfacet
  facet normal 0.946879 -0.321589 0
    outer loop
      vertex -22.4489 8.38823 2.4
      vertex -22.3858 8.57402 0
      vertex -22.3858 8.57402 2.4
    endloop
  endfacet
  facet normal 0.946879 -0.321589 0
    outer loop
      vertex -22.3858 8.57402 0
      vertex -22.4489 8.38823 2.4
      vertex -22.4489 8.38823 0
    endloop
  endfacet
  facet normal -0.946879 0.321589 0
    outer loop
      vertex -19.6142 -8.57402 0
      vertex -19.5511 -8.38823 2.4
      vertex -19.5511 -8.38823 0
    endloop
  endfacet
  facet normal -0.946879 0.321589 0
    outer loop
      vertex -19.5511 -8.38823 2.4
      vertex -19.6142 -8.57402 0
      vertex -19.6142 -8.57402 2.4
    endloop
  endfacet
  facet normal -0.980764 -0.195195 0
    outer loop
      vertex -19.5128 8.19579 0
      vertex -19.5511 8.38823 2.4
      vertex -19.5511 8.38823 0
    endloop
  endfacet
  facet normal -0.980764 -0.195195 0
    outer loop
      vertex -19.5511 8.38823 2.4
      vertex -19.5128 8.19579 0
      vertex -19.5128 8.19579 2.4
    endloop
  endfacet
  facet normal 0.195136 -0.980776 0
    outer loop
      vertex -21.3882 9.44889 0
      vertex -21.1958 9.48717 2.4
      vertex -21.3882 9.44889 2.4
    endloop
  endfacet
  facet normal 0.195136 -0.980776 0
    outer loop
      vertex -21.1958 9.48717 2.4
      vertex -21.3882 9.44889 0
      vertex -21.1958 9.48717 0
    endloop
  endfacet
  facet normal 0.752021 0.65914 0
    outer loop
      vertex -22.0607 -9.06066 2.4
      vertex -22.19 -8.91314 0
      vertex -22.19 -8.91314 2.4
    endloop
  endfacet
  facet normal 0.752021 0.65914 0
    outer loop
      vertex -22.19 -8.91314 0
      vertex -22.0607 -9.06066 2.4
      vertex -22.0607 -9.06066 0
    endloop
  endfacet
  facet normal -0.321437 -0.946931 0
    outer loop
      vertex -20.6118 9.44889 0
      vertex -20.426 9.38582 2.4
      vertex -20.6118 9.44889 2.4
    endloop
  endfacet
  facet normal -0.321437 -0.946931 -0
    outer loop
      vertex -20.426 9.38582 2.4
      vertex -20.6118 9.44889 0
      vertex -20.426 9.38582 0
    endloop
  endfacet
  facet normal 0.555676 -0.831399 0
    outer loop
      vertex -21.9131 9.19003 0
      vertex -21.75 9.29904 2.4
      vertex -21.9131 9.19003 2.4
    endloop
  endfacet
  facet normal 0.555676 -0.831399 0
    outer loop
      vertex -21.75 9.29904 2.4
      vertex -21.9131 9.19003 0
      vertex -21.75 9.29904 0
    endloop
  endfacet
  facet normal 0.321437 -0.946931 0
    outer loop
      vertex -21.574 9.38582 0
      vertex -21.3882 9.44889 2.4
      vertex -21.574 9.38582 2.4
    endloop
  endfacet
  facet normal 0.321437 -0.946931 0
    outer loop
      vertex -21.3882 9.44889 2.4
      vertex -21.574 9.38582 0
      vertex -21.3882 9.44889 0
    endloop
  endfacet
  facet normal -1 0 0
    outer loop
      vertex -19.5 -8 0
      vertex -19.5 8 2.4
      vertex -19.5 8 0
    endloop
  endfacet
  facet normal -1 -0 0
    outer loop
      vertex -19.5 8 2.4
      vertex -19.5 -8 0
      vertex -19.5 -8 2.4
    endloop
  endfacet
  facet normal 0.752021 -0.65914 0
    outer loop
      vertex -22.19 8.91314 2.4
      vertex -22.0607 9.06066 0
      vertex -22.0607 9.06066 2.4
    endloop
  endfacet
  facet normal 0.752021 -0.65914 0
    outer loop
      vertex -22.0607 9.06066 0
      vertex -22.19 8.91314 2.4
      vertex -22.19 8.91314 0
    endloop
  endfacet
  facet normal 0.831485 -0.555547 0
    outer loop
      vertex -22.299 8.75 2.4
      vertex -22.19 8.91314 0
      vertex -22.19 8.91314 2.4
    endloop
  endfacet
  facet normal 0.831485 -0.555547 0
    outer loop
      vertex -22.19 8.91314 0
      vertex -22.299 8.75 2.4
      vertex -22.299 8.75 0
    endloop
  endfacet
  facet normal -0.831485 0.555547 0
    outer loop
      vertex -19.81 -8.91314 0
      vertex -19.701 -8.75 2.4
      vertex -19.701 -8.75 0
    endloop
  endfacet
  facet normal -0.831485 0.555547 0
    outer loop
      vertex -19.701 -8.75 2.4
      vertex -19.81 -8.91314 0
      vertex -19.81 -8.91314 2.4
    endloop
  endfacet
  facet normal 0.659139 0.752021 -0
    outer loop
      vertex -21.9131 -9.19003 0
      vertex -22.0607 -9.06066 2.4
      vertex -21.9131 -9.19003 2.4
    endloop
  endfacet
  facet normal 0.659139 0.752021 0
    outer loop
      vertex -22.0607 -9.06066 2.4
      vertex -21.9131 -9.19003 0
      vertex -22.0607 -9.06066 0
    endloop
  endfacet
  facet normal -0.442233 0.8969 0
    outer loop
      vertex -20.25 -9.29904 0
      vertex -20.426 -9.38582 2.4
      vertex -20.25 -9.29904 2.4
    endloop
  endfacet
  facet normal -0.442233 0.8969 0
    outer loop
      vertex -20.426 -9.38582 2.4
      vertex -20.25 -9.29904 0
      vertex -20.426 -9.38582 0
    endloop
  endfacet
  facet normal 0.555676 0.831399 -0
    outer loop
      vertex -21.75 -9.29904 0
      vertex -21.9131 -9.19003 2.4
      vertex -21.75 -9.29904 2.4
    endloop
  endfacet
  facet normal 0.555676 0.831399 0
    outer loop
      vertex -21.9131 -9.19003 2.4
      vertex -21.75 -9.29904 0
      vertex -21.9131 -9.19003 0
    endloop
  endfacet
  facet normal 0.659139 -0.752021 0
    outer loop
      vertex -22.0607 9.06066 0
      vertex -21.9131 9.19003 2.4
      vertex -22.0607 9.06066 2.4
    endloop
  endfacet
  facet normal 0.659139 -0.752021 0
    outer loop
      vertex -21.9131 9.19003 2.4
      vertex -22.0607 9.06066 0
      vertex -21.9131 9.19003 0
    endloop
  endfacet
  facet normal 0.946879 0.321589 0
    outer loop
      vertex -22.3858 -8.57402 2.4
      vertex -22.4489 -8.38823 0
      vertex -22.4489 -8.38823 2.4
    endloop
  endfacet
  facet normal 0.946879 0.321589 0
    outer loop
      vertex -22.4489 -8.38823 0
      vertex -22.3858 -8.57402 2.4
      vertex -22.3858 -8.57402 0
    endloop
  endfacet
  facet normal 0.442233 0.8969 -0
    outer loop
      vertex -21.574 -9.38582 0
      vertex -21.75 -9.29904 2.4
      vertex -21.574 -9.38582 2.4
    endloop
  endfacet
  facet normal 0.442233 0.8969 0
    outer loop
      vertex -21.75 -9.29904 2.4
      vertex -21.574 -9.38582 0
      vertex -21.75 -9.29904 0
    endloop
  endfacet
  facet normal 0.0653858 -0.99786 0
    outer loop
      vertex -21.1958 9.48717 0
      vertex -21 9.5 2.4
      vertex -21.1958 9.48717 2.4
    endloop
  endfacet
  facet normal 0.0653858 -0.99786 0
    outer loop
      vertex -21 9.5 2.4
      vertex -21.1958 9.48717 0
      vertex -21 9.5 0
    endloop
  endfacet
  facet normal -0.89684 -0.442355 0
    outer loop
      vertex -19.6142 8.57402 0
      vertex -19.701 8.75 2.4
      vertex -19.701 8.75 0
    endloop
  endfacet
  facet normal -0.89684 -0.442355 0
    outer loop
      vertex -19.701 8.75 2.4
      vertex -19.6142 8.57402 0
      vertex -19.6142 8.57402 2.4
    endloop
  endfacet
  facet normal 0.89684 -0.442355 0
    outer loop
      vertex -22.3858 8.57402 2.4
      vertex -22.299 8.75 0
      vertex -22.299 8.75 2.4
    endloop
  endfacet
  facet normal 0.89684 -0.442355 0
    outer loop
      vertex -22.299 8.75 0
      vertex -22.3858 8.57402 2.4
      vertex -22.3858 8.57402 0
    endloop
  endfacet
  facet normal -0.752021 -0.65914 0
    outer loop
      vertex -19.81 8.91314 0
      vertex -19.9393 9.06066 2.4
      vertex -19.9393 9.06066 0
    endloop
  endfacet
  facet normal -0.752021 -0.65914 0
    outer loop
      vertex -19.9393 9.06066 2.4
      vertex -19.81 8.91314 0
      vertex -19.81 8.91314 2.4
    endloop
  endfacet
  facet normal 0.99787 0.0652369 0
    outer loop
      vertex -22.4872 -8.19579 2.4
      vertex -22.5 -8 0
      vertex -22.5 -8 2.4
    endloop
  endfacet
  facet normal 0.99787 0.0652369 0
    outer loop
      vertex -22.5 -8 0
      vertex -22.4872 -8.19579 2.4
      vertex -22.4872 -8.19579 0
    endloop
  endfacet
  facet normal -0.99787 0.0652369 0
    outer loop
      vertex -19.5128 -8.19579 0
      vertex -19.5 -8 2.4
      vertex -19.5 -8 0
    endloop
  endfacet
  facet normal -0.99787 0.0652369 0
    outer loop
      vertex -19.5 -8 2.4
      vertex -19.5128 -8.19579 0
      vertex -19.5128 -8.19579 2.4
    endloop
  endfacet
  facet normal 0.980764 0.195195 0
    outer loop
      vertex -22.4489 -8.38823 2.4
      vertex -22.4872 -8.19579 0
      vertex -22.4872 -8.19579 2.4
    endloop
  endfacet
  facet normal 0.980764 0.195195 0
    outer loop
      vertex -22.4872 -8.19579 0
      vertex -22.4489 -8.38823 2.4
      vertex -22.4489 -8.38823 0
    endloop
  endfacet
  facet normal 0.442233 -0.8969 0
    outer loop
      vertex -21.75 9.29904 0
      vertex -21.574 9.38582 2.4
      vertex -21.75 9.29904 2.4
    endloop
  endfacet
  facet normal 0.442233 -0.8969 0
    outer loop
      vertex -21.574 9.38582 2.4
      vertex -21.75 9.29904 0
      vertex -21.574 9.38582 0
    endloop
  endfacet
  facet normal 0.321437 0.946931 -0
    outer loop
      vertex -21.3882 -9.44889 0
      vertex -21.574 -9.38582 2.4
      vertex -21.3882 -9.44889 2.4
    endloop
  endfacet
  facet normal 0.321437 0.946931 0
    outer loop
      vertex -21.574 -9.38582 2.4
      vertex -21.3882 -9.44889 0
      vertex -21.574 -9.38582 0
    endloop
  endfacet
  facet normal -0.99787 -0.0652369 0
    outer loop
      vertex -19.5 8 0
      vertex -19.5128 8.19579 2.4
      vertex -19.5128 8.19579 0
    endloop
  endfacet
  facet normal -0.99787 -0.0652369 0
    outer loop
      vertex -19.5128 8.19579 2.4
      vertex -19.5 8 0
      vertex -19.5 8 2.4
    endloop
  endfacet
  facet normal -0.980764 0.195195 0
    outer loop
      vertex -19.5511 -8.38823 0
      vertex -19.5128 -8.19579 2.4
      vertex -19.5128 -8.19579 0
    endloop
  endfacet
  facet normal -0.980764 0.195195 0
    outer loop
      vertex -19.5128 -8.19579 2.4
      vertex -19.5511 -8.38823 0
      vertex -19.5511 -8.38823 2.4
    endloop
  endfacet
  facet normal -0.946879 -0.321589 0
    outer loop
      vertex -19.5511 8.38823 0
      vertex -19.6142 8.57402 2.4
      vertex -19.6142 8.57402 0
    endloop
  endfacet
  facet normal -0.946879 -0.321589 0
    outer loop
      vertex -19.6142 8.57402 2.4
      vertex -19.5511 8.38823 0
      vertex -19.5511 8.38823 2.4
    endloop
  endfacet
  facet normal 0.195136 0.980776 -0
    outer loop
      vertex -21.1958 -9.48717 0
      vertex -21.3882 -9.44889 2.4
      vertex -21.1958 -9.48717 2.4
    endloop
  endfacet
  facet normal 0.195136 0.980776 0
    outer loop
      vertex -21.3882 -9.44889 2.4
      vertex -21.1958 -9.48717 0
      vertex -21.3882 -9.44889 0
    endloop
  endfacet
  facet normal 0.831485 0.555547 0
    outer loop
      vertex -22.19 -8.91314 2.4
      vertex -22.299 -8.75 0
      vertex -22.299 -8.75 2.4
    endloop
  endfacet
  facet normal 0.831485 0.555547 0
    outer loop
      vertex -22.299 -8.75 0
      vertex -22.19 -8.91314 2.4
      vertex -22.19 -8.91314 0
    endloop
  endfacet
  facet normal 0.980764 -0.195195 0
    outer loop
      vertex -22.4872 8.19579 2.4
      vertex -22.4489 8.38823 0
      vertex -22.4489 8.38823 2.4
    endloop
  endfacet
  facet normal 0.980764 -0.195195 0
    outer loop
      vertex -22.4489 8.38823 0
      vertex -22.4872 8.19579 2.4
      vertex -22.4872 8.19579 0
    endloop
  endfacet
  facet normal -0.752021 0.65914 0
    outer loop
      vertex -19.9393 -9.06066 0
      vertex -19.81 -8.91314 2.4
      vertex -19.81 -8.91314 0
    endloop
  endfacet
  facet normal -0.752021 0.65914 0
    outer loop
      vertex -19.81 -8.91314 2.4
      vertex -19.9393 -9.06066 0
      vertex -19.9393 -9.06066 2.4
    endloop
  endfacet
  facet normal -0.195136 0.980776 0
    outer loop
      vertex -20.6118 -9.44889 0
      vertex -20.8042 -9.48717 2.4
      vertex -20.6118 -9.44889 2.4
    endloop
  endfacet
  facet normal -0.195136 0.980776 0
    outer loop
      vertex -20.8042 -9.48717 2.4
      vertex -20.6118 -9.44889 0
      vertex -20.8042 -9.48717 0
    endloop
  endfacet
  facet normal 0.89684 0.442355 0
    outer loop
      vertex -22.299 -8.75 2.4
      vertex -22.3858 -8.57402 0
      vertex -22.3858 -8.57402 2.4
    endloop
  endfacet
  facet normal 0.89684 0.442355 0
    outer loop
      vertex -22.3858 -8.57402 0
      vertex -22.299 -8.75 2.4
      vertex -22.299 -8.75 0
    endloop
  endfacet
  facet normal -0.555676 -0.831399 0
    outer loop
      vertex -20.25 9.29904 0
      vertex -20.0869 9.19003 2.4
      vertex -20.25 9.29904 2.4
    endloop
  endfacet
  facet normal -0.555676 -0.831399 -0
    outer loop
      vertex -20.0869 9.19003 2.4
      vertex -20.25 9.29904 0
      vertex -20.0869 9.19003 0
    endloop
  endfacet
  facet normal 0.99787 -0.0652369 0
    outer loop
      vertex -22.5 8 2.4
      vertex -22.4872 8.19579 0
      vertex -22.4872 8.19579 2.4
    endloop
  endfacet
  facet normal 0.99787 -0.0652369 0
    outer loop
      vertex -22.4872 8.19579 0
      vertex -22.5 8 2.4
      vertex -22.5 8 0
    endloop
  endfacet
  facet normal -0.659139 0.752021 0
    outer loop
      vertex -19.9393 -9.06066 0
      vertex -20.0869 -9.19003 2.4
      vertex -19.9393 -9.06066 2.4
    endloop
  endfacet
  facet normal -0.659139 0.752021 0
    outer loop
      vertex -20.0869 -9.19003 2.4
      vertex -19.9393 -9.06066 0
      vertex -20.0869 -9.19003 0
    endloop
  endfacet
  facet normal -0.0653858 0.99786 0
    outer loop
      vertex -20.8042 -9.48717 0
      vertex -21 -9.5 2.4
      vertex -20.8042 -9.48717 2.4
    endloop
  endfacet
  facet normal -0.0653858 0.99786 0
    outer loop
      vertex -21 -9.5 2.4
      vertex -20.8042 -9.48717 0
      vertex -21 -9.5 0
    endloop
  endfacet
  facet normal -0.89684 0.442355 0
    outer loop
      vertex -19.701 -8.75 0
      vertex -19.6142 -8.57402 2.4
      vertex -19.6142 -8.57402 0
    endloop
  endfacet
  facet normal -0.89684 0.442355 0
    outer loop
      vertex -19.6142 -8.57402 2.4
      vertex -19.701 -8.75 0
      vertex -19.701 -8.75 2.4
    endloop
  endfacet
  facet normal -0.321437 0.946931 0
    outer loop
      vertex -20.426 -9.38582 0
      vertex -20.6118 -9.44889 2.4
      vertex -20.426 -9.38582 2.4
    endloop
  endfacet
  facet normal -0.321437 0.946931 0
    outer loop
      vertex -20.6118 -9.44889 2.4
      vertex -20.426 -9.38582 0
      vertex -20.6118 -9.44889 0
    endloop
  endfacet
  facet normal 0.0653892 0.99786 -0
    outer loop
      vertex -7 -9.5 0
      vertex -7.19579 -9.48717 2.4
      vertex -7 -9.5 2.4
    endloop
  endfacet
  facet normal 0.0653892 0.99786 0
    outer loop
      vertex -7.19579 -9.48717 2.4
      vertex -7 -9.5 0
      vertex -7.19579 -9.48717 0
    endloop
  endfacet
  facet normal 1 -0 0
    outer loop
      vertex -8.5 -8 2.4
      vertex -8.5 8 0
      vertex -8.5 8 2.4
    endloop
  endfacet
  facet normal 1 0 0
    outer loop
      vertex -8.5 8 0
      vertex -8.5 -8 2.4
      vertex -8.5 -8 0
    endloop
  endfacet
  facet normal -0.555582 0.831462 0
    outer loop
      vertex -6.08686 -9.19003 0
      vertex -6.25 -9.29904 2.4
      vertex -6.08686 -9.19003 2.4
    endloop
  endfacet
  facet normal -0.555582 0.831462 0
    outer loop
      vertex -6.25 -9.29904 2.4
      vertex -6.08686 -9.19003 0
      vertex -6.25 -9.29904 0
    endloop
  endfacet
  facet normal -0.659341 -0.751844 0
    outer loop
      vertex -6.08686 9.19003 0
      vertex -5.93934 9.06066 2.4
      vertex -6.08686 9.19003 2.4
    endloop
  endfacet
  facet normal -0.659341 -0.751844 -0
    outer loop
      vertex -5.93934 9.06066 2.4
      vertex -6.08686 9.19003 0
      vertex -5.93934 9.06066 0
    endloop
  endfacet
  facet normal -0.0653892 -0.99786 0
    outer loop
      vertex -7 9.5 0
      vertex -6.80421 9.48717 2.4
      vertex -7 9.5 2.4
    endloop
  endfacet
  facet normal -0.0653892 -0.99786 -0
    outer loop
      vertex -6.80421 9.48717 2.4
      vertex -7 9.5 0
      vertex -6.80421 9.48717 0
    endloop
  endfacet
  facet normal -0.442294 -0.89687 0
    outer loop
      vertex -6.42597 9.38582 0
      vertex -6.25 9.29904 2.4
      vertex -6.42597 9.38582 2.4
    endloop
  endfacet
  facet normal -0.442294 -0.89687 -0
    outer loop
      vertex -6.25 9.29904 2.4
      vertex -6.42597 9.38582 0
      vertex -6.25 9.29904 0
    endloop
  endfacet
  facet normal -0.831462 -0.555582 0
    outer loop
      vertex -5.70096 8.75 0
      vertex -5.80997 8.91314 2.4
      vertex -5.80997 8.91314 0
    endloop
  endfacet
  facet normal -0.831462 -0.555582 0
    outer loop
      vertex -5.80997 8.91314 2.4
      vertex -5.70096 8.75 0
      vertex -5.70096 8.75 2.4
    endloop
  endfacet
  facet normal -0.195097 -0.980784 0
    outer loop
      vertex -6.80421 9.48717 0
      vertex -6.61177 9.44889 2.4
      vertex -6.80421 9.48717 2.4
    endloop
  endfacet
  facet normal -0.195097 -0.980784 -0
    outer loop
      vertex -6.61177 9.44889 2.4
      vertex -6.80421 9.48717 0
      vertex -6.61177 9.44889 0
    endloop
  endfacet
  facet normal 0.946926 -0.321452 0
    outer loop
      vertex -8.44889 8.38823 2.4
      vertex -8.38582 8.57402 0
      vertex -8.38582 8.57402 2.4
    endloop
  endfacet
  facet normal 0.946926 -0.321452 0
    outer loop
      vertex -8.38582 8.57402 0
      vertex -8.44889 8.38823 2.4
      vertex -8.44889 8.38823 0
    endloop
  endfacet
  facet normal -0.946926 0.321452 0
    outer loop
      vertex -5.61418 -8.57402 0
      vertex -5.55111 -8.38823 2.4
      vertex -5.55111 -8.38823 0
    endloop
  endfacet
  facet normal -0.946926 0.321452 0
    outer loop
      vertex -5.55111 -8.38823 2.4
      vertex -5.61418 -8.57402 0
      vertex -5.61418 -8.57402 2.4
    endloop
  endfacet
  facet normal -0.980784 -0.195097 0
    outer loop
      vertex -5.51283 8.19579 0
      vertex -5.55111 8.38823 2.4
      vertex -5.55111 8.38823 0
    endloop
  endfacet
  facet normal -0.980784 -0.195097 0
    outer loop
      vertex -5.55111 8.38823 2.4
      vertex -5.51283 8.19579 0
      vertex -5.51283 8.19579 2.4
    endloop
  endfacet
  facet normal 0.195097 -0.980784 0
    outer loop
      vertex -7.38823 9.44889 0
      vertex -7.19579 9.48717 2.4
      vertex -7.38823 9.44889 2.4
    endloop
  endfacet
  facet normal 0.195097 -0.980784 0
    outer loop
      vertex -7.19579 9.48717 2.4
      vertex -7.38823 9.44889 0
      vertex -7.19579 9.48717 0
    endloop
  endfacet
  facet normal 0.751844 0.659341 0
    outer loop
      vertex -8.06066 -9.06066 2.4
      vertex -8.19003 -8.91314 0
      vertex -8.19003 -8.91314 2.4
    endloop
  endfacet
  facet normal 0.751844 0.659341 0
    outer loop
      vertex -8.19003 -8.91314 0
      vertex -8.06066 -9.06066 2.4
      vertex -8.06066 -9.06066 0
    endloop
  endfacet
  facet normal -0.321437 -0.946931 0
    outer loop
      vertex -6.61177 9.44889 0
      vertex -6.42597 9.38582 2.4
      vertex -6.61177 9.44889 2.4
    endloop
  endfacet
  facet normal -0.321437 -0.946931 -0
    outer loop
      vertex -6.42597 9.38582 2.4
      vertex -6.61177 9.44889 0
      vertex -6.42597 9.38582 0
    endloop
  endfacet
  facet normal 0.555582 -0.831462 0
    outer loop
      vertex -7.91314 9.19003 0
      vertex -7.75 9.29904 2.4
      vertex -7.91314 9.19003 2.4
    endloop
  endfacet
  facet normal 0.555582 -0.831462 0
    outer loop
      vertex -7.75 9.29904 2.4
      vertex -7.91314 9.19003 0
      vertex -7.75 9.29904 0
    endloop
  endfacet
  facet normal 0.321452 -0.946926 0
    outer loop
      vertex -7.57402 9.38582 0
      vertex -7.38823 9.44889 2.4
      vertex -7.57402 9.38582 2.4
    endloop
  endfacet
  facet normal 0.321452 -0.946926 0
    outer loop
      vertex -7.38823 9.44889 2.4
      vertex -7.57402 9.38582 0
      vertex -7.38823 9.44889 0
    endloop
  endfacet
  facet normal -1 0 0
    outer loop
      vertex -5.5 -8 0
      vertex -5.5 8 2.4
      vertex -5.5 8 0
    endloop
  endfacet
  facet normal -1 -0 0
    outer loop
      vertex -5.5 8 2.4
      vertex -5.5 -8 0
      vertex -5.5 -8 2.4
    endloop
  endfacet
  facet normal 0.751844 -0.659341 0
    outer loop
      vertex -8.19003 8.91314 2.4
      vertex -8.06066 9.06066 0
      vertex -8.06066 9.06066 2.4
    endloop
  endfacet
  facet normal 0.751844 -0.659341 0
    outer loop
      vertex -8.06066 9.06066 0
      vertex -8.19003 8.91314 2.4
      vertex -8.19003 8.91314 0
    endloop
  endfacet
  facet normal 0.831462 -0.555582 0
    outer loop
      vertex -8.29904 8.75 2.4
      vertex -8.19003 8.91314 0
      vertex -8.19003 8.91314 2.4
    endloop
  endfacet
  facet normal 0.831462 -0.555582 0
    outer loop
      vertex -8.19003 8.91314 0
      vertex -8.29904 8.75 2.4
      vertex -8.29904 8.75 0
    endloop
  endfacet
  facet normal -0.831462 0.555582 0
    outer loop
      vertex -5.80997 -8.91314 0
      vertex -5.70096 -8.75 2.4
      vertex -5.70096 -8.75 0
    endloop
  endfacet
  facet normal -0.831462 0.555582 0
    outer loop
      vertex -5.70096 -8.75 2.4
      vertex -5.80997 -8.91314 0
      vertex -5.80997 -8.91314 2.4
    endloop
  endfacet
  facet normal 0.659341 0.751844 -0
    outer loop
      vertex -7.91314 -9.19003 0
      vertex -8.06066 -9.06066 2.4
      vertex -7.91314 -9.19003 2.4
    endloop
  endfacet
  facet normal 0.659341 0.751844 0
    outer loop
      vertex -8.06066 -9.06066 2.4
      vertex -7.91314 -9.19003 0
      vertex -8.06066 -9.06066 0
    endloop
  endfacet
  facet normal -0.442294 0.89687 0
    outer loop
      vertex -6.25 -9.29904 0
      vertex -6.42597 -9.38582 2.4
      vertex -6.25 -9.29904 2.4
    endloop
  endfacet
  facet normal -0.442294 0.89687 0
    outer loop
      vertex -6.42597 -9.38582 2.4
      vertex -6.25 -9.29904 0
      vertex -6.42597 -9.38582 0
    endloop
  endfacet
  facet normal 0.555582 0.831462 -0
    outer loop
      vertex -7.75 -9.29904 0
      vertex -7.91314 -9.19003 2.4
      vertex -7.75 -9.29904 2.4
    endloop
  endfacet
  facet normal 0.555582 0.831462 0
    outer loop
      vertex -7.91314 -9.19003 2.4
      vertex -7.75 -9.29904 0
      vertex -7.91314 -9.19003 0
    endloop
  endfacet
  facet normal 0.659341 -0.751844 0
    outer loop
      vertex -8.06066 9.06066 0
      vertex -7.91314 9.19003 2.4
      vertex -8.06066 9.06066 2.4
    endloop
  endfacet
  facet normal 0.659341 -0.751844 0
    outer loop
      vertex -7.91314 9.19003 2.4
      vertex -8.06066 9.06066 0
      vertex -7.91314 9.19003 0
    endloop
  endfacet
  facet normal 0.946926 0.321452 0
    outer loop
      vertex -8.38582 -8.57402 2.4
      vertex -8.44889 -8.38823 0
      vertex -8.44889 -8.38823 2.4
    endloop
  endfacet
  facet normal 0.946926 0.321452 0
    outer loop
      vertex -8.44889 -8.38823 0
      vertex -8.38582 -8.57402 2.4
      vertex -8.38582 -8.57402 0
    endloop
  endfacet
  facet normal 0.442273 0.89688 -0
    outer loop
      vertex -7.57402 -9.38582 0
      vertex -7.75 -9.29904 2.4
      vertex -7.57402 -9.38582 2.4
    endloop
  endfacet
  facet normal 0.442273 0.89688 0
    outer loop
      vertex -7.75 -9.29904 2.4
      vertex -7.57402 -9.38582 0
      vertex -7.75 -9.29904 0
    endloop
  endfacet
  facet normal 0.0653892 -0.99786 0
    outer loop
      vertex -7.19579 9.48717 0
      vertex -7 9.5 2.4
      vertex -7.19579 9.48717 2.4
    endloop
  endfacet
  facet normal 0.0653892 -0.99786 0
    outer loop
      vertex -7 9.5 2.4
      vertex -7.19579 9.48717 0
      vertex -7 9.5 0
    endloop
  endfacet
  facet normal -0.89688 -0.442273 0
    outer loop
      vertex -5.61418 8.57402 0
      vertex -5.70096 8.75 2.4
      vertex -5.70096 8.75 0
    endloop
  endfacet
  facet normal -0.89688 -0.442273 0
    outer loop
      vertex -5.70096 8.75 2.4
      vertex -5.61418 8.57402 0
      vertex -5.61418 8.57402 2.4
    endloop
  endfacet
  facet normal 0.89688 -0.442273 0
    outer loop
      vertex -8.38582 8.57402 2.4
      vertex -8.29904 8.75 0
      vertex -8.29904 8.75 2.4
    endloop
  endfacet
  facet normal 0.89688 -0.442273 0
    outer loop
      vertex -8.29904 8.75 0
      vertex -8.38582 8.57402 2.4
      vertex -8.38582 8.57402 0
    endloop
  endfacet
  facet normal -0.751844 -0.659341 0
    outer loop
      vertex -5.80997 8.91314 0
      vertex -5.93934 9.06066 2.4
      vertex -5.93934 9.06066 0
    endloop
  endfacet
  facet normal -0.751844 -0.659341 0
    outer loop
      vertex -5.93934 9.06066 2.4
      vertex -5.80997 8.91314 0
      vertex -5.80997 8.91314 2.4
    endloop
  endfacet
  facet normal 0.99786 0.0653892 0
    outer loop
      vertex -8.48717 -8.19579 2.4
      vertex -8.5 -8 0
      vertex -8.5 -8 2.4
    endloop
  endfacet
  facet normal 0.99786 0.0653892 0
    outer loop
      vertex -8.5 -8 0
      vertex -8.48717 -8.19579 2.4
      vertex -8.48717 -8.19579 0
    endloop
  endfacet
  facet normal -0.99786 0.0653892 0
    outer loop
      vertex -5.51283 -8.19579 0
      vertex -5.5 -8 2.4
      vertex -5.5 -8 0
    endloop
  endfacet
  facet normal -0.99786 0.0653892 0
    outer loop
      vertex -5.5 -8 2.4
      vertex -5.51283 -8.19579 0
      vertex -5.51283 -8.19579 2.4
    endloop
  endfacet
  facet normal 0.980784 0.195097 0
    outer loop
      vertex -8.44889 -8.38823 2.4
      vertex -8.48717 -8.19579 0
      vertex -8.48717 -8.19579 2.4
    endloop
  endfacet
  facet normal 0.980784 0.195097 0
    outer loop
      vertex -8.48717 -8.19579 0
      vertex -8.44889 -8.38823 2.4
      vertex -8.44889 -8.38823 0
    endloop
  endfacet
  facet normal 0.442273 -0.89688 0
    outer loop
      vertex -7.75 9.29904 0
      vertex -7.57402 9.38582 2.4
      vertex -7.75 9.29904 2.4
    endloop
  endfacet
  facet normal 0.442273 -0.89688 0
    outer loop
      vertex -7.57402 9.38582 2.4
      vertex -7.75 9.29904 0
      vertex -7.57402 9.38582 0
    endloop
  endfacet
  facet normal 0.321452 0.946926 -0
    outer loop
      vertex -7.38823 -9.44889 0
      vertex -7.57402 -9.38582 2.4
      vertex -7.38823 -9.44889 2.4
    endloop
  endfacet
  facet normal 0.321452 0.946926 0
    outer loop
      vertex -7.57402 -9.38582 2.4
      vertex -7.38823 -9.44889 0
      vertex -7.57402 -9.38582 0
    endloop
  endfacet
  facet normal -0.99786 -0.0653892 0
    outer loop
      vertex -5.5 8 0
      vertex -5.51283 8.19579 2.4
      vertex -5.51283 8.19579 0
    endloop
  endfacet
  facet normal -0.99786 -0.0653892 0
    outer loop
      vertex -5.51283 8.19579 2.4
      vertex -5.5 8 0
      vertex -5.5 8 2.4
    endloop
  endfacet
  facet normal -0.946926 -0.321452 0
    outer loop
      vertex -5.55111 8.38823 0
      vertex -5.61418 8.57402 2.4
      vertex -5.61418 8.57402 0
    endloop
  endfacet
  facet normal -0.946926 -0.321452 0
    outer loop
      vertex -5.61418 8.57402 2.4
      vertex -5.55111 8.38823 0
      vertex -5.55111 8.38823 2.4
    endloop
  endfacet
  facet normal 0.195097 0.980784 -0
    outer loop
      vertex -7.19579 -9.48717 0
      vertex -7.38823 -9.44889 2.4
      vertex -7.19579 -9.48717 2.4
    endloop
  endfacet
  facet normal 0.195097 0.980784 0
    outer loop
      vertex -7.38823 -9.44889 2.4
      vertex -7.19579 -9.48717 0
      vertex -7.38823 -9.44889 0
    endloop
  endfacet
  facet normal 0.831462 0.555582 0
    outer loop
      vertex -8.19003 -8.91314 2.4
      vertex -8.29904 -8.75 0
      vertex -8.29904 -8.75 2.4
    endloop
  endfacet
  facet normal 0.831462 0.555582 0
    outer loop
      vertex -8.29904 -8.75 0
      vertex -8.19003 -8.91314 2.4
      vertex -8.19003 -8.91314 0
    endloop
  endfacet
  facet normal 0.980784 -0.195097 0
    outer loop
      vertex -8.48717 8.19579 2.4
      vertex -8.44889 8.38823 0
      vertex -8.44889 8.38823 2.4
    endloop
  endfacet
  facet normal 0.980784 -0.195097 0
    outer loop
      vertex -8.44889 8.38823 0
      vertex -8.48717 8.19579 2.4
      vertex -8.48717 8.19579 0
    endloop
  endfacet
  facet normal -0.751844 0.659341 0
    outer loop
      vertex -5.93934 -9.06066 0
      vertex -5.80997 -8.91314 2.4
      vertex -5.80997 -8.91314 0
    endloop
  endfacet
  facet normal -0.751844 0.659341 0
    outer loop
      vertex -5.80997 -8.91314 2.4
      vertex -5.93934 -9.06066 0
      vertex -5.93934 -9.06066 2.4
    endloop
  endfacet
  facet normal -0.195097 0.980784 0
    outer loop
      vertex -6.61177 -9.44889 0
      vertex -6.80421 -9.48717 2.4
      vertex -6.61177 -9.44889 2.4
    endloop
  endfacet
  facet normal -0.195097 0.980784 0
    outer loop
      vertex -6.80421 -9.48717 2.4
      vertex -6.61177 -9.44889 0
      vertex -6.80421 -9.48717 0
    endloop
  endfacet
  facet normal 0.89688 0.442273 0
    outer loop
      vertex -8.29904 -8.75 2.4
      vertex -8.38582 -8.57402 0
      vertex -8.38582 -8.57402 2.4
    endloop
  endfacet
  facet normal 0.89688 0.442273 0
    outer loop
      vertex -8.38582 -8.57402 0
      vertex -8.29904 -8.75 2.4
      vertex -8.29904 -8.75 0
    endloop
  endfacet
  facet normal -0.555582 -0.831462 0
    outer loop
      vertex -6.25 9.29904 0
      vertex -6.08686 9.19003 2.4
      vertex -6.25 9.29904 2.4
    endloop
  endfacet
  facet normal -0.555582 -0.831462 -0
    outer loop
      vertex -6.08686 9.19003 2.4
      vertex -6.25 9.29904 0
      vertex -6.08686 9.19003 0
    endloop
  endfacet
  facet normal 0.99786 -0.0653892 0
    outer loop
      vertex -8.5 8 2.4
      vertex -8.48717 8.19579 0
      vertex -8.48717 8.19579 2.4
    endloop
  endfacet
  facet normal 0.99786 -0.0653892 0
    outer loop
      vertex -8.48717 8.19579 0
      vertex -8.5 8 2.4
      vertex -8.5 8 0
    endloop
  endfacet
  facet normal -0.659341 0.751844 0
    outer loop
      vertex -5.93934 -9.06066 0
      vertex -6.08686 -9.19003 2.4
      vertex -5.93934 -9.06066 2.4
    endloop
  endfacet
  facet normal -0.659341 0.751844 0
    outer loop
      vertex -6.08686 -9.19003 2.4
      vertex -5.93934 -9.06066 0
      vertex -6.08686 -9.19003 0
    endloop
  endfacet
  facet normal -0.980784 0.195097 0
    outer loop
      vertex -5.55111 -8.38823 0
      vertex -5.51283 -8.19579 2.4
      vertex -5.51283 -8.19579 0
    endloop
  endfacet
  facet normal -0.980784 0.195097 0
    outer loop
      vertex -5.51283 -8.19579 2.4
      vertex -5.55111 -8.38823 0
      vertex -5.55111 -8.38823 2.4
    endloop
  endfacet
  facet normal -0.0653892 0.99786 0
    outer loop
      vertex -6.80421 -9.48717 0
      vertex -7 -9.5 2.4
      vertex -6.80421 -9.48717 2.4
    endloop
  endfacet
  facet normal -0.0653892 0.99786 0
    outer loop
      vertex -7 -9.5 2.4
      vertex -6.80421 -9.48717 0
      vertex -7 -9.5 0
    endloop
  endfacet
  facet normal -0.89688 0.442273 0
    outer loop
      vertex -5.70096 -8.75 0
      vertex -5.61418 -8.57402 2.4
      vertex -5.61418 -8.57402 0
    endloop
  endfacet
  facet normal -0.89688 0.442273 0
    outer loop
      vertex -5.61418 -8.57402 2.4
      vertex -5.70096 -8.75 0
      vertex -5.70096 -8.75 2.4
    endloop
  endfacet
  facet normal -0.321437 0.946931 0
    outer loop
      vertex -6.42597 -9.38582 0
      vertex -6.61177 -9.44889 2.4
      vertex -6.42597 -9.38582 2.4
    endloop
  endfacet
  facet normal -0.321437 0.946931 0
    outer loop
      vertex -6.61177 -9.44889 2.4
      vertex -6.42597 -9.38582 0
      vertex -6.61177 -9.44889 0
    endloop
  endfacet
  facet normal 0.0653892 -0.99786 0
    outer loop
      vertex 6.80421 9.48717 0
      vertex 7 9.5 2.4
      vertex 6.80421 9.48717 2.4
    endloop
  endfacet
  facet normal 0.0653892 -0.99786 0
    outer loop
      vertex 7 9.5 2.4
      vertex 6.80421 9.48717 0
      vertex 7 9.5 0
    endloop
  endfacet
  facet normal 0.0653892 0.99786 -0
    outer loop
      vertex 7 -9.5 0
      vertex 6.80421 -9.48717 2.4
      vertex 7 -9.5 2.4
    endloop
  endfacet
  facet normal 0.0653892 0.99786 0
    outer loop
      vertex 6.80421 -9.48717 2.4
      vertex 7 -9.5 0
      vertex 6.80421 -9.48717 0
    endloop
  endfacet
  facet normal 1 -0 0
    outer loop
      vertex 5.5 -8 2.4
      vertex 5.5 8 0
      vertex 5.5 8 2.4
    endloop
  endfacet
  facet normal 1 0 0
    outer loop
      vertex 5.5 8 0
      vertex 5.5 -8 2.4
      vertex 5.5 -8 0
    endloop
  endfacet
  facet normal 0.99786 0.0653892 0
    outer loop
      vertex 5.51283 -8.19579 2.4
      vertex 5.5 -8 0
      vertex 5.5 -8 2.4
    endloop
  endfacet
  facet normal 0.99786 0.0653892 0
    outer loop
      vertex 5.5 -8 0
      vertex 5.51283 -8.19579 2.4
      vertex 5.51283 -8.19579 0
    endloop
  endfacet
  facet normal -0.442273 -0.89688 0
    outer loop
      vertex 7.57402 9.38582 0
      vertex 7.75 9.29904 2.4
      vertex 7.57402 9.38582 2.4
    endloop
  endfacet
  facet normal -0.442273 -0.89688 -0
    outer loop
      vertex 7.75 9.29904 2.4
      vertex 7.57402 9.38582 0
      vertex 7.75 9.29904 0
    endloop
  endfacet
  facet normal 0.751844 0.659341 0
    outer loop
      vertex 5.93934 -9.06066 2.4
      vertex 5.80997 -8.91314 0
      vertex 5.80997 -8.91314 2.4
    endloop
  endfacet
  facet normal 0.751844 0.659341 0
    outer loop
      vertex 5.80997 -8.91314 0
      vertex 5.93934 -9.06066 2.4
      vertex 5.93934 -9.06066 0
    endloop
  endfacet
  facet normal 0.555582 -0.831462 0
    outer loop
      vertex 6.08686 9.19003 0
      vertex 6.25 9.29904 2.4
      vertex 6.08686 9.19003 2.4
    endloop
  endfacet
  facet normal 0.555582 -0.831462 0
    outer loop
      vertex 6.25 9.29904 2.4
      vertex 6.08686 9.19003 0
      vertex 6.25 9.29904 0
    endloop
  endfacet
  facet normal -0.946926 0.321452 0
    outer loop
      vertex 8.38582 -8.57402 0
      vertex 8.44889 -8.38823 2.4
      vertex 8.44889 -8.38823 0
    endloop
  endfacet
  facet normal -0.946926 0.321452 0
    outer loop
      vertex 8.44889 -8.38823 2.4
      vertex 8.38582 -8.57402 0
      vertex 8.38582 -8.57402 2.4
    endloop
  endfacet
  facet normal -1 0 0
    outer loop
      vertex 8.5 -8 0
      vertex 8.5 8 2.4
      vertex 8.5 8 0
    endloop
  endfacet
  facet normal -1 -0 0
    outer loop
      vertex 8.5 8 2.4
      vertex 8.5 -8 0
      vertex 8.5 -8 2.4
    endloop
  endfacet
  facet normal 0.555582 0.831462 -0
    outer loop
      vertex 6.25 -9.29904 0
      vertex 6.08686 -9.19003 2.4
      vertex 6.25 -9.29904 2.4
    endloop
  endfacet
  facet normal 0.555582 0.831462 0
    outer loop
      vertex 6.08686 -9.19003 2.4
      vertex 6.25 -9.29904 0
      vertex 6.08686 -9.19003 0
    endloop
  endfacet
  facet normal 0.442294 -0.89687 0
    outer loop
      vertex 6.25 9.29904 0
      vertex 6.42597 9.38582 2.4
      vertex 6.25 9.29904 2.4
    endloop
  endfacet
  facet normal 0.442294 -0.89687 0
    outer loop
      vertex 6.42597 9.38582 2.4
      vertex 6.25 9.29904 0
      vertex 6.42597 9.38582 0
    endloop
  endfacet
  facet normal -0.555582 0.831462 0
    outer loop
      vertex 7.91314 -9.19003 0
      vertex 7.75 -9.29904 2.4
      vertex 7.91314 -9.19003 2.4
    endloop
  endfacet
  facet normal -0.555582 0.831462 0
    outer loop
      vertex 7.75 -9.29904 2.4
      vertex 7.91314 -9.19003 0
      vertex 7.75 -9.29904 0
    endloop
  endfacet
  facet normal 0.442294 0.89687 -0
    outer loop
      vertex 6.42597 -9.38582 0
      vertex 6.25 -9.29904 2.4
      vertex 6.42597 -9.38582 2.4
    endloop
  endfacet
  facet normal 0.442294 0.89687 0
    outer loop
      vertex 6.25 -9.29904 2.4
      vertex 6.42597 -9.38582 0
      vertex 6.25 -9.29904 0
    endloop
  endfacet
  facet normal 0.946926 -0.321452 0
    outer loop
      vertex 5.55111 8.38823 2.4
      vertex 5.61418 8.57402 0
      vertex 5.61418 8.57402 2.4
    endloop
  endfacet
  facet normal 0.946926 -0.321452 0
    outer loop
      vertex 5.61418 8.57402 0
      vertex 5.55111 8.38823 2.4
      vertex 5.55111 8.38823 0
    endloop
  endfacet
  facet normal -0.831462 0.555582 0
    outer loop
      vertex 8.19003 -8.91314 0
      vertex 8.29904 -8.75 2.4
      vertex 8.29904 -8.75 0
    endloop
  endfacet
  facet normal -0.831462 0.555582 0
    outer loop
      vertex 8.29904 -8.75 2.4
      vertex 8.19003 -8.91314 0
      vertex 8.19003 -8.91314 2.4
    endloop
  endfacet
  facet normal -0.442273 0.89688 0
    outer loop
      vertex 7.75 -9.29904 0
      vertex 7.57402 -9.38582 2.4
      vertex 7.75 -9.29904 2.4
    endloop
  endfacet
  facet normal -0.442273 0.89688 0
    outer loop
      vertex 7.57402 -9.38582 2.4
      vertex 7.75 -9.29904 0
      vertex 7.57402 -9.38582 0
    endloop
  endfacet
  facet normal 0.321437 -0.946931 0
    outer loop
      vertex 6.42597 9.38582 0
      vertex 6.61177 9.44889 2.4
      vertex 6.42597 9.38582 2.4
    endloop
  endfacet
  facet normal 0.321437 -0.946931 0
    outer loop
      vertex 6.61177 9.44889 2.4
      vertex 6.42597 9.38582 0
      vertex 6.61177 9.44889 0
    endloop
  endfacet
  facet normal -0.99786 -0.0653892 0
    outer loop
      vertex 8.5 8 0
      vertex 8.48717 8.19579 2.4
      vertex 8.48717 8.19579 0
    endloop
  endfacet
  facet normal -0.99786 -0.0653892 0
    outer loop
      vertex 8.48717 8.19579 2.4
      vertex 8.5 8 0
      vertex 8.5 8 2.4
    endloop
  endfacet
  facet normal 0.99786 -0.0653892 0
    outer loop
      vertex 5.5 8 2.4
      vertex 5.51283 8.19579 0
      vertex 5.51283 8.19579 2.4
    endloop
  endfacet
  facet normal 0.99786 -0.0653892 0
    outer loop
      vertex 5.51283 8.19579 0
      vertex 5.5 8 2.4
      vertex 5.5 8 0
    endloop
  endfacet
  facet normal -0.659341 -0.751844 0
    outer loop
      vertex 7.91314 9.19003 0
      vertex 8.06066 9.06066 2.4
      vertex 7.91314 9.19003 2.4
    endloop
  endfacet
  facet normal -0.659341 -0.751844 -0
    outer loop
      vertex 8.06066 9.06066 2.4
      vertex 7.91314 9.19003 0
      vertex 8.06066 9.06066 0
    endloop
  endfacet
  facet normal 0.89688 -0.442273 0
    outer loop
      vertex 5.61418 8.57402 2.4
      vertex 5.70096 8.75 0
      vertex 5.70096 8.75 2.4
    endloop
  endfacet
  facet normal 0.89688 -0.442273 0
    outer loop
      vertex 5.70096 8.75 0
      vertex 5.61418 8.57402 2.4
      vertex 5.61418 8.57402 0
    endloop
  endfacet
  facet normal -0.659341 0.751844 0
    outer loop
      vertex 8.06066 -9.06066 0
      vertex 7.91314 -9.19003 2.4
      vertex 8.06066 -9.06066 2.4
    endloop
  endfacet
  facet normal -0.659341 0.751844 0
    outer loop
      vertex 7.91314 -9.19003 2.4
      vertex 8.06066 -9.06066 0
      vertex 7.91314 -9.19003 0
    endloop
  endfacet
  facet normal 0.831462 0.555582 0
    outer loop
      vertex 5.80997 -8.91314 2.4
      vertex 5.70096 -8.75 0
      vertex 5.70096 -8.75 2.4
    endloop
  endfacet
  facet normal 0.831462 0.555582 0
    outer loop
      vertex 5.70096 -8.75 0
      vertex 5.80997 -8.91314 2.4
      vertex 5.80997 -8.91314 0
    endloop
  endfacet
  facet normal -0.89688 0.442273 0
    outer loop
      vertex 8.29904 -8.75 0
      vertex 8.38582 -8.57402 2.4
      vertex 8.38582 -8.57402 0
    endloop
  endfacet
  facet normal -0.89688 0.442273 0
    outer loop
      vertex 8.38582 -8.57402 2.4
      vertex 8.29904 -8.75 0
      vertex 8.29904 -8.75 2.4
    endloop
  endfacet
  facet normal 0.195097 -0.980784 0
    outer loop
      vertex 6.61177 9.44889 0
      vertex 6.80421 9.48717 2.4
      vertex 6.61177 9.44889 2.4
    endloop
  endfacet
  facet normal 0.195097 -0.980784 0
    outer loop
      vertex 6.80421 9.48717 2.4
      vertex 6.61177 9.44889 0
      vertex 6.80421 9.48717 0
    endloop
  endfacet
  facet normal 0.659341 0.751844 -0
    outer loop
      vertex 6.08686 -9.19003 0
      vertex 5.93934 -9.06066 2.4
      vertex 6.08686 -9.19003 2.4
    endloop
  endfacet
  facet normal 0.659341 0.751844 0
    outer loop
      vertex 5.93934 -9.06066 2.4
      vertex 6.08686 -9.19003 0
      vertex 5.93934 -9.06066 0
    endloop
  endfacet
  facet normal -0.99786 0.0653892 0
    outer loop
      vertex 8.48717 -8.19579 0
      vertex 8.5 -8 2.4
      vertex 8.5 -8 0
    endloop
  endfacet
  facet normal -0.99786 0.0653892 0
    outer loop
      vertex 8.5 -8 2.4
      vertex 8.48717 -8.19579 0
      vertex 8.48717 -8.19579 2.4
    endloop
  endfacet
  facet normal -0.0653892 -0.99786 0
    outer loop
      vertex 7 9.5 0
      vertex 7.19579 9.48717 2.4
      vertex 7 9.5 2.4
    endloop
  endfacet
  facet normal -0.0653892 -0.99786 -0
    outer loop
      vertex 7.19579 9.48717 2.4
      vertex 7 9.5 0
      vertex 7.19579 9.48717 0
    endloop
  endfacet
  facet normal 0.89688 0.442273 0
    outer loop
      vertex 5.70096 -8.75 2.4
      vertex 5.61418 -8.57402 0
      vertex 5.61418 -8.57402 2.4
    endloop
  endfacet
  facet normal 0.89688 0.442273 0
    outer loop
      vertex 5.61418 -8.57402 0
      vertex 5.70096 -8.75 2.4
      vertex 5.70096 -8.75 0
    endloop
  endfacet
  facet normal -0.195097 0.980784 0
    outer loop
      vertex 7.38823 -9.44889 0
      vertex 7.19579 -9.48717 2.4
      vertex 7.38823 -9.44889 2.4
    endloop
  endfacet
  facet normal -0.195097 0.980784 0
    outer loop
      vertex 7.19579 -9.48717 2.4
      vertex 7.38823 -9.44889 0
      vertex 7.19579 -9.48717 0
    endloop
  endfacet
  facet normal 0.980784 0.195097 0
    outer loop
      vertex 5.55111 -8.38823 2.4
      vertex 5.51283 -8.19579 0
      vertex 5.51283 -8.19579 2.4
    endloop
  endfacet
  facet normal 0.980784 0.195097 0
    outer loop
      vertex 5.51283 -8.19579 0
      vertex 5.55111 -8.38823 2.4
      vertex 5.55111 -8.38823 0
    endloop
  endfacet
  facet normal -0.831462 -0.555582 0
    outer loop
      vertex 8.29904 8.75 0
      vertex 8.19003 8.91314 2.4
      vertex 8.19003 8.91314 0
    endloop
  endfacet
  facet normal -0.831462 -0.555582 0
    outer loop
      vertex 8.19003 8.91314 2.4
      vertex 8.29904 8.75 0
      vertex 8.29904 8.75 2.4
    endloop
  endfacet
  facet normal -0.555582 -0.831462 0
    outer loop
      vertex 7.75 9.29904 0
      vertex 7.91314 9.19003 2.4
      vertex 7.75 9.29904 2.4
    endloop
  endfacet
  facet normal -0.555582 -0.831462 -0
    outer loop
      vertex 7.91314 9.19003 2.4
      vertex 7.75 9.29904 0
      vertex 7.91314 9.19003 0
    endloop
  endfacet
  facet normal 0.321437 0.946931 -0
    outer loop
      vertex 6.61177 -9.44889 0
      vertex 6.42597 -9.38582 2.4
      vertex 6.61177 -9.44889 2.4
    endloop
  endfacet
  facet normal 0.321437 0.946931 0
    outer loop
      vertex 6.42597 -9.38582 2.4
      vertex 6.61177 -9.44889 0
      vertex 6.42597 -9.38582 0
    endloop
  endfacet
  facet normal 0.195097 0.980784 -0
    outer loop
      vertex 6.80421 -9.48717 0
      vertex 6.61177 -9.44889 2.4
      vertex 6.80421 -9.48717 2.4
    endloop
  endfacet
  facet normal 0.195097 0.980784 0
    outer loop
      vertex 6.61177 -9.44889 2.4
      vertex 6.80421 -9.48717 0
      vertex 6.61177 -9.44889 0
    endloop
  endfacet
  facet normal -0.751844 0.659341 0
    outer loop
      vertex 8.06066 -9.06066 0
      vertex 8.19003 -8.91314 2.4
      vertex 8.19003 -8.91314 0
    endloop
  endfacet
  facet normal -0.751844 0.659341 0
    outer loop
      vertex 8.19003 -8.91314 2.4
      vertex 8.06066 -9.06066 0
      vertex 8.06066 -9.06066 2.4
    endloop
  endfacet
  facet normal 0.831462 -0.555582 0
    outer loop
      vertex 5.70096 8.75 2.4
      vertex 5.80997 8.91314 0
      vertex 5.80997 8.91314 2.4
    endloop
  endfacet
  facet normal 0.831462 -0.555582 0
    outer loop
      vertex 5.80997 8.91314 0
      vertex 5.70096 8.75 2.4
      vertex 5.70096 8.75 0
    endloop
  endfacet
  facet normal -0.321452 -0.946926 0
    outer loop
      vertex 7.38823 9.44889 0
      vertex 7.57402 9.38582 2.4
      vertex 7.38823 9.44889 2.4
    endloop
  endfacet
  facet normal -0.321452 -0.946926 -0
    outer loop
      vertex 7.57402 9.38582 2.4
      vertex 7.38823 9.44889 0
      vertex 7.57402 9.38582 0
    endloop
  endfacet
  facet normal -0.946926 -0.321452 0
    outer loop
      vertex 8.44889 8.38823 0
      vertex 8.38582 8.57402 2.4
      vertex 8.38582 8.57402 0
    endloop
  endfacet
  facet normal -0.946926 -0.321452 0
    outer loop
      vertex 8.38582 8.57402 2.4
      vertex 8.44889 8.38823 0
      vertex 8.44889 8.38823 2.4
    endloop
  endfacet
  facet normal 0.659341 -0.751844 0
    outer loop
      vertex 5.93934 9.06066 0
      vertex 6.08686 9.19003 2.4
      vertex 5.93934 9.06066 2.4
    endloop
  endfacet
  facet normal 0.659341 -0.751844 0
    outer loop
      vertex 6.08686 9.19003 2.4
      vertex 5.93934 9.06066 0
      vertex 6.08686 9.19003 0
    endloop
  endfacet
  facet normal 0.751844 -0.659341 0
    outer loop
      vertex 5.80997 8.91314 2.4
      vertex 5.93934 9.06066 0
      vertex 5.93934 9.06066 2.4
    endloop
  endfacet
  facet normal 0.751844 -0.659341 0
    outer loop
      vertex 5.93934 9.06066 0
      vertex 5.80997 8.91314 2.4
      vertex 5.80997 8.91314 0
    endloop
  endfacet
  facet normal -0.195097 -0.980784 0
    outer loop
      vertex 7.19579 9.48717 0
      vertex 7.38823 9.44889 2.4
      vertex 7.19579 9.48717 2.4
    endloop
  endfacet
  facet normal -0.195097 -0.980784 -0
    outer loop
      vertex 7.38823 9.44889 2.4
      vertex 7.19579 9.48717 0
      vertex 7.38823 9.44889 0
    endloop
  endfacet
  facet normal -0.980784 -0.195097 0
    outer loop
      vertex 8.48717 8.19579 0
      vertex 8.44889 8.38823 2.4
      vertex 8.44889 8.38823 0
    endloop
  endfacet
  facet normal -0.980784 -0.195097 0
    outer loop
      vertex 8.44889 8.38823 2.4
      vertex 8.48717 8.19579 0
      vertex 8.48717 8.19579 2.4
    endloop
  endfacet
  facet normal -0.0653892 0.99786 0
    outer loop
      vertex 7.19579 -9.48717 0
      vertex 7 -9.5 2.4
      vertex 7.19579 -9.48717 2.4
    endloop
  endfacet
  facet normal -0.0653892 0.99786 0
    outer loop
      vertex 7 -9.5 2.4
      vertex 7.19579 -9.48717 0
      vertex 7 -9.5 0
    endloop
  endfacet
  facet normal 0.946926 0.321452 0
    outer loop
      vertex 5.61418 -8.57402 2.4
      vertex 5.55111 -8.38823 0
      vertex 5.55111 -8.38823 2.4
    endloop
  endfacet
  facet normal 0.946926 0.321452 0
    outer loop
      vertex 5.55111 -8.38823 0
      vertex 5.61418 -8.57402 2.4
      vertex 5.61418 -8.57402 0
    endloop
  endfacet
  facet normal 0.980784 -0.195097 0
    outer loop
      vertex 5.51283 8.19579 2.4
      vertex 5.55111 8.38823 0
      vertex 5.55111 8.38823 2.4
    endloop
  endfacet
  facet normal 0.980784 -0.195097 0
    outer loop
      vertex 5.55111 8.38823 0
      vertex 5.51283 8.19579 2.4
      vertex 5.51283 8.19579 0
    endloop
  endfacet
  facet normal -0.89688 -0.442273 0
    outer loop
      vertex 8.38582 8.57402 0
      vertex 8.29904 8.75 2.4
      vertex 8.29904 8.75 0
    endloop
  endfacet
  facet normal -0.89688 -0.442273 0
    outer loop
      vertex 8.29904 8.75 2.4
      vertex 8.38582 8.57402 0
      vertex 8.38582 8.57402 2.4
    endloop
  endfacet
  facet normal -0.980784 0.195097 0
    outer loop
      vertex 8.44889 -8.38823 0
      vertex 8.48717 -8.19579 2.4
      vertex 8.48717 -8.19579 0
    endloop
  endfacet
  facet normal -0.980784 0.195097 0
    outer loop
      vertex 8.48717 -8.19579 2.4
      vertex 8.44889 -8.38823 0
      vertex 8.44889 -8.38823 2.4
    endloop
  endfacet
  facet normal -0.321452 0.946926 0
    outer loop
      vertex 7.57402 -9.38582 0
      vertex 7.38823 -9.44889 2.4
      vertex 7.57402 -9.38582 2.4
    endloop
  endfacet
  facet normal -0.321452 0.946926 0
    outer loop
      vertex 7.38823 -9.44889 2.4
      vertex 7.57402 -9.38582 0
      vertex 7.38823 -9.44889 0
    endloop
  endfacet
  facet normal -0.751844 -0.659341 0
    outer loop
      vertex 8.19003 8.91314 0
      vertex 8.06066 9.06066 2.4
      vertex 8.06066 9.06066 0
    endloop
  endfacet
  facet normal -0.751844 -0.659341 0
    outer loop
      vertex 8.06066 9.06066 2.4
      vertex 8.19003 8.91314 0
      vertex 8.19003 8.91314 2.4
    endloop
  endfacet
  facet normal 0.0653858 -0.99786 0
    outer loop
      vertex 20.8042 9.48717 0
      vertex 21 9.5 2.4
      vertex 20.8042 9.48717 2.4
    endloop
  endfacet
  facet normal 0.0653858 -0.99786 0
    outer loop
      vertex 21 9.5 2.4
      vertex 20.8042 9.48717 0
      vertex 21 9.5 0
    endloop
  endfacet
  facet normal 0.0653858 0.99786 -0
    outer loop
      vertex 21 -9.5 0
      vertex 20.8042 -9.48717 2.4
      vertex 21 -9.5 2.4
    endloop
  endfacet
  facet normal 0.0653858 0.99786 0
    outer loop
      vertex 20.8042 -9.48717 2.4
      vertex 21 -9.5 0
      vertex 20.8042 -9.48717 0
    endloop
  endfacet
  facet normal 1 -0 0
    outer loop
      vertex 19.5 -8 2.4
      vertex 19.5 8 0
      vertex 19.5 8 2.4
    endloop
  endfacet
  facet normal 1 0 0
    outer loop
      vertex 19.5 8 0
      vertex 19.5 -8 2.4
      vertex 19.5 -8 0
    endloop
  endfacet
  facet normal 0.99787 0.0652369 0
    outer loop
      vertex 19.5128 -8.19579 2.4
      vertex 19.5 -8 0
      vertex 19.5 -8 2.4
    endloop
  endfacet
  facet normal 0.99787 0.0652369 0
    outer loop
      vertex 19.5 -8 0
      vertex 19.5128 -8.19579 2.4
      vertex 19.5128 -8.19579 0
    endloop
  endfacet
  facet normal -0.442233 -0.8969 0
    outer loop
      vertex 21.574 9.38582 0
      vertex 21.75 9.29904 2.4
      vertex 21.574 9.38582 2.4
    endloop
  endfacet
  facet normal -0.442233 -0.8969 -0
    outer loop
      vertex 21.75 9.29904 2.4
      vertex 21.574 9.38582 0
      vertex 21.75 9.29904 0
    endloop
  endfacet
  facet normal 0.752021 0.65914 0
    outer loop
      vertex 19.9393 -9.06066 2.4
      vertex 19.81 -8.91314 0
      vertex 19.81 -8.91314 2.4
    endloop
  endfacet
  facet normal 0.752021 0.65914 0
    outer loop
      vertex 19.81 -8.91314 0
      vertex 19.9393 -9.06066 2.4
      vertex 19.9393 -9.06066 0
    endloop
  endfacet
  facet normal 0.555676 -0.831399 0
    outer loop
      vertex 20.0869 9.19003 0
      vertex 20.25 9.29904 2.4
      vertex 20.0869 9.19003 2.4
    endloop
  endfacet
  facet normal 0.555676 -0.831399 0
    outer loop
      vertex 20.25 9.29904 2.4
      vertex 20.0869 9.19003 0
      vertex 20.25 9.29904 0
    endloop
  endfacet
  facet normal -0.946879 0.321589 0
    outer loop
      vertex 22.3858 -8.57402 0
      vertex 22.4489 -8.38823 2.4
      vertex 22.4489 -8.38823 0
    endloop
  endfacet
  facet normal -0.946879 0.321589 0
    outer loop
      vertex 22.4489 -8.38823 2.4
      vertex 22.3858 -8.57402 0
      vertex 22.3858 -8.57402 2.4
    endloop
  endfacet
  facet normal -1 0 0
    outer loop
      vertex 22.5 -8 0
      vertex 22.5 8 2.4
      vertex 22.5 8 0
    endloop
  endfacet
  facet normal -1 -0 0
    outer loop
      vertex 22.5 8 2.4
      vertex 22.5 -8 0
      vertex 22.5 -8 2.4
    endloop
  endfacet
  facet normal 0.555676 0.831399 -0
    outer loop
      vertex 20.25 -9.29904 0
      vertex 20.0869 -9.19003 2.4
      vertex 20.25 -9.29904 2.4
    endloop
  endfacet
  facet normal 0.555676 0.831399 0
    outer loop
      vertex 20.0869 -9.19003 2.4
      vertex 20.25 -9.29904 0
      vertex 20.0869 -9.19003 0
    endloop
  endfacet
  facet normal 0.442233 -0.8969 0
    outer loop
      vertex 20.25 9.29904 0
      vertex 20.426 9.38582 2.4
      vertex 20.25 9.29904 2.4
    endloop
  endfacet
  facet normal 0.442233 -0.8969 0
    outer loop
      vertex 20.426 9.38582 2.4
      vertex 20.25 9.29904 0
      vertex 20.426 9.38582 0
    endloop
  endfacet
  facet normal -0.555676 0.831399 0
    outer loop
      vertex 21.9131 -9.19003 0
      vertex 21.75 -9.29904 2.4
      vertex 21.9131 -9.19003 2.4
    endloop
  endfacet
  facet normal -0.555676 0.831399 0
    outer loop
      vertex 21.75 -9.29904 2.4
      vertex 21.9131 -9.19003 0
      vertex 21.75 -9.29904 0
    endloop
  endfacet
  facet normal 0.442233 0.8969 -0
    outer loop
      vertex 20.426 -9.38582 0
      vertex 20.25 -9.29904 2.4
      vertex 20.426 -9.38582 2.4
    endloop
  endfacet
  facet normal 0.442233 0.8969 0
    outer loop
      vertex 20.25 -9.29904 2.4
      vertex 20.426 -9.38582 0
      vertex 20.25 -9.29904 0
    endloop
  endfacet
  facet normal 0.946879 -0.321589 0
    outer loop
      vertex 19.5511 8.38823 2.4
      vertex 19.6142 8.57402 0
      vertex 19.6142 8.57402 2.4
    endloop
  endfacet
  facet normal 0.946879 -0.321589 0
    outer loop
      vertex 19.6142 8.57402 0
      vertex 19.5511 8.38823 2.4
      vertex 19.5511 8.38823 0
    endloop
  endfacet
  facet normal -0.831485 0.555547 0
    outer loop
      vertex 22.19 -8.91314 0
      vertex 22.299 -8.75 2.4
      vertex 22.299 -8.75 0
    endloop
  endfacet
  facet normal -0.831485 0.555547 0
    outer loop
      vertex 22.299 -8.75 2.4
      vertex 22.19 -8.91314 0
      vertex 22.19 -8.91314 2.4
    endloop
  endfacet
  facet normal -0.442233 0.8969 0
    outer loop
      vertex 21.75 -9.29904 0
      vertex 21.574 -9.38582 2.4
      vertex 21.75 -9.29904 2.4
    endloop
  endfacet
  facet normal -0.442233 0.8969 0
    outer loop
      vertex 21.574 -9.38582 2.4
      vertex 21.75 -9.29904 0
      vertex 21.574 -9.38582 0
    endloop
  endfacet
  facet normal 0.321437 -0.946931 0
    outer loop
      vertex 20.426 9.38582 0
      vertex 20.6118 9.44889 2.4
      vertex 20.426 9.38582 2.4
    endloop
  endfacet
  facet normal 0.321437 -0.946931 0
    outer loop
      vertex 20.6118 9.44889 2.4
      vertex 20.426 9.38582 0
      vertex 20.6118 9.44889 0
    endloop
  endfacet
  facet normal -0.99787 -0.0652369 0
    outer loop
      vertex 22.5 8 0
      vertex 22.4872 8.19579 2.4
      vertex 22.4872 8.19579 0
    endloop
  endfacet
  facet normal -0.99787 -0.0652369 0
    outer loop
      vertex 22.4872 8.19579 2.4
      vertex 22.5 8 0
      vertex 22.5 8 2.4
    endloop
  endfacet
  facet normal 0.99787 -0.0652369 0
    outer loop
      vertex 19.5 8 2.4
      vertex 19.5128 8.19579 0
      vertex 19.5128 8.19579 2.4
    endloop
  endfacet
  facet normal 0.99787 -0.0652369 0
    outer loop
      vertex 19.5128 8.19579 0
      vertex 19.5 8 2.4
      vertex 19.5 8 0
    endloop
  endfacet
  facet normal -0.659139 -0.752021 0
    outer loop
      vertex 21.9131 9.19003 0
      vertex 22.0607 9.06066 2.4
      vertex 21.9131 9.19003 2.4
    endloop
  endfacet
  facet normal -0.659139 -0.752021 -0
    outer loop
      vertex 22.0607 9.06066 2.4
      vertex 21.9131 9.19003 0
      vertex 22.0607 9.06066 0
    endloop
  endfacet
  facet normal 0.89684 -0.442355 0
    outer loop
      vertex 19.6142 8.57402 2.4
      vertex 19.701 8.75 0
      vertex 19.701 8.75 2.4
    endloop
  endfacet
  facet normal 0.89684 -0.442355 0
    outer loop
      vertex 19.701 8.75 0
      vertex 19.6142 8.57402 2.4
      vertex 19.6142 8.57402 0
    endloop
  endfacet
  facet normal -0.659139 0.752021 0
    outer loop
      vertex 22.0607 -9.06066 0
      vertex 21.9131 -9.19003 2.4
      vertex 22.0607 -9.06066 2.4
    endloop
  endfacet
  facet normal -0.659139 0.752021 0
    outer loop
      vertex 21.9131 -9.19003 2.4
      vertex 22.0607 -9.06066 0
      vertex 21.9131 -9.19003 0
    endloop
  endfacet
  facet normal 0.831485 0.555547 0
    outer loop
      vertex 19.81 -8.91314 2.4
      vertex 19.701 -8.75 0
      vertex 19.701 -8.75 2.4
    endloop
  endfacet
  facet normal 0.831485 0.555547 0
    outer loop
      vertex 19.701 -8.75 0
      vertex 19.81 -8.91314 2.4
      vertex 19.81 -8.91314 0
    endloop
  endfacet
  facet normal -0.89684 0.442355 0
    outer loop
      vertex 22.299 -8.75 0
      vertex 22.3858 -8.57402 2.4
      vertex 22.3858 -8.57402 0
    endloop
  endfacet
  facet normal -0.89684 0.442355 0
    outer loop
      vertex 22.3858 -8.57402 2.4
      vertex 22.299 -8.75 0
      vertex 22.299 -8.75 2.4
    endloop
  endfacet
  facet normal 0.195136 -0.980776 0
    outer loop
      vertex 20.6118 9.44889 0
      vertex 20.8042 9.48717 2.4
      vertex 20.6118 9.44889 2.4
    endloop
  endfacet
  facet normal 0.195136 -0.980776 0
    outer loop
      vertex 20.8042 9.48717 2.4
      vertex 20.6118 9.44889 0
      vertex 20.8042 9.48717 0
    endloop
  endfacet
  facet normal 0.659139 0.752021 -0
    outer loop
      vertex 20.0869 -9.19003 0
      vertex 19.9393 -9.06066 2.4
      vertex 20.0869 -9.19003 2.4
    endloop
  endfacet
  facet normal 0.659139 0.752021 0
    outer loop
      vertex 19.9393 -9.06066 2.4
      vertex 20.0869 -9.19003 0
      vertex 19.9393 -9.06066 0
    endloop
  endfacet
  facet normal -0.99787 0.0652369 0
    outer loop
      vertex 22.4872 -8.19579 0
      vertex 22.5 -8 2.4
      vertex 22.5 -8 0
    endloop
  endfacet
  facet normal -0.99787 0.0652369 0
    outer loop
      vertex 22.5 -8 2.4
      vertex 22.4872 -8.19579 0
      vertex 22.4872 -8.19579 2.4
    endloop
  endfacet
  facet normal -0.0653858 -0.99786 0
    outer loop
      vertex 21 9.5 0
      vertex 21.1958 9.48717 2.4
      vertex 21 9.5 2.4
    endloop
  endfacet
  facet normal -0.0653858 -0.99786 -0
    outer loop
      vertex 21.1958 9.48717 2.4
      vertex 21 9.5 0
      vertex 21.1958 9.48717 0
    endloop
  endfacet
  facet normal 0.89684 0.442355 0
    outer loop
      vertex 19.701 -8.75 2.4
      vertex 19.6142 -8.57402 0
      vertex 19.6142 -8.57402 2.4
    endloop
  endfacet
  facet normal 0.89684 0.442355 0
    outer loop
      vertex 19.6142 -8.57402 0
      vertex 19.701 -8.75 2.4
      vertex 19.701 -8.75 0
    endloop
  endfacet
  facet normal -0.195136 0.980776 0
    outer loop
      vertex 21.3882 -9.44889 0
      vertex 21.1958 -9.48717 2.4
      vertex 21.3882 -9.44889 2.4
    endloop
  endfacet
  facet normal -0.195136 0.980776 0
    outer loop
      vertex 21.1958 -9.48717 2.4
      vertex 21.3882 -9.44889 0
      vertex 21.1958 -9.48717 0
    endloop
  endfacet
  facet normal 0.980764 0.195195 0
    outer loop
      vertex 19.5511 -8.38823 2.4
      vertex 19.5128 -8.19579 0
      vertex 19.5128 -8.19579 2.4
    endloop
  endfacet
  facet normal 0.980764 0.195195 0
    outer loop
      vertex 19.5128 -8.19579 0
      vertex 19.5511 -8.38823 2.4
      vertex 19.5511 -8.38823 0
    endloop
  endfacet
  facet normal -0.831485 -0.555547 0
    outer loop
      vertex 22.299 8.75 0
      vertex 22.19 8.91314 2.4
      vertex 22.19 8.91314 0
    endloop
  endfacet
  facet normal -0.831485 -0.555547 0
    outer loop
      vertex 22.19 8.91314 2.4
      vertex 22.299 8.75 0
      vertex 22.299 8.75 2.4
    endloop
  endfacet
  facet normal -0.555676 -0.831399 0
    outer loop
      vertex 21.75 9.29904 0
      vertex 21.9131 9.19003 2.4
      vertex 21.75 9.29904 2.4
    endloop
  endfacet
  facet normal -0.555676 -0.831399 -0
    outer loop
      vertex 21.9131 9.19003 2.4
      vertex 21.75 9.29904 0
      vertex 21.9131 9.19003 0
    endloop
  endfacet
  facet normal 0.321437 0.946931 -0
    outer loop
      vertex 20.6118 -9.44889 0
      vertex 20.426 -9.38582 2.4
      vertex 20.6118 -9.44889 2.4
    endloop
  endfacet
  facet normal 0.321437 0.946931 0
    outer loop
      vertex 20.426 -9.38582 2.4
      vertex 20.6118 -9.44889 0
      vertex 20.426 -9.38582 0
    endloop
  endfacet
  facet normal 0.195136 0.980776 -0
    outer loop
      vertex 20.8042 -9.48717 0
      vertex 20.6118 -9.44889 2.4
      vertex 20.8042 -9.48717 2.4
    endloop
  endfacet
  facet normal 0.195136 0.980776 0
    outer loop
      vertex 20.6118 -9.44889 2.4
      vertex 20.8042 -9.48717 0
      vertex 20.6118 -9.44889 0
    endloop
  endfacet
  facet normal -0.752021 0.65914 0
    outer loop
      vertex 22.0607 -9.06066 0
      vertex 22.19 -8.91314 2.4
      vertex 22.19 -8.91314 0
    endloop
  endfacet
  facet normal -0.752021 0.65914 0
    outer loop
      vertex 22.19 -8.91314 2.4
      vertex 22.0607 -9.06066 0
      vertex 22.0607 -9.06066 2.4
    endloop
  endfacet
  facet normal 0.831485 -0.555547 0
    outer loop
      vertex 19.701 8.75 2.4
      vertex 19.81 8.91314 0
      vertex 19.81 8.91314 2.4
    endloop
  endfacet
  facet normal 0.831485 -0.555547 0
    outer loop
      vertex 19.81 8.91314 0
      vertex 19.701 8.75 2.4
      vertex 19.701 8.75 0
    endloop
  endfacet
  facet normal -0.321437 -0.946931 0
    outer loop
      vertex 21.3882 9.44889 0
      vertex 21.574 9.38582 2.4
      vertex 21.3882 9.44889 2.4
    endloop
  endfacet
  facet normal -0.321437 -0.946931 -0
    outer loop
      vertex 21.574 9.38582 2.4
      vertex 21.3882 9.44889 0
      vertex 21.574 9.38582 0
    endloop
  endfacet
  facet normal -0.946879 -0.321589 0
    outer loop
      vertex 22.4489 8.38823 0
      vertex 22.3858 8.57402 2.4
      vertex 22.3858 8.57402 0
    endloop
  endfacet
  facet normal -0.946879 -0.321589 0
    outer loop
      vertex 22.3858 8.57402 2.4
      vertex 22.4489 8.38823 0
      vertex 22.4489 8.38823 2.4
    endloop
  endfacet
  facet normal 0.659139 -0.752021 0
    outer loop
      vertex 19.9393 9.06066 0
      vertex 20.0869 9.19003 2.4
      vertex 19.9393 9.06066 2.4
    endloop
  endfacet
  facet normal 0.659139 -0.752021 0
    outer loop
      vertex 20.0869 9.19003 2.4
      vertex 19.9393 9.06066 0
      vertex 20.0869 9.19003 0
    endloop
  endfacet
  facet normal 0.752021 -0.65914 0
    outer loop
      vertex 19.81 8.91314 2.4
      vertex 19.9393 9.06066 0
      vertex 19.9393 9.06066 2.4
    endloop
  endfacet
  facet normal 0.752021 -0.65914 0
    outer loop
      vertex 19.9393 9.06066 0
      vertex 19.81 8.91314 2.4
      vertex 19.81 8.91314 0
    endloop
  endfacet
  facet normal -0.195136 -0.980776 0
    outer loop
      vertex 21.1958 9.48717 0
      vertex 21.3882 9.44889 2.4
      vertex 21.1958 9.48717 2.4
    endloop
  endfacet
  facet normal -0.195136 -0.980776 -0
    outer loop
      vertex 21.3882 9.44889 2.4
      vertex 21.1958 9.48717 0
      vertex 21.3882 9.44889 0
    endloop
  endfacet
  facet normal -0.980764 -0.195195 0
    outer loop
      vertex 22.4872 8.19579 0
      vertex 22.4489 8.38823 2.4
      vertex 22.4489 8.38823 0
    endloop
  endfacet
  facet normal -0.980764 -0.195195 0
    outer loop
      vertex 22.4489 8.38823 2.4
      vertex 22.4872 8.19579 0
      vertex 22.4872 8.19579 2.4
    endloop
  endfacet
  facet normal -0.0653858 0.99786 0
    outer loop
      vertex 21.1958 -9.48717 0
      vertex 21 -9.5 2.4
      vertex 21.1958 -9.48717 2.4
    endloop
  endfacet
  facet normal -0.0653858 0.99786 0
    outer loop
      vertex 21 -9.5 2.4
      vertex 21.1958 -9.48717 0
      vertex 21 -9.5 0
    endloop
  endfacet
  facet normal 0.946879 0.321589 0
    outer loop
      vertex 19.6142 -8.57402 2.4
      vertex 19.5511 -8.38823 0
      vertex 19.5511 -8.38823 2.4
    endloop
  endfacet
  facet normal 0.946879 0.321589 0
    outer loop
      vertex 19.5511 -8.38823 0
      vertex 19.6142 -8.57402 2.4
      vertex 19.6142 -8.57402 0
    endloop
  endfacet
  facet normal 0.980764 -0.195195 0
    outer loop
      vertex 19.5128 8.19579 2.4
      vertex 19.5511 8.38823 0
      vertex 19.5511 8.38823 2.4
    endloop
  endfacet
  facet normal 0.980764 -0.195195 0
    outer loop
      vertex 19.5511 8.38823 0
      vertex 19.5128 8.19579 2.4
      vertex 19.5128 8.19579 0
    endloop
  endfacet
  facet normal -0.89684 -0.442355 0
    outer loop
      vertex 22.3858 8.57402 0
      vertex 22.299 8.75 2.4
      vertex 22.299 8.75 0
    endloop
  endfacet
  facet normal -0.89684 -0.442355 0
    outer loop
      vertex 22.299 8.75 2.4
      vertex 22.3858 8.57402 0
      vertex 22.3858 8.57402 2.4
    endloop
  endfacet
  facet normal -0.980764 0.195195 0
    outer loop
      vertex 22.4489 -8.38823 0
      vertex 22.4872 -8.19579 2.4
      vertex 22.4872 -8.19579 0
    endloop
  endfacet
  facet normal -0.980764 0.195195 0
    outer loop
      vertex 22.4872 -8.19579 2.4
      vertex 22.4489 -8.38823 0
      vertex 22.4489 -8.38823 2.4
    endloop
  endfacet
  facet normal -0.321437 0.946931 0
    outer loop
      vertex 21.574 -9.38582 0
      vertex 21.3882 -9.44889 2.4
      vertex 21.574 -9.38582 2.4
    endloop
  endfacet
  facet normal -0.321437 0.946931 0
    outer loop
      vertex 21.3882 -9.44889 2.4
      vertex 21.574 -9.38582 0
      vertex 21.3882 -9.44889 0
    endloop
  endfacet
  facet normal -0.752021 -0.65914 0
    outer loop
      vertex 22.19 8.91314 0
      vertex 22.0607 9.06066 2.4
      vertex 22.0607 9.06066 0
    endloop
  endfacet
  facet normal -0.752021 -0.65914 0
    outer loop
      vertex 22.0607 9.06066 2.4
      vertex 22.19 8.91314 0
      vertex 22.19 8.91314 2.4
    endloop
  endfacet
  facet normal 0.321574 -0.946885 0
    outer loop
      vertex 33.8764 -20.9978 0
      vertex 34.248 -20.8716 20.5
      vertex 33.8764 -20.9978 20.5
    endloop
  endfacet
  facet normal 0.321574 -0.946885 0
    outer loop
      vertex 34.248 -20.8716 20.5
      vertex 33.8764 -20.9978 0
      vertex 34.248 -20.8716 0
    endloop
  endfacet
  facet normal 0 -1 0
    outer loop
      vertex -33.1 -21.1 0
      vertex 33.1 -21.1 20.5
      vertex -33.1 -21.1 20.5
    endloop
  endfacet
  facet normal 0 -1 -0
    outer loop
      vertex 33.1 -21.1 20.5
      vertex -33.1 -21.1 0
      vertex 33.1 -21.1 0
    endloop
  endfacet
  facet normal 0.194989 -0.980806 0
    outer loop
      vertex 33.4916 -21.0743 0
      vertex 33.8764 -20.9978 20.5
      vertex 33.4916 -21.0743 20.5
    endloop
  endfacet
  facet normal 0.194989 -0.980806 0
    outer loop
      vertex 33.8764 -20.9978 20.5
      vertex 33.4916 -21.0743 0
      vertex 33.8764 -20.9978 0
    endloop
  endfacet
  facet normal 0.751724 0.659478 0
    outer loop
      vertex 35.4801 19.9263 20.5
      vertex 35.2213 20.2213 0
      vertex 35.2213 20.2213 20.5
    endloop
  endfacet
  facet normal 0.751724 0.659478 0
    outer loop
      vertex 35.2213 20.2213 0
      vertex 35.4801 19.9263 20.5
      vertex 35.4801 19.9263 0
    endloop
  endfacet
  facet normal 0.0654873 0.997853 -0
    outer loop
      vertex 33.4916 21.0743 0
      vertex 33.1 21.1 20.5
      vertex 33.4916 21.0743 20.5
    endloop
  endfacet
  facet normal 0.0654873 0.997853 0
    outer loop
      vertex 33.1 21.1 20.5
      vertex 33.4916 21.0743 0
      vertex 33.1 21.1 0
    endloop
  endfacet
  facet normal 0.0654873 -0.997853 0
    outer loop
      vertex 33.1 -21.1 0
      vertex 33.4916 -21.0743 20.5
      vertex 33.1 -21.1 20.5
    endloop
  endfacet
  facet normal 0.0654873 -0.997853 0
    outer loop
      vertex 33.4916 -21.0743 20.5
      vertex 33.1 -21.1 0
      vertex 33.4916 -21.0743 0
    endloop
  endfacet
  facet normal -0.896961 -0.44211 0
    outer loop
      vertex -35.6981 -19.6 0
      vertex -35.8716 -19.248 20.5
      vertex -35.8716 -19.248 0
    endloop
  endfacet
  facet normal -0.896961 -0.44211 0
    outer loop
      vertex -35.8716 -19.248 20.5
      vertex -35.6981 -19.6 0
      vertex -35.6981 -19.6 20.5
    endloop
  endfacet
  facet normal -0.0654873 -0.997853 0
    outer loop
      vertex -33.4916 -21.0743 0
      vertex -33.1 -21.1 20.5
      vertex -33.4916 -21.0743 20.5
    endloop
  endfacet
  facet normal -0.0654873 -0.997853 -0
    outer loop
      vertex -33.1 -21.1 20.5
      vertex -33.4916 -21.0743 0
      vertex -33.1 -21.1 0
    endloop
  endfacet
  facet normal -0.321574 -0.946885 0
    outer loop
      vertex -34.248 -20.8716 0
      vertex -33.8764 -20.9978 20.5
      vertex -34.248 -20.8716 20.5
    endloop
  endfacet
  facet normal -0.321574 -0.946885 -0
    outer loop
      vertex -33.8764 -20.9978 20.5
      vertex -34.248 -20.8716 0
      vertex -33.8764 -20.9978 0
    endloop
  endfacet
  facet normal -0.659478 0.751724 0
    outer loop
      vertex -34.9263 20.4801 0
      vertex -35.2213 20.2213 20.5
      vertex -34.9263 20.4801 20.5
    endloop
  endfacet
  facet normal -0.659478 0.751724 0
    outer loop
      vertex -35.2213 20.2213 20.5
      vertex -34.9263 20.4801 0
      vertex -35.2213 20.2213 0
    endloop
  endfacet
  facet normal -0.896961 0.44211 0
    outer loop
      vertex -35.8716 19.248 0
      vertex -35.6981 19.6 20.5
      vertex -35.6981 19.6 0
    endloop
  endfacet
  facet normal -0.896961 0.44211 0
    outer loop
      vertex -35.6981 19.6 20.5
      vertex -35.8716 19.248 0
      vertex -35.8716 19.248 20.5
    endloop
  endfacet
  facet normal -0.44211 0.896961 0
    outer loop
      vertex -34.248 20.8716 0
      vertex -34.6 20.6981 20.5
      vertex -34.248 20.8716 20.5
    endloop
  endfacet
  facet normal -0.44211 0.896961 0
    outer loop
      vertex -34.6 20.6981 20.5
      vertex -34.248 20.8716 0
      vertex -34.6 20.6981 0
    endloop
  endfacet
  facet normal 1 0 0
    outer loop
      vertex 36.1 14.7 5
      vertex 36.1 18.1 20.5
      vertex 36.1 14.7 17
    endloop
  endfacet
  facet normal 1 0 0
    outer loop
      vertex 36.1 18.1 20.5
      vertex 36.1 -14.7 17
      vertex 36.1 14.7 17
    endloop
  endfacet
  facet normal 1 0 0
    outer loop
      vertex 36.1 -14.7 17
      vertex 36.1 -18.1 20.5
      vertex 36.1 -14.7 5
    endloop
  endfacet
  facet normal 1 -0 0
    outer loop
      vertex 36.1 -18.1 20.5
      vertex 36.1 -14.7 17
      vertex 36.1 18.1 20.5
    endloop
  endfacet
  facet normal 1 0 0
    outer loop
      vertex 36.1 18.1 20.5
      vertex 36.1 14.7 5
      vertex 36.1 18.1 0
    endloop
  endfacet
  facet normal 1 -0 0
    outer loop
      vertex 36.1 -14.7 5
      vertex 36.1 18.1 0
      vertex 36.1 14.7 5
    endloop
  endfacet
  facet normal 1 0 0
    outer loop
      vertex 36.1 -14.7 5
      vertex 36.1 -18.1 0
      vertex 36.1 18.1 0
    endloop
  endfacet
  facet normal 1 0 0
    outer loop
      vertex 36.1 -18.1 0
      vertex 36.1 -14.7 5
      vertex 36.1 -18.1 20.5
    endloop
  endfacet
  facet normal -1 0 0
    outer loop
      vertex -36.1 14.7 15
      vertex -36.1 18.1 0
      vertex -36.1 14.7 5
    endloop
  endfacet
  facet normal -1 0 0
    outer loop
      vertex -36.1 18.1 0
      vertex -36.1 -14.7 5
      vertex -36.1 14.7 5
    endloop
  endfacet
  facet normal -1 -0 0
    outer loop
      vertex -36.1 -14.7 5
      vertex -36.1 -18.1 0
      vertex -36.1 -14.7 15
    endloop
  endfacet
  facet normal -1 0 0
    outer loop
      vertex -36.1 -18.1 0
      vertex -36.1 -14.7 5
      vertex -36.1 18.1 0
    endloop
  endfacet
  facet normal -1 0 0
    outer loop
      vertex -36.1 18.1 0
      vertex -36.1 14.7 15
      vertex -36.1 18.1 20.5
    endloop
  endfacet
  facet normal -1 0 0
    outer loop
      vertex -36.1 -14.7 15
      vertex -36.1 18.1 20.5
      vertex -36.1 14.7 15
    endloop
  endfacet
  facet normal -1 0 0
    outer loop
      vertex -36.1 -14.7 15
      vertex -36.1 -18.1 20.5
      vertex -36.1 18.1 20.5
    endloop
  endfacet
  facet normal -1 0 0
    outer loop
      vertex -36.1 -18.1 20.5
      vertex -36.1 -14.7 15
      vertex -36.1 -18.1 0
    endloop
  endfacet
  facet normal -0.0654873 0.997853 0
    outer loop
      vertex -33.1 21.1 0
      vertex -33.4916 21.0743 20.5
      vertex -33.1 21.1 20.5
    endloop
  endfacet
  facet normal -0.0654873 0.997853 0
    outer loop
      vertex -33.4916 21.0743 20.5
      vertex -33.1 21.1 0
      vertex -33.4916 21.0743 0
    endloop
  endfacet
  facet normal 0.321574 0.946885 -0
    outer loop
      vertex 34.248 20.8716 0
      vertex 33.8764 20.9978 20.5
      vertex 34.248 20.8716 20.5
    endloop
  endfacet
  facet normal 0.321574 0.946885 0
    outer loop
      vertex 33.8764 20.9978 20.5
      vertex 34.248 20.8716 0
      vertex 33.8764 20.9978 0
    endloop
  endfacet
  facet normal -0.659478 -0.751724 0
    outer loop
      vertex -35.2213 -20.2213 0
      vertex -34.9263 -20.4801 20.5
      vertex -35.2213 -20.2213 20.5
    endloop
  endfacet
  facet normal -0.659478 -0.751724 -0
    outer loop
      vertex -34.9263 -20.4801 20.5
      vertex -35.2213 -20.2213 0
      vertex -34.9263 -20.4801 0
    endloop
  endfacet
  facet normal -0.946885 0.321574 0
    outer loop
      vertex -35.9978 18.8764 0
      vertex -35.8716 19.248 20.5
      vertex -35.8716 19.248 0
    endloop
  endfacet
  facet normal -0.946885 0.321574 0
    outer loop
      vertex -35.8716 19.248 20.5
      vertex -35.9978 18.8764 0
      vertex -35.9978 18.8764 20.5
    endloop
  endfacet
  facet normal -0.194989 -0.980806 0
    outer loop
      vertex -33.8764 -20.9978 0
      vertex -33.4916 -21.0743 20.5
      vertex -33.8764 -20.9978 20.5
    endloop
  endfacet
  facet normal -0.194989 -0.980806 -0
    outer loop
      vertex -33.4916 -21.0743 20.5
      vertex -33.8764 -20.9978 0
      vertex -33.4916 -21.0743 0
    endloop
  endfacet
  facet normal -0.751724 0.659478 0
    outer loop
      vertex -35.4801 19.9263 0
      vertex -35.2213 20.2213 20.5
      vertex -35.2213 20.2213 0
    endloop
  endfacet
  facet normal -0.751724 0.659478 0
    outer loop
      vertex -35.2213 20.2213 20.5
      vertex -35.4801 19.9263 0
      vertex -35.4801 19.9263 20.5
    endloop
  endfacet
  facet normal 0.980806 -0.194989 0
    outer loop
      vertex 35.9978 -18.8764 20.5
      vertex 36.0743 -18.4916 0
      vertex 36.0743 -18.4916 20.5
    endloop
  endfacet
  facet normal 0.980806 -0.194989 0
    outer loop
      vertex 36.0743 -18.4916 0
      vertex 35.9978 -18.8764 20.5
      vertex 35.9978 -18.8764 0
    endloop
  endfacet
  facet normal -0.44211 -0.896961 0
    outer loop
      vertex -34.6 -20.6981 0
      vertex -34.248 -20.8716 20.5
      vertex -34.6 -20.6981 20.5
    endloop
  endfacet
  facet normal -0.44211 -0.896961 -0
    outer loop
      vertex -34.248 -20.8716 20.5
      vertex -34.6 -20.6981 0
      vertex -34.248 -20.8716 0
    endloop
  endfacet
  facet normal 0 1 -0
    outer loop
      vertex 33.1 21.1 0
      vertex -33.1 21.1 20.5
      vertex 33.1 21.1 20.5
    endloop
  endfacet
  facet normal 0 1 0
    outer loop
      vertex -33.1 21.1 20.5
      vertex 33.1 21.1 0
      vertex -33.1 21.1 0
    endloop
  endfacet
  facet normal 0.831501 0.555523 0
    outer loop
      vertex 35.6981 19.6 20.5
      vertex 35.4801 19.9263 0
      vertex 35.4801 19.9263 20.5
    endloop
  endfacet
  facet normal 0.831501 0.555523 0
    outer loop
      vertex 35.4801 19.9263 0
      vertex 35.6981 19.6 20.5
      vertex 35.6981 19.6 0
    endloop
  endfacet
  facet normal -0.321574 0.946885 0
    outer loop
      vertex -33.8764 20.9978 0
      vertex -34.248 20.8716 20.5
      vertex -33.8764 20.9978 20.5
    endloop
  endfacet
  facet normal -0.321574 0.946885 0
    outer loop
      vertex -34.248 20.8716 20.5
      vertex -33.8764 20.9978 0
      vertex -34.248 20.8716 0
    endloop
  endfacet
  facet normal -0.831501 0.555523 0
    outer loop
      vertex -35.6981 19.6 0
      vertex -35.4801 19.9263 20.5
      vertex -35.4801 19.9263 0
    endloop
  endfacet
  facet normal -0.831501 0.555523 0
    outer loop
      vertex -35.4801 19.9263 20.5
      vertex -35.6981 19.6 0
      vertex -35.6981 19.6 20.5
    endloop
  endfacet
  facet normal -0.555523 -0.831501 0
    outer loop
      vertex -34.9263 -20.4801 0
      vertex -34.6 -20.6981 20.5
      vertex -34.9263 -20.4801 20.5
    endloop
  endfacet
  facet normal -0.555523 -0.831501 -0
    outer loop
      vertex -34.6 -20.6981 20.5
      vertex -34.9263 -20.4801 0
      vertex -34.6 -20.6981 0
    endloop
  endfacet
  facet normal -0.194989 0.980806 0
    outer loop
      vertex -33.4916 21.0743 0
      vertex -33.8764 20.9978 20.5
      vertex -33.4916 21.0743 20.5
    endloop
  endfacet
  facet normal -0.194989 0.980806 0
    outer loop
      vertex -33.8764 20.9978 20.5
      vertex -33.4916 21.0743 0
      vertex -33.8764 20.9978 0
    endloop
  endfacet
  facet normal 0.896961 -0.44211 0
    outer loop
      vertex 35.6981 -19.6 20.5
      vertex 35.8716 -19.248 0
      vertex 35.8716 -19.248 20.5
    endloop
  endfacet
  facet normal 0.896961 -0.44211 0
    outer loop
      vertex 35.8716 -19.248 0
      vertex 35.6981 -19.6 20.5
      vertex 35.6981 -19.6 0
    endloop
  endfacet
  facet normal 0.659478 -0.751724 0
    outer loop
      vertex 34.9263 -20.4801 0
      vertex 35.2213 -20.2213 20.5
      vertex 34.9263 -20.4801 20.5
    endloop
  endfacet
  facet normal 0.659478 -0.751724 0
    outer loop
      vertex 35.2213 -20.2213 20.5
      vertex 34.9263 -20.4801 0
      vertex 35.2213 -20.2213 0
    endloop
  endfacet
  facet normal 0.555523 0.831501 -0
    outer loop
      vertex 34.9263 20.4801 0
      vertex 34.6 20.6981 20.5
      vertex 34.9263 20.4801 20.5
    endloop
  endfacet
  facet normal 0.555523 0.831501 0
    outer loop
      vertex 34.6 20.6981 20.5
      vertex 34.9263 20.4801 0
      vertex 34.6 20.6981 0
    endloop
  endfacet
  facet normal 0.44211 0.896961 -0
    outer loop
      vertex 34.6 20.6981 0
      vertex 34.248 20.8716 20.5
      vertex 34.6 20.6981 20.5
    endloop
  endfacet
  facet normal 0.44211 0.896961 0
    outer loop
      vertex 34.248 20.8716 20.5
      vertex 34.6 20.6981 0
      vertex 34.248 20.8716 0
    endloop
  endfacet
  facet normal 0.946885 0.321574 0
    outer loop
      vertex 35.9978 18.8764 20.5
      vertex 35.8716 19.248 0
      vertex 35.8716 19.248 20.5
    endloop
  endfacet
  facet normal 0.946885 0.321574 0
    outer loop
      vertex 35.8716 19.248 0
      vertex 35.9978 18.8764 20.5
      vertex 35.9978 18.8764 0
    endloop
  endfacet
  facet normal 0.194989 0.980806 -0
    outer loop
      vertex 33.8764 20.9978 0
      vertex 33.4916 21.0743 20.5
      vertex 33.8764 20.9978 20.5
    endloop
  endfacet
  facet normal 0.194989 0.980806 0
    outer loop
      vertex 33.4916 21.0743 20.5
      vertex 33.8764 20.9978 0
      vertex 33.4916 21.0743 0
    endloop
  endfacet
  facet normal 0.997853 0.0654873 0
    outer loop
      vertex 36.1 18.1 20.5
      vertex 36.0743 18.4916 0
      vertex 36.0743 18.4916 20.5
    endloop
  endfacet
  facet normal 0.997853 0.0654873 0
    outer loop
      vertex 36.0743 18.4916 0
      vertex 36.1 18.1 20.5
      vertex 36.1 18.1 0
    endloop
  endfacet
  facet normal -0.555523 0.831501 0
    outer loop
      vertex -34.6 20.6981 0
      vertex -34.9263 20.4801 20.5
      vertex -34.6 20.6981 20.5
    endloop
  endfacet
  facet normal -0.555523 0.831501 0
    outer loop
      vertex -34.9263 20.4801 20.5
      vertex -34.6 20.6981 0
      vertex -34.9263 20.4801 0
    endloop
  endfacet
  facet normal 0.831501 -0.555523 0
    outer loop
      vertex 35.4801 -19.9263 20.5
      vertex 35.6981 -19.6 0
      vertex 35.6981 -19.6 20.5
    endloop
  endfacet
  facet normal 0.831501 -0.555523 0
    outer loop
      vertex 35.6981 -19.6 0
      vertex 35.4801 -19.9263 20.5
      vertex 35.4801 -19.9263 0
    endloop
  endfacet
  facet normal 0.751724 -0.659478 0
    outer loop
      vertex 35.2213 -20.2213 20.5
      vertex 35.4801 -19.9263 0
      vertex 35.4801 -19.9263 20.5
    endloop
  endfacet
  facet normal 0.751724 -0.659478 0
    outer loop
      vertex 35.4801 -19.9263 0
      vertex 35.2213 -20.2213 20.5
      vertex 35.2213 -20.2213 0
    endloop
  endfacet
  facet normal -0.997853 -0.0654873 0
    outer loop
      vertex -36.0743 -18.4916 0
      vertex -36.1 -18.1 20.5
      vertex -36.1 -18.1 0
    endloop
  endfacet
  facet normal -0.997853 -0.0654873 0
    outer loop
      vertex -36.1 -18.1 20.5
      vertex -36.0743 -18.4916 0
      vertex -36.0743 -18.4916 20.5
    endloop
  endfacet
  facet normal -0.980806 0.194989 0
    outer loop
      vertex -36.0743 18.4916 0
      vertex -35.9978 18.8764 20.5
      vertex -35.9978 18.8764 0
    endloop
  endfacet
  facet normal -0.980806 0.194989 0
    outer loop
      vertex -35.9978 18.8764 20.5
      vertex -36.0743 18.4916 0
      vertex -36.0743 18.4916 20.5
    endloop
  endfacet
  facet normal -0.997853 0.0654873 0
    outer loop
      vertex -36.1 18.1 0
      vertex -36.0743 18.4916 20.5
      vertex -36.0743 18.4916 0
    endloop
  endfacet
  facet normal -0.997853 0.0654873 0
    outer loop
      vertex -36.0743 18.4916 20.5
      vertex -36.1 18.1 0
      vertex -36.1 18.1 20.5
    endloop
  endfacet
  facet normal 0.946885 -0.321574 0
    outer loop
      vertex 35.8716 -19.248 20.5
      vertex 35.9978 -18.8764 0
      vertex 35.9978 -18.8764 20.5
    endloop
  endfacet
  facet normal 0.946885 -0.321574 0
    outer loop
      vertex 35.9978 -18.8764 0
      vertex 35.8716 -19.248 20.5
      vertex 35.8716 -19.248 0
    endloop
  endfacet
  facet normal 0.659478 0.751724 -0
    outer loop
      vertex 35.2213 20.2213 0
      vertex 34.9263 20.4801 20.5
      vertex 35.2213 20.2213 20.5
    endloop
  endfacet
  facet normal 0.659478 0.751724 0
    outer loop
      vertex 34.9263 20.4801 20.5
      vertex 35.2213 20.2213 0
      vertex 34.9263 20.4801 0
    endloop
  endfacet
  facet normal 0.896961 0.44211 0
    outer loop
      vertex 35.8716 19.248 20.5
      vertex 35.6981 19.6 0
      vertex 35.6981 19.6 20.5
    endloop
  endfacet
  facet normal 0.896961 0.44211 0
    outer loop
      vertex 35.6981 19.6 0
      vertex 35.8716 19.248 20.5
      vertex 35.8716 19.248 0
    endloop
  endfacet
  facet normal 0.980806 0.194989 0
    outer loop
      vertex 36.0743 18.4916 20.5
      vertex 35.9978 18.8764 0
      vertex 35.9978 18.8764 20.5
    endloop
  endfacet
  facet normal 0.980806 0.194989 0
    outer loop
      vertex 35.9978 18.8764 0
      vertex 36.0743 18.4916 20.5
      vertex 36.0743 18.4916 0
    endloop
  endfacet
  facet normal -0.980806 -0.194989 0
    outer loop
      vertex -35.9978 -18.8764 0
      vertex -36.0743 -18.4916 20.5
      vertex -36.0743 -18.4916 0
    endloop
  endfacet
  facet normal -0.980806 -0.194989 0
    outer loop
      vertex -36.0743 -18.4916 20.5
      vertex -35.9978 -18.8764 0
      vertex -35.9978 -18.8764 20.5
    endloop
  endfacet
  facet normal -0.946885 -0.321574 0
    outer loop
      vertex -35.8716 -19.248 0
      vertex -35.9978 -18.8764 20.5
      vertex -35.9978 -18.8764 0
    endloop
  endfacet
  facet normal -0.946885 -0.321574 0
    outer loop
      vertex -35.9978 -18.8764 20.5
      vertex -35.8716 -19.248 0
      vertex -35.8716 -19.248 20.5
    endloop
  endfacet
  facet normal -0.831501 -0.555523 0
    outer loop
      vertex -35.4801 -19.9263 0
      vertex -35.6981 -19.6 20.5
      vertex -35.6981 -19.6 0
    endloop
  endfacet
  facet normal -0.831501 -0.555523 0
    outer loop
      vertex -35.6981 -19.6 20.5
      vertex -35.4801 -19.9263 0
      vertex -35.4801 -19.9263 20.5
    endloop
  endfacet
  facet normal -0.751724 -0.659478 0
    outer loop
      vertex -35.2213 -20.2213 0
      vertex -35.4801 -19.9263 20.5
      vertex -35.4801 -19.9263 0
    endloop
  endfacet
  facet normal -0.751724 -0.659478 0
    outer loop
      vertex -35.4801 -19.9263 20.5
      vertex -35.2213 -20.2213 0
      vertex -35.2213 -20.2213 20.5
    endloop
  endfacet
  facet normal 0 0 -1
    outer loop
      vertex 33.1 -21.1 0
      vertex 36.1 -18.1 0
      vertex 36.0743 -18.4916 0
    endloop
  endfacet
  facet normal 0 0 -1
    outer loop
      vertex 36.1 -18.1 0
      vertex 22.5 -8 0
      vertex 36.1 18.1 0
    endloop
  endfacet
  facet normal 0 0 -1
    outer loop
      vertex 33.1 -21.1 0
      vertex 36.0743 -18.4916 0
      vertex 35.9978 -18.8764 0
    endloop
  endfacet
  facet normal 0 0 -1
    outer loop
      vertex 22.5 8 0
      vertex 36.1 18.1 0
      vertex 22.5 -8 0
    endloop
  endfacet
  facet normal 0 0 -1
    outer loop
      vertex 33.1 -21.1 0
      vertex 35.9978 -18.8764 0
      vertex 35.8716 -19.248 0
    endloop
  endfacet
  facet normal 0 0 -1
    outer loop
      vertex 22.4872 8.19579 0
      vertex 36.1 18.1 0
      vertex 22.5 8 0
    endloop
  endfacet
  facet normal 0 0 -1
    outer loop
      vertex 33.1 -21.1 0
      vertex 35.8716 -19.248 0
      vertex 35.6981 -19.6 0
    endloop
  endfacet
  facet normal 0 0 -1
    outer loop
      vertex 22.4489 8.38823 0
      vertex 36.1 18.1 0
      vertex 22.4872 8.19579 0
    endloop
  endfacet
  facet normal 0 0 -1
    outer loop
      vertex 33.1 -21.1 0
      vertex 35.6981 -19.6 0
      vertex 35.4801 -19.9263 0
    endloop
  endfacet
  facet normal 0 0 -1
    outer loop
      vertex 22.3858 8.57402 0
      vertex 36.1 18.1 0
      vertex 22.4489 8.38823 0
    endloop
  endfacet
  facet normal 0 0 -1
    outer loop
      vertex 33.1 -21.1 0
      vertex 35.4801 -19.9263 0
      vertex 35.2213 -20.2213 0
    endloop
  endfacet
  facet normal 0 0 -1
    outer loop
      vertex 22.299 8.75 0
      vertex 36.1 18.1 0
      vertex 22.3858 8.57402 0
    endloop
  endfacet
  facet normal 0 0 -1
    outer loop
      vertex 33.1 -21.1 0
      vertex 35.2213 -20.2213 0
      vertex 34.9263 -20.4801 0
    endloop
  endfacet
  facet normal 0 0 -1
    outer loop
      vertex 22.19 8.91314 0
      vertex 36.1 18.1 0
      vertex 22.299 8.75 0
    endloop
  endfacet
  facet normal 0 0 -1
    outer loop
      vertex 33.1 -21.1 0
      vertex 34.9263 -20.4801 0
      vertex 34.6 -20.6981 0
    endloop
  endfacet
  facet normal 0 -0 -1
    outer loop
      vertex 33.1 21.1 0
      vertex 36.1 18.1 0
      vertex 22.19 8.91314 0
    endloop
  endfacet
  facet normal 0 0 -1
    outer loop
      vertex 33.1 -21.1 0
      vertex 34.6 -20.6981 0
      vertex 34.248 -20.8716 0
    endloop
  endfacet
  facet normal 0 0 -1
    outer loop
      vertex 36.0743 18.4916 0
      vertex 33.1 21.1 0
      vertex 35.9978 18.8764 0
    endloop
  endfacet
  facet normal 0 0 -1
    outer loop
      vertex 33.1 -21.1 0
      vertex 34.248 -20.8716 0
      vertex 33.8764 -20.9978 0
    endloop
  endfacet
  facet normal 0 0 -1
    outer loop
      vertex 35.9978 18.8764 0
      vertex 33.1 21.1 0
      vertex 35.8716 19.248 0
    endloop
  endfacet
  facet normal 0 0 -1
    outer loop
      vertex 33.1 -21.1 0
      vertex 33.8764 -20.9978 0
      vertex 33.4916 -21.0743 0
    endloop
  endfacet
  facet normal 0 0 -1
    outer loop
      vertex 35.6981 19.6 0
      vertex 33.1 21.1 0
      vertex 35.4801 19.9263 0
    endloop
  endfacet
  facet normal -0 0 -1
    outer loop
      vertex 36.1 -18.1 0
      vertex 33.1 -21.1 0
      vertex 22.19 -8.91314 0
    endloop
  endfacet
  facet normal 0 0 -1
    outer loop
      vertex 35.4801 19.9263 0
      vertex 33.1 21.1 0
      vertex 35.2213 20.2213 0
    endloop
  endfacet
  facet normal 0 0 -1
    outer loop
      vertex 35.2213 20.2213 0
      vertex 33.1 21.1 0
      vertex 34.9263 20.4801 0
    endloop
  endfacet
  facet normal 0 0 -1
    outer loop
      vertex 36.1 -18.1 0
      vertex 22.4872 -8.19579 0
      vertex 22.5 -8 0
    endloop
  endfacet
  facet normal 0 0 -1
    outer loop
      vertex 36.1 -18.1 0
      vertex 22.4489 -8.38823 0
      vertex 22.4872 -8.19579 0
    endloop
  endfacet
  facet normal 0 0 -1
    outer loop
      vertex 36.1 -18.1 0
      vertex 22.3858 -8.57402 0
      vertex 22.4489 -8.38823 0
    endloop
  endfacet
  facet normal 0 0 -1
    outer loop
      vertex 36.1 -18.1 0
      vertex 22.299 -8.75 0
      vertex 22.3858 -8.57402 0
    endloop
  endfacet
  facet normal 0 0 -1
    outer loop
      vertex 36.1 -18.1 0
      vertex 22.19 -8.91314 0
      vertex 22.299 -8.75 0
    endloop
  endfacet
  facet normal 0 0 -1
    outer loop
      vertex 33.1 -21.1 0
      vertex 22.0607 -9.06066 0
      vertex 22.19 -8.91314 0
    endloop
  endfacet
  facet normal 0 0 -1
    outer loop
      vertex 33.1 -21.1 0
      vertex 21.9131 -9.19003 0
      vertex 22.0607 -9.06066 0
    endloop
  endfacet
  facet normal 0 0 -1
    outer loop
      vertex 33.1 -21.1 0
      vertex 21.75 -9.29904 0
      vertex 21.9131 -9.19003 0
    endloop
  endfacet
  facet normal 0 0 -1
    outer loop
      vertex 33.1 -21.1 0
      vertex 21.574 -9.38582 0
      vertex 21.75 -9.29904 0
    endloop
  endfacet
  facet normal 0 0 -1
    outer loop
      vertex 33.1 -21.1 0
      vertex 21.3882 -9.44889 0
      vertex 21.574 -9.38582 0
    endloop
  endfacet
  facet normal 0 0 -1
    outer loop
      vertex 33.1 -21.1 0
      vertex 21.1958 -9.48717 0
      vertex 21.3882 -9.44889 0
    endloop
  endfacet
  facet normal 0 0 -1
    outer loop
      vertex 33.1 -21.1 0
      vertex 21 -9.5 0
      vertex 21.1958 -9.48717 0
    endloop
  endfacet
  facet normal 0 0 -1
    outer loop
      vertex 33.1 -21.1 0
      vertex 20.8042 -9.48717 0
      vertex 21 -9.5 0
    endloop
  endfacet
  facet normal 0 0 -1
    outer loop
      vertex 33.1 -21.1 0
      vertex 20.6118 -9.44889 0
      vertex 20.8042 -9.48717 0
    endloop
  endfacet
  facet normal 0 0 -1
    outer loop
      vertex 33.1 -21.1 0
      vertex 20.426 -9.38582 0
      vertex 20.6118 -9.44889 0
    endloop
  endfacet
  facet normal 0 0 -1
    outer loop
      vertex 7.57402 -9.38582 0
      vertex 20.426 -9.38582 0
      vertex 33.1 -21.1 0
    endloop
  endfacet
  facet normal 0 0 -1
    outer loop
      vertex 20.426 -9.38582 0
      vertex 7.57402 -9.38582 0
      vertex 20.25 -9.29904 0
    endloop
  endfacet
  facet normal 0 -0 -1
    outer loop
      vertex 7.75 -9.29904 0
      vertex 20.25 -9.29904 0
      vertex 7.57402 -9.38582 0
    endloop
  endfacet
  facet normal 0 0 -1
    outer loop
      vertex 19.5 -8 0
      vertex 8.5 -8 0
      vertex 19.5 8 0
    endloop
  endfacet
  facet normal 0 0 -1
    outer loop
      vertex 19.5128 -8.19579 0
      vertex 8.5 -8 0
      vertex 19.5 -8 0
    endloop
  endfacet
  facet normal 0 0 -1
    outer loop
      vertex 8.48717 -8.19579 0
      vertex 19.5128 -8.19579 0
      vertex 19.5511 -8.38823 0
    endloop
  endfacet
  facet normal 0 0 -1
    outer loop
      vertex 8.44889 -8.38823 0
      vertex 19.5511 -8.38823 0
      vertex 19.6142 -8.57402 0
    endloop
  endfacet
  facet normal 0 0 -1
    outer loop
      vertex 8.38582 -8.57402 0
      vertex 19.6142 -8.57402 0
      vertex 19.701 -8.75 0
    endloop
  endfacet
  facet normal 0 0 -1
    outer loop
      vertex 8.29904 -8.75 0
      vertex 19.701 -8.75 0
      vertex 19.81 -8.91314 0
    endloop
  endfacet
  facet normal 0 0 -1
    outer loop
      vertex 8.19003 -8.91314 0
      vertex 19.81 -8.91314 0
      vertex 19.9393 -9.06066 0
    endloop
  endfacet
  facet normal 0 0 -1
    outer loop
      vertex 20.25 -9.29904 0
      vertex 7.75 -9.29904 0
      vertex 20.0869 -9.19003 0
    endloop
  endfacet
  facet normal 0 0 -1
    outer loop
      vertex 19.5128 -8.19579 0
      vertex 8.48717 -8.19579 0
      vertex 8.5 -8 0
    endloop
  endfacet
  facet normal 0 0 -1
    outer loop
      vertex 19.5511 -8.38823 0
      vertex 8.44889 -8.38823 0
      vertex 8.48717 -8.19579 0
    endloop
  endfacet
  facet normal 0 0 -1
    outer loop
      vertex 19.6142 -8.57402 0
      vertex 8.38582 -8.57402 0
      vertex 8.44889 -8.38823 0
    endloop
  endfacet
  facet normal 0 0 -1
    outer loop
      vertex 19.701 -8.75 0
      vertex 8.29904 -8.75 0
      vertex 8.38582 -8.57402 0
    endloop
  endfacet
  facet normal 0 0 -1
    outer loop
      vertex 19.81 -8.91314 0
      vertex 8.19003 -8.91314 0
      vertex 8.29904 -8.75 0
    endloop
  endfacet
  facet normal 0 0 -1
    outer loop
      vertex 19.9393 -9.06066 0
      vertex 8.06066 -9.06066 0
      vertex 8.19003 -8.91314 0
    endloop
  endfacet
  facet normal -0 0 -1
    outer loop
      vertex 19.9393 -9.06066 0
      vertex 7.91314 -9.19003 0
      vertex 8.06066 -9.06066 0
    endloop
  endfacet
  facet normal 0 0 -1
    outer loop
      vertex 20.0869 -9.19003 0
      vertex 7.91314 -9.19003 0
      vertex 19.9393 -9.06066 0
    endloop
  endfacet
  facet normal 0 -0 -1
    outer loop
      vertex 7.91314 -9.19003 0
      vertex 20.0869 -9.19003 0
      vertex 7.75 -9.29904 0
    endloop
  endfacet
  facet normal 0 0 -1
    outer loop
      vertex 33.1 -21.1 0
      vertex 7.38823 -9.44889 0
      vertex 7.57402 -9.38582 0
    endloop
  endfacet
  facet normal 0 0 -1
    outer loop
      vertex 33.1 -21.1 0
      vertex 7.19579 -9.48717 0
      vertex 7.38823 -9.44889 0
    endloop
  endfacet
  facet normal 0 0 -1
    outer loop
      vertex 33.1 -21.1 0
      vertex 7 -9.5 0
      vertex 7.19579 -9.48717 0
    endloop
  endfacet
  facet normal 0 0 -1
    outer loop
      vertex 33.1 -21.1 0
      vertex 6.80421 -9.48717 0
      vertex 7 -9.5 0
    endloop
  endfacet
  facet normal 0 0 -1
    outer loop
      vertex -6.80421 -9.48717 0
      vertex 6.80421 -9.48717 0
      vertex 33.1 -21.1 0
    endloop
  endfacet
  facet normal 0 0 -1
    outer loop
      vertex 6.80421 -9.48717 0
      vertex -6.80421 -9.48717 0
      vertex 6.61177 -9.44889 0
    endloop
  endfacet
  facet normal 0 0 -1
    outer loop
      vertex 5.5 -8 0
      vertex -5.5 -8 0
      vertex 5.5 8 0
    endloop
  endfacet
  facet normal 0 0 -1
    outer loop
      vertex 5.51283 -8.19579 0
      vertex -5.5 -8 0
      vertex 5.5 -8 0
    endloop
  endfacet
  facet normal 0 0 -1
    outer loop
      vertex -5.51283 -8.19579 0
      vertex 5.51283 -8.19579 0
      vertex 5.55111 -8.38823 0
    endloop
  endfacet
  facet normal 0 0 -1
    outer loop
      vertex -5.55111 -8.38823 0
      vertex 5.55111 -8.38823 0
      vertex 5.61418 -8.57402 0
    endloop
  endfacet
  facet normal 0 0 -1
    outer loop
      vertex -5.61418 -8.57402 0
      vertex 5.61418 -8.57402 0
      vertex 5.70096 -8.75 0
    endloop
  endfacet
  facet normal 0 0 -1
    outer loop
      vertex -5.70096 -8.75 0
      vertex 5.70096 -8.75 0
      vertex 5.80997 -8.91314 0
    endloop
  endfacet
  facet normal 0 0 -1
    outer loop
      vertex -5.80997 -8.91314 0
      vertex 5.80997 -8.91314 0
      vertex 5.93934 -9.06066 0
    endloop
  endfacet
  facet normal 0 0 -1
    outer loop
      vertex -5.93934 -9.06066 0
      vertex 5.93934 -9.06066 0
      vertex 6.08686 -9.19003 0
    endloop
  endfacet
  facet normal 0 0 -1
    outer loop
      vertex -6.08686 -9.19003 0
      vertex 6.08686 -9.19003 0
      vertex 6.25 -9.29904 0
    endloop
  endfacet
  facet normal 0 0 -1
    outer loop
      vertex -6.25 -9.29904 0
      vertex 6.25 -9.29904 0
      vertex 6.42597 -9.38582 0
    endloop
  endfacet
  facet normal 0 -0 -1
    outer loop
      vertex -6.61177 -9.44889 0
      vertex 6.61177 -9.44889 0
      vertex -6.80421 -9.48717 0
    endloop
  endfacet
  facet normal 0 0 -1
    outer loop
      vertex 5.51283 -8.19579 0
      vertex -5.51283 -8.19579 0
      vertex -5.5 -8 0
    endloop
  endfacet
  facet normal 0 0 -1
    outer loop
      vertex 5.55111 -8.38823 0
      vertex -5.55111 -8.38823 0
      vertex -5.51283 -8.19579 0
    endloop
  endfacet
  facet normal 0 0 -1
    outer loop
      vertex 5.61418 -8.57402 0
      vertex -5.61418 -8.57402 0
      vertex -5.55111 -8.38823 0
    endloop
  endfacet
  facet normal 0 0 -1
    outer loop
      vertex 5.70096 -8.75 0
      vertex -5.70096 -8.75 0
      vertex -5.61418 -8.57402 0
    endloop
  endfacet
  facet normal 0 0 -1
    outer loop
      vertex 5.80997 -8.91314 0
      vertex -5.80997 -8.91314 0
      vertex -5.70096 -8.75 0
    endloop
  endfacet
  facet normal 0 0 -1
    outer loop
      vertex 5.93934 -9.06066 0
      vertex -5.93934 -9.06066 0
      vertex -5.80997 -8.91314 0
    endloop
  endfacet
  facet normal 0 0 -1
    outer loop
      vertex 6.08686 -9.19003 0
      vertex -6.08686 -9.19003 0
      vertex -5.93934 -9.06066 0
    endloop
  endfacet
  facet normal 0 0 -1
    outer loop
      vertex 6.25 -9.29904 0
      vertex -6.25 -9.29904 0
      vertex -6.08686 -9.19003 0
    endloop
  endfacet
  facet normal 0 0 -1
    outer loop
      vertex 6.42597 -9.38582 0
      vertex -6.42597 -9.38582 0
      vertex -6.25 -9.29904 0
    endloop
  endfacet
  facet normal -0 0 -1
    outer loop
      vertex 6.42597 -9.38582 0
      vertex -6.61177 -9.44889 0
      vertex -6.42597 -9.38582 0
    endloop
  endfacet
  facet normal 0 0 -1
    outer loop
      vertex 6.61177 -9.44889 0
      vertex -6.61177 -9.44889 0
      vertex 6.42597 -9.38582 0
    endloop
  endfacet
  facet normal 0 0 -1
    outer loop
      vertex -33.1 -21.1 0
      vertex -6.80421 -9.48717 0
      vertex 33.1 -21.1 0
    endloop
  endfacet
  facet normal 0 0 -1
    outer loop
      vertex -6.80421 -9.48717 0
      vertex -33.1 -21.1 0
      vertex -7 -9.5 0
    endloop
  endfacet
  facet normal -0 0 -1
    outer loop
      vertex -7 -9.5 0
      vertex -33.1 -21.1 0
      vertex -7.19579 -9.48717 0
    endloop
  endfacet
  facet normal 0 0 -1
    outer loop
      vertex -8.5 -8 0
      vertex -19.5 -8 0
      vertex -8.5 8 0
    endloop
  endfacet
  facet normal 0 0 -1
    outer loop
      vertex -8.48717 -8.19579 0
      vertex -19.5 -8 0
      vertex -8.5 -8 0
    endloop
  endfacet
  facet normal 0 0 -1
    outer loop
      vertex -19.5128 -8.19579 0
      vertex -8.48717 -8.19579 0
      vertex -8.44889 -8.38823 0
    endloop
  endfacet
  facet normal 0 0 -1
    outer loop
      vertex -19.5511 -8.38823 0
      vertex -8.44889 -8.38823 0
      vertex -8.38582 -8.57402 0
    endloop
  endfacet
  facet normal 0 0 -1
    outer loop
      vertex -19.6142 -8.57402 0
      vertex -8.38582 -8.57402 0
      vertex -8.29904 -8.75 0
    endloop
  endfacet
  facet normal 0 0 -1
    outer loop
      vertex -19.701 -8.75 0
      vertex -8.29904 -8.75 0
      vertex -8.19003 -8.91314 0
    endloop
  endfacet
  facet normal 0 0 -1
    outer loop
      vertex -19.81 -8.91314 0
      vertex -8.19003 -8.91314 0
      vertex -8.06066 -9.06066 0
    endloop
  endfacet
  facet normal 0 0 -1
    outer loop
      vertex -19.9393 -9.06066 0
      vertex -8.06066 -9.06066 0
      vertex -7.91314 -9.19003 0
    endloop
  endfacet
  facet normal 0 0 -1
    outer loop
      vertex -20.0869 -9.19003 0
      vertex -7.91314 -9.19003 0
      vertex -7.75 -9.29904 0
    endloop
  endfacet
  facet normal 0 0 -1
    outer loop
      vertex -20.25 -9.29904 0
      vertex -7.75 -9.29904 0
      vertex -7.57402 -9.38582 0
    endloop
  endfacet
  facet normal 0 0 -1
    outer loop
      vertex -20.426 -9.38582 0
      vertex -7.57402 -9.38582 0
      vertex -7.38823 -9.44889 0
    endloop
  endfacet
  facet normal -0 0 -1
    outer loop
      vertex -7.19579 -9.48717 0
      vertex -33.1 -21.1 0
      vertex -7.38823 -9.44889 0
    endloop
  endfacet
  facet normal 0 0 -1
    outer loop
      vertex -8.48717 -8.19579 0
      vertex -19.5128 -8.19579 0
      vertex -19.5 -8 0
    endloop
  endfacet
  facet normal 0 0 -1
    outer loop
      vertex -8.44889 -8.38823 0
      vertex -19.5511 -8.38823 0
      vertex -19.5128 -8.19579 0
    endloop
  endfacet
  facet normal 0 0 -1
    outer loop
      vertex -8.38582 -8.57402 0
      vertex -19.6142 -8.57402 0
      vertex -19.5511 -8.38823 0
    endloop
  endfacet
  facet normal 0 0 -1
    outer loop
      vertex -8.29904 -8.75 0
      vertex -19.701 -8.75 0
      vertex -19.6142 -8.57402 0
    endloop
  endfacet
  facet normal 0 0 -1
    outer loop
      vertex -8.19003 -8.91314 0
      vertex -19.81 -8.91314 0
      vertex -19.701 -8.75 0
    endloop
  endfacet
  facet normal 0 0 -1
    outer loop
      vertex -8.06066 -9.06066 0
      vertex -19.9393 -9.06066 0
      vertex -19.81 -8.91314 0
    endloop
  endfacet
  facet normal 0 0 -1
    outer loop
      vertex -7.91314 -9.19003 0
      vertex -20.0869 -9.19003 0
      vertex -19.9393 -9.06066 0
    endloop
  endfacet
  facet normal 0 0 -1
    outer loop
      vertex -7.75 -9.29904 0
      vertex -20.25 -9.29904 0
      vertex -20.0869 -9.19003 0
    endloop
  endfacet
  facet normal 0 -0 -1
    outer loop
      vertex -20.426 -9.38582 0
      vertex -7.38823 -9.44889 0
      vertex -33.1 -21.1 0
    endloop
  endfacet
  facet normal 0 0 -1
    outer loop
      vertex -7.57402 -9.38582 0
      vertex -20.426 -9.38582 0
      vertex -20.25 -9.29904 0
    endloop
  endfacet
  facet normal 0 0 -1
    outer loop
      vertex -20.426 -9.38582 0
      vertex -33.1 -21.1 0
      vertex -20.6118 -9.44889 0
    endloop
  endfacet
  facet normal 0 0 -1
    outer loop
      vertex -20.6118 -9.44889 0
      vertex -33.1 -21.1 0
      vertex -20.8042 -9.48717 0
    endloop
  endfacet
  facet normal 0 0 -1
    outer loop
      vertex -20.8042 -9.48717 0
      vertex -33.1 -21.1 0
      vertex -21 -9.5 0
    endloop
  endfacet
  facet normal -0 0 -1
    outer loop
      vertex -21 -9.5 0
      vertex -33.1 -21.1 0
      vertex -21.1958 -9.48717 0
    endloop
  endfacet
  facet normal -0 0 -1
    outer loop
      vertex -22.4872 -8.19579 0
      vertex -36.1 -18.1 0
      vertex -22.5 -8 0
    endloop
  endfacet
  facet normal -0 0 -1
    outer loop
      vertex -22.4489 -8.38823 0
      vertex -36.1 -18.1 0
      vertex -22.4872 -8.19579 0
    endloop
  endfacet
  facet normal -0 0 -1
    outer loop
      vertex -22.3858 -8.57402 0
      vertex -36.1 -18.1 0
      vertex -22.4489 -8.38823 0
    endloop
  endfacet
  facet normal -0 0 -1
    outer loop
      vertex -22.299 -8.75 0
      vertex -36.1 -18.1 0
      vertex -22.3858 -8.57402 0
    endloop
  endfacet
  facet normal -0 0 -1
    outer loop
      vertex -22.19 -8.91314 0
      vertex -36.1 -18.1 0
      vertex -22.299 -8.75 0
    endloop
  endfacet
  facet normal 0 0 -1
    outer loop
      vertex -36.1 -18.1 0
      vertex -22.19 -8.91314 0
      vertex -33.1 -21.1 0
    endloop
  endfacet
  facet normal -0 0 -1
    outer loop
      vertex -22.0607 -9.06066 0
      vertex -33.1 -21.1 0
      vertex -22.19 -8.91314 0
    endloop
  endfacet
  facet normal -0 0 -1
    outer loop
      vertex -21.9131 -9.19003 0
      vertex -33.1 -21.1 0
      vertex -22.0607 -9.06066 0
    endloop
  endfacet
  facet normal -0 0 -1
    outer loop
      vertex -21.75 -9.29904 0
      vertex -33.1 -21.1 0
      vertex -21.9131 -9.19003 0
    endloop
  endfacet
  facet normal -0 0 -1
    outer loop
      vertex -21.574 -9.38582 0
      vertex -33.1 -21.1 0
      vertex -21.75 -9.29904 0
    endloop
  endfacet
  facet normal -0 0 -1
    outer loop
      vertex -21.3882 -9.44889 0
      vertex -33.1 -21.1 0
      vertex -21.574 -9.38582 0
    endloop
  endfacet
  facet normal -0 0 -1
    outer loop
      vertex -21.1958 -9.48717 0
      vertex -33.1 -21.1 0
      vertex -21.3882 -9.44889 0
    endloop
  endfacet
  facet normal 0 0 -1
    outer loop
      vertex 34.6 20.6981 0
      vertex 33.1 21.1 0
      vertex 34.248 20.8716 0
    endloop
  endfacet
  facet normal 0 0 -1
    outer loop
      vertex 34.248 20.8716 0
      vertex 33.1 21.1 0
      vertex 33.8764 20.9978 0
    endloop
  endfacet
  facet normal 0 0 -1
    outer loop
      vertex 33.8764 20.9978 0
      vertex 33.1 21.1 0
      vertex 33.4916 21.0743 0
    endloop
  endfacet
  facet normal 0 0 -1
    outer loop
      vertex 34.9263 20.4801 0
      vertex 33.1 21.1 0
      vertex 34.6 20.6981 0
    endloop
  endfacet
  facet normal 0 0 -1
    outer loop
      vertex 35.8716 19.248 0
      vertex 33.1 21.1 0
      vertex 35.6981 19.6 0
    endloop
  endfacet
  facet normal 0 0 -1
    outer loop
      vertex 36.1 18.1 0
      vertex 33.1 21.1 0
      vertex 36.0743 18.4916 0
    endloop
  endfacet
  facet normal 0 0 -1
    outer loop
      vertex 22.0607 9.06066 0
      vertex 33.1 21.1 0
      vertex 22.19 8.91314 0
    endloop
  endfacet
  facet normal 0 0 -1
    outer loop
      vertex 21.9131 9.19003 0
      vertex 33.1 21.1 0
      vertex 22.0607 9.06066 0
    endloop
  endfacet
  facet normal 0 0 -1
    outer loop
      vertex 21.75 9.29904 0
      vertex 33.1 21.1 0
      vertex 21.9131 9.19003 0
    endloop
  endfacet
  facet normal 0 0 -1
    outer loop
      vertex 21.574 9.38582 0
      vertex 33.1 21.1 0
      vertex 21.75 9.29904 0
    endloop
  endfacet
  facet normal 0 0 -1
    outer loop
      vertex 21.3882 9.44889 0
      vertex 33.1 21.1 0
      vertex 21.574 9.38582 0
    endloop
  endfacet
  facet normal 0 0 -1
    outer loop
      vertex 21.1958 9.48717 0
      vertex 33.1 21.1 0
      vertex 21.3882 9.44889 0
    endloop
  endfacet
  facet normal 0 0 -1
    outer loop
      vertex 21 9.5 0
      vertex 33.1 21.1 0
      vertex 21.1958 9.48717 0
    endloop
  endfacet
  facet normal 0 0 -1
    outer loop
      vertex 20.8042 9.48717 0
      vertex 33.1 21.1 0
      vertex 21 9.5 0
    endloop
  endfacet
  facet normal 0 0 -1
    outer loop
      vertex 20.6118 9.44889 0
      vertex 33.1 21.1 0
      vertex 20.8042 9.48717 0
    endloop
  endfacet
  facet normal 0 0 -1
    outer loop
      vertex 20.426 9.38582 0
      vertex 33.1 21.1 0
      vertex 20.6118 9.44889 0
    endloop
  endfacet
  facet normal 0 0 -1
    outer loop
      vertex 7.57402 9.38582 0
      vertex 20.426 9.38582 0
      vertex 20.25 9.29904 0
    endloop
  endfacet
  facet normal 0 0 -1
    outer loop
      vertex 7.75 9.29904 0
      vertex 20.25 9.29904 0
      vertex 20.0869 9.19003 0
    endloop
  endfacet
  facet normal 0 0 -1
    outer loop
      vertex 7.91314 9.19003 0
      vertex 20.0869 9.19003 0
      vertex 19.9393 9.06066 0
    endloop
  endfacet
  facet normal 0 0 -1
    outer loop
      vertex 8.5 8 0
      vertex 19.5 8 0
      vertex 8.5 -8 0
    endloop
  endfacet
  facet normal 0 0 -1
    outer loop
      vertex 19.5 8 0
      vertex 8.5 8 0
      vertex 19.5128 8.19579 0
    endloop
  endfacet
  facet normal 0 0 -1
    outer loop
      vertex 8.48717 8.19579 0
      vertex 19.5128 8.19579 0
      vertex 8.5 8 0
    endloop
  endfacet
  facet normal 0 0 -1
    outer loop
      vertex 19.5128 8.19579 0
      vertex 8.48717 8.19579 0
      vertex 19.5511 8.38823 0
    endloop
  endfacet
  facet normal 0 0 -1
    outer loop
      vertex 8.44889 8.38823 0
      vertex 19.5511 8.38823 0
      vertex 8.48717 8.19579 0
    endloop
  endfacet
  facet normal 0 0 -1
    outer loop
      vertex 19.5511 8.38823 0
      vertex 8.44889 8.38823 0
      vertex 19.6142 8.57402 0
    endloop
  endfacet
  facet normal 0 0 -1
    outer loop
      vertex 8.38582 8.57402 0
      vertex 19.6142 8.57402 0
      vertex 8.44889 8.38823 0
    endloop
  endfacet
  facet normal 0 0 -1
    outer loop
      vertex 19.6142 8.57402 0
      vertex 8.38582 8.57402 0
      vertex 19.701 8.75 0
    endloop
  endfacet
  facet normal 0 0 -1
    outer loop
      vertex 8.29904 8.75 0
      vertex 19.701 8.75 0
      vertex 8.38582 8.57402 0
    endloop
  endfacet
  facet normal 0 0 -1
    outer loop
      vertex 19.701 8.75 0
      vertex 8.29904 8.75 0
      vertex 19.81 8.91314 0
    endloop
  endfacet
  facet normal 0 0 -1
    outer loop
      vertex 8.19003 8.91314 0
      vertex 19.81 8.91314 0
      vertex 8.29904 8.75 0
    endloop
  endfacet
  facet normal 0 0 -1
    outer loop
      vertex 19.81 8.91314 0
      vertex 8.19003 8.91314 0
      vertex 19.9393 9.06066 0
    endloop
  endfacet
  facet normal 0 0 -1
    outer loop
      vertex 8.06066 9.06066 0
      vertex 19.9393 9.06066 0
      vertex 8.19003 8.91314 0
    endloop
  endfacet
  facet normal 0 0 -1
    outer loop
      vertex 7.91314 9.19003 0
      vertex 19.9393 9.06066 0
      vertex 8.06066 9.06066 0
    endloop
  endfacet
  facet normal 0 0 -1
    outer loop
      vertex 20.0869 9.19003 0
      vertex 7.91314 9.19003 0
      vertex 7.75 9.29904 0
    endloop
  endfacet
  facet normal 0 0 -1
    outer loop
      vertex 20.25 9.29904 0
      vertex 7.75 9.29904 0
      vertex 7.57402 9.38582 0
    endloop
  endfacet
  facet normal 0 0 -1
    outer loop
      vertex 20.426 9.38582 0
      vertex 7.57402 9.38582 0
      vertex 33.1 21.1 0
    endloop
  endfacet
  facet normal 0 0 -1
    outer loop
      vertex 7.38823 9.44889 0
      vertex 33.1 21.1 0
      vertex 7.57402 9.38582 0
    endloop
  endfacet
  facet normal 0 0 -1
    outer loop
      vertex 7.19579 9.48717 0
      vertex 33.1 21.1 0
      vertex 7.38823 9.44889 0
    endloop
  endfacet
  facet normal 0 0 -1
    outer loop
      vertex 7 9.5 0
      vertex 33.1 21.1 0
      vertex 7.19579 9.48717 0
    endloop
  endfacet
  facet normal 0 0 -1
    outer loop
      vertex 6.80421 9.48717 0
      vertex 33.1 21.1 0
      vertex 7 9.5 0
    endloop
  endfacet
  facet normal 0 0 -1
    outer loop
      vertex -6.80421 9.48717 0
      vertex 6.80421 9.48717 0
      vertex 6.61177 9.44889 0
    endloop
  endfacet
  facet normal 0 0 -1
    outer loop
      vertex -6.61177 9.44889 0
      vertex 6.61177 9.44889 0
      vertex 6.42597 9.38582 0
    endloop
  endfacet
  facet normal 0 0 -1
    outer loop
      vertex -5.5 8 0
      vertex 5.5 8 0
      vertex -5.5 -8 0
    endloop
  endfacet
  facet normal 0 0 -1
    outer loop
      vertex 5.5 8 0
      vertex -5.5 8 0
      vertex 5.51283 8.19579 0
    endloop
  endfacet
  facet normal 0 0 -1
    outer loop
      vertex -5.51283 8.19579 0
      vertex 5.51283 8.19579 0
      vertex -5.5 8 0
    endloop
  endfacet
  facet normal 0 0 -1
    outer loop
      vertex 5.51283 8.19579 0
      vertex -5.51283 8.19579 0
      vertex 5.55111 8.38823 0
    endloop
  endfacet
  facet normal 0 0 -1
    outer loop
      vertex -5.55111 8.38823 0
      vertex 5.55111 8.38823 0
      vertex -5.51283 8.19579 0
    endloop
  endfacet
  facet normal 0 0 -1
    outer loop
      vertex 5.55111 8.38823 0
      vertex -5.55111 8.38823 0
      vertex 5.61418 8.57402 0
    endloop
  endfacet
  facet normal 0 0 -1
    outer loop
      vertex -5.61418 8.57402 0
      vertex 5.61418 8.57402 0
      vertex -5.55111 8.38823 0
    endloop
  endfacet
  facet normal 0 0 -1
    outer loop
      vertex 5.61418 8.57402 0
      vertex -5.61418 8.57402 0
      vertex 5.70096 8.75 0
    endloop
  endfacet
  facet normal 0 0 -1
    outer loop
      vertex -5.70096 8.75 0
      vertex 5.70096 8.75 0
      vertex -5.61418 8.57402 0
    endloop
  endfacet
  facet normal 0 0 -1
    outer loop
      vertex 5.70096 8.75 0
      vertex -5.70096 8.75 0
      vertex 5.80997 8.91314 0
    endloop
  endfacet
  facet normal 0 0 -1
    outer loop
      vertex -5.80997 8.91314 0
      vertex 5.80997 8.91314 0
      vertex -5.70096 8.75 0
    endloop
  endfacet
  facet normal 0 0 -1
    outer loop
      vertex 5.80997 8.91314 0
      vertex -5.80997 8.91314 0
      vertex 5.93934 9.06066 0
    endloop
  endfacet
  facet normal 0 0 -1
    outer loop
      vertex -5.93934 9.06066 0
      vertex 5.93934 9.06066 0
      vertex -5.80997 8.91314 0
    endloop
  endfacet
  facet normal 0 0 -1
    outer loop
      vertex 5.93934 9.06066 0
      vertex -5.93934 9.06066 0
      vertex 6.08686 9.19003 0
    endloop
  endfacet
  facet normal 0 0 -1
    outer loop
      vertex -6.08686 9.19003 0
      vertex 6.08686 9.19003 0
      vertex -5.93934 9.06066 0
    endloop
  endfacet
  facet normal 0 0 -1
    outer loop
      vertex 6.08686 9.19003 0
      vertex -6.08686 9.19003 0
      vertex 6.25 9.29904 0
    endloop
  endfacet
  facet normal 0 0 -1
    outer loop
      vertex -6.25 9.29904 0
      vertex 6.25 9.29904 0
      vertex -6.08686 9.19003 0
    endloop
  endfacet
  facet normal 0 0 -1
    outer loop
      vertex 6.25 9.29904 0
      vertex -6.25 9.29904 0
      vertex 6.42597 9.38582 0
    endloop
  endfacet
  facet normal 0 0 -1
    outer loop
      vertex -6.42597 9.38582 0
      vertex 6.42597 9.38582 0
      vertex -6.25 9.29904 0
    endloop
  endfacet
  facet normal 0 0 -1
    outer loop
      vertex -6.61177 9.44889 0
      vertex 6.42597 9.38582 0
      vertex -6.42597 9.38582 0
    endloop
  endfacet
  facet normal 0 0 -1
    outer loop
      vertex 6.61177 9.44889 0
      vertex -6.61177 9.44889 0
      vertex -6.80421 9.48717 0
    endloop
  endfacet
  facet normal 0 0 -1
    outer loop
      vertex 6.80421 9.48717 0
      vertex -6.80421 9.48717 0
      vertex 33.1 21.1 0
    endloop
  endfacet
  facet normal 0 0 -1
    outer loop
      vertex -33.1 21.1 0
      vertex -6.80421 9.48717 0
      vertex -7 9.5 0
    endloop
  endfacet
  facet normal 0 0 -1
    outer loop
      vertex -33.1 21.1 0
      vertex -7 9.5 0
      vertex -7.19579 9.48717 0
    endloop
  endfacet
  facet normal 0 0 -1
    outer loop
      vertex -33.1 21.1 0
      vertex -7.19579 9.48717 0
      vertex -7.38823 9.44889 0
    endloop
  endfacet
  facet normal 0 0 -1
    outer loop
      vertex -19.5 8 0
      vertex -8.5 8 0
      vertex -19.5 -8 0
    endloop
  endfacet
  facet normal 0 0 -1
    outer loop
      vertex -8.5 8 0
      vertex -19.5 8 0
      vertex -8.48717 8.19579 0
    endloop
  endfacet
  facet normal 0 0 -1
    outer loop
      vertex -19.5128 8.19579 0
      vertex -8.48717 8.19579 0
      vertex -19.5 8 0
    endloop
  endfacet
  facet normal 0 0 -1
    outer loop
      vertex -8.48717 8.19579 0
      vertex -19.5128 8.19579 0
      vertex -8.44889 8.38823 0
    endloop
  endfacet
  facet normal 0 0 -1
    outer loop
      vertex -19.5511 8.38823 0
      vertex -8.44889 8.38823 0
      vertex -19.5128 8.19579 0
    endloop
  endfacet
  facet normal 0 0 -1
    outer loop
      vertex -8.44889 8.38823 0
      vertex -19.5511 8.38823 0
      vertex -8.38582 8.57402 0
    endloop
  endfacet
  facet normal 0 0 -1
    outer loop
      vertex -19.6142 8.57402 0
      vertex -8.38582 8.57402 0
      vertex -19.5511 8.38823 0
    endloop
  endfacet
  facet normal 0 0 -1
    outer loop
      vertex -8.38582 8.57402 0
      vertex -19.6142 8.57402 0
      vertex -8.29904 8.75 0
    endloop
  endfacet
  facet normal 0 0 -1
    outer loop
      vertex -19.701 8.75 0
      vertex -8.29904 8.75 0
      vertex -19.6142 8.57402 0
    endloop
  endfacet
  facet normal 0 0 -1
    outer loop
      vertex -8.29904 8.75 0
      vertex -19.701 8.75 0
      vertex -8.19003 8.91314 0
    endloop
  endfacet
  facet normal 0 0 -1
    outer loop
      vertex -19.81 8.91314 0
      vertex -8.19003 8.91314 0
      vertex -19.701 8.75 0
    endloop
  endfacet
  facet normal 0 0 -1
    outer loop
      vertex -8.19003 8.91314 0
      vertex -19.81 8.91314 0
      vertex -8.06066 9.06066 0
    endloop
  endfacet
  facet normal 0 0 -1
    outer loop
      vertex -19.9393 9.06066 0
      vertex -8.06066 9.06066 0
      vertex -19.81 8.91314 0
    endloop
  endfacet
  facet normal 0 0 -1
    outer loop
      vertex -8.06066 9.06066 0
      vertex -19.9393 9.06066 0
      vertex -7.91314 9.19003 0
    endloop
  endfacet
  facet normal 0 0 -1
    outer loop
      vertex -20.0869 9.19003 0
      vertex -7.91314 9.19003 0
      vertex -19.9393 9.06066 0
    endloop
  endfacet
  facet normal 0 0 -1
    outer loop
      vertex -7.91314 9.19003 0
      vertex -20.0869 9.19003 0
      vertex -7.75 9.29904 0
    endloop
  endfacet
  facet normal 0 0 -1
    outer loop
      vertex -20.25 9.29904 0
      vertex -7.75 9.29904 0
      vertex -20.0869 9.19003 0
    endloop
  endfacet
  facet normal 0 0 -1
    outer loop
      vertex -7.75 9.29904 0
      vertex -20.25 9.29904 0
      vertex -7.57402 9.38582 0
    endloop
  endfacet
  facet normal 0 0 -1
    outer loop
      vertex -20.426 9.38582 0
      vertex -7.57402 9.38582 0
      vertex -20.25 9.29904 0
    endloop
  endfacet
  facet normal 0 0 -1
    outer loop
      vertex -7.57402 9.38582 0
      vertex -20.426 9.38582 0
      vertex -7.38823 9.44889 0
    endloop
  endfacet
  facet normal -0 0 -1
    outer loop
      vertex -7.38823 9.44889 0
      vertex -20.426 9.38582 0
      vertex -33.1 21.1 0
    endloop
  endfacet
  facet normal 0 0 -1
    outer loop
      vertex -33.1 21.1 0
      vertex -20.426 9.38582 0
      vertex -20.6118 9.44889 0
    endloop
  endfacet
  facet normal 0 0 -1
    outer loop
      vertex -33.1 21.1 0
      vertex -20.6118 9.44889 0
      vertex -20.8042 9.48717 0
    endloop
  endfacet
  facet normal 0 0 -1
    outer loop
      vertex -33.1 21.1 0
      vertex -20.8042 9.48717 0
      vertex -21 9.5 0
    endloop
  endfacet
  facet normal 0 0 -1
    outer loop
      vertex -33.1 21.1 0
      vertex -21 9.5 0
      vertex -21.1958 9.48717 0
    endloop
  endfacet
  facet normal 0 0 -1
    outer loop
      vertex -33.1 21.1 0
      vertex -21.1958 9.48717 0
      vertex -21.3882 9.44889 0
    endloop
  endfacet
  facet normal -0 0 -1
    outer loop
      vertex -22.5 -8 0
      vertex -36.1 -18.1 0
      vertex -22.5 8 0
    endloop
  endfacet
  facet normal 0 0 -1
    outer loop
      vertex -36.1 18.1 0
      vertex -22.5 8 0
      vertex -36.1 -18.1 0
    endloop
  endfacet
  facet normal 0 0 -1
    outer loop
      vertex -22.5 8 0
      vertex -36.1 18.1 0
      vertex -22.4872 8.19579 0
    endloop
  endfacet
  facet normal 0 0 -1
    outer loop
      vertex -6.80421 9.48717 0
      vertex -33.1 21.1 0
      vertex 33.1 21.1 0
    endloop
  endfacet
  facet normal 0 0 -1
    outer loop
      vertex -21.574 9.38582 0
      vertex -33.1 21.1 0
      vertex -21.3882 9.44889 0
    endloop
  endfacet
  facet normal 0 0 -1
    outer loop
      vertex -21.75 9.29904 0
      vertex -33.1 21.1 0
      vertex -21.574 9.38582 0
    endloop
  endfacet
  facet normal 0 0 -1
    outer loop
      vertex -21.9131 9.19003 0
      vertex -33.1 21.1 0
      vertex -21.75 9.29904 0
    endloop
  endfacet
  facet normal 0 0 -1
    outer loop
      vertex -22.0607 9.06066 0
      vertex -33.1 21.1 0
      vertex -21.9131 9.19003 0
    endloop
  endfacet
  facet normal 0 0 -1
    outer loop
      vertex -22.19 8.91314 0
      vertex -33.1 21.1 0
      vertex -22.0607 9.06066 0
    endloop
  endfacet
  facet normal 0 0 -1
    outer loop
      vertex -36.1 18.1 0
      vertex -22.19 8.91314 0
      vertex -22.299 8.75 0
    endloop
  endfacet
  facet normal 0 0 -1
    outer loop
      vertex -36.1 18.1 0
      vertex -22.299 8.75 0
      vertex -22.3858 8.57402 0
    endloop
  endfacet
  facet normal 0 0 -1
    outer loop
      vertex -22.4872 8.19579 0
      vertex -36.1 18.1 0
      vertex -22.4489 8.38823 0
    endloop
  endfacet
  facet normal 0 0 -1
    outer loop
      vertex -36.1 -18.1 0
      vertex -33.1 -21.1 0
      vertex -33.4916 -21.0743 0
    endloop
  endfacet
  facet normal 0 0 -1
    outer loop
      vertex -22.4489 8.38823 0
      vertex -36.1 18.1 0
      vertex -22.3858 8.57402 0
    endloop
  endfacet
  facet normal 0 0 -1
    outer loop
      vertex -36.1 -18.1 0
      vertex -33.4916 -21.0743 0
      vertex -33.8764 -20.9978 0
    endloop
  endfacet
  facet normal 0 0 -1
    outer loop
      vertex -22.19 8.91314 0
      vertex -36.1 18.1 0
      vertex -33.1 21.1 0
    endloop
  endfacet
  facet normal 0 0 -1
    outer loop
      vertex -36.1 -18.1 0
      vertex -33.8764 -20.9978 0
      vertex -34.248 -20.8716 0
    endloop
  endfacet
  facet normal 0 0 -1
    outer loop
      vertex -33.1 21.1 0
      vertex -36.1 18.1 0
      vertex -33.4916 21.0743 0
    endloop
  endfacet
  facet normal 0 0 -1
    outer loop
      vertex -36.1 -18.1 0
      vertex -34.248 -20.8716 0
      vertex -34.6 -20.6981 0
    endloop
  endfacet
  facet normal 0 0 -1
    outer loop
      vertex -33.4916 21.0743 0
      vertex -36.1 18.1 0
      vertex -33.8764 20.9978 0
    endloop
  endfacet
  facet normal 0 0 -1
    outer loop
      vertex -36.1 -18.1 0
      vertex -34.6 -20.6981 0
      vertex -34.9263 -20.4801 0
    endloop
  endfacet
  facet normal 0 0 -1
    outer loop
      vertex -33.8764 20.9978 0
      vertex -36.1 18.1 0
      vertex -34.248 20.8716 0
    endloop
  endfacet
  facet normal 0 0 -1
    outer loop
      vertex -36.1 -18.1 0
      vertex -34.9263 -20.4801 0
      vertex -35.2213 -20.2213 0
    endloop
  endfacet
  facet normal 0 0 -1
    outer loop
      vertex -34.248 20.8716 0
      vertex -36.1 18.1 0
      vertex -34.6 20.6981 0
    endloop
  endfacet
  facet normal 0 0 -1
    outer loop
      vertex -36.1 -18.1 0
      vertex -35.2213 -20.2213 0
      vertex -35.4801 -19.9263 0
    endloop
  endfacet
  facet normal 0 0 -1
    outer loop
      vertex -34.6 20.6981 0
      vertex -36.1 18.1 0
      vertex -34.9263 20.4801 0
    endloop
  endfacet
  facet normal 0 0 -1
    outer loop
      vertex -36.1 -18.1 0
      vertex -35.4801 -19.9263 0
      vertex -35.6981 -19.6 0
    endloop
  endfacet
  facet normal 0 0 -1
    outer loop
      vertex -34.9263 20.4801 0
      vertex -36.1 18.1 0
      vertex -35.2213 20.2213 0
    endloop
  endfacet
  facet normal 0 0 -1
    outer loop
      vertex -36.1 -18.1 0
      vertex -35.6981 -19.6 0
      vertex -35.8716 -19.248 0
    endloop
  endfacet
  facet normal 0 0 -1
    outer loop
      vertex -35.2213 20.2213 0
      vertex -36.1 18.1 0
      vertex -35.4801 19.9263 0
    endloop
  endfacet
  facet normal 0 0 -1
    outer loop
      vertex -36.1 -18.1 0
      vertex -35.8716 -19.248 0
      vertex -35.9978 -18.8764 0
    endloop
  endfacet
  facet normal 0 0 -1
    outer loop
      vertex -35.4801 19.9263 0
      vertex -36.1 18.1 0
      vertex -35.6981 19.6 0
    endloop
  endfacet
  facet normal 0 0 -1
    outer loop
      vertex -36.1 -18.1 0
      vertex -35.9978 -18.8764 0
      vertex -36.0743 -18.4916 0
    endloop
  endfacet
  facet normal 0 0 -1
    outer loop
      vertex -35.6981 19.6 0
      vertex -36.1 18.1 0
      vertex -35.8716 19.248 0
    endloop
  endfacet
  facet normal 0 0 -1
    outer loop
      vertex -35.8716 19.248 0
      vertex -36.1 18.1 0
      vertex -35.9978 18.8764 0
    endloop
  endfacet
  facet normal 0 0 -1
    outer loop
      vertex -35.9978 18.8764 0
      vertex -36.1 18.1 0
      vertex -36.0743 18.4916 0
    endloop
  endfacet
  facet normal 0.997853 -0.0654873 0
    outer loop
      vertex 36.0743 -18.4916 20.5
      vertex 36.1 -18.1 0
      vertex 36.1 -18.1 20.5
    endloop
  endfacet
  facet normal 0.997853 -0.0654873 0
    outer loop
      vertex 36.1 -18.1 0
      vertex 36.0743 -18.4916 20.5
      vertex 36.0743 -18.4916 0
    endloop
  endfacet
  facet normal 0 0 1
    outer loop
      vertex 33.563 17.5888 20.5
      vertex 36.1 18.1 20.5
      vertex 36.0743 18.4916 20.5
    endloop
  endfacet
  facet normal 0 0 1
    outer loop
      vertex 36.1 18.1 20.5
      vertex 33.7 16.9 20.5
      vertex 36.1 -18.1 20.5
    endloop
  endfacet
  facet normal 0 0 1
    outer loop
      vertex 33.4588 17.8 20.5
      vertex 36.0743 18.4916 20.5
      vertex 35.9978 18.8764 20.5
    endloop
  endfacet
  facet normal -0 0 1
    outer loop
      vertex 33.7 -16.9 20.5
      vertex 36.1 -18.1 20.5
      vertex 33.7 16.9 20.5
    endloop
  endfacet
  facet normal 0 0 1
    outer loop
      vertex 33.4588 17.8 20.5
      vertex 35.9978 18.8764 20.5
      vertex 35.8716 19.248 20.5
    endloop
  endfacet
  facet normal -0 0 1
    outer loop
      vertex 33.6846 -17.1349 20.5
      vertex 36.1 -18.1 20.5
      vertex 33.7 -16.9 20.5
    endloop
  endfacet
  facet normal 0 0 1
    outer loop
      vertex 33.328 17.9958 20.5
      vertex 35.8716 19.248 20.5
      vertex 35.6981 19.6 20.5
    endloop
  endfacet
  facet normal -0 0 1
    outer loop
      vertex 33.6387 -17.3659 20.5
      vertex 36.1 -18.1 20.5
      vertex 33.6846 -17.1349 20.5
    endloop
  endfacet
  facet normal 0 0 1
    outer loop
      vertex 33.328 17.9958 20.5
      vertex 35.6981 19.6 20.5
      vertex 35.4801 19.9263 20.5
    endloop
  endfacet
  facet normal -0 0 1
    outer loop
      vertex 33.563 -17.5888 20.5
      vertex 36.1 -18.1 20.5
      vertex 33.6387 -17.3659 20.5
    endloop
  endfacet
  facet normal 0 0 1
    outer loop
      vertex 33.1728 18.1728 20.5
      vertex 35.4801 19.9263 20.5
      vertex 35.2213 20.2213 20.5
    endloop
  endfacet
  facet normal 0 0 1
    outer loop
      vertex 36.1 -18.1 20.5
      vertex 33.563 -17.5888 20.5
      vertex 36.0743 -18.4916 20.5
    endloop
  endfacet
  facet normal 0 0 1
    outer loop
      vertex 33.1728 18.1728 20.5
      vertex 35.2213 20.2213 20.5
      vertex 34.9263 20.4801 20.5
    endloop
  endfacet
  facet normal -0 0 1
    outer loop
      vertex 33.4588 -17.8 20.5
      vertex 36.0743 -18.4916 20.5
      vertex 33.563 -17.5888 20.5
    endloop
  endfacet
  facet normal 0 0 1
    outer loop
      vertex 32.9958 18.328 20.5
      vertex 34.9263 20.4801 20.5
      vertex 34.6 20.6981 20.5
    endloop
  endfacet
  facet normal 0 0 1
    outer loop
      vertex 36.0743 -18.4916 20.5
      vertex 33.4588 -17.8 20.5
      vertex 35.9978 -18.8764 20.5
    endloop
  endfacet
  facet normal 0 0 1
    outer loop
      vertex 32.9958 18.328 20.5
      vertex 34.6 20.6981 20.5
      vertex 34.248 20.8716 20.5
    endloop
  endfacet
  facet normal 0 0 1
    outer loop
      vertex 35.9978 -18.8764 20.5
      vertex 33.4588 -17.8 20.5
      vertex 35.8716 -19.248 20.5
    endloop
  endfacet
  facet normal 0 0 1
    outer loop
      vertex 32.8 18.4588 20.5
      vertex 34.248 20.8716 20.5
      vertex 33.8764 20.9978 20.5
    endloop
  endfacet
  facet normal -0 0 1
    outer loop
      vertex 33.328 -17.9958 20.5
      vertex 35.8716 -19.248 20.5
      vertex 33.4588 -17.8 20.5
    endloop
  endfacet
  facet normal 0 0 1
    outer loop
      vertex 35.8716 -19.248 20.5
      vertex 33.328 -17.9958 20.5
      vertex 35.6981 -19.6 20.5
    endloop
  endfacet
  facet normal 0 0 1
    outer loop
      vertex 36.1 18.1 20.5
      vertex 33.6846 17.1349 20.5
      vertex 33.7 16.9 20.5
    endloop
  endfacet
  facet normal 0 0 1
    outer loop
      vertex 36.1 18.1 20.5
      vertex 33.6387 17.3659 20.5
      vertex 33.6846 17.1349 20.5
    endloop
  endfacet
  facet normal 0 0 1
    outer loop
      vertex 36.1 18.1 20.5
      vertex 33.563 17.5888 20.5
      vertex 33.6387 17.3659 20.5
    endloop
  endfacet
  facet normal 0 0 1
    outer loop
      vertex 32.8 18.4588 20.5
      vertex 33.8764 20.9978 20.5
      vertex 33.4916 21.0743 20.5
    endloop
  endfacet
  facet normal 0 0 1
    outer loop
      vertex 36.0743 18.4916 20.5
      vertex 33.4588 17.8 20.5
      vertex 33.563 17.5888 20.5
    endloop
  endfacet
  facet normal 0 0 1
    outer loop
      vertex 35.8716 19.248 20.5
      vertex 33.328 17.9958 20.5
      vertex 33.4588 17.8 20.5
    endloop
  endfacet
  facet normal 0 0 1
    outer loop
      vertex 35.4801 19.9263 20.5
      vertex 33.1728 18.1728 20.5
      vertex 33.328 17.9958 20.5
    endloop
  endfacet
  facet normal 0 0 1
    outer loop
      vertex 32.5888 18.563 20.5
      vertex 33.4916 21.0743 20.5
      vertex 33.1 21.1 20.5
    endloop
  endfacet
  facet normal 0 0 1
    outer loop
      vertex 34.9263 20.4801 20.5
      vertex 32.9958 18.328 20.5
      vertex 33.1728 18.1728 20.5
    endloop
  endfacet
  facet normal 0 0 1
    outer loop
      vertex 34.248 20.8716 20.5
      vertex 32.8 18.4588 20.5
      vertex 32.9958 18.328 20.5
    endloop
  endfacet
  facet normal 0 0 1
    outer loop
      vertex 33.4916 21.0743 20.5
      vertex 32.5888 18.563 20.5
      vertex 32.8 18.4588 20.5
    endloop
  endfacet
  facet normal 0 0 1
    outer loop
      vertex 33.1 21.1 20.5
      vertex 32.3659 18.6387 20.5
      vertex 32.5888 18.563 20.5
    endloop
  endfacet
  facet normal 0 0 1
    outer loop
      vertex 33.1 21.1 20.5
      vertex 32.1349 18.6846 20.5
      vertex 32.3659 18.6387 20.5
    endloop
  endfacet
  facet normal 0 0 1
    outer loop
      vertex 33.1 21.1 20.5
      vertex 31.9 18.7 20.5
      vertex 32.1349 18.6846 20.5
    endloop
  endfacet
  facet normal 0 0 1
    outer loop
      vertex 33.1 21.1 20.5
      vertex -31.9 18.7 20.5
      vertex 31.9 18.7 20.5
    endloop
  endfacet
  facet normal -0 0 1
    outer loop
      vertex -33.1 21.1 20.5
      vertex -31.9 18.7 20.5
      vertex 33.1 21.1 20.5
    endloop
  endfacet
  facet normal 0 0 1
    outer loop
      vertex -33.1 21.1 20.5
      vertex -32.1349 18.6846 20.5
      vertex -31.9 18.7 20.5
    endloop
  endfacet
  facet normal 0 0 1
    outer loop
      vertex -33.1 21.1 20.5
      vertex -32.3659 18.6387 20.5
      vertex -32.1349 18.6846 20.5
    endloop
  endfacet
  facet normal 0 0 1
    outer loop
      vertex -33.1 21.1 20.5
      vertex -32.5888 18.563 20.5
      vertex -32.3659 18.6387 20.5
    endloop
  endfacet
  facet normal -0 0 1
    outer loop
      vertex -33.4916 21.0743 20.5
      vertex -32.5888 18.563 20.5
      vertex -33.1 21.1 20.5
    endloop
  endfacet
  facet normal 0 0 1
    outer loop
      vertex -32.5888 18.563 20.5
      vertex -33.4916 21.0743 20.5
      vertex -32.8 18.4588 20.5
    endloop
  endfacet
  facet normal -0 0 1
    outer loop
      vertex -33.8764 20.9978 20.5
      vertex -32.8 18.4588 20.5
      vertex -33.4916 21.0743 20.5
    endloop
  endfacet
  facet normal -0 0 1
    outer loop
      vertex -34.248 20.8716 20.5
      vertex -32.8 18.4588 20.5
      vertex -33.8764 20.9978 20.5
    endloop
  endfacet
  facet normal 0 0 1
    outer loop
      vertex -32.8 18.4588 20.5
      vertex -34.248 20.8716 20.5
      vertex -32.9958 18.328 20.5
    endloop
  endfacet
  facet normal -0 0 1
    outer loop
      vertex -34.6 20.6981 20.5
      vertex -32.9958 18.328 20.5
      vertex -34.248 20.8716 20.5
    endloop
  endfacet
  facet normal -0 0 1
    outer loop
      vertex -34.9263 20.4801 20.5
      vertex -32.9958 18.328 20.5
      vertex -34.6 20.6981 20.5
    endloop
  endfacet
  facet normal 0 0 1
    outer loop
      vertex -32.9958 18.328 20.5
      vertex -34.9263 20.4801 20.5
      vertex -33.1728 18.1728 20.5
    endloop
  endfacet
  facet normal -0 0 1
    outer loop
      vertex -35.2213 20.2213 20.5
      vertex -33.1728 18.1728 20.5
      vertex -34.9263 20.4801 20.5
    endloop
  endfacet
  facet normal -0 0 1
    outer loop
      vertex -35.4801 19.9263 20.5
      vertex -33.1728 18.1728 20.5
      vertex -35.2213 20.2213 20.5
    endloop
  endfacet
  facet normal -0 0 1
    outer loop
      vertex -35.6981 19.6 20.5
      vertex -33.328 17.9958 20.5
      vertex -35.4801 19.9263 20.5
    endloop
  endfacet
  facet normal 0 0 1
    outer loop
      vertex -33.1728 18.1728 20.5
      vertex -35.4801 19.9263 20.5
      vertex -33.328 17.9958 20.5
    endloop
  endfacet
  facet normal 0 0 1
    outer loop
      vertex 35.6981 -19.6 20.5
      vertex 33.328 -17.9958 20.5
      vertex 35.4801 -19.9263 20.5
    endloop
  endfacet
  facet normal -0 0 1
    outer loop
      vertex 33.1728 -18.1728 20.5
      vertex 35.4801 -19.9263 20.5
      vertex 33.328 -17.9958 20.5
    endloop
  endfacet
  facet normal 0 0 1
    outer loop
      vertex 35.4801 -19.9263 20.5
      vertex 33.1728 -18.1728 20.5
      vertex 35.2213 -20.2213 20.5
    endloop
  endfacet
  facet normal 0 0 1
    outer loop
      vertex 35.2213 -20.2213 20.5
      vertex 33.1728 -18.1728 20.5
      vertex 34.9263 -20.4801 20.5
    endloop
  endfacet
  facet normal -0 0 1
    outer loop
      vertex 32.9958 -18.328 20.5
      vertex 34.9263 -20.4801 20.5
      vertex 33.1728 -18.1728 20.5
    endloop
  endfacet
  facet normal 0 0 1
    outer loop
      vertex 34.9263 -20.4801 20.5
      vertex 32.9958 -18.328 20.5
      vertex 34.6 -20.6981 20.5
    endloop
  endfacet
  facet normal 0 0 1
    outer loop
      vertex 34.6 -20.6981 20.5
      vertex 32.9958 -18.328 20.5
      vertex 34.248 -20.8716 20.5
    endloop
  endfacet
  facet normal -0 0 1
    outer loop
      vertex 32.8 -18.4588 20.5
      vertex 34.248 -20.8716 20.5
      vertex 32.9958 -18.328 20.5
    endloop
  endfacet
  facet normal 0 0 1
    outer loop
      vertex 34.248 -20.8716 20.5
      vertex 32.8 -18.4588 20.5
      vertex 33.8764 -20.9978 20.5
    endloop
  endfacet
  facet normal 0 0 1
    outer loop
      vertex 33.8764 -20.9978 20.5
      vertex 32.8 -18.4588 20.5
      vertex 33.4916 -21.0743 20.5
    endloop
  endfacet
  facet normal -0 0 1
    outer loop
      vertex 32.5888 -18.563 20.5
      vertex 33.4916 -21.0743 20.5
      vertex 32.8 -18.4588 20.5
    endloop
  endfacet
  facet normal 0 0 1
    outer loop
      vertex 33.4916 -21.0743 20.5
      vertex 32.5888 -18.563 20.5
      vertex 33.1 -21.1 20.5
    endloop
  endfacet
  facet normal -0 0 1
    outer loop
      vertex 32.3659 -18.6387 20.5
      vertex 33.1 -21.1 20.5
      vertex 32.5888 -18.563 20.5
    endloop
  endfacet
  facet normal -0 0 1
    outer loop
      vertex 32.1349 -18.6846 20.5
      vertex 33.1 -21.1 20.5
      vertex 32.3659 -18.6387 20.5
    endloop
  endfacet
  facet normal -0 0 1
    outer loop
      vertex 31.9 -18.7 20.5
      vertex 33.1 -21.1 20.5
      vertex 32.1349 -18.6846 20.5
    endloop
  endfacet
  facet normal -0 0 1
    outer loop
      vertex -31.9 -18.7 20.5
      vertex 33.1 -21.1 20.5
      vertex 31.9 -18.7 20.5
    endloop
  endfacet
  facet normal 0 0 1
    outer loop
      vertex -31.9 -18.7 20.5
      vertex -33.1 -21.1 20.5
      vertex 33.1 -21.1 20.5
    endloop
  endfacet
  facet normal 0 0 1
    outer loop
      vertex -32.1349 -18.6846 20.5
      vertex -33.1 -21.1 20.5
      vertex -31.9 -18.7 20.5
    endloop
  endfacet
  facet normal 0 0 1
    outer loop
      vertex -32.3659 -18.6387 20.5
      vertex -33.1 -21.1 20.5
      vertex -32.1349 -18.6846 20.5
    endloop
  endfacet
  facet normal 0 0 1
    outer loop
      vertex -32.5888 -18.563 20.5
      vertex -33.1 -21.1 20.5
      vertex -32.3659 -18.6387 20.5
    endloop
  endfacet
  facet normal 0 0 1
    outer loop
      vertex -33.4916 -21.0743 20.5
      vertex -32.5888 -18.563 20.5
      vertex -32.8 -18.4588 20.5
    endloop
  endfacet
  facet normal 0 0 1
    outer loop
      vertex -34.248 -20.8716 20.5
      vertex -32.8 -18.4588 20.5
      vertex -32.9958 -18.328 20.5
    endloop
  endfacet
  facet normal 0 0 1
    outer loop
      vertex -34.9263 -20.4801 20.5
      vertex -32.9958 -18.328 20.5
      vertex -33.1728 -18.1728 20.5
    endloop
  endfacet
  facet normal 0 0 1
    outer loop
      vertex -35.4801 -19.9263 20.5
      vertex -33.1728 -18.1728 20.5
      vertex -33.328 -17.9958 20.5
    endloop
  endfacet
  facet normal 0 0 1
    outer loop
      vertex -35.8716 -19.248 20.5
      vertex -33.328 -17.9958 20.5
      vertex -33.4588 -17.8 20.5
    endloop
  endfacet
  facet normal 0 0 1
    outer loop
      vertex -32.5888 -18.563 20.5
      vertex -33.4916 -21.0743 20.5
      vertex -33.1 -21.1 20.5
    endloop
  endfacet
  facet normal 0 0 1
    outer loop
      vertex -36.0743 -18.4916 20.5
      vertex -33.4588 -17.8 20.5
      vertex -33.563 -17.5888 20.5
    endloop
  endfacet
  facet normal 0 0 1
    outer loop
      vertex -36.1 -18.1 20.5
      vertex -33.563 -17.5888 20.5
      vertex -33.6387 -17.3659 20.5
    endloop
  endfacet
  facet normal 0 0 1
    outer loop
      vertex -36.1 -18.1 20.5
      vertex -33.6387 -17.3659 20.5
      vertex -33.6846 -17.1349 20.5
    endloop
  endfacet
  facet normal 0 0 1
    outer loop
      vertex -36.1 -18.1 20.5
      vertex -33.6846 -17.1349 20.5
      vertex -33.7 -16.9 20.5
    endloop
  endfacet
  facet normal 0 0 1
    outer loop
      vertex -32.8 -18.4588 20.5
      vertex -33.8764 -20.9978 20.5
      vertex -33.4916 -21.0743 20.5
    endloop
  endfacet
  facet normal 0 0 1
    outer loop
      vertex -33.7 16.9 20.5
      vertex -36.1 18.1 20.5
      vertex -33.7 -16.9 20.5
    endloop
  endfacet
  facet normal -0 0 1
    outer loop
      vertex -35.8716 19.248 20.5
      vertex -33.328 17.9958 20.5
      vertex -35.6981 19.6 20.5
    endloop
  endfacet
  facet normal 0 0 1
    outer loop
      vertex -36.1 -18.1 20.5
      vertex -33.7 -16.9 20.5
      vertex -36.1 18.1 20.5
    endloop
  endfacet
  facet normal 0 0 1
    outer loop
      vertex -33.328 17.9958 20.5
      vertex -35.8716 19.248 20.5
      vertex -33.4588 17.8 20.5
    endloop
  endfacet
  facet normal 0 0 1
    outer loop
      vertex -33.563 -17.5888 20.5
      vertex -36.1 -18.1 20.5
      vertex -36.0743 -18.4916 20.5
    endloop
  endfacet
  facet normal -0 0 1
    outer loop
      vertex -35.9978 18.8764 20.5
      vertex -33.4588 17.8 20.5
      vertex -35.8716 19.248 20.5
    endloop
  endfacet
  facet normal 0 0 1
    outer loop
      vertex -32.8 -18.4588 20.5
      vertex -34.248 -20.8716 20.5
      vertex -33.8764 -20.9978 20.5
    endloop
  endfacet
  facet normal -0 0 1
    outer loop
      vertex -36.0743 18.4916 20.5
      vertex -33.4588 17.8 20.5
      vertex -35.9978 18.8764 20.5
    endloop
  endfacet
  facet normal 0 0 1
    outer loop
      vertex -32.9958 -18.328 20.5
      vertex -34.6 -20.6981 20.5
      vertex -34.248 -20.8716 20.5
    endloop
  endfacet
  facet normal 0 0 1
    outer loop
      vertex -33.4588 17.8 20.5
      vertex -36.0743 18.4916 20.5
      vertex -33.563 17.5888 20.5
    endloop
  endfacet
  facet normal 0 0 1
    outer loop
      vertex -32.9958 -18.328 20.5
      vertex -34.9263 -20.4801 20.5
      vertex -34.6 -20.6981 20.5
    endloop
  endfacet
  facet normal -0 0 1
    outer loop
      vertex -36.1 18.1 20.5
      vertex -33.563 17.5888 20.5
      vertex -36.0743 18.4916 20.5
    endloop
  endfacet
  facet normal 0 0 1
    outer loop
      vertex -33.1728 -18.1728 20.5
      vertex -35.2213 -20.2213 20.5
      vertex -34.9263 -20.4801 20.5
    endloop
  endfacet
  facet normal 0 0 1
    outer loop
      vertex -33.563 17.5888 20.5
      vertex -36.1 18.1 20.5
      vertex -33.6387 17.3659 20.5
    endloop
  endfacet
  facet normal 0 0 1
    outer loop
      vertex -33.1728 -18.1728 20.5
      vertex -35.4801 -19.9263 20.5
      vertex -35.2213 -20.2213 20.5
    endloop
  endfacet
  facet normal 0 0 1
    outer loop
      vertex -33.6387 17.3659 20.5
      vertex -36.1 18.1 20.5
      vertex -33.6846 17.1349 20.5
    endloop
  endfacet
  facet normal 0 0 1
    outer loop
      vertex -33.328 -17.9958 20.5
      vertex -35.6981 -19.6 20.5
      vertex -35.4801 -19.9263 20.5
    endloop
  endfacet
  facet normal 0 0 1
    outer loop
      vertex -33.6846 17.1349 20.5
      vertex -36.1 18.1 20.5
      vertex -33.7 16.9 20.5
    endloop
  endfacet
  facet normal 0 0 1
    outer loop
      vertex -33.328 -17.9958 20.5
      vertex -35.8716 -19.248 20.5
      vertex -35.6981 -19.6 20.5
    endloop
  endfacet
  facet normal 0 0 1
    outer loop
      vertex -33.4588 -17.8 20.5
      vertex -35.9978 -18.8764 20.5
      vertex -35.8716 -19.248 20.5
    endloop
  endfacet
  facet normal 0 0 1
    outer loop
      vertex -33.4588 -17.8 20.5
      vertex -36.0743 -18.4916 20.5
      vertex -35.9978 -18.8764 20.5
    endloop
  endfacet
  facet normal 0.44211 -0.896961 0
    outer loop
      vertex 34.248 -20.8716 0
      vertex 34.6 -20.6981 20.5
      vertex 34.248 -20.8716 20.5
    endloop
  endfacet
  facet normal 0.44211 -0.896961 0
    outer loop
      vertex 34.6 -20.6981 20.5
      vertex 34.248 -20.8716 0
      vertex 34.6 -20.6981 0
    endloop
  endfacet
  facet normal 0.555523 -0.831501 0
    outer loop
      vertex 34.6 -20.6981 0
      vertex 34.9263 -20.4801 20.5
      vertex 34.6 -20.6981 20.5
    endloop
  endfacet
  facet normal 0.555523 -0.831501 0
    outer loop
      vertex 34.9263 -20.4801 20.5
      vertex 34.6 -20.6981 0
      vertex 34.9263 -20.4801 0
    endloop
  endfacet
  facet normal -0.0654194 0.997858 0
    outer loop
      vertex 32.1349 -18.6846 2.4
      vertex 31.9 -18.7 20.5
      vertex 32.1349 -18.6846 20.5
    endloop
  endfacet
  facet normal -0.0654194 0.997858 0
    outer loop
      vertex 31.9 -18.7 20.5
      vertex 32.1349 -18.6846 2.4
      vertex 31.9 -18.7 2.4
    endloop
  endfacet
  facet normal -0.659286 0.751892 0
    outer loop
      vertex 33.1728 -18.1728 2.4
      vertex 32.9958 -18.328 20.5
      vertex 33.1728 -18.1728 20.5
    endloop
  endfacet
  facet normal -0.659286 0.751892 0
    outer loop
      vertex 32.9958 -18.328 20.5
      vertex 33.1728 -18.1728 2.4
      vertex 32.9958 -18.328 2.4
    endloop
  endfacet
  facet normal 1 0 0
    outer loop
      vertex -33.7 16.9 20.5
      vertex -33.7 14.7 15
      vertex -33.7 16.9 2.4
    endloop
  endfacet
  facet normal 1 0 0
    outer loop
      vertex -33.7 16.9 20.5
      vertex -33.7 -14.7 15
      vertex -33.7 14.7 15
    endloop
  endfacet
  facet normal 1 0 0
    outer loop
      vertex -33.7 -16.9 2.4
      vertex -33.7 -14.7 15
      vertex -33.7 -16.9 20.5
    endloop
  endfacet
  facet normal 1 -0 0
    outer loop
      vertex -33.7 -16.9 20.5
      vertex -33.7 -14.7 15
      vertex -33.7 16.9 20.5
    endloop
  endfacet
  facet normal 1 -0 0
    outer loop
      vertex -33.7 14.7 5
      vertex -33.7 16.9 2.4
      vertex -33.7 14.7 15
    endloop
  endfacet
  facet normal 1 -0 0
    outer loop
      vertex -33.7 -14.7 5
      vertex -33.7 16.9 2.4
      vertex -33.7 14.7 5
    endloop
  endfacet
  facet normal 1 0 0
    outer loop
      vertex -33.7 -14.7 5
      vertex -33.7 -16.9 2.4
      vertex -33.7 16.9 2.4
    endloop
  endfacet
  facet normal 1 0 0
    outer loop
      vertex -33.7 -14.7 15
      vertex -33.7 -16.9 2.4
      vertex -33.7 -14.7 5
    endloop
  endfacet
  facet normal 0.194891 0.980825 -0
    outer loop
      vertex -32.1349 -18.6846 2.4
      vertex -32.3659 -18.6387 20.5
      vertex -32.1349 -18.6846 20.5
    endloop
  endfacet
  facet normal 0.194891 0.980825 0
    outer loop
      vertex -32.3659 -18.6387 20.5
      vertex -32.1349 -18.6846 2.4
      vertex -32.3659 -18.6387 2.4
    endloop
  endfacet
  facet normal -0.831527 -0.555484 0
    outer loop
      vertex 33.4588 17.8 2.4
      vertex 33.328 17.9958 20.5
      vertex 33.328 17.9958 2.4
    endloop
  endfacet
  facet normal -0.831527 -0.555484 0
    outer loop
      vertex 33.328 17.9958 20.5
      vertex 33.4588 17.8 2.4
      vertex 33.4588 17.8 20.5
    endloop
  endfacet
  facet normal 0.997858 -0.0654194 0
    outer loop
      vertex -33.7 16.9 20.5
      vertex -33.6846 17.1349 2.4
      vertex -33.6846 17.1349 20.5
    endloop
  endfacet
  facet normal 0.997858 -0.0654194 0
    outer loop
      vertex -33.6846 17.1349 2.4
      vertex -33.7 16.9 20.5
      vertex -33.7 16.9 2.4
    endloop
  endfacet
  facet normal -0.997858 -0.0654194 0
    outer loop
      vertex 33.7 16.9 2.4
      vertex 33.6846 17.1349 20.5
      vertex 33.6846 17.1349 2.4
    endloop
  endfacet
  facet normal -0.997858 -0.0654194 0
    outer loop
      vertex 33.6846 17.1349 20.5
      vertex 33.7 16.9 2.4
      vertex 33.7 16.9 20.5
    endloop
  endfacet
  facet normal -0.946884 0.321575 0
    outer loop
      vertex 33.563 -17.5888 2.4
      vertex 33.6387 -17.3659 20.5
      vertex 33.6387 -17.3659 2.4
    endloop
  endfacet
  facet normal -0.946884 0.321575 0
    outer loop
      vertex 33.6387 -17.3659 20.5
      vertex 33.563 -17.5888 2.4
      vertex 33.563 -17.5888 20.5
    endloop
  endfacet
  facet normal 0.831527 0.555484 0
    outer loop
      vertex -33.328 -17.9958 20.5
      vertex -33.4588 -17.8 2.4
      vertex -33.4588 -17.8 20.5
    endloop
  endfacet
  facet normal 0.831527 0.555484 0
    outer loop
      vertex -33.4588 -17.8 2.4
      vertex -33.328 -17.9958 20.5
      vertex -33.328 -17.9958 2.4
    endloop
  endfacet
  facet normal 0.980825 0.194891 0
    outer loop
      vertex -33.6387 -17.3659 20.5
      vertex -33.6846 -17.1349 2.4
      vertex -33.6846 -17.1349 20.5
    endloop
  endfacet
  facet normal 0.980825 0.194891 0
    outer loop
      vertex -33.6846 -17.1349 2.4
      vertex -33.6387 -17.3659 20.5
      vertex -33.6387 -17.3659 2.4
    endloop
  endfacet
  facet normal 0 1 0
    outer loop
      vertex 31.9 -18.7 20.5
      vertex 30.5 -18.7 3.1
      vertex -31.9 -18.7 20.5
    endloop
  endfacet
  facet normal 0 1 -0
    outer loop
      vertex 31.9 -18.7 2.4
      vertex 30.5 -18.7 3.1
      vertex 31.9 -18.7 20.5
    endloop
  endfacet
  facet normal 0 1 0
    outer loop
      vertex 30.5 -18.7 3.1
      vertex 31.9 -18.7 2.4
      vertex 30.5 -18.7 2.4
    endloop
  endfacet
  facet normal 0 1 -0
    outer loop
      vertex -30.5 -18.7 3.1
      vertex -31.9 -18.7 20.5
      vertex 30.5 -18.7 3.1
    endloop
  endfacet
  facet normal 0 1 0
    outer loop
      vertex -31.9 -18.7 2.4
      vertex -30.5 -18.7 3.1
      vertex -30.5 -18.7 2.4
    endloop
  endfacet
  facet normal 0 1 0
    outer loop
      vertex -30.5 -18.7 3.1
      vertex -31.9 -18.7 2.4
      vertex -31.9 -18.7 20.5
    endloop
  endfacet
  facet normal 0.442452 0.896792 -0
    outer loop
      vertex -32.5888 -18.563 2.4
      vertex -32.8 -18.4588 20.5
      vertex -32.5888 -18.563 20.5
    endloop
  endfacet
  facet normal 0.442452 0.896792 0
    outer loop
      vertex -32.8 -18.4588 20.5
      vertex -32.5888 -18.563 2.4
      vertex -32.8 -18.4588 2.4
    endloop
  endfacet
  facet normal 0.442452 -0.896792 0
    outer loop
      vertex -32.8 18.4588 2.4
      vertex -32.5888 18.563 20.5
      vertex -32.8 18.4588 20.5
    endloop
  endfacet
  facet normal 0.442452 -0.896792 0
    outer loop
      vertex -32.5888 18.563 20.5
      vertex -32.8 18.4588 2.4
      vertex -32.5888 18.563 2.4
    endloop
  endfacet
  facet normal 0 -1 0
    outer loop
      vertex -31.9 18.7 20.5
      vertex -30.5 18.7 3.1
      vertex 31.9 18.7 20.5
    endloop
  endfacet
  facet normal 0 -1 0
    outer loop
      vertex -31.9 18.7 2.4
      vertex -30.5 18.7 3.1
      vertex -31.9 18.7 20.5
    endloop
  endfacet
  facet normal 0 -1 -0
    outer loop
      vertex -30.5 18.7 3.1
      vertex -31.9 18.7 2.4
      vertex -30.5 18.7 2.4
    endloop
  endfacet
  facet normal 0 -1 0
    outer loop
      vertex 30.5 18.7 3.1
      vertex 31.9 18.7 20.5
      vertex -30.5 18.7 3.1
    endloop
  endfacet
  facet normal 0 -1 0
    outer loop
      vertex 31.9 18.7 2.4
      vertex 30.5 18.7 3.1
      vertex 30.5 18.7 2.4
    endloop
  endfacet
  facet normal 0 -1 0
    outer loop
      vertex 30.5 18.7 3.1
      vertex 31.9 18.7 2.4
      vertex 31.9 18.7 20.5
    endloop
  endfacet
  facet normal 0.0654194 0.997858 -0
    outer loop
      vertex -31.9 -18.7 2.4
      vertex -32.1349 -18.6846 20.5
      vertex -31.9 -18.7 20.5
    endloop
  endfacet
  facet normal 0.0654194 0.997858 0
    outer loop
      vertex -32.1349 -18.6846 20.5
      vertex -31.9 -18.7 2.4
      vertex -32.1349 -18.6846 2.4
    endloop
  endfacet
  facet normal 0.896792 -0.442452 0
    outer loop
      vertex -33.563 17.5888 20.5
      vertex -33.4588 17.8 2.4
      vertex -33.4588 17.8 20.5
    endloop
  endfacet
  facet normal 0.896792 -0.442452 0
    outer loop
      vertex -33.4588 17.8 2.4
      vertex -33.563 17.5888 20.5
      vertex -33.563 17.5888 2.4
    endloop
  endfacet
  facet normal -0.194891 -0.980825 0
    outer loop
      vertex 32.1349 18.6846 2.4
      vertex 32.3659 18.6387 20.5
      vertex 32.1349 18.6846 20.5
    endloop
  endfacet
  facet normal -0.194891 -0.980825 -0
    outer loop
      vertex 32.3659 18.6387 20.5
      vertex 32.1349 18.6846 2.4
      vertex 32.3659 18.6387 2.4
    endloop
  endfacet
  facet normal 0.0654194 -0.997858 0
    outer loop
      vertex -32.1349 18.6846 2.4
      vertex -31.9 18.7 20.5
      vertex -32.1349 18.6846 20.5
    endloop
  endfacet
  facet normal 0.0654194 -0.997858 0
    outer loop
      vertex -31.9 18.7 20.5
      vertex -32.1349 18.6846 2.4
      vertex -31.9 18.7 2.4
    endloop
  endfacet
  facet normal 0.659286 -0.751892 0
    outer loop
      vertex -33.1728 18.1728 2.4
      vertex -32.9958 18.328 20.5
      vertex -33.1728 18.1728 20.5
    endloop
  endfacet
  facet normal 0.659286 -0.751892 0
    outer loop
      vertex -32.9958 18.328 20.5
      vertex -33.1728 18.1728 2.4
      vertex -32.9958 18.328 2.4
    endloop
  endfacet
  facet normal -0.980825 -0.194891 0
    outer loop
      vertex 33.6846 17.1349 2.4
      vertex 33.6387 17.3659 20.5
      vertex 33.6387 17.3659 2.4
    endloop
  endfacet
  facet normal -0.980825 -0.194891 0
    outer loop
      vertex 33.6387 17.3659 20.5
      vertex 33.6846 17.1349 2.4
      vertex 33.6846 17.1349 20.5
    endloop
  endfacet
  facet normal 0.980825 -0.194891 0
    outer loop
      vertex -33.6846 17.1349 20.5
      vertex -33.6387 17.3659 2.4
      vertex -33.6387 17.3659 20.5
    endloop
  endfacet
  facet normal 0.980825 -0.194891 0
    outer loop
      vertex -33.6387 17.3659 2.4
      vertex -33.6846 17.1349 20.5
      vertex -33.6846 17.1349 2.4
    endloop
  endfacet
  facet normal 0.555484 -0.831527 0
    outer loop
      vertex -32.9958 18.328 2.4
      vertex -32.8 18.4588 20.5
      vertex -32.9958 18.328 20.5
    endloop
  endfacet
  facet normal 0.555484 -0.831527 0
    outer loop
      vertex -32.8 18.4588 20.5
      vertex -32.9958 18.328 2.4
      vertex -32.8 18.4588 2.4
    endloop
  endfacet
  facet normal 0.194891 -0.980825 0
    outer loop
      vertex -32.3659 18.6387 2.4
      vertex -32.1349 18.6846 20.5
      vertex -32.3659 18.6387 20.5
    endloop
  endfacet
  facet normal 0.194891 -0.980825 0
    outer loop
      vertex -32.1349 18.6846 20.5
      vertex -32.3659 18.6387 2.4
      vertex -32.1349 18.6846 2.4
    endloop
  endfacet
  facet normal -0.896792 0.442452 0
    outer loop
      vertex 33.4588 -17.8 2.4
      vertex 33.563 -17.5888 20.5
      vertex 33.563 -17.5888 2.4
    endloop
  endfacet
  facet normal -0.896792 0.442452 0
    outer loop
      vertex 33.563 -17.5888 20.5
      vertex 33.4588 -17.8 2.4
      vertex 33.4588 -17.8 20.5
    endloop
  endfacet
  facet normal -0.321575 -0.946884 0
    outer loop
      vertex 32.3659 18.6387 2.4
      vertex 32.5888 18.563 20.5
      vertex 32.3659 18.6387 20.5
    endloop
  endfacet
  facet normal -0.321575 -0.946884 -0
    outer loop
      vertex 32.5888 18.563 20.5
      vertex 32.3659 18.6387 2.4
      vertex 32.5888 18.563 2.4
    endloop
  endfacet
  facet normal 0.751892 0.659286 0
    outer loop
      vertex -33.1728 -18.1728 20.5
      vertex -33.328 -17.9958 2.4
      vertex -33.328 -17.9958 20.5
    endloop
  endfacet
  facet normal 0.751892 0.659286 0
    outer loop
      vertex -33.328 -17.9958 2.4
      vertex -33.1728 -18.1728 20.5
      vertex -33.1728 -18.1728 2.4
    endloop
  endfacet
  facet normal -0.442452 -0.896792 0
    outer loop
      vertex 32.5888 18.563 2.4
      vertex 32.8 18.4588 20.5
      vertex 32.5888 18.563 20.5
    endloop
  endfacet
  facet normal -0.442452 -0.896792 -0
    outer loop
      vertex 32.8 18.4588 20.5
      vertex 32.5888 18.563 2.4
      vertex 32.8 18.4588 2.4
    endloop
  endfacet
  facet normal -0.442452 0.896792 0
    outer loop
      vertex 32.8 -18.4588 2.4
      vertex 32.5888 -18.563 20.5
      vertex 32.8 -18.4588 20.5
    endloop
  endfacet
  facet normal -0.442452 0.896792 0
    outer loop
      vertex 32.5888 -18.563 20.5
      vertex 32.8 -18.4588 2.4
      vertex 32.5888 -18.563 2.4
    endloop
  endfacet
  facet normal -0.896792 -0.442452 0
    outer loop
      vertex 33.563 17.5888 2.4
      vertex 33.4588 17.8 20.5
      vertex 33.4588 17.8 2.4
    endloop
  endfacet
  facet normal -0.896792 -0.442452 0
    outer loop
      vertex 33.4588 17.8 20.5
      vertex 33.563 17.5888 2.4
      vertex 33.563 17.5888 20.5
    endloop
  endfacet
  facet normal 0.946884 -0.321575 0
    outer loop
      vertex -33.6387 17.3659 20.5
      vertex -33.563 17.5888 2.4
      vertex -33.563 17.5888 20.5
    endloop
  endfacet
  facet normal 0.946884 -0.321575 0
    outer loop
      vertex -33.563 17.5888 2.4
      vertex -33.6387 17.3659 20.5
      vertex -33.6387 17.3659 2.4
    endloop
  endfacet
  facet normal 0.321575 0.946884 -0
    outer loop
      vertex -32.3659 -18.6387 2.4
      vertex -32.5888 -18.563 20.5
      vertex -32.3659 -18.6387 20.5
    endloop
  endfacet
  facet normal 0.321575 0.946884 0
    outer loop
      vertex -32.5888 -18.563 20.5
      vertex -32.3659 -18.6387 2.4
      vertex -32.5888 -18.563 2.4
    endloop
  endfacet
  facet normal -0.0654194 -0.997858 0
    outer loop
      vertex 31.9 18.7 2.4
      vertex 32.1349 18.6846 20.5
      vertex 31.9 18.7 20.5
    endloop
  endfacet
  facet normal -0.0654194 -0.997858 -0
    outer loop
      vertex 32.1349 18.6846 20.5
      vertex 31.9 18.7 2.4
      vertex 32.1349 18.6846 2.4
    endloop
  endfacet
  facet normal -1 0 0
    outer loop
      vertex 33.7 14.7 17
      vertex 33.7 16.9 2.4
      vertex 33.7 14.7 5
    endloop
  endfacet
  facet normal -1 0 0
    outer loop
      vertex 33.7 16.9 2.4
      vertex 33.7 -14.7 5
      vertex 33.7 14.7 5
    endloop
  endfacet
  facet normal -1 -0 0
    outer loop
      vertex 33.7 -14.7 5
      vertex 33.7 -16.9 2.4
      vertex 33.7 -14.7 17
    endloop
  endfacet
  facet normal -1 0 0
    outer loop
      vertex 33.7 -16.9 2.4
      vertex 33.7 -14.7 5
      vertex 33.7 16.9 2.4
    endloop
  endfacet
  facet normal -1 0 0
    outer loop
      vertex 33.7 16.9 2.4
      vertex 33.7 14.7 17
      vertex 33.7 16.9 20.5
    endloop
  endfacet
  facet normal -1 0 0
    outer loop
      vertex 33.7 -14.7 17
      vertex 33.7 16.9 20.5
      vertex 33.7 14.7 17
    endloop
  endfacet
  facet normal -1 0 0
    outer loop
      vertex 33.7 -14.7 17
      vertex 33.7 -16.9 20.5
      vertex 33.7 16.9 20.5
    endloop
  endfacet
  facet normal -1 0 0
    outer loop
      vertex 33.7 -16.9 20.5
      vertex 33.7 -14.7 17
      vertex 33.7 -16.9 2.4
    endloop
  endfacet
  facet normal -0.751892 0.659286 0
    outer loop
      vertex 33.1728 -18.1728 2.4
      vertex 33.328 -17.9958 20.5
      vertex 33.328 -17.9958 2.4
    endloop
  endfacet
  facet normal -0.751892 0.659286 0
    outer loop
      vertex 33.328 -17.9958 20.5
      vertex 33.1728 -18.1728 2.4
      vertex 33.1728 -18.1728 20.5
    endloop
  endfacet
  facet normal -0.751892 -0.659286 0
    outer loop
      vertex 33.328 17.9958 2.4
      vertex 33.1728 18.1728 20.5
      vertex 33.1728 18.1728 2.4
    endloop
  endfacet
  facet normal -0.751892 -0.659286 0
    outer loop
      vertex 33.1728 18.1728 20.5
      vertex 33.328 17.9958 2.4
      vertex 33.328 17.9958 20.5
    endloop
  endfacet
  facet normal -0.194891 0.980825 0
    outer loop
      vertex 32.3659 -18.6387 2.4
      vertex 32.1349 -18.6846 20.5
      vertex 32.3659 -18.6387 20.5
    endloop
  endfacet
  facet normal -0.194891 0.980825 0
    outer loop
      vertex 32.1349 -18.6846 20.5
      vertex 32.3659 -18.6387 2.4
      vertex 32.1349 -18.6846 2.4
    endloop
  endfacet
  facet normal 0.997858 0.0654194 0
    outer loop
      vertex -33.6846 -17.1349 20.5
      vertex -33.7 -16.9 2.4
      vertex -33.7 -16.9 20.5
    endloop
  endfacet
  facet normal 0.997858 0.0654194 0
    outer loop
      vertex -33.7 -16.9 2.4
      vertex -33.6846 -17.1349 20.5
      vertex -33.6846 -17.1349 2.4
    endloop
  endfacet
  facet normal -0.659286 -0.751892 0
    outer loop
      vertex 32.9958 18.328 2.4
      vertex 33.1728 18.1728 20.5
      vertex 32.9958 18.328 20.5
    endloop
  endfacet
  facet normal -0.659286 -0.751892 -0
    outer loop
      vertex 33.1728 18.1728 20.5
      vertex 32.9958 18.328 2.4
      vertex 33.1728 18.1728 2.4
    endloop
  endfacet
  facet normal -0.555484 0.831527 0
    outer loop
      vertex 32.9958 -18.328 2.4
      vertex 32.8 -18.4588 20.5
      vertex 32.9958 -18.328 20.5
    endloop
  endfacet
  facet normal -0.555484 0.831527 0
    outer loop
      vertex 32.8 -18.4588 20.5
      vertex 32.9958 -18.328 2.4
      vertex 32.8 -18.4588 2.4
    endloop
  endfacet
  facet normal -0.946884 -0.321575 0
    outer loop
      vertex 33.6387 17.3659 2.4
      vertex 33.563 17.5888 20.5
      vertex 33.563 17.5888 2.4
    endloop
  endfacet
  facet normal -0.946884 -0.321575 0
    outer loop
      vertex 33.563 17.5888 20.5
      vertex 33.6387 17.3659 2.4
      vertex 33.6387 17.3659 20.5
    endloop
  endfacet
  facet normal 0.321575 -0.946884 0
    outer loop
      vertex -32.5888 18.563 2.4
      vertex -32.3659 18.6387 20.5
      vertex -32.5888 18.563 20.5
    endloop
  endfacet
  facet normal 0.321575 -0.946884 0
    outer loop
      vertex -32.3659 18.6387 20.5
      vertex -32.5888 18.563 2.4
      vertex -32.3659 18.6387 2.4
    endloop
  endfacet
  facet normal 0.659286 0.751892 -0
    outer loop
      vertex -32.9958 -18.328 2.4
      vertex -33.1728 -18.1728 20.5
      vertex -32.9958 -18.328 20.5
    endloop
  endfacet
  facet normal 0.659286 0.751892 0
    outer loop
      vertex -33.1728 -18.1728 20.5
      vertex -32.9958 -18.328 2.4
      vertex -33.1728 -18.1728 2.4
    endloop
  endfacet
  facet normal 0.555484 0.831527 -0
    outer loop
      vertex -32.8 -18.4588 2.4
      vertex -32.9958 -18.328 20.5
      vertex -32.8 -18.4588 20.5
    endloop
  endfacet
  facet normal 0.555484 0.831527 0
    outer loop
      vertex -32.9958 -18.328 20.5
      vertex -32.8 -18.4588 2.4
      vertex -32.9958 -18.328 2.4
    endloop
  endfacet
  facet normal 0.946884 0.321575 0
    outer loop
      vertex -33.563 -17.5888 20.5
      vertex -33.6387 -17.3659 2.4
      vertex -33.6387 -17.3659 20.5
    endloop
  endfacet
  facet normal 0.946884 0.321575 0
    outer loop
      vertex -33.6387 -17.3659 2.4
      vertex -33.563 -17.5888 20.5
      vertex -33.563 -17.5888 2.4
    endloop
  endfacet
  facet normal 0.831527 -0.555484 0
    outer loop
      vertex -33.4588 17.8 20.5
      vertex -33.328 17.9958 2.4
      vertex -33.328 17.9958 20.5
    endloop
  endfacet
  facet normal 0.831527 -0.555484 0
    outer loop
      vertex -33.328 17.9958 2.4
      vertex -33.4588 17.8 20.5
      vertex -33.4588 17.8 2.4
    endloop
  endfacet
  facet normal 0.751892 -0.659286 0
    outer loop
      vertex -33.328 17.9958 20.5
      vertex -33.1728 18.1728 2.4
      vertex -33.1728 18.1728 20.5
    endloop
  endfacet
  facet normal 0.751892 -0.659286 0
    outer loop
      vertex -33.1728 18.1728 2.4
      vertex -33.328 17.9958 20.5
      vertex -33.328 17.9958 2.4
    endloop
  endfacet
  facet normal 0.896792 0.442452 0
    outer loop
      vertex -33.4588 -17.8 20.5
      vertex -33.563 -17.5888 2.4
      vertex -33.563 -17.5888 20.5
    endloop
  endfacet
  facet normal 0.896792 0.442452 0
    outer loop
      vertex -33.563 -17.5888 2.4
      vertex -33.4588 -17.8 20.5
      vertex -33.4588 -17.8 2.4
    endloop
  endfacet
  facet normal -0.831527 0.555484 0
    outer loop
      vertex 33.328 -17.9958 2.4
      vertex 33.4588 -17.8 20.5
      vertex 33.4588 -17.8 2.4
    endloop
  endfacet
  facet normal -0.831527 0.555484 0
    outer loop
      vertex 33.4588 -17.8 20.5
      vertex 33.328 -17.9958 2.4
      vertex 33.328 -17.9958 20.5
    endloop
  endfacet
  facet normal -0.321575 0.946884 0
    outer loop
      vertex 32.5888 -18.563 2.4
      vertex 32.3659 -18.6387 20.5
      vertex 32.5888 -18.563 20.5
    endloop
  endfacet
  facet normal -0.321575 0.946884 0
    outer loop
      vertex 32.3659 -18.6387 20.5
      vertex 32.5888 -18.563 2.4
      vertex 32.3659 -18.6387 2.4
    endloop
  endfacet
  facet normal -0.555484 -0.831527 0
    outer loop
      vertex 32.8 18.4588 2.4
      vertex 32.9958 18.328 20.5
      vertex 32.8 18.4588 20.5
    endloop
  endfacet
  facet normal -0.555484 -0.831527 -0
    outer loop
      vertex 32.9958 18.328 20.5
      vertex 32.8 18.4588 2.4
      vertex 32.9958 18.328 2.4
    endloop
  endfacet
  facet normal -0.997858 0.0654194 0
    outer loop
      vertex 33.6846 -17.1349 2.4
      vertex 33.7 -16.9 20.5
      vertex 33.7 -16.9 2.4
    endloop
  endfacet
  facet normal -0.997858 0.0654194 0
    outer loop
      vertex 33.7 -16.9 20.5
      vertex 33.6846 -17.1349 2.4
      vertex 33.6846 -17.1349 20.5
    endloop
  endfacet
  facet normal -0.980825 0.194891 0
    outer loop
      vertex 33.6387 -17.3659 2.4
      vertex 33.6846 -17.1349 20.5
      vertex 33.6846 -17.1349 2.4
    endloop
  endfacet
  facet normal -0.980825 0.194891 0
    outer loop
      vertex 33.6846 -17.1349 20.5
      vertex 33.6387 -17.3659 2.4
      vertex 33.6387 -17.3659 20.5
    endloop
  endfacet
  facet normal -0 0 1
    outer loop
      vertex -31.9 18.7 2.4
      vertex -30.5 18.2 2.4
      vertex -30.5 18.7 2.4
    endloop
  endfacet
  facet normal 0 0 1
    outer loop
      vertex -31.9 18.7 2.4
      vertex -32.1 18.2 2.4
      vertex -30.5 18.2 2.4
    endloop
  endfacet
  facet normal -0 0 1
    outer loop
      vertex -33.7 16.9 2.4
      vertex -32.1 15 2.4
      vertex -32.1 18.2 2.4
    endloop
  endfacet
  facet normal 0 0 1
    outer loop
      vertex -32.1 15 2.4
      vertex -33.7 16.9 2.4
      vertex -32.1 -15 2.4
    endloop
  endfacet
  facet normal -0 0 1
    outer loop
      vertex -32.3659 18.6387 2.4
      vertex -32.1 18.2 2.4
      vertex -32.1349 18.6846 2.4
    endloop
  endfacet
  facet normal -0 0 1
    outer loop
      vertex -32.1349 18.6846 2.4
      vertex -32.1 18.2 2.4
      vertex -31.9 18.7 2.4
    endloop
  endfacet
  facet normal 0 0 1
    outer loop
      vertex -32.1 -15 2.4
      vertex -22.5 -8 2.4
      vertex -32.1 15 2.4
    endloop
  endfacet
  facet normal 0 0 1
    outer loop
      vertex -22.5 -8 2.4
      vertex -32.1 -15 2.4
      vertex -29.9 -15 2.4
    endloop
  endfacet
  facet normal 0 0 1
    outer loop
      vertex 22.5 8 2.4
      vertex 32.1 15 2.4
      vertex 29.9 15 2.4
    endloop
  endfacet
  facet normal 0 0 1
    outer loop
      vertex 32.1 15 2.4
      vertex 22.5 8 2.4
      vertex 32.1 -15 2.4
    endloop
  endfacet
  facet normal 0 0 1
    outer loop
      vertex 32.1 18.2 2.4
      vertex 33.7 16.9 2.4
      vertex 33.6846 17.1349 2.4
    endloop
  endfacet
  facet normal 0 0 1
    outer loop
      vertex 33.7 16.9 2.4
      vertex 32.1 15 2.4
      vertex 33.7 -16.9 2.4
    endloop
  endfacet
  facet normal 0 0 1
    outer loop
      vertex 32.1 18.2 2.4
      vertex 33.6846 17.1349 2.4
      vertex 33.6387 17.3659 2.4
    endloop
  endfacet
  facet normal -0 0 1
    outer loop
      vertex 32.1 -15 2.4
      vertex 33.7 -16.9 2.4
      vertex 32.1 15 2.4
    endloop
  endfacet
  facet normal 0 0 1
    outer loop
      vertex 32.1 18.2 2.4
      vertex 33.6387 17.3659 2.4
      vertex 33.563 17.5888 2.4
    endloop
  endfacet
  facet normal 0 0 1
    outer loop
      vertex 32.1 -18.2 2.4
      vertex 33.7 -16.9 2.4
      vertex 32.1 -15 2.4
    endloop
  endfacet
  facet normal 0 0 1
    outer loop
      vertex 32.1 18.2 2.4
      vertex 33.563 17.5888 2.4
      vertex 33.4588 17.8 2.4
    endloop
  endfacet
  facet normal 0 0 1
    outer loop
      vertex 33.7 -16.9 2.4
      vertex 32.1 -18.2 2.4
      vertex 33.6846 -17.1349 2.4
    endloop
  endfacet
  facet normal 0 0 1
    outer loop
      vertex 32.1 18.2 2.4
      vertex 33.4588 17.8 2.4
      vertex 33.328 17.9958 2.4
    endloop
  endfacet
  facet normal 0 0 1
    outer loop
      vertex 33.6846 -17.1349 2.4
      vertex 32.1 -18.2 2.4
      vertex 33.6387 -17.3659 2.4
    endloop
  endfacet
  facet normal 0 0 1
    outer loop
      vertex 32.1 18.2 2.4
      vertex 33.328 17.9958 2.4
      vertex 33.1728 18.1728 2.4
    endloop
  endfacet
  facet normal 0 0 1
    outer loop
      vertex 33.6387 -17.3659 2.4
      vertex 32.1 -18.2 2.4
      vertex 33.563 -17.5888 2.4
    endloop
  endfacet
  facet normal -0 0 1
    outer loop
      vertex 32.1 18.2 2.4
      vertex 33.1728 18.1728 2.4
      vertex 32.9958 18.328 2.4
    endloop
  endfacet
  facet normal 0 0 1
    outer loop
      vertex 33.563 -17.5888 2.4
      vertex 32.1 -18.2 2.4
      vertex 33.4588 -17.8 2.4
    endloop
  endfacet
  facet normal 0 0 1
    outer loop
      vertex 32.1 18.2 2.4
      vertex 32.9958 18.328 2.4
      vertex 32.8 18.4588 2.4
    endloop
  endfacet
  facet normal 0 0 1
    outer loop
      vertex 33.4588 -17.8 2.4
      vertex 32.1 -18.2 2.4
      vertex 33.328 -17.9958 2.4
    endloop
  endfacet
  facet normal 0 0 1
    outer loop
      vertex 32.1 18.2 2.4
      vertex 32.8 18.4588 2.4
      vertex 32.5888 18.563 2.4
    endloop
  endfacet
  facet normal 0 0 1
    outer loop
      vertex 33.328 -17.9958 2.4
      vertex 32.1 -18.2 2.4
      vertex 33.1728 -18.1728 2.4
    endloop
  endfacet
  facet normal 0 0 1
    outer loop
      vertex 32.1 18.2 2.4
      vertex 32.5888 18.563 2.4
      vertex 32.3659 18.6387 2.4
    endloop
  endfacet
  facet normal 0 0 1
    outer loop
      vertex 33.1728 -18.1728 2.4
      vertex 32.1 -18.2 2.4
      vertex 32.9958 -18.328 2.4
    endloop
  endfacet
  facet normal 0 0 1
    outer loop
      vertex 32.1 18.2 2.4
      vertex 32.3659 18.6387 2.4
      vertex 32.1349 18.6846 2.4
    endloop
  endfacet
  facet normal 0 0 1
    outer loop
      vertex 32.9958 -18.328 2.4
      vertex 32.1 -18.2 2.4
      vertex 32.8 -18.4588 2.4
    endloop
  endfacet
  facet normal 0 0 1
    outer loop
      vertex 33.7 16.9 2.4
      vertex 32.1 18.2 2.4
      vertex 32.1 15 2.4
    endloop
  endfacet
  facet normal 0 0 1
    outer loop
      vertex 31.9 18.7 2.4
      vertex 32.1 18.2 2.4
      vertex 32.1349 18.6846 2.4
    endloop
  endfacet
  facet normal 0 0 1
    outer loop
      vertex 30.5 18.2 2.4
      vertex 31.9 18.7 2.4
      vertex 30.5 18.7 2.4
    endloop
  endfacet
  facet normal 0 0 1
    outer loop
      vertex 31.9 18.7 2.4
      vertex 30.5 18.2 2.4
      vertex 32.1 18.2 2.4
    endloop
  endfacet
  facet normal 0 0 1
    outer loop
      vertex 32.8 -18.4588 2.4
      vertex 32.1 -18.2 2.4
      vertex 32.5888 -18.563 2.4
    endloop
  endfacet
  facet normal 0 0 1
    outer loop
      vertex 32.5888 -18.563 2.4
      vertex 32.1 -18.2 2.4
      vertex 32.3659 -18.6387 2.4
    endloop
  endfacet
  facet normal 0 0 1
    outer loop
      vertex 32.3659 -18.6387 2.4
      vertex 32.1 -18.2 2.4
      vertex 32.1349 -18.6846 2.4
    endloop
  endfacet
  facet normal 0 0 1
    outer loop
      vertex 32.1 -18.2 2.4
      vertex 31.9 -18.7 2.4
      vertex 32.1349 -18.6846 2.4
    endloop
  endfacet
  facet normal -0 0 1
    outer loop
      vertex 30.5 -18.2 2.4
      vertex 31.9 -18.7 2.4
      vertex 32.1 -18.2 2.4
    endloop
  endfacet
  facet normal 0 0 1
    outer loop
      vertex 31.9 -18.7 2.4
      vertex 30.5 -18.2 2.4
      vertex 30.5 -18.7 2.4
    endloop
  endfacet
  facet normal 0 0 1
    outer loop
      vertex -30.5 -18.2 2.4
      vertex -31.9 -18.7 2.4
      vertex -30.5 -18.7 2.4
    endloop
  endfacet
  facet normal -0 0 1
    outer loop
      vertex -32.1 -18.2 2.4
      vertex -31.9 -18.7 2.4
      vertex -30.5 -18.2 2.4
    endloop
  endfacet
  facet normal 0 0 1
    outer loop
      vertex -32.1 -18.2 2.4
      vertex -32.1349 -18.6846 2.4
      vertex -31.9 -18.7 2.4
    endloop
  endfacet
  facet normal 0 0 1
    outer loop
      vertex -33.7 -16.9 2.4
      vertex -32.1 -15 2.4
      vertex -33.7 16.9 2.4
    endloop
  endfacet
  facet normal -0 0 1
    outer loop
      vertex -32.5888 18.563 2.4
      vertex -32.1 18.2 2.4
      vertex -32.3659 18.6387 2.4
    endloop
  endfacet
  facet normal 0 0 1
    outer loop
      vertex -32.1 -15 2.4
      vertex -33.7 -16.9 2.4
      vertex -32.1 -18.2 2.4
    endloop
  endfacet
  facet normal -0 0 1
    outer loop
      vertex -32.8 18.4588 2.4
      vertex -32.1 18.2 2.4
      vertex -32.5888 18.563 2.4
    endloop
  endfacet
  facet normal -0 -0 1
    outer loop
      vertex -33.6846 -17.1349 2.4
      vertex -32.1 -18.2 2.4
      vertex -33.7 -16.9 2.4
    endloop
  endfacet
  facet normal -0 0 1
    outer loop
      vertex -32.9958 18.328 2.4
      vertex -32.1 18.2 2.4
      vertex -32.8 18.4588 2.4
    endloop
  endfacet
  facet normal 0 0 1
    outer loop
      vertex -32.1 -18.2 2.4
      vertex -32.3659 -18.6387 2.4
      vertex -32.1349 -18.6846 2.4
    endloop
  endfacet
  facet normal 0 0 1
    outer loop
      vertex -33.1728 18.1728 2.4
      vertex -32.1 18.2 2.4
      vertex -32.9958 18.328 2.4
    endloop
  endfacet
  facet normal 0 0 1
    outer loop
      vertex -32.1 -18.2 2.4
      vertex -32.5888 -18.563 2.4
      vertex -32.3659 -18.6387 2.4
    endloop
  endfacet
  facet normal 0 0 1
    outer loop
      vertex -33.328 17.9958 2.4
      vertex -32.1 18.2 2.4
      vertex -33.1728 18.1728 2.4
    endloop
  endfacet
  facet normal 0 0 1
    outer loop
      vertex -32.1 -18.2 2.4
      vertex -32.8 -18.4588 2.4
      vertex -32.5888 -18.563 2.4
    endloop
  endfacet
  facet normal 0 0 1
    outer loop
      vertex -33.4588 17.8 2.4
      vertex -32.1 18.2 2.4
      vertex -33.328 17.9958 2.4
    endloop
  endfacet
  facet normal 0 0 1
    outer loop
      vertex -32.1 -18.2 2.4
      vertex -32.9958 -18.328 2.4
      vertex -32.8 -18.4588 2.4
    endloop
  endfacet
  facet normal 0 0 1
    outer loop
      vertex -33.563 17.5888 2.4
      vertex -32.1 18.2 2.4
      vertex -33.4588 17.8 2.4
    endloop
  endfacet
  facet normal 0 0 1
    outer loop
      vertex -32.1 -18.2 2.4
      vertex -33.1728 -18.1728 2.4
      vertex -32.9958 -18.328 2.4
    endloop
  endfacet
  facet normal 0 0 1
    outer loop
      vertex -33.6387 17.3659 2.4
      vertex -32.1 18.2 2.4
      vertex -33.563 17.5888 2.4
    endloop
  endfacet
  facet normal 0 0 1
    outer loop
      vertex -32.1 -18.2 2.4
      vertex -33.328 -17.9958 2.4
      vertex -33.1728 -18.1728 2.4
    endloop
  endfacet
  facet normal 0 0 1
    outer loop
      vertex -33.6846 17.1349 2.4
      vertex -32.1 18.2 2.4
      vertex -33.6387 17.3659 2.4
    endloop
  endfacet
  facet normal 0 0 1
    outer loop
      vertex -32.1 -18.2 2.4
      vertex -33.4588 -17.8 2.4
      vertex -33.328 -17.9958 2.4
    endloop
  endfacet
  facet normal 0 0 1
    outer loop
      vertex -32.1 18.2 2.4
      vertex -33.6846 17.1349 2.4
      vertex -33.7 16.9 2.4
    endloop
  endfacet
  facet normal 0 0 1
    outer loop
      vertex -32.1 -18.2 2.4
      vertex -33.563 -17.5888 2.4
      vertex -33.4588 -17.8 2.4
    endloop
  endfacet
  facet normal 0 0 1
    outer loop
      vertex -32.1 -18.2 2.4
      vertex -33.6387 -17.3659 2.4
      vertex -33.563 -17.5888 2.4
    endloop
  endfacet
  facet normal 0 0 1
    outer loop
      vertex -32.1 -18.2 2.4
      vertex -33.6846 -17.1349 2.4
      vertex -33.6387 -17.3659 2.4
    endloop
  endfacet
  facet normal 0 0 1
    outer loop
      vertex 21.574 9.38582 2.4
      vertex 29.9 15 2.4
      vertex 29.9 15.9 2.4
    endloop
  endfacet
  facet normal -0 0 1
    outer loop
      vertex 22.5 -8 2.4
      vertex 32.1 -15 2.4
      vertex 22.5 8 2.4
    endloop
  endfacet
  facet normal 0 0 1
    outer loop
      vertex 32.1 -15 2.4
      vertex 22.5 -8 2.4
      vertex 29.9 -15 2.4
    endloop
  endfacet
  facet normal 0 0 1
    outer loop
      vertex 29.9 15 2.4
      vertex 22.4872 8.19579 2.4
      vertex 22.5 8 2.4
    endloop
  endfacet
  facet normal 0 0 1
    outer loop
      vertex 29.9 15 2.4
      vertex 22.4489 8.38823 2.4
      vertex 22.4872 8.19579 2.4
    endloop
  endfacet
  facet normal 0 0 1
    outer loop
      vertex 29.9 15 2.4
      vertex 22.3858 8.57402 2.4
      vertex 22.4489 8.38823 2.4
    endloop
  endfacet
  facet normal 0 0 1
    outer loop
      vertex 29.9 15 2.4
      vertex 22.299 8.75 2.4
      vertex 22.3858 8.57402 2.4
    endloop
  endfacet
  facet normal 0 0 1
    outer loop
      vertex 29.9 15 2.4
      vertex 22.19 8.91314 2.4
      vertex 22.299 8.75 2.4
    endloop
  endfacet
  facet normal 0 0 1
    outer loop
      vertex 29.9 15 2.4
      vertex 22.0607 9.06066 2.4
      vertex 22.19 8.91314 2.4
    endloop
  endfacet
  facet normal 0 0 1
    outer loop
      vertex 29.9 15 2.4
      vertex 21.9131 9.19003 2.4
      vertex 22.0607 9.06066 2.4
    endloop
  endfacet
  facet normal 0 0 1
    outer loop
      vertex 29.9 15 2.4
      vertex 21.75 9.29904 2.4
      vertex 21.9131 9.19003 2.4
    endloop
  endfacet
  facet normal 0 0 1
    outer loop
      vertex 29.9 15 2.4
      vertex 21.574 9.38582 2.4
      vertex 21.75 9.29904 2.4
    endloop
  endfacet
  facet normal 0 0 1
    outer loop
      vertex 29.9 15.9 2.4
      vertex 21.3882 9.44889 2.4
      vertex 21.574 9.38582 2.4
    endloop
  endfacet
  facet normal 0 0 1
    outer loop
      vertex 29.9 15.9 2.4
      vertex 21.1958 9.48717 2.4
      vertex 21.3882 9.44889 2.4
    endloop
  endfacet
  facet normal 0 0 1
    outer loop
      vertex 29.9 15.9 2.4
      vertex 21 9.5 2.4
      vertex 21.1958 9.48717 2.4
    endloop
  endfacet
  facet normal 0 0 1
    outer loop
      vertex 29.9 15.9 2.4
      vertex 20.8042 9.48717 2.4
      vertex 21 9.5 2.4
    endloop
  endfacet
  facet normal 0 0 1
    outer loop
      vertex 29.9 15.9 2.4
      vertex 20.6118 9.44889 2.4
      vertex 20.8042 9.48717 2.4
    endloop
  endfacet
  facet normal 0 0 1
    outer loop
      vertex 29.9 15.9 2.4
      vertex 20.426 9.38582 2.4
      vertex 20.6118 9.44889 2.4
    endloop
  endfacet
  facet normal 0 0 1
    outer loop
      vertex 7.57402 9.38582 2.4
      vertex 20.426 9.38582 2.4
      vertex 29.9 15.9 2.4
    endloop
  endfacet
  facet normal 0 0 1
    outer loop
      vertex 20.426 9.38582 2.4
      vertex 7.57402 9.38582 2.4
      vertex 20.25 9.29904 2.4
    endloop
  endfacet
  facet normal 0 0 1
    outer loop
      vertex 19.5 8 2.4
      vertex 8.5 8 2.4
      vertex 19.5 -8 2.4
    endloop
  endfacet
  facet normal 0 0 1
    outer loop
      vertex 19.5128 8.19579 2.4
      vertex 8.5 8 2.4
      vertex 19.5 8 2.4
    endloop
  endfacet
  facet normal 0 0 1
    outer loop
      vertex 8.48717 8.19579 2.4
      vertex 19.5128 8.19579 2.4
      vertex 19.5511 8.38823 2.4
    endloop
  endfacet
  facet normal 0 0 1
    outer loop
      vertex 8.44889 8.38823 2.4
      vertex 19.5511 8.38823 2.4
      vertex 19.6142 8.57402 2.4
    endloop
  endfacet
  facet normal 0 0 1
    outer loop
      vertex 8.38582 8.57402 2.4
      vertex 19.6142 8.57402 2.4
      vertex 19.701 8.75 2.4
    endloop
  endfacet
  facet normal 0 0 1
    outer loop
      vertex 8.29904 8.75 2.4
      vertex 19.701 8.75 2.4
      vertex 19.81 8.91314 2.4
    endloop
  endfacet
  facet normal 0 0 1
    outer loop
      vertex 8.19003 8.91314 2.4
      vertex 19.81 8.91314 2.4
      vertex 19.9393 9.06066 2.4
    endloop
  endfacet
  facet normal 0 0 1
    outer loop
      vertex 8.06066 9.06066 2.4
      vertex 19.9393 9.06066 2.4
      vertex 20.0869 9.19003 2.4
    endloop
  endfacet
  facet normal 0 -0 1
    outer loop
      vertex 7.75 9.29904 2.4
      vertex 20.25 9.29904 2.4
      vertex 7.57402 9.38582 2.4
    endloop
  endfacet
  facet normal 0 0 1
    outer loop
      vertex 19.5128 8.19579 2.4
      vertex 8.48717 8.19579 2.4
      vertex 8.5 8 2.4
    endloop
  endfacet
  facet normal 0 0 1
    outer loop
      vertex 19.5511 8.38823 2.4
      vertex 8.44889 8.38823 2.4
      vertex 8.48717 8.19579 2.4
    endloop
  endfacet
  facet normal 0 0 1
    outer loop
      vertex 19.6142 8.57402 2.4
      vertex 8.38582 8.57402 2.4
      vertex 8.44889 8.38823 2.4
    endloop
  endfacet
  facet normal 0 0 1
    outer loop
      vertex 19.701 8.75 2.4
      vertex 8.29904 8.75 2.4
      vertex 8.38582 8.57402 2.4
    endloop
  endfacet
  facet normal 0 0 1
    outer loop
      vertex 19.81 8.91314 2.4
      vertex 8.19003 8.91314 2.4
      vertex 8.29904 8.75 2.4
    endloop
  endfacet
  facet normal 0 0 1
    outer loop
      vertex 19.9393 9.06066 2.4
      vertex 8.06066 9.06066 2.4
      vertex 8.19003 8.91314 2.4
    endloop
  endfacet
  facet normal 0 0 1
    outer loop
      vertex 20.0869 9.19003 2.4
      vertex 7.91314 9.19003 2.4
      vertex 8.06066 9.06066 2.4
    endloop
  endfacet
  facet normal 0 0 1
    outer loop
      vertex 20.0869 9.19003 2.4
      vertex 7.75 9.29904 2.4
      vertex 7.91314 9.19003 2.4
    endloop
  endfacet
  facet normal 0 0 1
    outer loop
      vertex 20.25 9.29904 2.4
      vertex 7.75 9.29904 2.4
      vertex 20.0869 9.19003 2.4
    endloop
  endfacet
  facet normal 0 0 1
    outer loop
      vertex 29.9 15.9 2.4
      vertex 7.38823 9.44889 2.4
      vertex 7.57402 9.38582 2.4
    endloop
  endfacet
  facet normal 0 0 1
    outer loop
      vertex 29.9 15.9 2.4
      vertex 7.19579 9.48717 2.4
      vertex 7.38823 9.44889 2.4
    endloop
  endfacet
  facet normal 0 0 1
    outer loop
      vertex 29.9 15.9 2.4
      vertex 7 9.5 2.4
      vertex 7.19579 9.48717 2.4
    endloop
  endfacet
  facet normal 0 0 1
    outer loop
      vertex 29.9 15.9 2.4
      vertex 6.80421 9.48717 2.4
      vertex 7 9.5 2.4
    endloop
  endfacet
  facet normal 0 0 1
    outer loop
      vertex -6.80421 9.48717 2.4
      vertex 6.80421 9.48717 2.4
      vertex 29.9 15.9 2.4
    endloop
  endfacet
  facet normal 0 0 1
    outer loop
      vertex 5.5 8 2.4
      vertex -5.5 8 2.4
      vertex 5.5 -8 2.4
    endloop
  endfacet
  facet normal 0 0 1
    outer loop
      vertex 5.51283 8.19579 2.4
      vertex -5.5 8 2.4
      vertex 5.5 8 2.4
    endloop
  endfacet
  facet normal 0 0 1
    outer loop
      vertex -5.51283 8.19579 2.4
      vertex 5.51283 8.19579 2.4
      vertex 5.55111 8.38823 2.4
    endloop
  endfacet
  facet normal 0 0 1
    outer loop
      vertex -5.55111 8.38823 2.4
      vertex 5.55111 8.38823 2.4
      vertex 5.61418 8.57402 2.4
    endloop
  endfacet
  facet normal 0 0 1
    outer loop
      vertex -5.61418 8.57402 2.4
      vertex 5.61418 8.57402 2.4
      vertex 5.70096 8.75 2.4
    endloop
  endfacet
  facet normal 0 0 1
    outer loop
      vertex -5.70096 8.75 2.4
      vertex 5.70096 8.75 2.4
      vertex 5.80997 8.91314 2.4
    endloop
  endfacet
  facet normal 0 0 1
    outer loop
      vertex -5.80997 8.91314 2.4
      vertex 5.80997 8.91314 2.4
      vertex 5.93934 9.06066 2.4
    endloop
  endfacet
  facet normal 0 0 1
    outer loop
      vertex -5.93934 9.06066 2.4
      vertex 5.93934 9.06066 2.4
      vertex 6.08686 9.19003 2.4
    endloop
  endfacet
  facet normal 0 0 1
    outer loop
      vertex -6.08686 9.19003 2.4
      vertex 6.08686 9.19003 2.4
      vertex 6.25 9.29904 2.4
    endloop
  endfacet
  facet normal 0 0 1
    outer loop
      vertex -6.25 9.29904 2.4
      vertex 6.25 9.29904 2.4
      vertex 6.42597 9.38582 2.4
    endloop
  endfacet
  facet normal 0 0 1
    outer loop
      vertex -6.42597 9.38582 2.4
      vertex 6.42597 9.38582 2.4
      vertex 6.61177 9.44889 2.4
    endloop
  endfacet
  facet normal 0 0 1
    outer loop
      vertex 6.80421 9.48717 2.4
      vertex -6.80421 9.48717 2.4
      vertex 6.61177 9.44889 2.4
    endloop
  endfacet
  facet normal 0 0 1
    outer loop
      vertex 5.51283 8.19579 2.4
      vertex -5.51283 8.19579 2.4
      vertex -5.5 8 2.4
    endloop
  endfacet
  facet normal 0 0 1
    outer loop
      vertex 5.55111 8.38823 2.4
      vertex -5.55111 8.38823 2.4
      vertex -5.51283 8.19579 2.4
    endloop
  endfacet
  facet normal 0 0 1
    outer loop
      vertex 5.61418 8.57402 2.4
      vertex -5.61418 8.57402 2.4
      vertex -5.55111 8.38823 2.4
    endloop
  endfacet
  facet normal 0 0 1
    outer loop
      vertex 5.70096 8.75 2.4
      vertex -5.70096 8.75 2.4
      vertex -5.61418 8.57402 2.4
    endloop
  endfacet
  facet normal 0 0 1
    outer loop
      vertex 5.80997 8.91314 2.4
      vertex -5.80997 8.91314 2.4
      vertex -5.70096 8.75 2.4
    endloop
  endfacet
  facet normal 0 0 1
    outer loop
      vertex 5.93934 9.06066 2.4
      vertex -5.93934 9.06066 2.4
      vertex -5.80997 8.91314 2.4
    endloop
  endfacet
  facet normal 0 0 1
    outer loop
      vertex 6.08686 9.19003 2.4
      vertex -6.08686 9.19003 2.4
      vertex -5.93934 9.06066 2.4
    endloop
  endfacet
  facet normal 0 0 1
    outer loop
      vertex 6.25 9.29904 2.4
      vertex -6.25 9.29904 2.4
      vertex -6.08686 9.19003 2.4
    endloop
  endfacet
  facet normal 0 0 1
    outer loop
      vertex 6.42597 9.38582 2.4
      vertex -6.42597 9.38582 2.4
      vertex -6.25 9.29904 2.4
    endloop
  endfacet
  facet normal 0 0 1
    outer loop
      vertex 6.61177 9.44889 2.4
      vertex -6.61177 9.44889 2.4
      vertex -6.42597 9.38582 2.4
    endloop
  endfacet
  facet normal 0 0 1
    outer loop
      vertex 6.61177 9.44889 2.4
      vertex -6.80421 9.48717 2.4
      vertex -6.61177 9.44889 2.4
    endloop
  endfacet
  facet normal -0 0 1
    outer loop
      vertex -29.9 15.9 2.4
      vertex -6.80421 9.48717 2.4
      vertex 29.9 15.9 2.4
    endloop
  endfacet
  facet normal 0 0 1
    outer loop
      vertex -6.80421 9.48717 2.4
      vertex -29.9 15.9 2.4
      vertex -7 9.5 2.4
    endloop
  endfacet
  facet normal 0 0 1
    outer loop
      vertex -8.5 8 2.4
      vertex -19.5 8 2.4
      vertex -8.5 -8 2.4
    endloop
  endfacet
  facet normal 0 0 1
    outer loop
      vertex -8.48717 8.19579 2.4
      vertex -19.5 8 2.4
      vertex -8.5 8 2.4
    endloop
  endfacet
  facet normal 0 0 1
    outer loop
      vertex -19.5128 8.19579 2.4
      vertex -8.48717 8.19579 2.4
      vertex -8.44889 8.38823 2.4
    endloop
  endfacet
  facet normal 0 0 1
    outer loop
      vertex -19.5511 8.38823 2.4
      vertex -8.44889 8.38823 2.4
      vertex -8.38582 8.57402 2.4
    endloop
  endfacet
  facet normal 0 0 1
    outer loop
      vertex -19.6142 8.57402 2.4
      vertex -8.38582 8.57402 2.4
      vertex -8.29904 8.75 2.4
    endloop
  endfacet
  facet normal 0 0 1
    outer loop
      vertex -19.701 8.75 2.4
      vertex -8.29904 8.75 2.4
      vertex -8.19003 8.91314 2.4
    endloop
  endfacet
  facet normal 0 0 1
    outer loop
      vertex -19.81 8.91314 2.4
      vertex -8.19003 8.91314 2.4
      vertex -8.06066 9.06066 2.4
    endloop
  endfacet
  facet normal 0 0 1
    outer loop
      vertex -19.9393 9.06066 2.4
      vertex -8.06066 9.06066 2.4
      vertex -7.91314 9.19003 2.4
    endloop
  endfacet
  facet normal 0 0 1
    outer loop
      vertex -20.0869 9.19003 2.4
      vertex -7.91314 9.19003 2.4
      vertex -7.75 9.29904 2.4
    endloop
  endfacet
  facet normal 0 0 1
    outer loop
      vertex -20.25 9.29904 2.4
      vertex -7.75 9.29904 2.4
      vertex -7.57402 9.38582 2.4
    endloop
  endfacet
  facet normal 0 0 1
    outer loop
      vertex -20.426 9.38582 2.4
      vertex -7.57402 9.38582 2.4
      vertex -7.38823 9.44889 2.4
    endloop
  endfacet
  facet normal 0 0 1
    outer loop
      vertex -29.9 15.9 2.4
      vertex -7.38823 9.44889 2.4
      vertex -7.19579 9.48717 2.4
    endloop
  endfacet
  facet normal 0 0 1
    outer loop
      vertex -7 9.5 2.4
      vertex -29.9 15.9 2.4
      vertex -7.19579 9.48717 2.4
    endloop
  endfacet
  facet normal 0 0 1
    outer loop
      vertex -8.48717 8.19579 2.4
      vertex -19.5128 8.19579 2.4
      vertex -19.5 8 2.4
    endloop
  endfacet
  facet normal 0 0 1
    outer loop
      vertex -8.44889 8.38823 2.4
      vertex -19.5511 8.38823 2.4
      vertex -19.5128 8.19579 2.4
    endloop
  endfacet
  facet normal 0 0 1
    outer loop
      vertex -8.38582 8.57402 2.4
      vertex -19.6142 8.57402 2.4
      vertex -19.5511 8.38823 2.4
    endloop
  endfacet
  facet normal 0 0 1
    outer loop
      vertex -8.29904 8.75 2.4
      vertex -19.701 8.75 2.4
      vertex -19.6142 8.57402 2.4
    endloop
  endfacet
  facet normal 0 0 1
    outer loop
      vertex -8.19003 8.91314 2.4
      vertex -19.81 8.91314 2.4
      vertex -19.701 8.75 2.4
    endloop
  endfacet
  facet normal 0 0 1
    outer loop
      vertex -8.06066 9.06066 2.4
      vertex -19.9393 9.06066 2.4
      vertex -19.81 8.91314 2.4
    endloop
  endfacet
  facet normal 0 0 1
    outer loop
      vertex -7.91314 9.19003 2.4
      vertex -20.0869 9.19003 2.4
      vertex -19.9393 9.06066 2.4
    endloop
  endfacet
  facet normal 0 0 1
    outer loop
      vertex -7.75 9.29904 2.4
      vertex -20.25 9.29904 2.4
      vertex -20.0869 9.19003 2.4
    endloop
  endfacet
  facet normal 0 0 1
    outer loop
      vertex -7.38823 9.44889 2.4
      vertex -29.9 15.9 2.4
      vertex -20.426 9.38582 2.4
    endloop
  endfacet
  facet normal 0 0 1
    outer loop
      vertex -7.57402 9.38582 2.4
      vertex -20.426 9.38582 2.4
      vertex -20.25 9.29904 2.4
    endloop
  endfacet
  facet normal 0 0 1
    outer loop
      vertex -20.426 9.38582 2.4
      vertex -29.9 15.9 2.4
      vertex -20.6118 9.44889 2.4
    endloop
  endfacet
  facet normal 0 0 1
    outer loop
      vertex -20.6118 9.44889 2.4
      vertex -29.9 15.9 2.4
      vertex -20.8042 9.48717 2.4
    endloop
  endfacet
  facet normal 0 0 1
    outer loop
      vertex -20.8042 9.48717 2.4
      vertex -29.9 15.9 2.4
      vertex -21 9.5 2.4
    endloop
  endfacet
  facet normal 0 0 1
    outer loop
      vertex -22.4872 8.19579 2.4
      vertex -29.9 15 2.4
      vertex -22.5 8 2.4
    endloop
  endfacet
  facet normal 0 0 1
    outer loop
      vertex -22.4489 8.38823 2.4
      vertex -29.9 15 2.4
      vertex -22.4872 8.19579 2.4
    endloop
  endfacet
  facet normal 0 0 1
    outer loop
      vertex -22.3858 8.57402 2.4
      vertex -29.9 15 2.4
      vertex -22.4489 8.38823 2.4
    endloop
  endfacet
  facet normal 0 0 1
    outer loop
      vertex -22.299 8.75 2.4
      vertex -29.9 15 2.4
      vertex -22.3858 8.57402 2.4
    endloop
  endfacet
  facet normal 0 0 1
    outer loop
      vertex -22.19 8.91314 2.4
      vertex -29.9 15 2.4
      vertex -22.299 8.75 2.4
    endloop
  endfacet
  facet normal 0 0 1
    outer loop
      vertex -22.0607 9.06066 2.4
      vertex -29.9 15 2.4
      vertex -22.19 8.91314 2.4
    endloop
  endfacet
  facet normal 0 0 1
    outer loop
      vertex -21.9131 9.19003 2.4
      vertex -29.9 15 2.4
      vertex -22.0607 9.06066 2.4
    endloop
  endfacet
  facet normal 0 0 1
    outer loop
      vertex -21.75 9.29904 2.4
      vertex -29.9 15 2.4
      vertex -21.9131 9.19003 2.4
    endloop
  endfacet
  facet normal 0 0 1
    outer loop
      vertex -21.574 9.38582 2.4
      vertex -29.9 15 2.4
      vertex -21.75 9.29904 2.4
    endloop
  endfacet
  facet normal -0 0 1
    outer loop
      vertex -29.9 15 2.4
      vertex -21.574 9.38582 2.4
      vertex -29.9 15.9 2.4
    endloop
  endfacet
  facet normal 0 0 1
    outer loop
      vertex -21.3882 9.44889 2.4
      vertex -29.9 15.9 2.4
      vertex -21.574 9.38582 2.4
    endloop
  endfacet
  facet normal 0 0 1
    outer loop
      vertex -21.1958 9.48717 2.4
      vertex -29.9 15.9 2.4
      vertex -21.3882 9.44889 2.4
    endloop
  endfacet
  facet normal 0 0 1
    outer loop
      vertex -21 9.5 2.4
      vertex -29.9 15.9 2.4
      vertex -21.1958 9.48717 2.4
    endloop
  endfacet
  facet normal -0 0 1
    outer loop
      vertex 22.4872 -8.19579 2.4
      vertex 29.9 -15 2.4
      vertex 22.5 -8 2.4
    endloop
  endfacet
  facet normal -0 0 1
    outer loop
      vertex 22.4489 -8.38823 2.4
      vertex 29.9 -15 2.4
      vertex 22.4872 -8.19579 2.4
    endloop
  endfacet
  facet normal -0 0 1
    outer loop
      vertex 22.3858 -8.57402 2.4
      vertex 29.9 -15 2.4
      vertex 22.4489 -8.38823 2.4
    endloop
  endfacet
  facet normal -0 0 1
    outer loop
      vertex 22.299 -8.75 2.4
      vertex 29.9 -15 2.4
      vertex 22.3858 -8.57402 2.4
    endloop
  endfacet
  facet normal -0 0 1
    outer loop
      vertex 22.19 -8.91314 2.4
      vertex 29.9 -15 2.4
      vertex 22.299 -8.75 2.4
    endloop
  endfacet
  facet normal -0 0 1
    outer loop
      vertex 22.0607 -9.06066 2.4
      vertex 29.9 -15 2.4
      vertex 22.19 -8.91314 2.4
    endloop
  endfacet
  facet normal -0 0 1
    outer loop
      vertex 21.9131 -9.19003 2.4
      vertex 29.9 -15 2.4
      vertex 22.0607 -9.06066 2.4
    endloop
  endfacet
  facet normal -0 0 1
    outer loop
      vertex 21.75 -9.29904 2.4
      vertex 29.9 -15 2.4
      vertex 21.9131 -9.19003 2.4
    endloop
  endfacet
  facet normal -0 0 1
    outer loop
      vertex 21.574 -9.38582 2.4
      vertex 29.9 -15 2.4
      vertex 21.75 -9.29904 2.4
    endloop
  endfacet
  facet normal 0 0 1
    outer loop
      vertex 29.9 -15 2.4
      vertex 21.574 -9.38582 2.4
      vertex 29.9 -15.9 2.4
    endloop
  endfacet
  facet normal -0 0 1
    outer loop
      vertex 21.3882 -9.44889 2.4
      vertex 29.9 -15.9 2.4
      vertex 21.574 -9.38582 2.4
    endloop
  endfacet
  facet normal -0 0 1
    outer loop
      vertex 21.1958 -9.48717 2.4
      vertex 29.9 -15.9 2.4
      vertex 21.3882 -9.44889 2.4
    endloop
  endfacet
  facet normal -0 0 1
    outer loop
      vertex 21 -9.5 2.4
      vertex 29.9 -15.9 2.4
      vertex 21.1958 -9.48717 2.4
    endloop
  endfacet
  facet normal 0 0 1
    outer loop
      vertex 20.8042 -9.48717 2.4
      vertex 29.9 -15.9 2.4
      vertex 21 -9.5 2.4
    endloop
  endfacet
  facet normal 0 0 1
    outer loop
      vertex 20.6118 -9.44889 2.4
      vertex 29.9 -15.9 2.4
      vertex 20.8042 -9.48717 2.4
    endloop
  endfacet
  facet normal 0 0 1
    outer loop
      vertex 20.426 -9.38582 2.4
      vertex 29.9 -15.9 2.4
      vertex 20.6118 -9.44889 2.4
    endloop
  endfacet
  facet normal 0 0 1
    outer loop
      vertex 7.57402 -9.38582 2.4
      vertex 20.426 -9.38582 2.4
      vertex 20.25 -9.29904 2.4
    endloop
  endfacet
  facet normal 0 0 1
    outer loop
      vertex 7.75 -9.29904 2.4
      vertex 20.25 -9.29904 2.4
      vertex 20.0869 -9.19003 2.4
    endloop
  endfacet
  facet normal 0 0 1
    outer loop
      vertex 8.5 -8 2.4
      vertex 19.5 -8 2.4
      vertex 8.5 8 2.4
    endloop
  endfacet
  facet normal 0 0 1
    outer loop
      vertex 19.5 -8 2.4
      vertex 8.5 -8 2.4
      vertex 19.5128 -8.19579 2.4
    endloop
  endfacet
  facet normal 0 0 1
    outer loop
      vertex 8.48717 -8.19579 2.4
      vertex 19.5128 -8.19579 2.4
      vertex 8.5 -8 2.4
    endloop
  endfacet
  facet normal 0 0 1
    outer loop
      vertex 19.5128 -8.19579 2.4
      vertex 8.48717 -8.19579 2.4
      vertex 19.5511 -8.38823 2.4
    endloop
  endfacet
  facet normal 0 0 1
    outer loop
      vertex 8.44889 -8.38823 2.4
      vertex 19.5511 -8.38823 2.4
      vertex 8.48717 -8.19579 2.4
    endloop
  endfacet
  facet normal 0 0 1
    outer loop
      vertex 19.5511 -8.38823 2.4
      vertex 8.44889 -8.38823 2.4
      vertex 19.6142 -8.57402 2.4
    endloop
  endfacet
  facet normal 0 0 1
    outer loop
      vertex 8.38582 -8.57402 2.4
      vertex 19.6142 -8.57402 2.4
      vertex 8.44889 -8.38823 2.4
    endloop
  endfacet
  facet normal 0 0 1
    outer loop
      vertex 19.6142 -8.57402 2.4
      vertex 8.38582 -8.57402 2.4
      vertex 19.701 -8.75 2.4
    endloop
  endfacet
  facet normal 0 0 1
    outer loop
      vertex 8.29904 -8.75 2.4
      vertex 19.701 -8.75 2.4
      vertex 8.38582 -8.57402 2.4
    endloop
  endfacet
  facet normal 0 0 1
    outer loop
      vertex 19.701 -8.75 2.4
      vertex 8.29904 -8.75 2.4
      vertex 19.81 -8.91314 2.4
    endloop
  endfacet
  facet normal 0 0 1
    outer loop
      vertex 8.19003 -8.91314 2.4
      vertex 19.81 -8.91314 2.4
      vertex 8.29904 -8.75 2.4
    endloop
  endfacet
  facet normal 0 0 1
    outer loop
      vertex 19.81 -8.91314 2.4
      vertex 8.19003 -8.91314 2.4
      vertex 19.9393 -9.06066 2.4
    endloop
  endfacet
  facet normal 0 0 1
    outer loop
      vertex 8.06066 -9.06066 2.4
      vertex 19.9393 -9.06066 2.4
      vertex 8.19003 -8.91314 2.4
    endloop
  endfacet
  facet normal 0 0 1
    outer loop
      vertex 19.9393 -9.06066 2.4
      vertex 8.06066 -9.06066 2.4
      vertex 20.0869 -9.19003 2.4
    endloop
  endfacet
  facet normal 0 0 1
    outer loop
      vertex 7.91314 -9.19003 2.4
      vertex 20.0869 -9.19003 2.4
      vertex 8.06066 -9.06066 2.4
    endloop
  endfacet
  facet normal 0 0 1
    outer loop
      vertex 7.75 -9.29904 2.4
      vertex 20.0869 -9.19003 2.4
      vertex 7.91314 -9.19003 2.4
    endloop
  endfacet
  facet normal 0 0 1
    outer loop
      vertex 20.25 -9.29904 2.4
      vertex 7.75 -9.29904 2.4
      vertex 7.57402 -9.38582 2.4
    endloop
  endfacet
  facet normal 0 0 1
    outer loop
      vertex 20.426 -9.38582 2.4
      vertex 7.57402 -9.38582 2.4
      vertex 29.9 -15.9 2.4
    endloop
  endfacet
  facet normal -0 0 1
    outer loop
      vertex 7.38823 -9.44889 2.4
      vertex 29.9 -15.9 2.4
      vertex 7.57402 -9.38582 2.4
    endloop
  endfacet
  facet normal -0 0 1
    outer loop
      vertex 7.19579 -9.48717 2.4
      vertex 29.9 -15.9 2.4
      vertex 7.38823 -9.44889 2.4
    endloop
  endfacet
  facet normal -0 0 1
    outer loop
      vertex 7 -9.5 2.4
      vertex 29.9 -15.9 2.4
      vertex 7.19579 -9.48717 2.4
    endloop
  endfacet
  facet normal 0 0 1
    outer loop
      vertex 6.80421 -9.48717 2.4
      vertex 29.9 -15.9 2.4
      vertex 7 -9.5 2.4
    endloop
  endfacet
  facet normal 0 0 1
    outer loop
      vertex -6.80421 -9.48717 2.4
      vertex 6.80421 -9.48717 2.4
      vertex 6.61177 -9.44889 2.4
    endloop
  endfacet
  facet normal 0 0 1
    outer loop
      vertex -5.5 -8 2.4
      vertex 5.5 -8 2.4
      vertex -5.5 8 2.4
    endloop
  endfacet
  facet normal 0 0 1
    outer loop
      vertex 5.5 -8 2.4
      vertex -5.5 -8 2.4
      vertex 5.51283 -8.19579 2.4
    endloop
  endfacet
  facet normal 0 0 1
    outer loop
      vertex -5.51283 -8.19579 2.4
      vertex 5.51283 -8.19579 2.4
      vertex -5.5 -8 2.4
    endloop
  endfacet
  facet normal 0 0 1
    outer loop
      vertex 5.51283 -8.19579 2.4
      vertex -5.51283 -8.19579 2.4
      vertex 5.55111 -8.38823 2.4
    endloop
  endfacet
  facet normal 0 0 1
    outer loop
      vertex -5.55111 -8.38823 2.4
      vertex 5.55111 -8.38823 2.4
      vertex -5.51283 -8.19579 2.4
    endloop
  endfacet
  facet normal 0 0 1
    outer loop
      vertex 5.55111 -8.38823 2.4
      vertex -5.55111 -8.38823 2.4
      vertex 5.61418 -8.57402 2.4
    endloop
  endfacet
  facet normal 0 0 1
    outer loop
      vertex -5.61418 -8.57402 2.4
      vertex 5.61418 -8.57402 2.4
      vertex -5.55111 -8.38823 2.4
    endloop
  endfacet
  facet normal 0 0 1
    outer loop
      vertex 5.61418 -8.57402 2.4
      vertex -5.61418 -8.57402 2.4
      vertex 5.70096 -8.75 2.4
    endloop
  endfacet
  facet normal 0 0 1
    outer loop
      vertex -5.70096 -8.75 2.4
      vertex 5.70096 -8.75 2.4
      vertex -5.61418 -8.57402 2.4
    endloop
  endfacet
  facet normal 0 0 1
    outer loop
      vertex 5.70096 -8.75 2.4
      vertex -5.70096 -8.75 2.4
      vertex 5.80997 -8.91314 2.4
    endloop
  endfacet
  facet normal 0 0 1
    outer loop
      vertex -5.80997 -8.91314 2.4
      vertex 5.80997 -8.91314 2.4
      vertex -5.70096 -8.75 2.4
    endloop
  endfacet
  facet normal 0 0 1
    outer loop
      vertex 5.80997 -8.91314 2.4
      vertex -5.80997 -8.91314 2.4
      vertex 5.93934 -9.06066 2.4
    endloop
  endfacet
  facet normal 0 0 1
    outer loop
      vertex -5.93934 -9.06066 2.4
      vertex 5.93934 -9.06066 2.4
      vertex -5.80997 -8.91314 2.4
    endloop
  endfacet
  facet normal 0 0 1
    outer loop
      vertex 5.93934 -9.06066 2.4
      vertex -5.93934 -9.06066 2.4
      vertex 6.08686 -9.19003 2.4
    endloop
  endfacet
  facet normal 0 0 1
    outer loop
      vertex -6.08686 -9.19003 2.4
      vertex 6.08686 -9.19003 2.4
      vertex -5.93934 -9.06066 2.4
    endloop
  endfacet
  facet normal 0 0 1
    outer loop
      vertex 6.08686 -9.19003 2.4
      vertex -6.08686 -9.19003 2.4
      vertex 6.25 -9.29904 2.4
    endloop
  endfacet
  facet normal 0 0 1
    outer loop
      vertex -6.25 -9.29904 2.4
      vertex 6.25 -9.29904 2.4
      vertex -6.08686 -9.19003 2.4
    endloop
  endfacet
  facet normal 0 0 1
    outer loop
      vertex 6.25 -9.29904 2.4
      vertex -6.25 -9.29904 2.4
      vertex 6.42597 -9.38582 2.4
    endloop
  endfacet
  facet normal 0 0 1
    outer loop
      vertex -6.42597 -9.38582 2.4
      vertex 6.42597 -9.38582 2.4
      vertex -6.25 -9.29904 2.4
    endloop
  endfacet
  facet normal 0 0 1
    outer loop
      vertex 6.42597 -9.38582 2.4
      vertex -6.42597 -9.38582 2.4
      vertex 6.61177 -9.44889 2.4
    endloop
  endfacet
  facet normal 0 0 1
    outer loop
      vertex -6.61177 -9.44889 2.4
      vertex 6.61177 -9.44889 2.4
      vertex -6.42597 -9.38582 2.4
    endloop
  endfacet
  facet normal 0 0 1
    outer loop
      vertex -6.80421 -9.48717 2.4
      vertex 6.61177 -9.44889 2.4
      vertex -6.61177 -9.44889 2.4
    endloop
  endfacet
  facet normal 0 0 1
    outer loop
      vertex 6.80421 -9.48717 2.4
      vertex -6.80421 -9.48717 2.4
      vertex 29.9 -15.9 2.4
    endloop
  endfacet
  facet normal 0 0 1
    outer loop
      vertex -29.9 -15.9 2.4
      vertex -6.80421 -9.48717 2.4
      vertex -7 -9.5 2.4
    endloop
  endfacet
  facet normal 0 0 1
    outer loop
      vertex -29.9 -15.9 2.4
      vertex -7 -9.5 2.4
      vertex -7.19579 -9.48717 2.4
    endloop
  endfacet
  facet normal 0 0 1
    outer loop
      vertex -19.5 -8 2.4
      vertex -8.5 -8 2.4
      vertex -19.5 8 2.4
    endloop
  endfacet
  facet normal 0 0 1
    outer loop
      vertex -8.5 -8 2.4
      vertex -19.5 -8 2.4
      vertex -8.48717 -8.19579 2.4
    endloop
  endfacet
  facet normal 0 0 1
    outer loop
      vertex -19.5128 -8.19579 2.4
      vertex -8.48717 -8.19579 2.4
      vertex -19.5 -8 2.4
    endloop
  endfacet
  facet normal 0 0 1
    outer loop
      vertex -8.48717 -8.19579 2.4
      vertex -19.5128 -8.19579 2.4
      vertex -8.44889 -8.38823 2.4
    endloop
  endfacet
  facet normal 0 0 1
    outer loop
      vertex -19.5511 -8.38823 2.4
      vertex -8.44889 -8.38823 2.4
      vertex -19.5128 -8.19579 2.4
    endloop
  endfacet
  facet normal 0 0 1
    outer loop
      vertex -8.44889 -8.38823 2.4
      vertex -19.5511 -8.38823 2.4
      vertex -8.38582 -8.57402 2.4
    endloop
  endfacet
  facet normal 0 0 1
    outer loop
      vertex -19.6142 -8.57402 2.4
      vertex -8.38582 -8.57402 2.4
      vertex -19.5511 -8.38823 2.4
    endloop
  endfacet
  facet normal 0 0 1
    outer loop
      vertex -8.38582 -8.57402 2.4
      vertex -19.6142 -8.57402 2.4
      vertex -8.29904 -8.75 2.4
    endloop
  endfacet
  facet normal 0 0 1
    outer loop
      vertex -19.701 -8.75 2.4
      vertex -8.29904 -8.75 2.4
      vertex -19.6142 -8.57402 2.4
    endloop
  endfacet
  facet normal 0 0 1
    outer loop
      vertex -8.29904 -8.75 2.4
      vertex -19.701 -8.75 2.4
      vertex -8.19003 -8.91314 2.4
    endloop
  endfacet
  facet normal 0 0 1
    outer loop
      vertex -19.81 -8.91314 2.4
      vertex -8.19003 -8.91314 2.4
      vertex -19.701 -8.75 2.4
    endloop
  endfacet
  facet normal 0 0 1
    outer loop
      vertex -8.19003 -8.91314 2.4
      vertex -19.81 -8.91314 2.4
      vertex -8.06066 -9.06066 2.4
    endloop
  endfacet
  facet normal 0 0 1
    outer loop
      vertex -19.9393 -9.06066 2.4
      vertex -8.06066 -9.06066 2.4
      vertex -19.81 -8.91314 2.4
    endloop
  endfacet
  facet normal 0 0 1
    outer loop
      vertex -8.06066 -9.06066 2.4
      vertex -19.9393 -9.06066 2.4
      vertex -7.91314 -9.19003 2.4
    endloop
  endfacet
  facet normal 0 0 1
    outer loop
      vertex -20.0869 -9.19003 2.4
      vertex -7.91314 -9.19003 2.4
      vertex -19.9393 -9.06066 2.4
    endloop
  endfacet
  facet normal 0 0 1
    outer loop
      vertex -7.91314 -9.19003 2.4
      vertex -20.0869 -9.19003 2.4
      vertex -7.75 -9.29904 2.4
    endloop
  endfacet
  facet normal 0 0 1
    outer loop
      vertex -20.25 -9.29904 2.4
      vertex -7.75 -9.29904 2.4
      vertex -20.0869 -9.19003 2.4
    endloop
  endfacet
  facet normal 0 0 1
    outer loop
      vertex -7.75 -9.29904 2.4
      vertex -20.25 -9.29904 2.4
      vertex -7.57402 -9.38582 2.4
    endloop
  endfacet
  facet normal 0 0 1
    outer loop
      vertex -20.426 -9.38582 2.4
      vertex -7.57402 -9.38582 2.4
      vertex -20.25 -9.29904 2.4
    endloop
  endfacet
  facet normal 0 0 1
    outer loop
      vertex -7.57402 -9.38582 2.4
      vertex -20.426 -9.38582 2.4
      vertex -7.38823 -9.44889 2.4
    endloop
  endfacet
  facet normal 0 0 1
    outer loop
      vertex -29.9 -15.9 2.4
      vertex -7.38823 -9.44889 2.4
      vertex -20.426 -9.38582 2.4
    endloop
  endfacet
  facet normal 0 0 1
    outer loop
      vertex -7.38823 -9.44889 2.4
      vertex -29.9 -15.9 2.4
      vertex -7.19579 -9.48717 2.4
    endloop
  endfacet
  facet normal 0 0 1
    outer loop
      vertex -29.9 -15.9 2.4
      vertex -20.426 -9.38582 2.4
      vertex -20.6118 -9.44889 2.4
    endloop
  endfacet
  facet normal 0 0 1
    outer loop
      vertex -29.9 -15.9 2.4
      vertex -20.6118 -9.44889 2.4
      vertex -20.8042 -9.48717 2.4
    endloop
  endfacet
  facet normal 0 0 1
    outer loop
      vertex -29.9 -15.9 2.4
      vertex -20.8042 -9.48717 2.4
      vertex -21 -9.5 2.4
    endloop
  endfacet
  facet normal 0 0 1
    outer loop
      vertex -29.9 -15.9 2.4
      vertex -21 -9.5 2.4
      vertex -21.1958 -9.48717 2.4
    endloop
  endfacet
  facet normal -0 0 1
    outer loop
      vertex -32.1 15 2.4
      vertex -22.5 8 2.4
      vertex -29.9 15 2.4
    endloop
  endfacet
  facet normal 0 0 1
    outer loop
      vertex -22.5 8 2.4
      vertex -32.1 15 2.4
      vertex -22.5 -8 2.4
    endloop
  endfacet
  facet normal 0 0 1
    outer loop
      vertex -22.5 -8 2.4
      vertex -29.9 -15 2.4
      vertex -22.4872 -8.19579 2.4
    endloop
  endfacet
  facet normal 0 0 1
    outer loop
      vertex -22.4872 -8.19579 2.4
      vertex -29.9 -15 2.4
      vertex -22.4489 -8.38823 2.4
    endloop
  endfacet
  facet normal 0 0 1
    outer loop
      vertex -29.9 -15 2.4
      vertex -22.3858 -8.57402 2.4
      vertex -22.4489 -8.38823 2.4
    endloop
  endfacet
  facet normal 0 0 1
    outer loop
      vertex -29.9 -15 2.4
      vertex -22.299 -8.75 2.4
      vertex -22.3858 -8.57402 2.4
    endloop
  endfacet
  facet normal 0 0 1
    outer loop
      vertex -29.9 -15 2.4
      vertex -22.19 -8.91314 2.4
      vertex -22.299 -8.75 2.4
    endloop
  endfacet
  facet normal 0 0 1
    outer loop
      vertex -29.9 -15 2.4
      vertex -22.0607 -9.06066 2.4
      vertex -22.19 -8.91314 2.4
    endloop
  endfacet
  facet normal 0 0 1
    outer loop
      vertex -29.9 -15 2.4
      vertex -21.9131 -9.19003 2.4
      vertex -22.0607 -9.06066 2.4
    endloop
  endfacet
  facet normal 0 0 1
    outer loop
      vertex -29.9 -15 2.4
      vertex -21.75 -9.29904 2.4
      vertex -21.9131 -9.19003 2.4
    endloop
  endfacet
  facet normal 0 0 1
    outer loop
      vertex -29.9 -15 2.4
      vertex -21.574 -9.38582 2.4
      vertex -21.75 -9.29904 2.4
    endloop
  endfacet
  facet normal 0 0 1
    outer loop
      vertex -29.9 -15 2.4
      vertex -21.3882 -9.44889 2.4
      vertex -21.574 -9.38582 2.4
    endloop
  endfacet
  facet normal 0 0 1
    outer loop
      vertex -29.9 -15.9 2.4
      vertex -21.3882 -9.44889 2.4
      vertex -29.9 -15 2.4
    endloop
  endfacet
  facet normal 0 0 1
    outer loop
      vertex -21.3882 -9.44889 2.4
      vertex -29.9 -15.9 2.4
      vertex -21.1958 -9.48717 2.4
    endloop
  endfacet
  facet normal 0 0 1
    outer loop
      vertex -6.80421 -9.48717 2.4
      vertex -29.9 -15.9 2.4
      vertex 29.9 -15.9 2.4
    endloop
  endfacet
  facet normal 0 0 -1
    outer loop
      vertex -36.1 -14.7 15
      vertex -33.7 14.7 15
      vertex -33.7 -14.7 15
    endloop
  endfacet
  facet normal -0 0 -1
    outer loop
      vertex -33.7 14.7 15
      vertex -36.1 -14.7 15
      vertex -36.1 14.7 15
    endloop
  endfacet
  facet normal -0 0 1
    outer loop
      vertex -36.1 14.7 5
      vertex -33.7 -14.7 5
      vertex -33.7 14.7 5
    endloop
  endfacet
  facet normal 0 0 1
    outer loop
      vertex -33.7 -14.7 5
      vertex -36.1 14.7 5
      vertex -36.1 -14.7 5
    endloop
  endfacet
  facet normal 0 -1 0
    outer loop
      vertex -36.1 14.7 5
      vertex -33.7 14.7 15
      vertex -36.1 14.7 15
    endloop
  endfacet
  facet normal 0 -1 -0
    outer loop
      vertex -33.7 14.7 15
      vertex -36.1 14.7 5
      vertex -33.7 14.7 5
    endloop
  endfacet
  facet normal 0 1 -0
    outer loop
      vertex -33.7 -14.7 5
      vertex -36.1 -14.7 15
      vertex -33.7 -14.7 15
    endloop
  endfacet
  facet normal 0 1 0
    outer loop
      vertex -36.1 -14.7 15
      vertex -33.7 -14.7 5
      vertex -36.1 -14.7 5
    endloop
  endfacet
  facet normal 0 0 -1
    outer loop
      vertex 33.7 -14.7 17
      vertex 36.1 14.7 17
      vertex 36.1 -14.7 17
    endloop
  endfacet
  facet normal -0 0 -1
    outer loop
      vertex 36.1 14.7 17
      vertex 33.7 -14.7 17
      vertex 33.7 14.7 17
    endloop
  endfacet
  facet normal -0 0 1
    outer loop
      vertex 33.7 14.7 5
      vertex 36.1 -14.7 5
      vertex 36.1 14.7 5
    endloop
  endfacet
  facet normal 0 0 1
    outer loop
      vertex 36.1 -14.7 5
      vertex 33.7 14.7 5
      vertex 33.7 -14.7 5
    endloop
  endfacet
  facet normal 0 -1 0
    outer loop
      vertex 33.7 14.7 5
      vertex 36.1 14.7 17
      vertex 33.7 14.7 17
    endloop
  endfacet
  facet normal 0 -1 -0
    outer loop
      vertex 36.1 14.7 17
      vertex 33.7 14.7 5
      vertex 36.1 14.7 5
    endloop
  endfacet
  facet normal 0 1 -0
    outer loop
      vertex 36.1 -14.7 5
      vertex 33.7 -14.7 17
      vertex 36.1 -14.7 17
    endloop
  endfacet
  facet normal 0 1 0
    outer loop
      vertex 33.7 -14.7 17
      vertex 36.1 -14.7 5
      vertex 33.7 -14.7 5
    endloop
  endfacet
  facet normal 1 0 0
    outer loop
      vertex -29.9 -15 4.6
      vertex -29.9 -15.9 3.1
      vertex -29.9 -15 2.4
    endloop
  endfacet
  facet normal 1 -0 0
    outer loop
      vertex -29.9 -18.2 4.6
      vertex -29.9 -15.9 3.1
      vertex -29.9 -15 4.6
    endloop
  endfacet
  facet normal 1 0 0
    outer loop
      vertex -29.9 -15.9 3.1
      vertex -29.9 -18.2 4.6
      vertex -29.9 -18.2 3.1
    endloop
  endfacet
  facet normal 1 0 0
    outer loop
      vertex -29.9 -15 2.4
      vertex -29.9 -15.9 3.1
      vertex -29.9 -15.9 2.4
    endloop
  endfacet
  facet normal -0 0 1
    outer loop
      vertex -32.1 -15 4.6
      vertex -29.9 -18.2 4.6
      vertex -29.9 -15 4.6
    endloop
  endfacet
  facet normal 0 0 1
    outer loop
      vertex -29.9 -18.2 4.6
      vertex -32.1 -15 4.6
      vertex -32.1 -18.2 4.6
    endloop
  endfacet
  facet normal -1 0 0
    outer loop
      vertex -32.1 -18.2 2.4
      vertex -32.1 -15 4.6
      vertex -32.1 -15 2.4
    endloop
  endfacet
  facet normal -1 -0 0
    outer loop
      vertex -32.1 -15 4.6
      vertex -32.1 -18.2 2.4
      vertex -32.1 -18.2 4.6
    endloop
  endfacet
  facet normal 0 1 -0
    outer loop
      vertex -29.9 -15 2.4
      vertex -32.1 -15 4.6
      vertex -29.9 -15 4.6
    endloop
  endfacet
  facet normal 0 1 0
    outer loop
      vertex -32.1 -15 4.6
      vertex -29.9 -15 2.4
      vertex -32.1 -15 2.4
    endloop
  endfacet
  facet normal 0 -1 0
    outer loop
      vertex -32.1 -18.2 4.6
      vertex -30.5 -18.2 3.1
      vertex -29.9 -18.2 4.6
    endloop
  endfacet
  facet normal 0 -1 0
    outer loop
      vertex -32.1 -18.2 2.4
      vertex -30.5 -18.2 3.1
      vertex -32.1 -18.2 4.6
    endloop
  endfacet
  facet normal 0 -1 -0
    outer loop
      vertex -30.5 -18.2 3.1
      vertex -32.1 -18.2 2.4
      vertex -30.5 -18.2 2.4
    endloop
  endfacet
  facet normal 0 -1 -0
    outer loop
      vertex -29.9 -18.2 4.6
      vertex -30.5 -18.2 3.1
      vertex -29.9 -18.2 3.1
    endloop
  endfacet
  facet normal 1 0 0
    outer loop
      vertex -29.9 18.2 4.6
      vertex -29.9 15.9 3.1
      vertex -29.9 18.2 3.1
    endloop
  endfacet
  facet normal 1 -0 0
    outer loop
      vertex -29.9 15 4.6
      vertex -29.9 15.9 3.1
      vertex -29.9 18.2 4.6
    endloop
  endfacet
  facet normal 1 0 0
    outer loop
      vertex -29.9 15 2.4
      vertex -29.9 15.9 3.1
      vertex -29.9 15 4.6
    endloop
  endfacet
  facet normal 1 0 0
    outer loop
      vertex -29.9 15.9 3.1
      vertex -29.9 15 2.4
      vertex -29.9 15.9 2.4
    endloop
  endfacet
  facet normal -0 0 1
    outer loop
      vertex -32.1 18.2 4.6
      vertex -29.9 15 4.6
      vertex -29.9 18.2 4.6
    endloop
  endfacet
  facet normal 0 0 1
    outer loop
      vertex -29.9 15 4.6
      vertex -32.1 18.2 4.6
      vertex -32.1 15 4.6
    endloop
  endfacet
  facet normal -1 0 0
    outer loop
      vertex -32.1 15 2.4
      vertex -32.1 18.2 4.6
      vertex -32.1 18.2 2.4
    endloop
  endfacet
  facet normal -1 -0 0
    outer loop
      vertex -32.1 18.2 4.6
      vertex -32.1 15 2.4
      vertex -32.1 15 4.6
    endloop
  endfacet
  facet normal 0 1 0
    outer loop
      vertex -30.5 18.2 3.1
      vertex -29.9 18.2 4.6
      vertex -29.9 18.2 3.1
    endloop
  endfacet
  facet normal 0 1 0
    outer loop
      vertex -29.9 18.2 4.6
      vertex -30.5 18.2 3.1
      vertex -32.1 18.2 4.6
    endloop
  endfacet
  facet normal 0 1 0
    outer loop
      vertex -32.1 18.2 2.4
      vertex -30.5 18.2 3.1
      vertex -30.5 18.2 2.4
    endloop
  endfacet
  facet normal 0 1 0
    outer loop
      vertex -30.5 18.2 3.1
      vertex -32.1 18.2 2.4
      vertex -32.1 18.2 4.6
    endloop
  endfacet
  facet normal 0 -1 0
    outer loop
      vertex -32.1 15 2.4
      vertex -29.9 15 4.6
      vertex -32.1 15 4.6
    endloop
  endfacet
  facet normal 0 -1 -0
    outer loop
      vertex -29.9 15 4.6
      vertex -32.1 15 2.4
      vertex -29.9 15 2.4
    endloop
  endfacet
  facet normal 1 -0 0
    outer loop
      vertex 32.1 -18.2 4.6
      vertex 32.1 -15 2.4
      vertex 32.1 -15 4.6
    endloop
  endfacet
  facet normal 1 0 0
    outer loop
      vertex 32.1 -15 2.4
      vertex 32.1 -18.2 4.6
      vertex 32.1 -18.2 2.4
    endloop
  endfacet
  facet normal -0 0 1
    outer loop
      vertex 29.9 -15 4.6
      vertex 32.1 -18.2 4.6
      vertex 32.1 -15 4.6
    endloop
  endfacet
  facet normal 0 0 1
    outer loop
      vertex 32.1 -18.2 4.6
      vertex 29.9 -15 4.6
      vertex 29.9 -18.2 4.6
    endloop
  endfacet
  facet normal -1 0 0
    outer loop
      vertex 29.9 -15.9 3.1
      vertex 29.9 -15 2.4
      vertex 29.9 -15.9 2.4
    endloop
  endfacet
  facet normal -1 0 0
    outer loop
      vertex 29.9 -15 2.4
      vertex 29.9 -15.9 3.1
      vertex 29.9 -15 4.6
    endloop
  endfacet
  facet normal -1 0 0
    outer loop
      vertex 29.9 -18.2 4.6
      vertex 29.9 -15.9 3.1
      vertex 29.9 -18.2 3.1
    endloop
  endfacet
  facet normal -1 0 0
    outer loop
      vertex 29.9 -15.9 3.1
      vertex 29.9 -18.2 4.6
      vertex 29.9 -15 4.6
    endloop
  endfacet
  facet normal 0 1 -0
    outer loop
      vertex 32.1 -15 2.4
      vertex 29.9 -15 4.6
      vertex 32.1 -15 4.6
    endloop
  endfacet
  facet normal 0 1 0
    outer loop
      vertex 29.9 -15 4.6
      vertex 32.1 -15 2.4
      vertex 29.9 -15 2.4
    endloop
  endfacet
  facet normal 0 -1 0
    outer loop
      vertex 30.5 -18.2 3.1
      vertex 29.9 -18.2 4.6
      vertex 29.9 -18.2 3.1
    endloop
  endfacet
  facet normal 0 -1 0
    outer loop
      vertex 29.9 -18.2 4.6
      vertex 30.5 -18.2 3.1
      vertex 32.1 -18.2 4.6
    endloop
  endfacet
  facet normal 0 -1 0
    outer loop
      vertex 32.1 -18.2 2.4
      vertex 30.5 -18.2 3.1
      vertex 30.5 -18.2 2.4
    endloop
  endfacet
  facet normal 0 -1 0
    outer loop
      vertex 30.5 -18.2 3.1
      vertex 32.1 -18.2 2.4
      vertex 32.1 -18.2 4.6
    endloop
  endfacet
  facet normal 1 -0 0
    outer loop
      vertex 32.1 15 4.6
      vertex 32.1 18.2 2.4
      vertex 32.1 18.2 4.6
    endloop
  endfacet
  facet normal 1 0 0
    outer loop
      vertex 32.1 18.2 2.4
      vertex 32.1 15 4.6
      vertex 32.1 15 2.4
    endloop
  endfacet
  facet normal -0 0 1
    outer loop
      vertex 29.9 18.2 4.6
      vertex 32.1 15 4.6
      vertex 32.1 18.2 4.6
    endloop
  endfacet
  facet normal 0 0 1
    outer loop
      vertex 32.1 15 4.6
      vertex 29.9 18.2 4.6
      vertex 29.9 15 4.6
    endloop
  endfacet
  facet normal -1 0 0
    outer loop
      vertex 29.9 15.9 2.4
      vertex 29.9 15 2.4
      vertex 29.9 15.9 3.1
    endloop
  endfacet
  facet normal -1 0 0
    outer loop
      vertex 29.9 15.9 3.1
      vertex 29.9 18.2 4.6
      vertex 29.9 18.2 3.1
    endloop
  endfacet
  facet normal -1 0 0
    outer loop
      vertex 29.9 15.9 3.1
      vertex 29.9 15 4.6
      vertex 29.9 18.2 4.6
    endloop
  endfacet
  facet normal -1 0 0
    outer loop
      vertex 29.9 15 4.6
      vertex 29.9 15.9 3.1
      vertex 29.9 15 2.4
    endloop
  endfacet
  facet normal 0 1 0
    outer loop
      vertex 32.1 18.2 4.6
      vertex 30.5 18.2 3.1
      vertex 29.9 18.2 4.6
    endloop
  endfacet
  facet normal 0 1 -0
    outer loop
      vertex 32.1 18.2 2.4
      vertex 30.5 18.2 3.1
      vertex 32.1 18.2 4.6
    endloop
  endfacet
  facet normal 0 1 0
    outer loop
      vertex 30.5 18.2 3.1
      vertex 32.1 18.2 2.4
      vertex 30.5 18.2 2.4
    endloop
  endfacet
  facet normal 0 1 0
    outer loop
      vertex 29.9 18.2 4.6
      vertex 30.5 18.2 3.1
      vertex 29.9 18.2 3.1
    endloop
  endfacet
  facet normal 0 -1 0
    outer loop
      vertex 29.9 15 2.4
      vertex 32.1 15 4.6
      vertex 29.9 15 4.6
    endloop
  endfacet
  facet normal 0 -1 -0
    outer loop
      vertex 32.1 15 4.6
      vertex 29.9 15 2.4
      vertex 32.1 15 2.4
    endloop
  endfacet
  facet normal 1 -0 0
    outer loop
      vertex 30.5 18.2 3.1
      vertex 30.5 18.7 2.4
      vertex 30.5 18.7 3.1
    endloop
  endfacet
  facet normal 1 0 0
    outer loop
      vertex 30.5 18.7 2.4
      vertex 30.5 18.2 3.1
      vertex 30.5 18.2 2.4
    endloop
  endfacet
  facet normal 0 0 1
    outer loop
      vertex 30.5 18.7 3.1
      vertex 29.9 18.2 3.1
      vertex 30.5 18.2 3.1
    endloop
  endfacet
  facet normal 0 0 1
    outer loop
      vertex 29.9 18.2 3.1
      vertex -29.9 18.2 3.1
      vertex 29.9 15.9 3.1
    endloop
  endfacet
  facet normal 0 0 1
    outer loop
      vertex 30.5 18.7 3.1
      vertex -29.9 18.2 3.1
      vertex 29.9 18.2 3.1
    endloop
  endfacet
  facet normal -0 0 1
    outer loop
      vertex -30.5 18.7 3.1
      vertex -29.9 18.2 3.1
      vertex 30.5 18.7 3.1
    endloop
  endfacet
  facet normal 0 0 1
    outer loop
      vertex -29.9 18.2 3.1
      vertex -30.5 18.7 3.1
      vertex -30.5 18.2 3.1
    endloop
  endfacet
  facet normal 0 0 1
    outer loop
      vertex 29.9 15.9 3.1
      vertex -29.9 18.2 3.1
      vertex -29.9 15.9 3.1
    endloop
  endfacet
  facet normal -1 0 0
    outer loop
      vertex -30.5 18.2 2.4
      vertex -30.5 18.7 3.1
      vertex -30.5 18.7 2.4
    endloop
  endfacet
  facet normal -1 -0 0
    outer loop
      vertex -30.5 18.7 3.1
      vertex -30.5 18.2 2.4
      vertex -30.5 18.2 3.1
    endloop
  endfacet
  facet normal 0 -1 0
    outer loop
      vertex -29.9 15.9 2.4
      vertex 29.9 15.9 3.1
      vertex -29.9 15.9 3.1
    endloop
  endfacet
  facet normal 0 -1 -0
    outer loop
      vertex 29.9 15.9 3.1
      vertex -29.9 15.9 2.4
      vertex 29.9 15.9 2.4
    endloop
  endfacet
  facet normal 1 -0 0
    outer loop
      vertex 30.5 -18.7 3.1
      vertex 30.5 -18.2 2.4
      vertex 30.5 -18.2 3.1
    endloop
  endfacet
  facet normal 1 0 0
    outer loop
      vertex 30.5 -18.2 2.4
      vertex 30.5 -18.7 3.1
      vertex 30.5 -18.7 2.4
    endloop
  endfacet
  facet normal 0 0 1
    outer loop
      vertex 29.9 -15.9 3.1
      vertex -29.9 -15.9 3.1
      vertex 29.9 -18.2 3.1
    endloop
  endfacet
  facet normal -0 0 1
    outer loop
      vertex 29.9 -18.2 3.1
      vertex 30.5 -18.7 3.1
      vertex 30.5 -18.2 3.1
    endloop
  endfacet
  facet normal 0 0 1
    outer loop
      vertex -29.9 -18.2 3.1
      vertex 29.9 -18.2 3.1
      vertex -29.9 -15.9 3.1
    endloop
  endfacet
  facet normal 0 0 1
    outer loop
      vertex 29.9 -18.2 3.1
      vertex -29.9 -18.2 3.1
      vertex 30.5 -18.7 3.1
    endloop
  endfacet
  facet normal 0 0 1
    outer loop
      vertex -30.5 -18.7 3.1
      vertex -29.9 -18.2 3.1
      vertex -30.5 -18.2 3.1
    endloop
  endfacet
  facet normal 0 0 1
    outer loop
      vertex -29.9 -18.2 3.1
      vertex -30.5 -18.7 3.1
      vertex 30.5 -18.7 3.1
    endloop
  endfacet
  facet normal -1 0 0
    outer loop
      vertex -30.5 -18.7 2.4
      vertex -30.5 -18.2 3.1
      vertex -30.5 -18.2 2.4
    endloop
  endfacet
  facet normal -1 -0 0
    outer loop
      vertex -30.5 -18.2 3.1
      vertex -30.5 -18.7 2.4
      vertex -30.5 -18.7 3.1
    endloop
  endfacet
  facet normal 0 1 -0
    outer loop
      vertex 29.9 -15.9 2.4
      vertex -29.9 -15.9 3.1
      vertex 29.9 -15.9 3.1
    endloop
  endfacet
  facet normal 0 1 0
    outer loop
      vertex -29.9 -15.9 3.1
      vertex 29.9 -15.9 2.4
      vertex -29.9 -15.9 2.4
    endloop
  endfacet
endsolid OpenSCAD_Model
