solid OpenSCAD_Model
  facet normal 0.980832 0.194856 0
    outer loop
      vertex -52.6904 -34.4529 3
      vertex -52.735 -34.2284 0
      vertex -52.735 -34.2284 3
    endloop
  endfacet
  facet normal 0.980832 0.194856 0
    outer loop
      vertex -52.735 -34.2284 0
      vertex -52.6904 -34.4529 3
      vertex -52.6904 -34.4529 0
    endloop
  endfacet
  facet normal 0.99785 0.0655331 0
    outer loop
      vertex -52.735 -34.2284 3
      vertex -52.75 -34 0
      vertex -52.75 -34 3
    endloop
  endfacet
  facet normal 0.99785 0.0655331 0
    outer loop
      vertex -52.75 -34 0
      vertex -52.735 -34.2284 3
      vertex -52.735 -34.2284 0
    endloop
  endfacet
  facet normal 0.194856 -0.980832 0
    outer loop
      vertex -51.4529 -32.3096 0
      vertex -51.2284 -32.265 3
      vertex -51.4529 -32.3096 3
    endloop
  endfacet
  facet normal 0.194856 -0.980832 0
    outer loop
      vertex -51.2284 -32.265 3
      vertex -51.4529 -32.3096 0
      vertex -51.2284 -32.265 0
    endloop
  endfacet
  facet normal -0.0655331 -0.99785 0
    outer loop
      vertex -49 -32.25 0
      vertex -48.7716 -32.265 3
      vertex -49 -32.25 3
    endloop
  endfacet
  facet normal -0.0655331 -0.99785 -0
    outer loop
      vertex -48.7716 -32.265 3
      vertex -49 -32.25 0
      vertex -48.7716 -32.265 0
    endloop
  endfacet
  facet normal 0.896774 -0.44249 0
    outer loop
      vertex -52.6168 -33.3303 3
      vertex -52.5155 -33.125 0
      vertex -52.5155 -33.125 3
    endloop
  endfacet
  facet normal 0.896774 -0.44249 0
    outer loop
      vertex -52.5155 -33.125 0
      vertex -52.6168 -33.3303 3
      vertex -52.6168 -33.3303 0
    endloop
  endfacet
  facet normal -0.555406 -0.831579 0
    outer loop
      vertex -48.125 -32.4845 0
      vertex -47.9347 -32.6116 3
      vertex -48.125 -32.4845 3
    endloop
  endfacet
  facet normal -0.555406 -0.831579 -0
    outer loop
      vertex -47.9347 -32.6116 3
      vertex -48.125 -32.4845 0
      vertex -47.9347 -32.6116 0
    endloop
  endfacet
  facet normal -0.44249 0.896774 0
    outer loop
      vertex -48.125 -35.5155 0
      vertex -48.3303 -35.6168 3
      vertex -48.125 -35.5155 3
    endloop
  endfacet
  facet normal -0.44249 0.896774 0
    outer loop
      vertex -48.3303 -35.6168 3
      vertex -48.125 -35.5155 0
      vertex -48.3303 -35.6168 0
    endloop
  endfacet
  facet normal 0.99785 -0.0655331 0
    outer loop
      vertex -52.75 -34 3
      vertex -52.735 -33.7716 0
      vertex -52.735 -33.7716 3
    endloop
  endfacet
  facet normal 0.99785 -0.0655331 0
    outer loop
      vertex -52.735 -33.7716 0
      vertex -52.75 -34 3
      vertex -52.75 -34 0
    endloop
  endfacet
  facet normal -0.831579 -0.555406 0
    outer loop
      vertex -47.4845 -33.125 0
      vertex -47.6116 -32.9347 3
      vertex -47.6116 -32.9347 0
    endloop
  endfacet
  facet normal -0.831579 -0.555406 0
    outer loop
      vertex -47.6116 -32.9347 3
      vertex -47.4845 -33.125 0
      vertex -47.4845 -33.125 3
    endloop
  endfacet
  facet normal -0.194856 -0.980832 0
    outer loop
      vertex -48.7716 -32.265 0
      vertex -48.5471 -32.3096 3
      vertex -48.7716 -32.265 3
    endloop
  endfacet
  facet normal -0.194856 -0.980832 -0
    outer loop
      vertex -48.5471 -32.3096 3
      vertex -48.7716 -32.265 0
      vertex -48.5471 -32.3096 0
    endloop
  endfacet
  facet normal 0.896774 0.44249 0
    outer loop
      vertex -52.5155 -34.875 3
      vertex -52.6168 -34.6697 0
      vertex -52.6168 -34.6697 3
    endloop
  endfacet
  facet normal 0.896774 0.44249 0
    outer loop
      vertex -52.6168 -34.6697 0
      vertex -52.5155 -34.875 3
      vertex -52.5155 -34.875 0
    endloop
  endfacet
  facet normal 0.0655331 0.99785 -0
    outer loop
      vertex -51 -35.75 0
      vertex -51.2284 -35.735 3
      vertex -51 -35.75 3
    endloop
  endfacet
  facet normal 0.0655331 0.99785 0
    outer loop
      vertex -51.2284 -35.735 3
      vertex -51 -35.75 0
      vertex -51.2284 -35.735 0
    endloop
  endfacet
  facet normal 0.659524 0.751683 -0
    outer loop
      vertex -52.0653 -35.3884 0
      vertex -52.2374 -35.2374 3
      vertex -52.0653 -35.3884 3
    endloop
  endfacet
  facet normal 0.659524 0.751683 0
    outer loop
      vertex -52.2374 -35.2374 3
      vertex -52.0653 -35.3884 0
      vertex -52.2374 -35.2374 0
    endloop
  endfacet
  facet normal 0.831579 0.555406 0
    outer loop
      vertex -52.3884 -35.0653 3
      vertex -52.5155 -34.875 0
      vertex -52.5155 -34.875 3
    endloop
  endfacet
  facet normal 0.831579 0.555406 0
    outer loop
      vertex -52.5155 -34.875 0
      vertex -52.3884 -35.0653 3
      vertex -52.3884 -35.0653 0
    endloop
  endfacet
  facet normal -0.0655331 0.99785 0
    outer loop
      vertex -48.7716 -35.735 0
      vertex -49 -35.75 3
      vertex -48.7716 -35.735 3
    endloop
  endfacet
  facet normal -0.0655331 0.99785 0
    outer loop
      vertex -49 -35.75 3
      vertex -48.7716 -35.735 0
      vertex -49 -35.75 0
    endloop
  endfacet
  facet normal -0.896774 0.44249 0
    outer loop
      vertex -47.4845 -34.875 0
      vertex -47.3832 -34.6697 3
      vertex -47.3832 -34.6697 0
    endloop
  endfacet
  facet normal -0.896774 0.44249 0
    outer loop
      vertex -47.3832 -34.6697 3
      vertex -47.4845 -34.875 0
      vertex -47.4845 -34.875 3
    endloop
  endfacet
  facet normal 0.321464 -0.946922 0
    outer loop
      vertex -51.6697 -32.3832 0
      vertex -51.4529 -32.3096 3
      vertex -51.6697 -32.3832 3
    endloop
  endfacet
  facet normal 0.321464 -0.946922 0
    outer loop
      vertex -51.4529 -32.3096 3
      vertex -51.6697 -32.3832 0
      vertex -51.4529 -32.3096 0
    endloop
  endfacet
  facet normal -0.751683 -0.659524 0
    outer loop
      vertex -47.6116 -32.9347 0
      vertex -47.7626 -32.7626 3
      vertex -47.7626 -32.7626 0
    endloop
  endfacet
  facet normal -0.751683 -0.659524 0
    outer loop
      vertex -47.7626 -32.7626 3
      vertex -47.6116 -32.9347 0
      vertex -47.6116 -32.9347 3
    endloop
  endfacet
  facet normal -0.321464 0.946922 0
    outer loop
      vertex -48.3303 -35.6168 0
      vertex -48.5471 -35.6904 3
      vertex -48.3303 -35.6168 3
    endloop
  endfacet
  facet normal -0.321464 0.946922 0
    outer loop
      vertex -48.5471 -35.6904 3
      vertex -48.3303 -35.6168 0
      vertex -48.5471 -35.6904 0
    endloop
  endfacet
  facet normal 0.946922 0.321464 0
    outer loop
      vertex -52.6168 -34.6697 3
      vertex -52.6904 -34.4529 0
      vertex -52.6904 -34.4529 3
    endloop
  endfacet
  facet normal 0.946922 0.321464 0
    outer loop
      vertex -52.6904 -34.4529 0
      vertex -52.6168 -34.6697 3
      vertex -52.6168 -34.6697 0
    endloop
  endfacet
  facet normal -0.896774 -0.44249 0
    outer loop
      vertex -47.3832 -33.3303 0
      vertex -47.4845 -33.125 3
      vertex -47.4845 -33.125 0
    endloop
  endfacet
  facet normal -0.896774 -0.44249 0
    outer loop
      vertex -47.4845 -33.125 3
      vertex -47.3832 -33.3303 0
      vertex -47.3832 -33.3303 3
    endloop
  endfacet
  facet normal 0.831579 -0.555406 0
    outer loop
      vertex -52.5155 -33.125 3
      vertex -52.3884 -32.9347 0
      vertex -52.3884 -32.9347 3
    endloop
  endfacet
  facet normal 0.831579 -0.555406 0
    outer loop
      vertex -52.3884 -32.9347 0
      vertex -52.5155 -33.125 3
      vertex -52.5155 -33.125 0
    endloop
  endfacet
  facet normal -0.194856 0.980832 0
    outer loop
      vertex -48.5471 -35.6904 0
      vertex -48.7716 -35.735 3
      vertex -48.5471 -35.6904 3
    endloop
  endfacet
  facet normal -0.194856 0.980832 0
    outer loop
      vertex -48.7716 -35.735 3
      vertex -48.5471 -35.6904 0
      vertex -48.7716 -35.735 0
    endloop
  endfacet
  facet normal 0.659524 -0.751683 0
    outer loop
      vertex -52.2374 -32.7626 0
      vertex -52.0653 -32.6116 3
      vertex -52.2374 -32.7626 3
    endloop
  endfacet
  facet normal 0.659524 -0.751683 0
    outer loop
      vertex -52.0653 -32.6116 3
      vertex -52.2374 -32.7626 0
      vertex -52.0653 -32.6116 0
    endloop
  endfacet
  facet normal -0.831579 0.555406 0
    outer loop
      vertex -47.6116 -35.0653 0
      vertex -47.4845 -34.875 3
      vertex -47.4845 -34.875 0
    endloop
  endfacet
  facet normal -0.831579 0.555406 0
    outer loop
      vertex -47.4845 -34.875 3
      vertex -47.6116 -35.0653 0
      vertex -47.6116 -35.0653 3
    endloop
  endfacet
  facet normal -0.751683 0.659524 0
    outer loop
      vertex -47.7626 -35.2374 0
      vertex -47.6116 -35.0653 3
      vertex -47.6116 -35.0653 0
    endloop
  endfacet
  facet normal -0.751683 0.659524 0
    outer loop
      vertex -47.6116 -35.0653 3
      vertex -47.7626 -35.2374 0
      vertex -47.7626 -35.2374 3
    endloop
  endfacet
  facet normal 0 1 -0
    outer loop
      vertex -49 -35.75 0
      vertex -51 -35.75 3
      vertex -49 -35.75 3
    endloop
  endfacet
  facet normal 0 1 0
    outer loop
      vertex -51 -35.75 3
      vertex -49 -35.75 0
      vertex -51 -35.75 0
    endloop
  endfacet
  facet normal 0.751683 -0.659524 0
    outer loop
      vertex -52.3884 -32.9347 3
      vertex -52.2374 -32.7626 0
      vertex -52.2374 -32.7626 3
    endloop
  endfacet
  facet normal 0.751683 -0.659524 0
    outer loop
      vertex -52.2374 -32.7626 0
      vertex -52.3884 -32.9347 3
      vertex -52.3884 -32.9347 0
    endloop
  endfacet
  facet normal -0.980832 -0.194856 0
    outer loop
      vertex -47.265 -33.7716 0
      vertex -47.3096 -33.5471 3
      vertex -47.3096 -33.5471 0
    endloop
  endfacet
  facet normal -0.980832 -0.194856 0
    outer loop
      vertex -47.3096 -33.5471 3
      vertex -47.265 -33.7716 0
      vertex -47.265 -33.7716 3
    endloop
  endfacet
  facet normal 0.44249 0.896774 -0
    outer loop
      vertex -51.6697 -35.6168 0
      vertex -51.875 -35.5155 3
      vertex -51.6697 -35.6168 3
    endloop
  endfacet
  facet normal 0.44249 0.896774 0
    outer loop
      vertex -51.875 -35.5155 3
      vertex -51.6697 -35.6168 0
      vertex -51.875 -35.5155 0
    endloop
  endfacet
  facet normal 0.946922 -0.321464 0
    outer loop
      vertex -52.6904 -33.5471 3
      vertex -52.6168 -33.3303 0
      vertex -52.6168 -33.3303 3
    endloop
  endfacet
  facet normal 0.946922 -0.321464 0
    outer loop
      vertex -52.6168 -33.3303 0
      vertex -52.6904 -33.5471 3
      vertex -52.6904 -33.5471 0
    endloop
  endfacet
  facet normal 0.980832 -0.194856 0
    outer loop
      vertex -52.735 -33.7716 3
      vertex -52.6904 -33.5471 0
      vertex -52.6904 -33.5471 3
    endloop
  endfacet
  facet normal 0.980832 -0.194856 0
    outer loop
      vertex -52.6904 -33.5471 0
      vertex -52.735 -33.7716 3
      vertex -52.735 -33.7716 0
    endloop
  endfacet
  facet normal -0.99785 -0.0655331 0
    outer loop
      vertex -47.25 -34 0
      vertex -47.265 -33.7716 3
      vertex -47.265 -33.7716 0
    endloop
  endfacet
  facet normal -0.99785 -0.0655331 0
    outer loop
      vertex -47.265 -33.7716 3
      vertex -47.25 -34 0
      vertex -47.25 -34 3
    endloop
  endfacet
  facet normal -0.659524 -0.751683 0
    outer loop
      vertex -47.9347 -32.6116 0
      vertex -47.7626 -32.7626 3
      vertex -47.9347 -32.6116 3
    endloop
  endfacet
  facet normal -0.659524 -0.751683 -0
    outer loop
      vertex -47.7626 -32.7626 3
      vertex -47.9347 -32.6116 0
      vertex -47.7626 -32.7626 0
    endloop
  endfacet
  facet normal 0.751683 0.659524 0
    outer loop
      vertex -52.2374 -35.2374 3
      vertex -52.3884 -35.0653 0
      vertex -52.3884 -35.0653 3
    endloop
  endfacet
  facet normal 0.751683 0.659524 0
    outer loop
      vertex -52.3884 -35.0653 0
      vertex -52.2374 -35.2374 3
      vertex -52.2374 -35.2374 0
    endloop
  endfacet
  facet normal 0.555406 -0.831579 0
    outer loop
      vertex -52.0653 -32.6116 0
      vertex -51.875 -32.4845 3
      vertex -52.0653 -32.6116 3
    endloop
  endfacet
  facet normal 0.555406 -0.831579 0
    outer loop
      vertex -51.875 -32.4845 3
      vertex -52.0653 -32.6116 0
      vertex -51.875 -32.4845 0
    endloop
  endfacet
  facet normal -0.659524 0.751683 0
    outer loop
      vertex -47.7626 -35.2374 0
      vertex -47.9347 -35.3884 3
      vertex -47.7626 -35.2374 3
    endloop
  endfacet
  facet normal -0.659524 0.751683 0
    outer loop
      vertex -47.9347 -35.3884 3
      vertex -47.7626 -35.2374 0
      vertex -47.9347 -35.3884 0
    endloop
  endfacet
  facet normal 0.555406 0.831579 -0
    outer loop
      vertex -51.875 -35.5155 0
      vertex -52.0653 -35.3884 3
      vertex -51.875 -35.5155 3
    endloop
  endfacet
  facet normal 0.555406 0.831579 0
    outer loop
      vertex -52.0653 -35.3884 3
      vertex -51.875 -35.5155 0
      vertex -52.0653 -35.3884 0
    endloop
  endfacet
  facet normal -0.980832 0.194856 0
    outer loop
      vertex -47.3096 -34.4529 0
      vertex -47.265 -34.2284 3
      vertex -47.265 -34.2284 0
    endloop
  endfacet
  facet normal -0.980832 0.194856 0
    outer loop
      vertex -47.265 -34.2284 3
      vertex -47.3096 -34.4529 0
      vertex -47.3096 -34.4529 3
    endloop
  endfacet
  facet normal 0.321464 0.946922 -0
    outer loop
      vertex -51.4529 -35.6904 0
      vertex -51.6697 -35.6168 3
      vertex -51.4529 -35.6904 3
    endloop
  endfacet
  facet normal 0.321464 0.946922 0
    outer loop
      vertex -51.6697 -35.6168 3
      vertex -51.4529 -35.6904 0
      vertex -51.6697 -35.6168 0
    endloop
  endfacet
  facet normal 0.0655331 -0.99785 0
    outer loop
      vertex -51.2284 -32.265 0
      vertex -51 -32.25 3
      vertex -51.2284 -32.265 3
    endloop
  endfacet
  facet normal 0.0655331 -0.99785 0
    outer loop
      vertex -51 -32.25 3
      vertex -51.2284 -32.265 0
      vertex -51 -32.25 0
    endloop
  endfacet
  facet normal 0 -1 0
    outer loop
      vertex -51 -32.25 0
      vertex -49 -32.25 3
      vertex -51 -32.25 3
    endloop
  endfacet
  facet normal 0 -1 -0
    outer loop
      vertex -49 -32.25 3
      vertex -51 -32.25 0
      vertex -49 -32.25 0
    endloop
  endfacet
  facet normal -0.99785 0.0655331 0
    outer loop
      vertex -47.265 -34.2284 0
      vertex -47.25 -34 3
      vertex -47.25 -34 0
    endloop
  endfacet
  facet normal -0.99785 0.0655331 0
    outer loop
      vertex -47.25 -34 3
      vertex -47.265 -34.2284 0
      vertex -47.265 -34.2284 3
    endloop
  endfacet
  facet normal 0.194856 0.980832 -0
    outer loop
      vertex -51.2284 -35.735 0
      vertex -51.4529 -35.6904 3
      vertex -51.2284 -35.735 3
    endloop
  endfacet
  facet normal 0.194856 0.980832 0
    outer loop
      vertex -51.4529 -35.6904 3
      vertex -51.2284 -35.735 0
      vertex -51.4529 -35.6904 0
    endloop
  endfacet
  facet normal 0.44249 -0.896774 0
    outer loop
      vertex -51.875 -32.4845 0
      vertex -51.6697 -32.3832 3
      vertex -51.875 -32.4845 3
    endloop
  endfacet
  facet normal 0.44249 -0.896774 0
    outer loop
      vertex -51.6697 -32.3832 3
      vertex -51.875 -32.4845 0
      vertex -51.6697 -32.3832 0
    endloop
  endfacet
  facet normal -0.321464 -0.946922 0
    outer loop
      vertex -48.5471 -32.3096 0
      vertex -48.3303 -32.3832 3
      vertex -48.5471 -32.3096 3
    endloop
  endfacet
  facet normal -0.321464 -0.946922 -0
    outer loop
      vertex -48.3303 -32.3832 3
      vertex -48.5471 -32.3096 0
      vertex -48.3303 -32.3832 0
    endloop
  endfacet
  facet normal -0.555406 0.831579 0
    outer loop
      vertex -47.9347 -35.3884 0
      vertex -48.125 -35.5155 3
      vertex -47.9347 -35.3884 3
    endloop
  endfacet
  facet normal -0.555406 0.831579 0
    outer loop
      vertex -48.125 -35.5155 3
      vertex -47.9347 -35.3884 0
      vertex -48.125 -35.5155 0
    endloop
  endfacet
  facet normal -0.946922 0.321464 0
    outer loop
      vertex -47.3832 -34.6697 0
      vertex -47.3096 -34.4529 3
      vertex -47.3096 -34.4529 0
    endloop
  endfacet
  facet normal -0.946922 0.321464 0
    outer loop
      vertex -47.3096 -34.4529 3
      vertex -47.3832 -34.6697 0
      vertex -47.3832 -34.6697 3
    endloop
  endfacet
  facet normal -0.946922 -0.321464 0
    outer loop
      vertex -47.3096 -33.5471 0
      vertex -47.3832 -33.3303 3
      vertex -47.3832 -33.3303 0
    endloop
  endfacet
  facet normal -0.946922 -0.321464 0
    outer loop
      vertex -47.3832 -33.3303 3
      vertex -47.3096 -33.5471 0
      vertex -47.3096 -33.5471 3
    endloop
  endfacet
  facet normal -0.44249 -0.896774 0
    outer loop
      vertex -48.3303 -32.3832 0
      vertex -48.125 -32.4845 3
      vertex -48.3303 -32.3832 3
    endloop
  endfacet
  facet normal -0.44249 -0.896774 -0
    outer loop
      vertex -48.125 -32.4845 3
      vertex -48.3303 -32.3832 0
      vertex -48.125 -32.4845 0
    endloop
  endfacet
  facet normal -0.751683 0.659524 0
    outer loop
      vertex -47.7626 32.7626 0
      vertex -47.6116 32.9347 3
      vertex -47.6116 32.9347 0
    endloop
  endfacet
  facet normal -0.751683 0.659524 0
    outer loop
      vertex -47.6116 32.9347 3
      vertex -47.7626 32.7626 0
      vertex -47.7626 32.7626 3
    endloop
  endfacet
  facet normal 0.946922 0.321464 0
    outer loop
      vertex -52.6168 33.3303 3
      vertex -52.6904 33.5471 0
      vertex -52.6904 33.5471 3
    endloop
  endfacet
  facet normal 0.946922 0.321464 0
    outer loop
      vertex -52.6904 33.5471 0
      vertex -52.6168 33.3303 3
      vertex -52.6168 33.3303 0
    endloop
  endfacet
  facet normal 0.321464 0.946922 -0
    outer loop
      vertex -51.4529 32.3096 0
      vertex -51.6697 32.3832 3
      vertex -51.4529 32.3096 3
    endloop
  endfacet
  facet normal 0.321464 0.946922 0
    outer loop
      vertex -51.6697 32.3832 3
      vertex -51.4529 32.3096 0
      vertex -51.6697 32.3832 0
    endloop
  endfacet
  facet normal 0.659524 0.751683 -0
    outer loop
      vertex -52.0653 32.6116 0
      vertex -52.2374 32.7626 3
      vertex -52.0653 32.6116 3
    endloop
  endfacet
  facet normal 0.659524 0.751683 0
    outer loop
      vertex -52.2374 32.7626 3
      vertex -52.0653 32.6116 0
      vertex -52.2374 32.7626 0
    endloop
  endfacet
  facet normal 0.831579 0.555406 0
    outer loop
      vertex -52.3884 32.9347 3
      vertex -52.5155 33.125 0
      vertex -52.5155 33.125 3
    endloop
  endfacet
  facet normal 0.831579 0.555406 0
    outer loop
      vertex -52.5155 33.125 0
      vertex -52.3884 32.9347 3
      vertex -52.3884 32.9347 0
    endloop
  endfacet
  facet normal -0.896774 -0.44249 0
    outer loop
      vertex -47.3832 34.6697 0
      vertex -47.4845 34.875 3
      vertex -47.4845 34.875 0
    endloop
  endfacet
  facet normal -0.896774 -0.44249 0
    outer loop
      vertex -47.4845 34.875 3
      vertex -47.3832 34.6697 0
      vertex -47.3832 34.6697 3
    endloop
  endfacet
  facet normal 0.194856 0.980832 -0
    outer loop
      vertex -51.2284 32.265 0
      vertex -51.4529 32.3096 3
      vertex -51.2284 32.265 3
    endloop
  endfacet
  facet normal 0.194856 0.980832 0
    outer loop
      vertex -51.4529 32.3096 3
      vertex -51.2284 32.265 0
      vertex -51.4529 32.3096 0
    endloop
  endfacet
  facet normal 0 -1 0
    outer loop
      vertex -51 35.75 0
      vertex -49 35.75 3
      vertex -51 35.75 3
    endloop
  endfacet
  facet normal 0 -1 -0
    outer loop
      vertex -49 35.75 3
      vertex -51 35.75 0
      vertex -49 35.75 0
    endloop
  endfacet
  facet normal 0.980832 -0.194856 0
    outer loop
      vertex -52.735 34.2284 3
      vertex -52.6904 34.4529 0
      vertex -52.6904 34.4529 3
    endloop
  endfacet
  facet normal 0.980832 -0.194856 0
    outer loop
      vertex -52.6904 34.4529 0
      vertex -52.735 34.2284 3
      vertex -52.735 34.2284 0
    endloop
  endfacet
  facet normal 0.99785 0.0655331 0
    outer loop
      vertex -52.735 33.7716 3
      vertex -52.75 34 0
      vertex -52.75 34 3
    endloop
  endfacet
  facet normal 0.99785 0.0655331 0
    outer loop
      vertex -52.75 34 0
      vertex -52.735 33.7716 3
      vertex -52.735 33.7716 0
    endloop
  endfacet
  facet normal -0.831579 0.555406 0
    outer loop
      vertex -47.6116 32.9347 0
      vertex -47.4845 33.125 3
      vertex -47.4845 33.125 0
    endloop
  endfacet
  facet normal -0.831579 0.555406 0
    outer loop
      vertex -47.4845 33.125 3
      vertex -47.6116 32.9347 0
      vertex -47.6116 32.9347 3
    endloop
  endfacet
  facet normal -0.980832 -0.194856 0
    outer loop
      vertex -47.265 34.2284 0
      vertex -47.3096 34.4529 3
      vertex -47.3096 34.4529 0
    endloop
  endfacet
  facet normal -0.980832 -0.194856 0
    outer loop
      vertex -47.3096 34.4529 3
      vertex -47.265 34.2284 0
      vertex -47.265 34.2284 3
    endloop
  endfacet
  facet normal 0.980832 0.194856 0
    outer loop
      vertex -52.6904 33.5471 3
      vertex -52.735 33.7716 0
      vertex -52.735 33.7716 3
    endloop
  endfacet
  facet normal 0.980832 0.194856 0
    outer loop
      vertex -52.735 33.7716 0
      vertex -52.6904 33.5471 3
      vertex -52.6904 33.5471 0
    endloop
  endfacet
  facet normal 0.0655331 -0.99785 0
    outer loop
      vertex -51.2284 35.735 0
      vertex -51 35.75 3
      vertex -51.2284 35.735 3
    endloop
  endfacet
  facet normal 0.0655331 -0.99785 0
    outer loop
      vertex -51 35.75 3
      vertex -51.2284 35.735 0
      vertex -51 35.75 0
    endloop
  endfacet
  facet normal -0.194856 0.980832 0
    outer loop
      vertex -48.5471 32.3096 0
      vertex -48.7716 32.265 3
      vertex -48.5471 32.3096 3
    endloop
  endfacet
  facet normal -0.194856 0.980832 0
    outer loop
      vertex -48.7716 32.265 3
      vertex -48.5471 32.3096 0
      vertex -48.7716 32.265 0
    endloop
  endfacet
  facet normal -0.194856 -0.980832 0
    outer loop
      vertex -48.7716 35.735 0
      vertex -48.5471 35.6904 3
      vertex -48.7716 35.735 3
    endloop
  endfacet
  facet normal -0.194856 -0.980832 -0
    outer loop
      vertex -48.5471 35.6904 3
      vertex -48.7716 35.735 0
      vertex -48.5471 35.6904 0
    endloop
  endfacet
  facet normal 0.0655331 0.99785 -0
    outer loop
      vertex -51 32.25 0
      vertex -51.2284 32.265 3
      vertex -51 32.25 3
    endloop
  endfacet
  facet normal 0.0655331 0.99785 0
    outer loop
      vertex -51.2284 32.265 3
      vertex -51 32.25 0
      vertex -51.2284 32.265 0
    endloop
  endfacet
  facet normal 0.44249 0.896774 -0
    outer loop
      vertex -51.6697 32.3832 0
      vertex -51.875 32.4845 3
      vertex -51.6697 32.3832 3
    endloop
  endfacet
  facet normal 0.44249 0.896774 0
    outer loop
      vertex -51.875 32.4845 3
      vertex -51.6697 32.3832 0
      vertex -51.875 32.4845 0
    endloop
  endfacet
  facet normal -0.0655331 -0.99785 0
    outer loop
      vertex -49 35.75 0
      vertex -48.7716 35.735 3
      vertex -49 35.75 3
    endloop
  endfacet
  facet normal -0.0655331 -0.99785 -0
    outer loop
      vertex -48.7716 35.735 3
      vertex -49 35.75 0
      vertex -48.7716 35.735 0
    endloop
  endfacet
  facet normal 0.751683 -0.659524 0
    outer loop
      vertex -52.3884 35.0653 3
      vertex -52.2374 35.2374 0
      vertex -52.2374 35.2374 3
    endloop
  endfacet
  facet normal 0.751683 -0.659524 0
    outer loop
      vertex -52.2374 35.2374 0
      vertex -52.3884 35.0653 3
      vertex -52.3884 35.0653 0
    endloop
  endfacet
  facet normal 0.99785 -0.0655331 0
    outer loop
      vertex -52.75 34 3
      vertex -52.735 34.2284 0
      vertex -52.735 34.2284 3
    endloop
  endfacet
  facet normal 0.99785 -0.0655331 0
    outer loop
      vertex -52.735 34.2284 0
      vertex -52.75 34 3
      vertex -52.75 34 0
    endloop
  endfacet
  facet normal -0.99785 -0.0655331 0
    outer loop
      vertex -47.25 34 0
      vertex -47.265 34.2284 3
      vertex -47.265 34.2284 0
    endloop
  endfacet
  facet normal -0.99785 -0.0655331 0
    outer loop
      vertex -47.265 34.2284 3
      vertex -47.25 34 0
      vertex -47.25 34 3
    endloop
  endfacet
  facet normal -0.946922 0.321464 0
    outer loop
      vertex -47.3832 33.3303 0
      vertex -47.3096 33.5471 3
      vertex -47.3096 33.5471 0
    endloop
  endfacet
  facet normal -0.946922 0.321464 0
    outer loop
      vertex -47.3096 33.5471 3
      vertex -47.3832 33.3303 0
      vertex -47.3832 33.3303 3
    endloop
  endfacet
  facet normal 0.946922 -0.321464 0
    outer loop
      vertex -52.6904 34.4529 3
      vertex -52.6168 34.6697 0
      vertex -52.6168 34.6697 3
    endloop
  endfacet
  facet normal 0.946922 -0.321464 0
    outer loop
      vertex -52.6168 34.6697 0
      vertex -52.6904 34.4529 3
      vertex -52.6904 34.4529 0
    endloop
  endfacet
  facet normal 0 1 -0
    outer loop
      vertex -49 32.25 0
      vertex -51 32.25 3
      vertex -49 32.25 3
    endloop
  endfacet
  facet normal 0 1 0
    outer loop
      vertex -51 32.25 3
      vertex -49 32.25 0
      vertex -51 32.25 0
    endloop
  endfacet
  facet normal -0.555406 0.831579 0
    outer loop
      vertex -47.9347 32.6116 0
      vertex -48.125 32.4845 3
      vertex -47.9347 32.6116 3
    endloop
  endfacet
  facet normal -0.555406 0.831579 0
    outer loop
      vertex -48.125 32.4845 3
      vertex -47.9347 32.6116 0
      vertex -48.125 32.4845 0
    endloop
  endfacet
  facet normal -0.659524 -0.751683 0
    outer loop
      vertex -47.9347 35.3884 0
      vertex -47.7626 35.2374 3
      vertex -47.9347 35.3884 3
    endloop
  endfacet
  facet normal -0.659524 -0.751683 -0
    outer loop
      vertex -47.7626 35.2374 3
      vertex -47.9347 35.3884 0
      vertex -47.7626 35.2374 0
    endloop
  endfacet
  facet normal 0.555406 -0.831579 0
    outer loop
      vertex -52.0653 35.3884 0
      vertex -51.875 35.5155 3
      vertex -52.0653 35.3884 3
    endloop
  endfacet
  facet normal 0.555406 -0.831579 0
    outer loop
      vertex -51.875 35.5155 3
      vertex -52.0653 35.3884 0
      vertex -51.875 35.5155 0
    endloop
  endfacet
  facet normal 0.44249 -0.896774 0
    outer loop
      vertex -51.875 35.5155 0
      vertex -51.6697 35.6168 3
      vertex -51.875 35.5155 3
    endloop
  endfacet
  facet normal 0.44249 -0.896774 0
    outer loop
      vertex -51.6697 35.6168 3
      vertex -51.875 35.5155 0
      vertex -51.6697 35.6168 0
    endloop
  endfacet
  facet normal -0.0655331 0.99785 0
    outer loop
      vertex -48.7716 32.265 0
      vertex -49 32.25 3
      vertex -48.7716 32.265 3
    endloop
  endfacet
  facet normal -0.0655331 0.99785 0
    outer loop
      vertex -49 32.25 3
      vertex -48.7716 32.265 0
      vertex -49 32.25 0
    endloop
  endfacet
  facet normal 0.896774 -0.44249 0
    outer loop
      vertex -52.6168 34.6697 3
      vertex -52.5155 34.875 0
      vertex -52.5155 34.875 3
    endloop
  endfacet
  facet normal 0.896774 -0.44249 0
    outer loop
      vertex -52.5155 34.875 0
      vertex -52.6168 34.6697 3
      vertex -52.6168 34.6697 0
    endloop
  endfacet
  facet normal -0.831579 -0.555406 0
    outer loop
      vertex -47.4845 34.875 0
      vertex -47.6116 35.0653 3
      vertex -47.6116 35.0653 0
    endloop
  endfacet
  facet normal -0.831579 -0.555406 0
    outer loop
      vertex -47.6116 35.0653 3
      vertex -47.4845 34.875 0
      vertex -47.4845 34.875 3
    endloop
  endfacet
  facet normal -0.659524 0.751683 0
    outer loop
      vertex -47.7626 32.7626 0
      vertex -47.9347 32.6116 3
      vertex -47.7626 32.7626 3
    endloop
  endfacet
  facet normal -0.659524 0.751683 0
    outer loop
      vertex -47.9347 32.6116 3
      vertex -47.7626 32.7626 0
      vertex -47.9347 32.6116 0
    endloop
  endfacet
  facet normal -0.99785 0.0655331 0
    outer loop
      vertex -47.265 33.7716 0
      vertex -47.25 34 3
      vertex -47.25 34 0
    endloop
  endfacet
  facet normal -0.99785 0.0655331 0
    outer loop
      vertex -47.25 34 3
      vertex -47.265 33.7716 0
      vertex -47.265 33.7716 3
    endloop
  endfacet
  facet normal -0.44249 -0.896774 0
    outer loop
      vertex -48.3303 35.6168 0
      vertex -48.125 35.5155 3
      vertex -48.3303 35.6168 3
    endloop
  endfacet
  facet normal -0.44249 -0.896774 -0
    outer loop
      vertex -48.125 35.5155 3
      vertex -48.3303 35.6168 0
      vertex -48.125 35.5155 0
    endloop
  endfacet
  facet normal -0.44249 0.896774 0
    outer loop
      vertex -48.125 32.4845 0
      vertex -48.3303 32.3832 3
      vertex -48.125 32.4845 3
    endloop
  endfacet
  facet normal -0.44249 0.896774 0
    outer loop
      vertex -48.3303 32.3832 3
      vertex -48.125 32.4845 0
      vertex -48.3303 32.3832 0
    endloop
  endfacet
  facet normal -0.321464 -0.946922 0
    outer loop
      vertex -48.5471 35.6904 0
      vertex -48.3303 35.6168 3
      vertex -48.5471 35.6904 3
    endloop
  endfacet
  facet normal -0.321464 -0.946922 -0
    outer loop
      vertex -48.3303 35.6168 3
      vertex -48.5471 35.6904 0
      vertex -48.3303 35.6168 0
    endloop
  endfacet
  facet normal 0.751683 0.659524 0
    outer loop
      vertex -52.2374 32.7626 3
      vertex -52.3884 32.9347 0
      vertex -52.3884 32.9347 3
    endloop
  endfacet
  facet normal 0.751683 0.659524 0
    outer loop
      vertex -52.3884 32.9347 0
      vertex -52.2374 32.7626 3
      vertex -52.2374 32.7626 0
    endloop
  endfacet
  facet normal -0.321464 0.946922 0
    outer loop
      vertex -48.3303 32.3832 0
      vertex -48.5471 32.3096 3
      vertex -48.3303 32.3832 3
    endloop
  endfacet
  facet normal -0.321464 0.946922 0
    outer loop
      vertex -48.5471 32.3096 3
      vertex -48.3303 32.3832 0
      vertex -48.5471 32.3096 0
    endloop
  endfacet
  facet normal 0.659524 -0.751683 0
    outer loop
      vertex -52.2374 35.2374 0
      vertex -52.0653 35.3884 3
      vertex -52.2374 35.2374 3
    endloop
  endfacet
  facet normal 0.659524 -0.751683 0
    outer loop
      vertex -52.0653 35.3884 3
      vertex -52.2374 35.2374 0
      vertex -52.0653 35.3884 0
    endloop
  endfacet
  facet normal 0.896774 0.44249 0
    outer loop
      vertex -52.5155 33.125 3
      vertex -52.6168 33.3303 0
      vertex -52.6168 33.3303 3
    endloop
  endfacet
  facet normal 0.896774 0.44249 0
    outer loop
      vertex -52.6168 33.3303 0
      vertex -52.5155 33.125 3
      vertex -52.5155 33.125 0
    endloop
  endfacet
  facet normal -0.896774 0.44249 0
    outer loop
      vertex -47.4845 33.125 0
      vertex -47.3832 33.3303 3
      vertex -47.3832 33.3303 0
    endloop
  endfacet
  facet normal -0.896774 0.44249 0
    outer loop
      vertex -47.3832 33.3303 3
      vertex -47.4845 33.125 0
      vertex -47.4845 33.125 3
    endloop
  endfacet
  facet normal 0.555406 0.831579 -0
    outer loop
      vertex -51.875 32.4845 0
      vertex -52.0653 32.6116 3
      vertex -51.875 32.4845 3
    endloop
  endfacet
  facet normal 0.555406 0.831579 0
    outer loop
      vertex -52.0653 32.6116 3
      vertex -51.875 32.4845 0
      vertex -52.0653 32.6116 0
    endloop
  endfacet
  facet normal -0.751683 -0.659524 0
    outer loop
      vertex -47.6116 35.0653 0
      vertex -47.7626 35.2374 3
      vertex -47.7626 35.2374 0
    endloop
  endfacet
  facet normal -0.751683 -0.659524 0
    outer loop
      vertex -47.7626 35.2374 3
      vertex -47.6116 35.0653 0
      vertex -47.6116 35.0653 3
    endloop
  endfacet
  facet normal 0.831579 -0.555406 0
    outer loop
      vertex -52.5155 34.875 3
      vertex -52.3884 35.0653 0
      vertex -52.3884 35.0653 3
    endloop
  endfacet
  facet normal 0.831579 -0.555406 0
    outer loop
      vertex -52.3884 35.0653 0
      vertex -52.5155 34.875 3
      vertex -52.5155 34.875 0
    endloop
  endfacet
  facet normal -0.555406 -0.831579 0
    outer loop
      vertex -48.125 35.5155 0
      vertex -47.9347 35.3884 3
      vertex -48.125 35.5155 3
    endloop
  endfacet
  facet normal -0.555406 -0.831579 -0
    outer loop
      vertex -47.9347 35.3884 3
      vertex -48.125 35.5155 0
      vertex -47.9347 35.3884 0
    endloop
  endfacet
  facet normal -0.980832 0.194856 0
    outer loop
      vertex -47.3096 33.5471 0
      vertex -47.265 33.7716 3
      vertex -47.265 33.7716 0
    endloop
  endfacet
  facet normal -0.980832 0.194856 0
    outer loop
      vertex -47.265 33.7716 3
      vertex -47.3096 33.5471 0
      vertex -47.3096 33.5471 3
    endloop
  endfacet
  facet normal 0.194856 -0.980832 0
    outer loop
      vertex -51.4529 35.6904 0
      vertex -51.2284 35.735 3
      vertex -51.4529 35.6904 3
    endloop
  endfacet
  facet normal 0.194856 -0.980832 0
    outer loop
      vertex -51.2284 35.735 3
      vertex -51.4529 35.6904 0
      vertex -51.2284 35.735 0
    endloop
  endfacet
  facet normal 0.321464 -0.946922 0
    outer loop
      vertex -51.6697 35.6168 0
      vertex -51.4529 35.6904 3
      vertex -51.6697 35.6168 3
    endloop
  endfacet
  facet normal 0.321464 -0.946922 0
    outer loop
      vertex -51.4529 35.6904 3
      vertex -51.6697 35.6168 0
      vertex -51.4529 35.6904 0
    endloop
  endfacet
  facet normal -0.946922 -0.321464 0
    outer loop
      vertex -47.3096 34.4529 0
      vertex -47.3832 34.6697 3
      vertex -47.3832 34.6697 0
    endloop
  endfacet
  facet normal -0.946922 -0.321464 0
    outer loop
      vertex -47.3832 34.6697 3
      vertex -47.3096 34.4529 0
      vertex -47.3096 34.4529 3
    endloop
  endfacet
  facet normal 0.980832 0.194856 0
    outer loop
      vertex 47.3096 -34.4529 3
      vertex 47.265 -34.2284 0
      vertex 47.265 -34.2284 3
    endloop
  endfacet
  facet normal 0.980832 0.194856 0
    outer loop
      vertex 47.265 -34.2284 0
      vertex 47.3096 -34.4529 3
      vertex 47.3096 -34.4529 0
    endloop
  endfacet
  facet normal -0.0655331 -0.99785 0
    outer loop
      vertex 51 -32.25 0
      vertex 51.2284 -32.265 3
      vertex 51 -32.25 3
    endloop
  endfacet
  facet normal -0.0655331 -0.99785 -0
    outer loop
      vertex 51.2284 -32.265 3
      vertex 51 -32.25 0
      vertex 51.2284 -32.265 0
    endloop
  endfacet
  facet normal 0.321464 -0.946922 0
    outer loop
      vertex 48.3303 -32.3832 0
      vertex 48.5471 -32.3096 3
      vertex 48.3303 -32.3832 3
    endloop
  endfacet
  facet normal 0.321464 -0.946922 0
    outer loop
      vertex 48.5471 -32.3096 3
      vertex 48.3303 -32.3832 0
      vertex 48.5471 -32.3096 0
    endloop
  endfacet
  facet normal -0.555406 -0.831579 0
    outer loop
      vertex 51.875 -32.4845 0
      vertex 52.0653 -32.6116 3
      vertex 51.875 -32.4845 3
    endloop
  endfacet
  facet normal -0.555406 -0.831579 -0
    outer loop
      vertex 52.0653 -32.6116 3
      vertex 51.875 -32.4845 0
      vertex 52.0653 -32.6116 0
    endloop
  endfacet
  facet normal -0.194856 0.980832 0
    outer loop
      vertex 51.4529 -35.6904 0
      vertex 51.2284 -35.735 3
      vertex 51.4529 -35.6904 3
    endloop
  endfacet
  facet normal -0.194856 0.980832 0
    outer loop
      vertex 51.2284 -35.735 3
      vertex 51.4529 -35.6904 0
      vertex 51.2284 -35.735 0
    endloop
  endfacet
  facet normal 0.99785 0.0655331 0
    outer loop
      vertex 47.265 -34.2284 3
      vertex 47.25 -34 0
      vertex 47.25 -34 3
    endloop
  endfacet
  facet normal 0.99785 0.0655331 0
    outer loop
      vertex 47.25 -34 0
      vertex 47.265 -34.2284 3
      vertex 47.265 -34.2284 0
    endloop
  endfacet
  facet normal -0.194856 -0.980832 0
    outer loop
      vertex 51.2284 -32.265 0
      vertex 51.4529 -32.3096 3
      vertex 51.2284 -32.265 3
    endloop
  endfacet
  facet normal -0.194856 -0.980832 -0
    outer loop
      vertex 51.4529 -32.3096 3
      vertex 51.2284 -32.265 0
      vertex 51.4529 -32.3096 0
    endloop
  endfacet
  facet normal 0.0655331 0.99785 -0
    outer loop
      vertex 49 -35.75 0
      vertex 48.7716 -35.735 3
      vertex 49 -35.75 3
    endloop
  endfacet
  facet normal 0.0655331 0.99785 0
    outer loop
      vertex 48.7716 -35.735 3
      vertex 49 -35.75 0
      vertex 48.7716 -35.735 0
    endloop
  endfacet
  facet normal 0.99785 -0.0655331 0
    outer loop
      vertex 47.25 -34 3
      vertex 47.265 -33.7716 0
      vertex 47.265 -33.7716 3
    endloop
  endfacet
  facet normal 0.99785 -0.0655331 0
    outer loop
      vertex 47.265 -33.7716 0
      vertex 47.25 -34 3
      vertex 47.25 -34 0
    endloop
  endfacet
  facet normal 0.659524 -0.751683 0
    outer loop
      vertex 47.7626 -32.7626 0
      vertex 47.9347 -32.6116 3
      vertex 47.7626 -32.7626 3
    endloop
  endfacet
  facet normal 0.659524 -0.751683 0
    outer loop
      vertex 47.9347 -32.6116 3
      vertex 47.7626 -32.7626 0
      vertex 47.9347 -32.6116 0
    endloop
  endfacet
  facet normal -0.980832 0.194856 0
    outer loop
      vertex 52.6904 -34.4529 0
      vertex 52.735 -34.2284 3
      vertex 52.735 -34.2284 0
    endloop
  endfacet
  facet normal -0.980832 0.194856 0
    outer loop
      vertex 52.735 -34.2284 3
      vertex 52.6904 -34.4529 0
      vertex 52.6904 -34.4529 3
    endloop
  endfacet
  facet normal 0.751683 -0.659524 0
    outer loop
      vertex 47.6116 -32.9347 3
      vertex 47.7626 -32.7626 0
      vertex 47.7626 -32.7626 3
    endloop
  endfacet
  facet normal 0.751683 -0.659524 0
    outer loop
      vertex 47.7626 -32.7626 0
      vertex 47.6116 -32.9347 3
      vertex 47.6116 -32.9347 0
    endloop
  endfacet
  facet normal -0.555406 0.831579 0
    outer loop
      vertex 52.0653 -35.3884 0
      vertex 51.875 -35.5155 3
      vertex 52.0653 -35.3884 3
    endloop
  endfacet
  facet normal -0.555406 0.831579 0
    outer loop
      vertex 51.875 -35.5155 3
      vertex 52.0653 -35.3884 0
      vertex 51.875 -35.5155 0
    endloop
  endfacet
  facet normal -0.751683 -0.659524 0
    outer loop
      vertex 52.3884 -32.9347 0
      vertex 52.2374 -32.7626 3
      vertex 52.2374 -32.7626 0
    endloop
  endfacet
  facet normal -0.751683 -0.659524 0
    outer loop
      vertex 52.2374 -32.7626 3
      vertex 52.3884 -32.9347 0
      vertex 52.3884 -32.9347 3
    endloop
  endfacet
  facet normal -0.896774 0.44249 0
    outer loop
      vertex 52.5155 -34.875 0
      vertex 52.6168 -34.6697 3
      vertex 52.6168 -34.6697 0
    endloop
  endfacet
  facet normal -0.896774 0.44249 0
    outer loop
      vertex 52.6168 -34.6697 3
      vertex 52.5155 -34.875 0
      vertex 52.5155 -34.875 3
    endloop
  endfacet
  facet normal -0.99785 -0.0655331 0
    outer loop
      vertex 52.75 -34 0
      vertex 52.735 -33.7716 3
      vertex 52.735 -33.7716 0
    endloop
  endfacet
  facet normal -0.99785 -0.0655331 0
    outer loop
      vertex 52.735 -33.7716 3
      vertex 52.75 -34 0
      vertex 52.75 -34 3
    endloop
  endfacet
  facet normal 0.659524 0.751683 -0
    outer loop
      vertex 47.9347 -35.3884 0
      vertex 47.7626 -35.2374 3
      vertex 47.9347 -35.3884 3
    endloop
  endfacet
  facet normal 0.659524 0.751683 0
    outer loop
      vertex 47.7626 -35.2374 3
      vertex 47.9347 -35.3884 0
      vertex 47.7626 -35.2374 0
    endloop
  endfacet
  facet normal -0.946922 0.321464 0
    outer loop
      vertex 52.6168 -34.6697 0
      vertex 52.6904 -34.4529 3
      vertex 52.6904 -34.4529 0
    endloop
  endfacet
  facet normal -0.946922 0.321464 0
    outer loop
      vertex 52.6904 -34.4529 3
      vertex 52.6168 -34.6697 0
      vertex 52.6168 -34.6697 3
    endloop
  endfacet
  facet normal 0.194856 0.980832 -0
    outer loop
      vertex 48.7716 -35.735 0
      vertex 48.5471 -35.6904 3
      vertex 48.7716 -35.735 3
    endloop
  endfacet
  facet normal 0.194856 0.980832 0
    outer loop
      vertex 48.5471 -35.6904 3
      vertex 48.7716 -35.735 0
      vertex 48.5471 -35.6904 0
    endloop
  endfacet
  facet normal -0.659524 -0.751683 0
    outer loop
      vertex 52.0653 -32.6116 0
      vertex 52.2374 -32.7626 3
      vertex 52.0653 -32.6116 3
    endloop
  endfacet
  facet normal -0.659524 -0.751683 -0
    outer loop
      vertex 52.2374 -32.7626 3
      vertex 52.0653 -32.6116 0
      vertex 52.2374 -32.7626 0
    endloop
  endfacet
  facet normal 0.946922 0.321464 0
    outer loop
      vertex 47.3832 -34.6697 3
      vertex 47.3096 -34.4529 0
      vertex 47.3096 -34.4529 3
    endloop
  endfacet
  facet normal 0.946922 0.321464 0
    outer loop
      vertex 47.3096 -34.4529 0
      vertex 47.3832 -34.6697 3
      vertex 47.3832 -34.6697 0
    endloop
  endfacet
  facet normal 0.831579 -0.555406 0
    outer loop
      vertex 47.4845 -33.125 3
      vertex 47.6116 -32.9347 0
      vertex 47.6116 -32.9347 3
    endloop
  endfacet
  facet normal 0.831579 -0.555406 0
    outer loop
      vertex 47.6116 -32.9347 0
      vertex 47.4845 -33.125 3
      vertex 47.4845 -33.125 0
    endloop
  endfacet
  facet normal -0.99785 0.0655331 0
    outer loop
      vertex 52.735 -34.2284 0
      vertex 52.75 -34 3
      vertex 52.75 -34 0
    endloop
  endfacet
  facet normal -0.99785 0.0655331 0
    outer loop
      vertex 52.75 -34 3
      vertex 52.735 -34.2284 0
      vertex 52.735 -34.2284 3
    endloop
  endfacet
  facet normal -0.980832 -0.194856 0
    outer loop
      vertex 52.735 -33.7716 0
      vertex 52.6904 -33.5471 3
      vertex 52.6904 -33.5471 0
    endloop
  endfacet
  facet normal -0.980832 -0.194856 0
    outer loop
      vertex 52.6904 -33.5471 3
      vertex 52.735 -33.7716 0
      vertex 52.735 -33.7716 3
    endloop
  endfacet
  facet normal 0.946922 -0.321464 0
    outer loop
      vertex 47.3096 -33.5471 3
      vertex 47.3832 -33.3303 0
      vertex 47.3832 -33.3303 3
    endloop
  endfacet
  facet normal 0.946922 -0.321464 0
    outer loop
      vertex 47.3832 -33.3303 0
      vertex 47.3096 -33.5471 3
      vertex 47.3096 -33.5471 0
    endloop
  endfacet
  facet normal 0.980832 -0.194856 0
    outer loop
      vertex 47.265 -33.7716 3
      vertex 47.3096 -33.5471 0
      vertex 47.3096 -33.5471 3
    endloop
  endfacet
  facet normal 0.980832 -0.194856 0
    outer loop
      vertex 47.3096 -33.5471 0
      vertex 47.265 -33.7716 3
      vertex 47.265 -33.7716 0
    endloop
  endfacet
  facet normal -0.321464 0.946922 0
    outer loop
      vertex 51.6697 -35.6168 0
      vertex 51.4529 -35.6904 3
      vertex 51.6697 -35.6168 3
    endloop
  endfacet
  facet normal -0.321464 0.946922 0
    outer loop
      vertex 51.4529 -35.6904 3
      vertex 51.6697 -35.6168 0
      vertex 51.4529 -35.6904 0
    endloop
  endfacet
  facet normal -0.896774 -0.44249 0
    outer loop
      vertex 52.6168 -33.3303 0
      vertex 52.5155 -33.125 3
      vertex 52.5155 -33.125 0
    endloop
  endfacet
  facet normal -0.896774 -0.44249 0
    outer loop
      vertex 52.5155 -33.125 3
      vertex 52.6168 -33.3303 0
      vertex 52.6168 -33.3303 3
    endloop
  endfacet
  facet normal -0.659524 0.751683 0
    outer loop
      vertex 52.2374 -35.2374 0
      vertex 52.0653 -35.3884 3
      vertex 52.2374 -35.2374 3
    endloop
  endfacet
  facet normal -0.659524 0.751683 0
    outer loop
      vertex 52.0653 -35.3884 3
      vertex 52.2374 -35.2374 0
      vertex 52.0653 -35.3884 0
    endloop
  endfacet
  facet normal 0.44249 -0.896774 0
    outer loop
      vertex 48.125 -32.4845 0
      vertex 48.3303 -32.3832 3
      vertex 48.125 -32.4845 3
    endloop
  endfacet
  facet normal 0.44249 -0.896774 0
    outer loop
      vertex 48.3303 -32.3832 3
      vertex 48.125 -32.4845 0
      vertex 48.3303 -32.3832 0
    endloop
  endfacet
  facet normal 0.555406 -0.831579 0
    outer loop
      vertex 47.9347 -32.6116 0
      vertex 48.125 -32.4845 3
      vertex 47.9347 -32.6116 3
    endloop
  endfacet
  facet normal 0.555406 -0.831579 0
    outer loop
      vertex 48.125 -32.4845 3
      vertex 47.9347 -32.6116 0
      vertex 48.125 -32.4845 0
    endloop
  endfacet
  facet normal 0.896774 0.44249 0
    outer loop
      vertex 47.4845 -34.875 3
      vertex 47.3832 -34.6697 0
      vertex 47.3832 -34.6697 3
    endloop
  endfacet
  facet normal 0.896774 0.44249 0
    outer loop
      vertex 47.3832 -34.6697 0
      vertex 47.4845 -34.875 3
      vertex 47.4845 -34.875 0
    endloop
  endfacet
  facet normal 0.555406 0.831579 -0
    outer loop
      vertex 48.125 -35.5155 0
      vertex 47.9347 -35.3884 3
      vertex 48.125 -35.5155 3
    endloop
  endfacet
  facet normal 0.555406 0.831579 0
    outer loop
      vertex 47.9347 -35.3884 3
      vertex 48.125 -35.5155 0
      vertex 47.9347 -35.3884 0
    endloop
  endfacet
  facet normal 0.321464 0.946922 -0
    outer loop
      vertex 48.5471 -35.6904 0
      vertex 48.3303 -35.6168 3
      vertex 48.5471 -35.6904 3
    endloop
  endfacet
  facet normal 0.321464 0.946922 0
    outer loop
      vertex 48.3303 -35.6168 3
      vertex 48.5471 -35.6904 0
      vertex 48.3303 -35.6168 0
    endloop
  endfacet
  facet normal 0.896774 -0.44249 0
    outer loop
      vertex 47.3832 -33.3303 3
      vertex 47.4845 -33.125 0
      vertex 47.4845 -33.125 3
    endloop
  endfacet
  facet normal 0.896774 -0.44249 0
    outer loop
      vertex 47.4845 -33.125 0
      vertex 47.3832 -33.3303 3
      vertex 47.3832 -33.3303 0
    endloop
  endfacet
  facet normal 0.44249 0.896774 -0
    outer loop
      vertex 48.3303 -35.6168 0
      vertex 48.125 -35.5155 3
      vertex 48.3303 -35.6168 3
    endloop
  endfacet
  facet normal 0.44249 0.896774 0
    outer loop
      vertex 48.125 -35.5155 3
      vertex 48.3303 -35.6168 0
      vertex 48.125 -35.5155 0
    endloop
  endfacet
  facet normal 0.831579 0.555406 0
    outer loop
      vertex 47.6116 -35.0653 3
      vertex 47.4845 -34.875 0
      vertex 47.4845 -34.875 3
    endloop
  endfacet
  facet normal 0.831579 0.555406 0
    outer loop
      vertex 47.4845 -34.875 0
      vertex 47.6116 -35.0653 3
      vertex 47.6116 -35.0653 0
    endloop
  endfacet
  facet normal 0 1 -0
    outer loop
      vertex 51 -35.75 0
      vertex 49 -35.75 3
      vertex 51 -35.75 3
    endloop
  endfacet
  facet normal 0 1 0
    outer loop
      vertex 49 -35.75 3
      vertex 51 -35.75 0
      vertex 49 -35.75 0
    endloop
  endfacet
  facet normal 0.0655331 -0.99785 0
    outer loop
      vertex 48.7716 -32.265 0
      vertex 49 -32.25 3
      vertex 48.7716 -32.265 3
    endloop
  endfacet
  facet normal 0.0655331 -0.99785 0
    outer loop
      vertex 49 -32.25 3
      vertex 48.7716 -32.265 0
      vertex 49 -32.25 0
    endloop
  endfacet
  facet normal 0 -1 0
    outer loop
      vertex 49 -32.25 0
      vertex 51 -32.25 3
      vertex 49 -32.25 3
    endloop
  endfacet
  facet normal 0 -1 -0
    outer loop
      vertex 51 -32.25 3
      vertex 49 -32.25 0
      vertex 51 -32.25 0
    endloop
  endfacet
  facet normal -0.44249 0.896774 0
    outer loop
      vertex 51.875 -35.5155 0
      vertex 51.6697 -35.6168 3
      vertex 51.875 -35.5155 3
    endloop
  endfacet
  facet normal -0.44249 0.896774 0
    outer loop
      vertex 51.6697 -35.6168 3
      vertex 51.875 -35.5155 0
      vertex 51.6697 -35.6168 0
    endloop
  endfacet
  facet normal 0.751683 0.659524 0
    outer loop
      vertex 47.7626 -35.2374 3
      vertex 47.6116 -35.0653 0
      vertex 47.6116 -35.0653 3
    endloop
  endfacet
  facet normal 0.751683 0.659524 0
    outer loop
      vertex 47.6116 -35.0653 0
      vertex 47.7626 -35.2374 3
      vertex 47.7626 -35.2374 0
    endloop
  endfacet
  facet normal -0.0655331 0.99785 0
    outer loop
      vertex 51.2284 -35.735 0
      vertex 51 -35.75 3
      vertex 51.2284 -35.735 3
    endloop
  endfacet
  facet normal -0.0655331 0.99785 0
    outer loop
      vertex 51 -35.75 3
      vertex 51.2284 -35.735 0
      vertex 51 -35.75 0
    endloop
  endfacet
  facet normal -0.831579 0.555406 0
    outer loop
      vertex 52.3884 -35.0653 0
      vertex 52.5155 -34.875 3
      vertex 52.5155 -34.875 0
    endloop
  endfacet
  facet normal -0.831579 0.555406 0
    outer loop
      vertex 52.5155 -34.875 3
      vertex 52.3884 -35.0653 0
      vertex 52.3884 -35.0653 3
    endloop
  endfacet
  facet normal -0.321464 -0.946922 0
    outer loop
      vertex 51.4529 -32.3096 0
      vertex 51.6697 -32.3832 3
      vertex 51.4529 -32.3096 3
    endloop
  endfacet
  facet normal -0.321464 -0.946922 -0
    outer loop
      vertex 51.6697 -32.3832 3
      vertex 51.4529 -32.3096 0
      vertex 51.6697 -32.3832 0
    endloop
  endfacet
  facet normal -0.831579 -0.555406 0
    outer loop
      vertex 52.5155 -33.125 0
      vertex 52.3884 -32.9347 3
      vertex 52.3884 -32.9347 0
    endloop
  endfacet
  facet normal -0.831579 -0.555406 0
    outer loop
      vertex 52.3884 -32.9347 3
      vertex 52.5155 -33.125 0
      vertex 52.5155 -33.125 3
    endloop
  endfacet
  facet normal -0.751683 0.659524 0
    outer loop
      vertex 52.2374 -35.2374 0
      vertex 52.3884 -35.0653 3
      vertex 52.3884 -35.0653 0
    endloop
  endfacet
  facet normal -0.751683 0.659524 0
    outer loop
      vertex 52.3884 -35.0653 3
      vertex 52.2374 -35.2374 0
      vertex 52.2374 -35.2374 3
    endloop
  endfacet
  facet normal -0.44249 -0.896774 0
    outer loop
      vertex 51.6697 -32.3832 0
      vertex 51.875 -32.4845 3
      vertex 51.6697 -32.3832 3
    endloop
  endfacet
  facet normal -0.44249 -0.896774 -0
    outer loop
      vertex 51.875 -32.4845 3
      vertex 51.6697 -32.3832 0
      vertex 51.875 -32.4845 0
    endloop
  endfacet
  facet normal 0.194856 -0.980832 0
    outer loop
      vertex 48.5471 -32.3096 0
      vertex 48.7716 -32.265 3
      vertex 48.5471 -32.3096 3
    endloop
  endfacet
  facet normal 0.194856 -0.980832 0
    outer loop
      vertex 48.7716 -32.265 3
      vertex 48.5471 -32.3096 0
      vertex 48.7716 -32.265 0
    endloop
  endfacet
  facet normal -0.946922 -0.321464 0
    outer loop
      vertex 52.6904 -33.5471 0
      vertex 52.6168 -33.3303 3
      vertex 52.6168 -33.3303 0
    endloop
  endfacet
  facet normal -0.946922 -0.321464 0
    outer loop
      vertex 52.6168 -33.3303 3
      vertex 52.6904 -33.5471 0
      vertex 52.6904 -33.5471 3
    endloop
  endfacet
  facet normal 0 1 -0
    outer loop
      vertex 51 32.25 0
      vertex 49 32.25 3
      vertex 51 32.25 3
    endloop
  endfacet
  facet normal 0 1 0
    outer loop
      vertex 49 32.25 3
      vertex 51 32.25 0
      vertex 49 32.25 0
    endloop
  endfacet
  facet normal 0.659524 0.751683 -0
    outer loop
      vertex 47.9347 32.6116 0
      vertex 47.7626 32.7626 3
      vertex 47.9347 32.6116 3
    endloop
  endfacet
  facet normal 0.659524 0.751683 0
    outer loop
      vertex 47.7626 32.7626 3
      vertex 47.9347 32.6116 0
      vertex 47.7626 32.7626 0
    endloop
  endfacet
  facet normal 0.946922 0.321464 0
    outer loop
      vertex 47.3832 33.3303 3
      vertex 47.3096 33.5471 0
      vertex 47.3096 33.5471 3
    endloop
  endfacet
  facet normal 0.946922 0.321464 0
    outer loop
      vertex 47.3096 33.5471 0
      vertex 47.3832 33.3303 3
      vertex 47.3832 33.3303 0
    endloop
  endfacet
  facet normal 0 -1 0
    outer loop
      vertex 49 35.75 0
      vertex 51 35.75 3
      vertex 49 35.75 3
    endloop
  endfacet
  facet normal 0 -1 -0
    outer loop
      vertex 51 35.75 3
      vertex 49 35.75 0
      vertex 51 35.75 0
    endloop
  endfacet
  facet normal 0.99785 0.0655331 0
    outer loop
      vertex 47.265 33.7716 3
      vertex 47.25 34 0
      vertex 47.25 34 3
    endloop
  endfacet
  facet normal 0.99785 0.0655331 0
    outer loop
      vertex 47.25 34 0
      vertex 47.265 33.7716 3
      vertex 47.265 33.7716 0
    endloop
  endfacet
  facet normal 0.321464 0.946922 -0
    outer loop
      vertex 48.5471 32.3096 0
      vertex 48.3303 32.3832 3
      vertex 48.5471 32.3096 3
    endloop
  endfacet
  facet normal 0.321464 0.946922 0
    outer loop
      vertex 48.3303 32.3832 3
      vertex 48.5471 32.3096 0
      vertex 48.3303 32.3832 0
    endloop
  endfacet
  facet normal 0.980832 0.194856 0
    outer loop
      vertex 47.3096 33.5471 3
      vertex 47.265 33.7716 0
      vertex 47.265 33.7716 3
    endloop
  endfacet
  facet normal 0.980832 0.194856 0
    outer loop
      vertex 47.265 33.7716 0
      vertex 47.3096 33.5471 3
      vertex 47.3096 33.5471 0
    endloop
  endfacet
  facet normal 0.980832 -0.194856 0
    outer loop
      vertex 47.265 34.2284 3
      vertex 47.3096 34.4529 0
      vertex 47.3096 34.4529 3
    endloop
  endfacet
  facet normal 0.980832 -0.194856 0
    outer loop
      vertex 47.3096 34.4529 0
      vertex 47.265 34.2284 3
      vertex 47.265 34.2284 0
    endloop
  endfacet
  facet normal -0.194856 -0.980832 0
    outer loop
      vertex 51.2284 35.735 0
      vertex 51.4529 35.6904 3
      vertex 51.2284 35.735 3
    endloop
  endfacet
  facet normal -0.194856 -0.980832 -0
    outer loop
      vertex 51.4529 35.6904 3
      vertex 51.2284 35.735 0
      vertex 51.4529 35.6904 0
    endloop
  endfacet
  facet normal 0.751683 -0.659524 0
    outer loop
      vertex 47.6116 35.0653 3
      vertex 47.7626 35.2374 0
      vertex 47.7626 35.2374 3
    endloop
  endfacet
  facet normal 0.751683 -0.659524 0
    outer loop
      vertex 47.7626 35.2374 0
      vertex 47.6116 35.0653 3
      vertex 47.6116 35.0653 0
    endloop
  endfacet
  facet normal 0.0655331 -0.99785 0
    outer loop
      vertex 48.7716 35.735 0
      vertex 49 35.75 3
      vertex 48.7716 35.735 3
    endloop
  endfacet
  facet normal 0.0655331 -0.99785 0
    outer loop
      vertex 49 35.75 3
      vertex 48.7716 35.735 0
      vertex 49 35.75 0
    endloop
  endfacet
  facet normal -0.555406 -0.831579 0
    outer loop
      vertex 51.875 35.5155 0
      vertex 52.0653 35.3884 3
      vertex 51.875 35.5155 3
    endloop
  endfacet
  facet normal -0.555406 -0.831579 -0
    outer loop
      vertex 52.0653 35.3884 3
      vertex 51.875 35.5155 0
      vertex 52.0653 35.3884 0
    endloop
  endfacet
  facet normal 0.896774 -0.44249 0
    outer loop
      vertex 47.3832 34.6697 3
      vertex 47.4845 34.875 0
      vertex 47.4845 34.875 3
    endloop
  endfacet
  facet normal 0.896774 -0.44249 0
    outer loop
      vertex 47.4845 34.875 0
      vertex 47.3832 34.6697 3
      vertex 47.3832 34.6697 0
    endloop
  endfacet
  facet normal 0.751683 0.659524 0
    outer loop
      vertex 47.7626 32.7626 3
      vertex 47.6116 32.9347 0
      vertex 47.6116 32.9347 3
    endloop
  endfacet
  facet normal 0.751683 0.659524 0
    outer loop
      vertex 47.6116 32.9347 0
      vertex 47.7626 32.7626 3
      vertex 47.7626 32.7626 0
    endloop
  endfacet
  facet normal -0.831579 0.555406 0
    outer loop
      vertex 52.3884 32.9347 0
      vertex 52.5155 33.125 3
      vertex 52.5155 33.125 0
    endloop
  endfacet
  facet normal -0.831579 0.555406 0
    outer loop
      vertex 52.5155 33.125 3
      vertex 52.3884 32.9347 0
      vertex 52.3884 32.9347 3
    endloop
  endfacet
  facet normal -0.831579 -0.555406 0
    outer loop
      vertex 52.5155 34.875 0
      vertex 52.3884 35.0653 3
      vertex 52.3884 35.0653 0
    endloop
  endfacet
  facet normal -0.831579 -0.555406 0
    outer loop
      vertex 52.3884 35.0653 3
      vertex 52.5155 34.875 0
      vertex 52.5155 34.875 3
    endloop
  endfacet
  facet normal -0.0655331 0.99785 0
    outer loop
      vertex 51.2284 32.265 0
      vertex 51 32.25 3
      vertex 51.2284 32.265 3
    endloop
  endfacet
  facet normal -0.0655331 0.99785 0
    outer loop
      vertex 51 32.25 3
      vertex 51.2284 32.265 0
      vertex 51 32.25 0
    endloop
  endfacet
  facet normal -0.896774 0.44249 0
    outer loop
      vertex 52.5155 33.125 0
      vertex 52.6168 33.3303 3
      vertex 52.6168 33.3303 0
    endloop
  endfacet
  facet normal -0.896774 0.44249 0
    outer loop
      vertex 52.6168 33.3303 3
      vertex 52.5155 33.125 0
      vertex 52.5155 33.125 3
    endloop
  endfacet
  facet normal -0.0655331 -0.99785 0
    outer loop
      vertex 51 35.75 0
      vertex 51.2284 35.735 3
      vertex 51 35.75 3
    endloop
  endfacet
  facet normal -0.0655331 -0.99785 -0
    outer loop
      vertex 51.2284 35.735 3
      vertex 51 35.75 0
      vertex 51.2284 35.735 0
    endloop
  endfacet
  facet normal 0.659524 -0.751683 0
    outer loop
      vertex 47.7626 35.2374 0
      vertex 47.9347 35.3884 3
      vertex 47.7626 35.2374 3
    endloop
  endfacet
  facet normal 0.659524 -0.751683 0
    outer loop
      vertex 47.9347 35.3884 3
      vertex 47.7626 35.2374 0
      vertex 47.9347 35.3884 0
    endloop
  endfacet
  facet normal -0.321464 0.946922 0
    outer loop
      vertex 51.6697 32.3832 0
      vertex 51.4529 32.3096 3
      vertex 51.6697 32.3832 3
    endloop
  endfacet
  facet normal -0.321464 0.946922 0
    outer loop
      vertex 51.4529 32.3096 3
      vertex 51.6697 32.3832 0
      vertex 51.4529 32.3096 0
    endloop
  endfacet
  facet normal 0.896774 0.44249 0
    outer loop
      vertex 47.4845 33.125 3
      vertex 47.3832 33.3303 0
      vertex 47.3832 33.3303 3
    endloop
  endfacet
  facet normal 0.896774 0.44249 0
    outer loop
      vertex 47.3832 33.3303 0
      vertex 47.4845 33.125 3
      vertex 47.4845 33.125 0
    endloop
  endfacet
  facet normal 0.946922 -0.321464 0
    outer loop
      vertex 47.3096 34.4529 3
      vertex 47.3832 34.6697 0
      vertex 47.3832 34.6697 3
    endloop
  endfacet
  facet normal 0.946922 -0.321464 0
    outer loop
      vertex 47.3832 34.6697 0
      vertex 47.3096 34.4529 3
      vertex 47.3096 34.4529 0
    endloop
  endfacet
  facet normal -0.99785 0.0655331 0
    outer loop
      vertex 52.735 33.7716 0
      vertex 52.75 34 3
      vertex 52.75 34 0
    endloop
  endfacet
  facet normal -0.99785 0.0655331 0
    outer loop
      vertex 52.75 34 3
      vertex 52.735 33.7716 0
      vertex 52.735 33.7716 3
    endloop
  endfacet
  facet normal -0.44249 -0.896774 0
    outer loop
      vertex 51.6697 35.6168 0
      vertex 51.875 35.5155 3
      vertex 51.6697 35.6168 3
    endloop
  endfacet
  facet normal -0.44249 -0.896774 -0
    outer loop
      vertex 51.875 35.5155 3
      vertex 51.6697 35.6168 0
      vertex 51.875 35.5155 0
    endloop
  endfacet
  facet normal -0.194856 0.980832 0
    outer loop
      vertex 51.4529 32.3096 0
      vertex 51.2284 32.265 3
      vertex 51.4529 32.3096 3
    endloop
  endfacet
  facet normal -0.194856 0.980832 0
    outer loop
      vertex 51.2284 32.265 3
      vertex 51.4529 32.3096 0
      vertex 51.2284 32.265 0
    endloop
  endfacet
  facet normal 0.44249 -0.896774 0
    outer loop
      vertex 48.125 35.5155 0
      vertex 48.3303 35.6168 3
      vertex 48.125 35.5155 3
    endloop
  endfacet
  facet normal 0.44249 -0.896774 0
    outer loop
      vertex 48.3303 35.6168 3
      vertex 48.125 35.5155 0
      vertex 48.3303 35.6168 0
    endloop
  endfacet
  facet normal -0.751683 0.659524 0
    outer loop
      vertex 52.2374 32.7626 0
      vertex 52.3884 32.9347 3
      vertex 52.3884 32.9347 0
    endloop
  endfacet
  facet normal -0.751683 0.659524 0
    outer loop
      vertex 52.3884 32.9347 3
      vertex 52.2374 32.7626 0
      vertex 52.2374 32.7626 3
    endloop
  endfacet
  facet normal 0.99785 -0.0655331 0
    outer loop
      vertex 47.25 34 3
      vertex 47.265 34.2284 0
      vertex 47.265 34.2284 3
    endloop
  endfacet
  facet normal 0.99785 -0.0655331 0
    outer loop
      vertex 47.265 34.2284 0
      vertex 47.25 34 3
      vertex 47.25 34 0
    endloop
  endfacet
  facet normal 0.555406 0.831579 -0
    outer loop
      vertex 48.125 32.4845 0
      vertex 47.9347 32.6116 3
      vertex 48.125 32.4845 3
    endloop
  endfacet
  facet normal 0.555406 0.831579 0
    outer loop
      vertex 47.9347 32.6116 3
      vertex 48.125 32.4845 0
      vertex 47.9347 32.6116 0
    endloop
  endfacet
  facet normal -0.321464 -0.946922 0
    outer loop
      vertex 51.4529 35.6904 0
      vertex 51.6697 35.6168 3
      vertex 51.4529 35.6904 3
    endloop
  endfacet
  facet normal -0.321464 -0.946922 -0
    outer loop
      vertex 51.6697 35.6168 3
      vertex 51.4529 35.6904 0
      vertex 51.6697 35.6168 0
    endloop
  endfacet
  facet normal 0.555406 -0.831579 0
    outer loop
      vertex 47.9347 35.3884 0
      vertex 48.125 35.5155 3
      vertex 47.9347 35.3884 3
    endloop
  endfacet
  facet normal 0.555406 -0.831579 0
    outer loop
      vertex 48.125 35.5155 3
      vertex 47.9347 35.3884 0
      vertex 48.125 35.5155 0
    endloop
  endfacet
  facet normal -0.99785 -0.0655331 0
    outer loop
      vertex 52.75 34 0
      vertex 52.735 34.2284 3
      vertex 52.735 34.2284 0
    endloop
  endfacet
  facet normal -0.99785 -0.0655331 0
    outer loop
      vertex 52.735 34.2284 3
      vertex 52.75 34 0
      vertex 52.75 34 3
    endloop
  endfacet
  facet normal -0.980832 -0.194856 0
    outer loop
      vertex 52.735 34.2284 0
      vertex 52.6904 34.4529 3
      vertex 52.6904 34.4529 0
    endloop
  endfacet
  facet normal -0.980832 -0.194856 0
    outer loop
      vertex 52.6904 34.4529 3
      vertex 52.735 34.2284 0
      vertex 52.735 34.2284 3
    endloop
  endfacet
  facet normal 0.194856 0.980832 -0
    outer loop
      vertex 48.7716 32.265 0
      vertex 48.5471 32.3096 3
      vertex 48.7716 32.265 3
    endloop
  endfacet
  facet normal 0.194856 0.980832 0
    outer loop
      vertex 48.5471 32.3096 3
      vertex 48.7716 32.265 0
      vertex 48.5471 32.3096 0
    endloop
  endfacet
  facet normal 0.0655331 0.99785 -0
    outer loop
      vertex 49 32.25 0
      vertex 48.7716 32.265 3
      vertex 49 32.25 3
    endloop
  endfacet
  facet normal 0.0655331 0.99785 0
    outer loop
      vertex 48.7716 32.265 3
      vertex 49 32.25 0
      vertex 48.7716 32.265 0
    endloop
  endfacet
  facet normal 0.44249 0.896774 -0
    outer loop
      vertex 48.3303 32.3832 0
      vertex 48.125 32.4845 3
      vertex 48.3303 32.3832 3
    endloop
  endfacet
  facet normal 0.44249 0.896774 0
    outer loop
      vertex 48.125 32.4845 3
      vertex 48.3303 32.3832 0
      vertex 48.125 32.4845 0
    endloop
  endfacet
  facet normal -0.555406 0.831579 0
    outer loop
      vertex 52.0653 32.6116 0
      vertex 51.875 32.4845 3
      vertex 52.0653 32.6116 3
    endloop
  endfacet
  facet normal -0.555406 0.831579 0
    outer loop
      vertex 51.875 32.4845 3
      vertex 52.0653 32.6116 0
      vertex 51.875 32.4845 0
    endloop
  endfacet
  facet normal -0.751683 -0.659524 0
    outer loop
      vertex 52.3884 35.0653 0
      vertex 52.2374 35.2374 3
      vertex 52.2374 35.2374 0
    endloop
  endfacet
  facet normal -0.751683 -0.659524 0
    outer loop
      vertex 52.2374 35.2374 3
      vertex 52.3884 35.0653 0
      vertex 52.3884 35.0653 3
    endloop
  endfacet
  facet normal -0.44249 0.896774 0
    outer loop
      vertex 51.875 32.4845 0
      vertex 51.6697 32.3832 3
      vertex 51.875 32.4845 3
    endloop
  endfacet
  facet normal -0.44249 0.896774 0
    outer loop
      vertex 51.6697 32.3832 3
      vertex 51.875 32.4845 0
      vertex 51.6697 32.3832 0
    endloop
  endfacet
  facet normal 0.194856 -0.980832 0
    outer loop
      vertex 48.5471 35.6904 0
      vertex 48.7716 35.735 3
      vertex 48.5471 35.6904 3
    endloop
  endfacet
  facet normal 0.194856 -0.980832 0
    outer loop
      vertex 48.7716 35.735 3
      vertex 48.5471 35.6904 0
      vertex 48.7716 35.735 0
    endloop
  endfacet
  facet normal 0.831579 0.555406 0
    outer loop
      vertex 47.6116 32.9347 3
      vertex 47.4845 33.125 0
      vertex 47.4845 33.125 3
    endloop
  endfacet
  facet normal 0.831579 0.555406 0
    outer loop
      vertex 47.4845 33.125 0
      vertex 47.6116 32.9347 3
      vertex 47.6116 32.9347 0
    endloop
  endfacet
  facet normal -0.896774 -0.44249 0
    outer loop
      vertex 52.6168 34.6697 0
      vertex 52.5155 34.875 3
      vertex 52.5155 34.875 0
    endloop
  endfacet
  facet normal -0.896774 -0.44249 0
    outer loop
      vertex 52.5155 34.875 3
      vertex 52.6168 34.6697 0
      vertex 52.6168 34.6697 3
    endloop
  endfacet
  facet normal 0.831579 -0.555406 0
    outer loop
      vertex 47.4845 34.875 3
      vertex 47.6116 35.0653 0
      vertex 47.6116 35.0653 3
    endloop
  endfacet
  facet normal 0.831579 -0.555406 0
    outer loop
      vertex 47.6116 35.0653 0
      vertex 47.4845 34.875 3
      vertex 47.4845 34.875 0
    endloop
  endfacet
  facet normal -0.980832 0.194856 0
    outer loop
      vertex 52.6904 33.5471 0
      vertex 52.735 33.7716 3
      vertex 52.735 33.7716 0
    endloop
  endfacet
  facet normal -0.980832 0.194856 0
    outer loop
      vertex 52.735 33.7716 3
      vertex 52.6904 33.5471 0
      vertex 52.6904 33.5471 3
    endloop
  endfacet
  facet normal -0.659524 -0.751683 0
    outer loop
      vertex 52.0653 35.3884 0
      vertex 52.2374 35.2374 3
      vertex 52.0653 35.3884 3
    endloop
  endfacet
  facet normal -0.659524 -0.751683 -0
    outer loop
      vertex 52.2374 35.2374 3
      vertex 52.0653 35.3884 0
      vertex 52.2374 35.2374 0
    endloop
  endfacet
  facet normal -0.946922 0.321464 0
    outer loop
      vertex 52.6168 33.3303 0
      vertex 52.6904 33.5471 3
      vertex 52.6904 33.5471 0
    endloop
  endfacet
  facet normal -0.946922 0.321464 0
    outer loop
      vertex 52.6904 33.5471 3
      vertex 52.6168 33.3303 0
      vertex 52.6168 33.3303 3
    endloop
  endfacet
  facet normal 0.321464 -0.946922 0
    outer loop
      vertex 48.3303 35.6168 0
      vertex 48.5471 35.6904 3
      vertex 48.3303 35.6168 3
    endloop
  endfacet
  facet normal 0.321464 -0.946922 0
    outer loop
      vertex 48.5471 35.6904 3
      vertex 48.3303 35.6168 0
      vertex 48.5471 35.6904 0
    endloop
  endfacet
  facet normal -0.659524 0.751683 0
    outer loop
      vertex 52.2374 32.7626 0
      vertex 52.0653 32.6116 3
      vertex 52.2374 32.7626 3
    endloop
  endfacet
  facet normal -0.659524 0.751683 0
    outer loop
      vertex 52.0653 32.6116 3
      vertex 52.2374 32.7626 0
      vertex 52.0653 32.6116 0
    endloop
  endfacet
  facet normal -0.946922 -0.321464 0
    outer loop
      vertex 52.6904 34.4529 0
      vertex 52.6168 34.6697 3
      vertex 52.6168 34.6697 0
    endloop
  endfacet
  facet normal -0.946922 -0.321464 0
    outer loop
      vertex 52.6168 34.6697 3
      vertex 52.6904 34.4529 0
      vertex 52.6904 34.4529 3
    endloop
  endfacet
  facet normal -0.195013 0.980801 0
    outer loop
      vertex -24.4824 -36.4319 0
      vertex -24.7389 -36.4829 3
      vertex -24.4824 -36.4319 3
    endloop
  endfacet
  facet normal -0.195013 0.980801 0
    outer loop
      vertex -24.7389 -36.4829 3
      vertex -24.4824 -36.4319 0
      vertex -24.7389 -36.4829 0
    endloop
  endfacet
  facet normal 0.555494 0.831521 -0
    outer loop
      vertex -26 -36.232 0
      vertex -26.2175 -36.0867 3
      vertex -26 -36.232 3
    endloop
  endfacet
  facet normal 0.555494 0.831521 0
    outer loop
      vertex -26.2175 -36.0867 3
      vertex -26 -36.232 0
      vertex -26.2175 -36.0867 0
    endloop
  endfacet
  facet normal -0.0653521 0.997862 0
    outer loop
      vertex -24.7389 -36.4829 0
      vertex -25 -36.5 3
      vertex -24.7389 -36.4829 3
    endloop
  endfacet
  facet normal -0.0653521 0.997862 0
    outer loop
      vertex -25 -36.5 3
      vertex -24.7389 -36.4829 0
      vertex -25 -36.5 0
    endloop
  endfacet
  facet normal 0.0653521 -0.997862 0
    outer loop
      vertex -25.2611 -23.5171 0
      vertex -25 -23.5 3
      vertex -25.2611 -23.5171 3
    endloop
  endfacet
  facet normal 0.0653521 -0.997862 0
    outer loop
      vertex -25 -23.5 3
      vertex -25.2611 -23.5171 0
      vertex -25 -23.5 0
    endloop
  endfacet
  facet normal 0.321382 0.94695 -0
    outer loop
      vertex -25.5176 -36.4319 0
      vertex -25.7654 -36.3478 3
      vertex -25.5176 -36.4319 3
    endloop
  endfacet
  facet normal 0.321382 0.94695 0
    outer loop
      vertex -25.7654 -36.3478 3
      vertex -25.5176 -36.4319 0
      vertex -25.7654 -36.3478 0
    endloop
  endfacet
  facet normal 0.997862 -0.0653521 0
    outer loop
      vertex -27 -25.5 3
      vertex -26.9829 -25.2389 0
      vertex -26.9829 -25.2389 3
    endloop
  endfacet
  facet normal 0.997862 -0.0653521 0
    outer loop
      vertex -26.9829 -25.2389 0
      vertex -27 -25.5 3
      vertex -27 -25.5 0
    endloop
  endfacet
  facet normal -0.659343 0.751842 0
    outer loop
      vertex -23.5858 -35.9142 0
      vertex -23.7825 -36.0867 3
      vertex -23.5858 -35.9142 3
    endloop
  endfacet
  facet normal -0.659343 0.751842 0
    outer loop
      vertex -23.7825 -36.0867 3
      vertex -23.5858 -35.9142 0
      vertex -23.7825 -36.0867 0
    endloop
  endfacet
  facet normal -0.555758 -0.831344 0
    outer loop
      vertex -24 -23.7679 0
      vertex -23.7825 -23.9133 3
      vertex -24 -23.7679 3
    endloop
  endfacet
  facet normal -0.555758 -0.831344 -0
    outer loop
      vertex -23.7825 -23.9133 3
      vertex -24 -23.7679 0
      vertex -23.7825 -23.9133 0
    endloop
  endfacet
  facet normal -0.659343 -0.751842 0
    outer loop
      vertex -23.7825 -23.9133 0
      vertex -23.5858 -24.0858 3
      vertex -23.7825 -23.9133 3
    endloop
  endfacet
  facet normal -0.659343 -0.751842 -0
    outer loop
      vertex -23.5858 -24.0858 3
      vertex -23.7825 -23.9133 0
      vertex -23.5858 -24.0858 0
    endloop
  endfacet
  facet normal 0.195013 -0.980801 0
    outer loop
      vertex -25.5176 -23.5681 0
      vertex -25.2611 -23.5171 3
      vertex -25.5176 -23.5681 3
    endloop
  endfacet
  facet normal 0.195013 -0.980801 0
    outer loop
      vertex -25.2611 -23.5171 3
      vertex -25.5176 -23.5681 0
      vertex -25.2611 -23.5171 0
    endloop
  endfacet
  facet normal 0.997862 0.0653521 0
    outer loop
      vertex -26.9829 -34.7611 3
      vertex -27 -34.5 0
      vertex -27 -34.5 3
    endloop
  endfacet
  facet normal 0.997862 0.0653521 0
    outer loop
      vertex -27 -34.5 0
      vertex -26.9829 -34.7611 3
      vertex -26.9829 -34.7611 0
    endloop
  endfacet
  facet normal 0.831521 -0.555494 0
    outer loop
      vertex -26.732 -24.5 3
      vertex -26.5867 -24.2825 0
      vertex -26.5867 -24.2825 3
    endloop
  endfacet
  facet normal 0.831521 -0.555494 0
    outer loop
      vertex -26.5867 -24.2825 0
      vertex -26.732 -24.5 3
      vertex -26.732 -24.5 0
    endloop
  endfacet
  facet normal -0.555494 0.831521 0
    outer loop
      vertex -23.7825 -36.0867 0
      vertex -24 -36.232 3
      vertex -23.7825 -36.0867 3
    endloop
  endfacet
  facet normal -0.555494 0.831521 0
    outer loop
      vertex -24 -36.232 3
      vertex -23.7825 -36.0867 0
      vertex -24 -36.232 0
    endloop
  endfacet
  facet normal -0.195013 -0.980801 0
    outer loop
      vertex -24.7389 -23.5171 0
      vertex -24.4824 -23.5681 3
      vertex -24.7389 -23.5171 3
    endloop
  endfacet
  facet normal -0.195013 -0.980801 -0
    outer loop
      vertex -24.4824 -23.5681 3
      vertex -24.7389 -23.5171 0
      vertex -24.4824 -23.5681 0
    endloop
  endfacet
  facet normal 1 -0 0
    outer loop
      vertex -27 -34.5 3
      vertex -27 -25.5 0
      vertex -27 -25.5 3
    endloop
  endfacet
  facet normal 1 0 0
    outer loop
      vertex -27 -25.5 0
      vertex -27 -34.5 3
      vertex -27 -34.5 0
    endloop
  endfacet
  facet normal 0.896709 0.442621 0
    outer loop
      vertex -26.732 -35.5 3
      vertex -26.8478 -35.2654 0
      vertex -26.8478 -35.2654 3
    endloop
  endfacet
  facet normal 0.896709 0.442621 0
    outer loop
      vertex -26.8478 -35.2654 0
      vertex -26.732 -35.5 3
      vertex -26.732 -35.5 0
    endloop
  endfacet
  facet normal -0.997862 0.0653521 0
    outer loop
      vertex -23.0171 -34.7611 0
      vertex -23 -34.5 3
      vertex -23 -34.5 0
    endloop
  endfacet
  facet normal -0.997862 0.0653521 0
    outer loop
      vertex -23 -34.5 3
      vertex -23.0171 -34.7611 0
      vertex -23.0171 -34.7611 3
    endloop
  endfacet
  facet normal 0.751842 -0.659343 0
    outer loop
      vertex -26.5867 -24.2825 3
      vertex -26.4142 -24.0858 0
      vertex -26.4142 -24.0858 3
    endloop
  endfacet
  facet normal 0.751842 -0.659343 0
    outer loop
      vertex -26.4142 -24.0858 0
      vertex -26.5867 -24.2825 3
      vertex -26.5867 -24.2825 0
    endloop
  endfacet
  facet normal 0.659343 0.751842 -0
    outer loop
      vertex -26.2175 -36.0867 0
      vertex -26.4142 -35.9142 3
      vertex -26.2175 -36.0867 3
    endloop
  endfacet
  facet normal 0.659343 0.751842 0
    outer loop
      vertex -26.4142 -35.9142 3
      vertex -26.2175 -36.0867 0
      vertex -26.4142 -35.9142 0
    endloop
  endfacet
  facet normal 0.442621 0.896709 -0
    outer loop
      vertex -25.7654 -36.3478 0
      vertex -26 -36.232 3
      vertex -25.7654 -36.3478 3
    endloop
  endfacet
  facet normal 0.442621 0.896709 0
    outer loop
      vertex -26 -36.232 3
      vertex -25.7654 -36.3478 0
      vertex -26 -36.232 0
    endloop
  endfacet
  facet normal 0.94695 0.321382 0
    outer loop
      vertex -26.8478 -35.2654 3
      vertex -26.9319 -35.0176 0
      vertex -26.9319 -35.0176 3
    endloop
  endfacet
  facet normal 0.94695 0.321382 0
    outer loop
      vertex -26.9319 -35.0176 0
      vertex -26.8478 -35.2654 3
      vertex -26.8478 -35.2654 0
    endloop
  endfacet
  facet normal 0.831521 0.555494 0
    outer loop
      vertex -26.5867 -35.7175 3
      vertex -26.732 -35.5 0
      vertex -26.732 -35.5 3
    endloop
  endfacet
  facet normal 0.831521 0.555494 0
    outer loop
      vertex -26.732 -35.5 0
      vertex -26.5867 -35.7175 3
      vertex -26.5867 -35.7175 0
    endloop
  endfacet
  facet normal 0.659343 -0.751842 0
    outer loop
      vertex -26.4142 -24.0858 0
      vertex -26.2175 -23.9133 3
      vertex -26.4142 -24.0858 3
    endloop
  endfacet
  facet normal 0.659343 -0.751842 0
    outer loop
      vertex -26.2175 -23.9133 3
      vertex -26.4142 -24.0858 0
      vertex -26.2175 -23.9133 0
    endloop
  endfacet
  facet normal -0.751842 0.659343 0
    outer loop
      vertex -23.5858 -35.9142 0
      vertex -23.4133 -35.7175 3
      vertex -23.4133 -35.7175 0
    endloop
  endfacet
  facet normal -0.751842 0.659343 0
    outer loop
      vertex -23.4133 -35.7175 3
      vertex -23.5858 -35.9142 0
      vertex -23.5858 -35.9142 3
    endloop
  endfacet
  facet normal 0.980801 -0.195013 0
    outer loop
      vertex -26.9829 -25.2389 3
      vertex -26.9319 -24.9824 0
      vertex -26.9319 -24.9824 3
    endloop
  endfacet
  facet normal 0.980801 -0.195013 0
    outer loop
      vertex -26.9319 -24.9824 0
      vertex -26.9829 -25.2389 3
      vertex -26.9829 -25.2389 0
    endloop
  endfacet
  facet normal -1 0 0
    outer loop
      vertex -23 -34.5 0
      vertex -23 -25.5 3
      vertex -23 -25.5 0
    endloop
  endfacet
  facet normal -1 -0 0
    outer loop
      vertex -23 -25.5 3
      vertex -23 -34.5 0
      vertex -23 -34.5 3
    endloop
  endfacet
  facet normal -0.321382 0.94695 0
    outer loop
      vertex -24.2346 -36.3478 0
      vertex -24.4824 -36.4319 3
      vertex -24.2346 -36.3478 3
    endloop
  endfacet
  facet normal -0.321382 0.94695 0
    outer loop
      vertex -24.4824 -36.4319 3
      vertex -24.2346 -36.3478 0
      vertex -24.4824 -36.4319 0
    endloop
  endfacet
  facet normal 0.751842 0.659343 0
    outer loop
      vertex -26.4142 -35.9142 3
      vertex -26.5867 -35.7175 0
      vertex -26.5867 -35.7175 3
    endloop
  endfacet
  facet normal 0.751842 0.659343 0
    outer loop
      vertex -26.5867 -35.7175 0
      vertex -26.4142 -35.9142 3
      vertex -26.4142 -35.9142 0
    endloop
  endfacet
  facet normal 0.980801 0.195013 0
    outer loop
      vertex -26.9319 -35.0176 3
      vertex -26.9829 -34.7611 0
      vertex -26.9829 -34.7611 3
    endloop
  endfacet
  facet normal 0.980801 0.195013 0
    outer loop
      vertex -26.9829 -34.7611 0
      vertex -26.9319 -35.0176 3
      vertex -26.9319 -35.0176 0
    endloop
  endfacet
  facet normal 0.0653521 0.997862 -0
    outer loop
      vertex -25 -36.5 0
      vertex -25.2611 -36.4829 3
      vertex -25 -36.5 3
    endloop
  endfacet
  facet normal 0.0653521 0.997862 0
    outer loop
      vertex -25.2611 -36.4829 3
      vertex -25 -36.5 0
      vertex -25.2611 -36.4829 0
    endloop
  endfacet
  facet normal -0.997862 -0.0653521 0
    outer loop
      vertex -23 -25.5 0
      vertex -23.0171 -25.2389 3
      vertex -23.0171 -25.2389 0
    endloop
  endfacet
  facet normal -0.997862 -0.0653521 0
    outer loop
      vertex -23.0171 -25.2389 3
      vertex -23 -25.5 0
      vertex -23 -25.5 3
    endloop
  endfacet
  facet normal 0.321382 -0.94695 0
    outer loop
      vertex -25.7654 -23.6522 0
      vertex -25.5176 -23.5681 3
      vertex -25.7654 -23.6522 3
    endloop
  endfacet
  facet normal 0.321382 -0.94695 0
    outer loop
      vertex -25.5176 -23.5681 3
      vertex -25.7654 -23.6522 0
      vertex -25.5176 -23.5681 0
    endloop
  endfacet
  facet normal 0.195013 0.980801 -0
    outer loop
      vertex -25.2611 -36.4829 0
      vertex -25.5176 -36.4319 3
      vertex -25.2611 -36.4829 3
    endloop
  endfacet
  facet normal 0.195013 0.980801 0
    outer loop
      vertex -25.5176 -36.4319 3
      vertex -25.2611 -36.4829 0
      vertex -25.5176 -36.4319 0
    endloop
  endfacet
  facet normal -0.0653521 -0.997862 0
    outer loop
      vertex -25 -23.5 0
      vertex -24.7389 -23.5171 3
      vertex -25 -23.5 3
    endloop
  endfacet
  facet normal -0.0653521 -0.997862 -0
    outer loop
      vertex -24.7389 -23.5171 3
      vertex -25 -23.5 0
      vertex -24.7389 -23.5171 0
    endloop
  endfacet
  facet normal 0.94695 -0.321382 0
    outer loop
      vertex -26.9319 -24.9824 3
      vertex -26.8478 -24.7346 0
      vertex -26.8478 -24.7346 3
    endloop
  endfacet
  facet normal 0.94695 -0.321382 0
    outer loop
      vertex -26.8478 -24.7346 0
      vertex -26.9319 -24.9824 3
      vertex -26.9319 -24.9824 0
    endloop
  endfacet
  facet normal 0.442314 -0.89686 0
    outer loop
      vertex -26 -23.7679 0
      vertex -25.7654 -23.6522 3
      vertex -26 -23.7679 3
    endloop
  endfacet
  facet normal 0.442314 -0.89686 0
    outer loop
      vertex -25.7654 -23.6522 3
      vertex -26 -23.7679 0
      vertex -25.7654 -23.6522 0
    endloop
  endfacet
  facet normal -0.321382 -0.94695 0
    outer loop
      vertex -24.4824 -23.5681 0
      vertex -24.2346 -23.6522 3
      vertex -24.4824 -23.5681 3
    endloop
  endfacet
  facet normal -0.321382 -0.94695 -0
    outer loop
      vertex -24.2346 -23.6522 3
      vertex -24.4824 -23.5681 0
      vertex -24.2346 -23.6522 0
    endloop
  endfacet
  facet normal -0.831344 0.555758 0
    outer loop
      vertex -23.4133 -35.7175 0
      vertex -23.2679 -35.5 3
      vertex -23.2679 -35.5 0
    endloop
  endfacet
  facet normal -0.831344 0.555758 0
    outer loop
      vertex -23.2679 -35.5 3
      vertex -23.4133 -35.7175 0
      vertex -23.4133 -35.7175 3
    endloop
  endfacet
  facet normal -0.751842 -0.659343 0
    outer loop
      vertex -23.4133 -24.2825 0
      vertex -23.5858 -24.0858 3
      vertex -23.5858 -24.0858 0
    endloop
  endfacet
  facet normal -0.751842 -0.659343 0
    outer loop
      vertex -23.5858 -24.0858 3
      vertex -23.4133 -24.2825 0
      vertex -23.4133 -24.2825 3
    endloop
  endfacet
  facet normal -0.831344 -0.555758 0
    outer loop
      vertex -23.2679 -24.5 0
      vertex -23.4133 -24.2825 3
      vertex -23.4133 -24.2825 0
    endloop
  endfacet
  facet normal -0.831344 -0.555758 0
    outer loop
      vertex -23.4133 -24.2825 3
      vertex -23.2679 -24.5 0
      vertex -23.2679 -24.5 3
    endloop
  endfacet
  facet normal -0.980801 0.195013 0
    outer loop
      vertex -23.0681 -35.0176 0
      vertex -23.0171 -34.7611 3
      vertex -23.0171 -34.7611 0
    endloop
  endfacet
  facet normal -0.980801 0.195013 0
    outer loop
      vertex -23.0171 -34.7611 3
      vertex -23.0681 -35.0176 0
      vertex -23.0681 -35.0176 3
    endloop
  endfacet
  facet normal -0.980801 -0.195013 0
    outer loop
      vertex -23.0171 -25.2389 0
      vertex -23.0681 -24.9824 3
      vertex -23.0681 -24.9824 0
    endloop
  endfacet
  facet normal -0.980801 -0.195013 0
    outer loop
      vertex -23.0681 -24.9824 3
      vertex -23.0171 -25.2389 0
      vertex -23.0171 -25.2389 3
    endloop
  endfacet
  facet normal 0.555758 -0.831344 0
    outer loop
      vertex -26.2175 -23.9133 0
      vertex -26 -23.7679 3
      vertex -26.2175 -23.9133 3
    endloop
  endfacet
  facet normal 0.555758 -0.831344 0
    outer loop
      vertex -26 -23.7679 3
      vertex -26.2175 -23.9133 0
      vertex -26 -23.7679 0
    endloop
  endfacet
  facet normal -0.442621 0.896709 0
    outer loop
      vertex -24 -36.232 0
      vertex -24.2346 -36.3478 3
      vertex -24 -36.232 3
    endloop
  endfacet
  facet normal -0.442621 0.896709 0
    outer loop
      vertex -24.2346 -36.3478 3
      vertex -24 -36.232 0
      vertex -24.2346 -36.3478 0
    endloop
  endfacet
  facet normal 0.896709 -0.442621 0
    outer loop
      vertex -26.8478 -24.7346 3
      vertex -26.732 -24.5 0
      vertex -26.732 -24.5 3
    endloop
  endfacet
  facet normal 0.896709 -0.442621 0
    outer loop
      vertex -26.732 -24.5 0
      vertex -26.8478 -24.7346 3
      vertex -26.8478 -24.7346 0
    endloop
  endfacet
  facet normal -0.94695 0.321382 0
    outer loop
      vertex -23.1522 -35.2654 0
      vertex -23.0681 -35.0176 3
      vertex -23.0681 -35.0176 0
    endloop
  endfacet
  facet normal -0.94695 0.321382 0
    outer loop
      vertex -23.0681 -35.0176 3
      vertex -23.1522 -35.2654 0
      vertex -23.1522 -35.2654 3
    endloop
  endfacet
  facet normal -0.94695 -0.321382 0
    outer loop
      vertex -23.0681 -24.9824 0
      vertex -23.1522 -24.7346 3
      vertex -23.1522 -24.7346 0
    endloop
  endfacet
  facet normal -0.94695 -0.321382 0
    outer loop
      vertex -23.1522 -24.7346 3
      vertex -23.0681 -24.9824 0
      vertex -23.0681 -24.9824 3
    endloop
  endfacet
  facet normal -0.89686 -0.442314 0
    outer loop
      vertex -23.1522 -24.7346 0
      vertex -23.2679 -24.5 3
      vertex -23.2679 -24.5 0
    endloop
  endfacet
  facet normal -0.89686 -0.442314 0
    outer loop
      vertex -23.2679 -24.5 3
      vertex -23.1522 -24.7346 0
      vertex -23.1522 -24.7346 3
    endloop
  endfacet
  facet normal -0.442314 -0.89686 0
    outer loop
      vertex -24.2346 -23.6522 0
      vertex -24 -23.7679 3
      vertex -24.2346 -23.6522 3
    endloop
  endfacet
  facet normal -0.442314 -0.89686 -0
    outer loop
      vertex -24 -23.7679 3
      vertex -24.2346 -23.6522 0
      vertex -24 -23.7679 0
    endloop
  endfacet
  facet normal -0.89686 0.442314 0
    outer loop
      vertex -23.2679 -35.5 0
      vertex -23.1522 -35.2654 3
      vertex -23.1522 -35.2654 0
    endloop
  endfacet
  facet normal -0.89686 0.442314 0
    outer loop
      vertex -23.1522 -35.2654 3
      vertex -23.2679 -35.5 0
      vertex -23.2679 -35.5 3
    endloop
  endfacet
  facet normal 0.997862 0.0653521 0
    outer loop
      vertex -26.9829 -11.7611 3
      vertex -27 -11.5 0
      vertex -27 -11.5 3
    endloop
  endfacet
  facet normal 0.997862 0.0653521 0
    outer loop
      vertex -27 -11.5 0
      vertex -26.9829 -11.7611 3
      vertex -26.9829 -11.7611 0
    endloop
  endfacet
  facet normal -0.195013 0.980801 0
    outer loop
      vertex -24.4824 -13.4319 0
      vertex -24.7389 -13.4829 3
      vertex -24.4824 -13.4319 3
    endloop
  endfacet
  facet normal -0.195013 0.980801 0
    outer loop
      vertex -24.7389 -13.4829 3
      vertex -24.4824 -13.4319 0
      vertex -24.7389 -13.4829 0
    endloop
  endfacet
  facet normal 0.442621 0.896709 -0
    outer loop
      vertex -25.7654 -13.3478 0
      vertex -26 -13.232 3
      vertex -25.7654 -13.3478 3
    endloop
  endfacet
  facet normal 0.442621 0.896709 0
    outer loop
      vertex -26 -13.232 3
      vertex -25.7654 -13.3478 0
      vertex -26 -13.232 0
    endloop
  endfacet
  facet normal -0.0653521 0.997862 0
    outer loop
      vertex -24.7389 -13.4829 0
      vertex -25 -13.5 3
      vertex -24.7389 -13.4829 3
    endloop
  endfacet
  facet normal -0.0653521 0.997862 0
    outer loop
      vertex -25 -13.5 3
      vertex -24.7389 -13.4829 0
      vertex -25 -13.5 0
    endloop
  endfacet
  facet normal 1 -0 0
    outer loop
      vertex -27 -11.5 3
      vertex -27 -2.5 0
      vertex -27 -2.5 3
    endloop
  endfacet
  facet normal 1 0 0
    outer loop
      vertex -27 -2.5 0
      vertex -27 -11.5 3
      vertex -27 -11.5 0
    endloop
  endfacet
  facet normal 0.831544 -0.555459 0
    outer loop
      vertex -26.732 -1.5 3
      vertex -26.5867 -1.28248 0
      vertex -26.5867 -1.28248 3
    endloop
  endfacet
  facet normal 0.831544 -0.555459 0
    outer loop
      vertex -26.5867 -1.28248 0
      vertex -26.732 -1.5 3
      vertex -26.732 -1.5 0
    endloop
  endfacet
  facet normal -0.659343 0.751842 0
    outer loop
      vertex -23.5858 -12.9142 0
      vertex -23.7825 -13.0867 3
      vertex -23.5858 -12.9142 3
    endloop
  endfacet
  facet normal -0.659343 0.751842 0
    outer loop
      vertex -23.7825 -13.0867 3
      vertex -23.5858 -12.9142 0
      vertex -23.7825 -13.0867 0
    endloop
  endfacet
  facet normal 0.94695 0.321382 0
    outer loop
      vertex -26.8478 -12.2654 3
      vertex -26.9319 -12.0176 0
      vertex -26.9319 -12.0176 3
    endloop
  endfacet
  facet normal 0.94695 0.321382 0
    outer loop
      vertex -26.9319 -12.0176 0
      vertex -26.8478 -12.2654 3
      vertex -26.8478 -12.2654 0
    endloop
  endfacet
  facet normal 0.321358 -0.946958 0
    outer loop
      vertex -25.7654 -0.652241 0
      vertex -25.5176 -0.568148 3
      vertex -25.7654 -0.652241 3
    endloop
  endfacet
  facet normal 0.321358 -0.946958 0
    outer loop
      vertex -25.5176 -0.568148 3
      vertex -25.7654 -0.652241 0
      vertex -25.5176 -0.568148 0
    endloop
  endfacet
  facet normal 0.751842 0.659343 0
    outer loop
      vertex -26.4142 -12.9142 3
      vertex -26.5867 -12.7175 0
      vertex -26.5867 -12.7175 3
    endloop
  endfacet
  facet normal 0.751842 0.659343 0
    outer loop
      vertex -26.5867 -12.7175 0
      vertex -26.4142 -12.9142 3
      vertex -26.4142 -12.9142 0
    endloop
  endfacet
  facet normal -0.997862 0.0653521 0
    outer loop
      vertex -23.0171 -11.7611 0
      vertex -23 -11.5 3
      vertex -23 -11.5 0
    endloop
  endfacet
  facet normal -0.997862 0.0653521 0
    outer loop
      vertex -23 -11.5 3
      vertex -23.0171 -11.7611 0
      vertex -23.0171 -11.7611 3
    endloop
  endfacet
  facet normal 0.659343 0.751842 -0
    outer loop
      vertex -26.2175 -13.0867 0
      vertex -26.4142 -12.9142 3
      vertex -26.2175 -13.0867 3
    endloop
  endfacet
  facet normal 0.659343 0.751842 0
    outer loop
      vertex -26.4142 -12.9142 3
      vertex -26.2175 -13.0867 0
      vertex -26.4142 -12.9142 0
    endloop
  endfacet
  facet normal 0.321382 0.94695 -0
    outer loop
      vertex -25.5176 -13.4319 0
      vertex -25.7654 -13.3478 3
      vertex -25.5176 -13.4319 3
    endloop
  endfacet
  facet normal 0.321382 0.94695 0
    outer loop
      vertex -25.7654 -13.3478 3
      vertex -25.5176 -13.4319 0
      vertex -25.7654 -13.3478 0
    endloop
  endfacet
  facet normal 0.997861 -0.0653646 0
    outer loop
      vertex -27 -2.5 3
      vertex -26.9829 -2.23895 0
      vertex -26.9829 -2.23895 3
    endloop
  endfacet
  facet normal 0.997861 -0.0653646 0
    outer loop
      vertex -26.9829 -2.23895 0
      vertex -27 -2.5 3
      vertex -27 -2.5 0
    endloop
  endfacet
  facet normal 0.896709 0.442621 0
    outer loop
      vertex -26.732 -12.5 3
      vertex -26.8478 -12.2654 0
      vertex -26.8478 -12.2654 3
    endloop
  endfacet
  facet normal 0.896709 0.442621 0
    outer loop
      vertex -26.8478 -12.2654 0
      vertex -26.732 -12.5 3
      vertex -26.732 -12.5 0
    endloop
  endfacet
  facet normal 0.750839 -0.660485 0
    outer loop
      vertex -26.4267 -1.1 3
      vertex -26.4142 -1.08579 0
      vertex -26.4142 -1.08579 3
    endloop
  endfacet
  facet normal 0.751902 -0.659274 1.01638e-05
    outer loop
      vertex -26.5867 -1.28248 3
      vertex -26.4142 -1.08579 0
      vertex -26.4267 -1.1 3
    endloop
  endfacet
  facet normal 0.751826 -0.659362 0
    outer loop
      vertex -26.4142 -1.08579 0
      vertex -26.5867 -1.28248 3
      vertex -26.5867 -1.28248 0
    endloop
  endfacet
  facet normal 0.555494 0.831521 -0
    outer loop
      vertex -26 -13.232 0
      vertex -26.2175 -13.0867 3
      vertex -26 -13.232 3
    endloop
  endfacet
  facet normal 0.555494 0.831521 0
    outer loop
      vertex -26.2175 -13.0867 3
      vertex -26 -13.232 0
      vertex -26.2175 -13.0867 0
    endloop
  endfacet
  facet normal 0.896731 -0.442575 0
    outer loop
      vertex -26.8478 -1.73463 3
      vertex -26.732 -1.5 0
      vertex -26.732 -1.5 3
    endloop
  endfacet
  facet normal 0.896731 -0.442575 0
    outer loop
      vertex -26.732 -1.5 0
      vertex -26.8478 -1.73463 3
      vertex -26.8478 -1.73463 0
    endloop
  endfacet
  facet normal 0.55561 -0.831443 0
    outer loop
      vertex -26.2175 -0.913293 0
      vertex -26 -0.767949 3
      vertex -26.2175 -0.913293 3
    endloop
  endfacet
  facet normal 0.55561 -0.831443 0
    outer loop
      vertex -26 -0.767949 3
      vertex -26.2175 -0.913293 0
      vertex -26 -0.767949 0
    endloop
  endfacet
  facet normal -0.896883 -0.442268 0
    outer loop
      vertex -23.1522 -1.73463 0
      vertex -23.2679 -1.5 3
      vertex -23.2679 -1.5 0
    endloop
  endfacet
  facet normal -0.896883 -0.442268 0
    outer loop
      vertex -23.2679 -1.5 3
      vertex -23.1522 -1.73463 0
      vertex -23.1522 -1.73463 3
    endloop
  endfacet
  facet normal 0.195013 0.980801 -0
    outer loop
      vertex -25.2611 -13.4829 0
      vertex -25.5176 -13.4319 3
      vertex -25.2611 -13.4829 3
    endloop
  endfacet
  facet normal 0.195013 0.980801 0
    outer loop
      vertex -25.5176 -13.4319 3
      vertex -25.2611 -13.4829 0
      vertex -25.5176 -13.4319 0
    endloop
  endfacet
  facet normal -1 0 0
    outer loop
      vertex -23 -11.5 0
      vertex -23 -2.5 3
      vertex -23 -2.5 0
    endloop
  endfacet
  facet normal -1 -0 0
    outer loop
      vertex -23 -2.5 3
      vertex -23 -11.5 0
      vertex -23 -11.5 3
    endloop
  endfacet
  facet normal 0.0653902 -0.99786 0
    outer loop
      vertex -25.2611 -0.51711 0
      vertex -25 -0.5 3
      vertex -25.2611 -0.51711 3
    endloop
  endfacet
  facet normal 0.0653902 -0.99786 0
    outer loop
      vertex -25 -0.5 3
      vertex -25.2611 -0.51711 0
      vertex -25 -0.5 0
    endloop
  endfacet
  facet normal -0.997861 -0.0653646 0
    outer loop
      vertex -23 -2.5 0
      vertex -23.0171 -2.23895 3
      vertex -23.0171 -2.23895 0
    endloop
  endfacet
  facet normal -0.997861 -0.0653646 0
    outer loop
      vertex -23.0171 -2.23895 3
      vertex -23 -2.5 0
      vertex -23 -2.5 3
    endloop
  endfacet
  facet normal -0.195153 -0.980773 0
    outer loop
      vertex -24.7389 -0.51711 0
      vertex -24.4824 -0.568148 3
      vertex -24.7389 -0.51711 3
    endloop
  endfacet
  facet normal -0.195153 -0.980773 -0
    outer loop
      vertex -24.4824 -0.568148 3
      vertex -24.7389 -0.51711 0
      vertex -24.4824 -0.568148 0
    endloop
  endfacet
  facet normal 0.195153 -0.980773 0
    outer loop
      vertex -25.5176 -0.568148 0
      vertex -25.2611 -0.51711 3
      vertex -25.5176 -0.568148 3
    endloop
  endfacet
  facet normal 0.195153 -0.980773 0
    outer loop
      vertex -25.2611 -0.51711 3
      vertex -25.5176 -0.568148 0
      vertex -25.2611 -0.51711 0
    endloop
  endfacet
  facet normal 0.980801 0.195013 0
    outer loop
      vertex -26.9319 -12.0176 3
      vertex -26.9829 -11.7611 0
      vertex -26.9829 -11.7611 3
    endloop
  endfacet
  facet normal 0.980801 0.195013 0
    outer loop
      vertex -26.9829 -11.7611 0
      vertex -26.9319 -12.0176 3
      vertex -26.9319 -12.0176 0
    endloop
  endfacet
  facet normal -0.0653902 -0.99786 0
    outer loop
      vertex -25 -0.5 0
      vertex -24.7389 -0.51711 3
      vertex -25 -0.5 3
    endloop
  endfacet
  facet normal -0.0653902 -0.99786 -0
    outer loop
      vertex -24.7389 -0.51711 3
      vertex -25 -0.5 0
      vertex -24.7389 -0.51711 0
    endloop
  endfacet
  facet normal -0.946922 -0.321463 0
    outer loop
      vertex -23.0681 -1.98236 0
      vertex -23.1522 -1.73463 3
      vertex -23.1522 -1.73463 0
    endloop
  endfacet
  facet normal -0.946922 -0.321463 0
    outer loop
      vertex -23.1522 -1.73463 3
      vertex -23.0681 -1.98236 0
      vertex -23.0681 -1.98236 3
    endloop
  endfacet
  facet normal 0.980814 -0.194947 0
    outer loop
      vertex -26.9829 -2.23895 3
      vertex -26.9319 -1.98236 0
      vertex -26.9319 -1.98236 3
    endloop
  endfacet
  facet normal 0.980814 -0.194947 0
    outer loop
      vertex -26.9319 -1.98236 0
      vertex -26.9829 -2.23895 3
      vertex -26.9829 -2.23895 0
    endloop
  endfacet
  facet normal 0.0653521 0.997862 -0
    outer loop
      vertex -25 -13.5 0
      vertex -25.2611 -13.4829 3
      vertex -25 -13.5 3
    endloop
  endfacet
  facet normal 0.0653521 0.997862 0
    outer loop
      vertex -25.2611 -13.4829 3
      vertex -25 -13.5 0
      vertex -25.2611 -13.4829 0
    endloop
  endfacet
  facet normal 0.946922 -0.321463 0
    outer loop
      vertex -26.9319 -1.98236 3
      vertex -26.8478 -1.73463 0
      vertex -26.8478 -1.73463 3
    endloop
  endfacet
  facet normal 0.946922 -0.321463 0
    outer loop
      vertex -26.8478 -1.73463 0
      vertex -26.9319 -1.98236 3
      vertex -26.9319 -1.98236 0
    endloop
  endfacet
  facet normal 0.659337 -0.751848 0
    outer loop
      vertex -26.4142 -1.08579 0
      vertex -26.2175 -0.913293 3
      vertex -26.4142 -1.08579 3
    endloop
  endfacet
  facet normal 0.659337 -0.751848 0
    outer loop
      vertex -26.2175 -0.913293 3
      vertex -26.4142 -1.08579 0
      vertex -26.2175 -0.913293 0
    endloop
  endfacet
  facet normal 0.831521 0.555494 0
    outer loop
      vertex -26.5867 -12.7175 3
      vertex -26.732 -12.5 0
      vertex -26.732 -12.5 3
    endloop
  endfacet
  facet normal 0.831521 0.555494 0
    outer loop
      vertex -26.732 -12.5 0
      vertex -26.5867 -12.7175 3
      vertex -26.5867 -12.7175 0
    endloop
  endfacet
  facet normal -0.831344 0.555758 0
    outer loop
      vertex -23.4133 -12.7175 0
      vertex -23.2679 -12.5 3
      vertex -23.2679 -12.5 0
    endloop
  endfacet
  facet normal -0.831344 0.555758 0
    outer loop
      vertex -23.2679 -12.5 3
      vertex -23.4133 -12.7175 0
      vertex -23.4133 -12.7175 3
    endloop
  endfacet
  facet normal -0.750839 -0.660485 0
    outer loop
      vertex -23.5858 -1.08579 0
      vertex -23.5733 -1.1 3
      vertex -23.5858 -1.08579 3
    endloop
  endfacet
  facet normal -0.751826 -0.659362 9.42856e-06
    outer loop
      vertex -23.4133 -1.28248 0
      vertex -23.5733 -1.1 3
      vertex -23.5858 -1.08579 0
    endloop
  endfacet
  facet normal -0.751902 -0.659274 0
    outer loop
      vertex -23.5733 -1.1 3
      vertex -23.4133 -1.28248 0
      vertex -23.4133 -1.28248 3
    endloop
  endfacet
  facet normal -0.659337 -0.751848 0
    outer loop
      vertex -23.7825 -0.913293 0
      vertex -23.5858 -1.08579 3
      vertex -23.7825 -0.913293 3
    endloop
  endfacet
  facet normal -0.659337 -0.751848 -0
    outer loop
      vertex -23.5858 -1.08579 3
      vertex -23.7825 -0.913293 0
      vertex -23.5858 -1.08579 0
    endloop
  endfacet
  facet normal -0.55561 -0.831443 0
    outer loop
      vertex -24 -0.767949 0
      vertex -23.7825 -0.913293 3
      vertex -24 -0.767949 3
    endloop
  endfacet
  facet normal -0.55561 -0.831443 -0
    outer loop
      vertex -23.7825 -0.913293 3
      vertex -24 -0.767949 0
      vertex -23.7825 -0.913293 0
    endloop
  endfacet
  facet normal -0.980814 -0.194947 0
    outer loop
      vertex -23.0171 -2.23895 0
      vertex -23.0681 -1.98236 3
      vertex -23.0681 -1.98236 0
    endloop
  endfacet
  facet normal -0.980814 -0.194947 0
    outer loop
      vertex -23.0681 -1.98236 3
      vertex -23.0171 -2.23895 0
      vertex -23.0171 -2.23895 3
    endloop
  endfacet
  facet normal 0.442338 -0.896848 0
    outer loop
      vertex -26 -0.767949 0
      vertex -25.7654 -0.652241 3
      vertex -26 -0.767949 3
    endloop
  endfacet
  facet normal 0.442338 -0.896848 0
    outer loop
      vertex -25.7654 -0.652241 3
      vertex -26 -0.767949 0
      vertex -25.7654 -0.652241 0
    endloop
  endfacet
  facet normal -0.751842 0.659343 0
    outer loop
      vertex -23.5858 -12.9142 0
      vertex -23.4133 -12.7175 3
      vertex -23.4133 -12.7175 0
    endloop
  endfacet
  facet normal -0.751842 0.659343 0
    outer loop
      vertex -23.4133 -12.7175 3
      vertex -23.5858 -12.9142 0
      vertex -23.5858 -12.9142 3
    endloop
  endfacet
  facet normal -0.442338 -0.896848 0
    outer loop
      vertex -24.2346 -0.652241 0
      vertex -24 -0.767949 3
      vertex -24.2346 -0.652241 3
    endloop
  endfacet
  facet normal -0.442338 -0.896848 -0
    outer loop
      vertex -24 -0.767949 3
      vertex -24.2346 -0.652241 0
      vertex -24 -0.767949 0
    endloop
  endfacet
  facet normal -0.321358 -0.946958 0
    outer loop
      vertex -24.4824 -0.568148 0
      vertex -24.2346 -0.652241 3
      vertex -24.4824 -0.568148 3
    endloop
  endfacet
  facet normal -0.321358 -0.946958 -0
    outer loop
      vertex -24.2346 -0.652241 3
      vertex -24.4824 -0.568148 0
      vertex -24.2346 -0.652241 0
    endloop
  endfacet
  facet normal -0.831368 -0.555723 0
    outer loop
      vertex -23.2679 -1.5 0
      vertex -23.4133 -1.28248 3
      vertex -23.4133 -1.28248 0
    endloop
  endfacet
  facet normal -0.831368 -0.555723 0
    outer loop
      vertex -23.4133 -1.28248 3
      vertex -23.2679 -1.5 0
      vertex -23.2679 -1.5 3
    endloop
  endfacet
  facet normal -0.442621 0.896709 0
    outer loop
      vertex -24 -13.232 0
      vertex -24.2346 -13.3478 3
      vertex -24 -13.232 3
    endloop
  endfacet
  facet normal -0.442621 0.896709 0
    outer loop
      vertex -24.2346 -13.3478 3
      vertex -24 -13.232 0
      vertex -24.2346 -13.3478 0
    endloop
  endfacet
  facet normal -0.555494 0.831521 0
    outer loop
      vertex -23.7825 -13.0867 0
      vertex -24 -13.232 3
      vertex -23.7825 -13.0867 3
    endloop
  endfacet
  facet normal -0.555494 0.831521 0
    outer loop
      vertex -24 -13.232 3
      vertex -23.7825 -13.0867 0
      vertex -24 -13.232 0
    endloop
  endfacet
  facet normal -0.89686 0.442314 0
    outer loop
      vertex -23.2679 -12.5 0
      vertex -23.1522 -12.2654 3
      vertex -23.1522 -12.2654 0
    endloop
  endfacet
  facet normal -0.89686 0.442314 0
    outer loop
      vertex -23.1522 -12.2654 3
      vertex -23.2679 -12.5 0
      vertex -23.2679 -12.5 3
    endloop
  endfacet
  facet normal -0.980801 0.195013 0
    outer loop
      vertex -23.0681 -12.0176 0
      vertex -23.0171 -11.7611 3
      vertex -23.0171 -11.7611 0
    endloop
  endfacet
  facet normal -0.980801 0.195013 0
    outer loop
      vertex -23.0171 -11.7611 3
      vertex -23.0681 -12.0176 0
      vertex -23.0681 -12.0176 3
    endloop
  endfacet
  facet normal -0.94695 0.321382 0
    outer loop
      vertex -23.1522 -12.2654 0
      vertex -23.0681 -12.0176 3
      vertex -23.0681 -12.0176 0
    endloop
  endfacet
  facet normal -0.94695 0.321382 0
    outer loop
      vertex -23.0681 -12.0176 3
      vertex -23.1522 -12.2654 0
      vertex -23.1522 -12.2654 3
    endloop
  endfacet
  facet normal -0.321382 0.94695 0
    outer loop
      vertex -24.2346 -13.3478 0
      vertex -24.4824 -13.4319 3
      vertex -24.2346 -13.3478 3
    endloop
  endfacet
  facet normal -0.321382 0.94695 0
    outer loop
      vertex -24.4824 -13.4319 3
      vertex -24.2346 -13.3478 0
      vertex -24.4824 -13.4319 0
    endloop
  endfacet
  facet normal -0.195153 0.980773 0
    outer loop
      vertex -24.4824 0.568148 0
      vertex -24.7389 0.51711 3
      vertex -24.4824 0.568148 3
    endloop
  endfacet
  facet normal -0.195153 0.980773 0
    outer loop
      vertex -24.7389 0.51711 3
      vertex -24.4824 0.568148 0
      vertex -24.7389 0.51711 0
    endloop
  endfacet
  facet normal 0.0653521 -0.997862 0
    outer loop
      vertex -25.2611 13.4829 0
      vertex -25 13.5 3
      vertex -25.2611 13.4829 3
    endloop
  endfacet
  facet normal 0.0653521 -0.997862 0
    outer loop
      vertex -25 13.5 3
      vertex -25.2611 13.4829 0
      vertex -25 13.5 0
    endloop
  endfacet
  facet normal -0.0653902 0.99786 0
    outer loop
      vertex -24.7389 0.51711 0
      vertex -25 0.5 3
      vertex -24.7389 0.51711 3
    endloop
  endfacet
  facet normal -0.0653902 0.99786 0
    outer loop
      vertex -25 0.5 3
      vertex -24.7389 0.51711 0
      vertex -25 0.5 0
    endloop
  endfacet
  facet normal 0.997862 -0.0653521 0
    outer loop
      vertex -27 11.5 3
      vertex -26.9829 11.7611 0
      vertex -26.9829 11.7611 3
    endloop
  endfacet
  facet normal 0.997862 -0.0653521 0
    outer loop
      vertex -26.9829 11.7611 0
      vertex -27 11.5 3
      vertex -27 11.5 0
    endloop
  endfacet
  facet normal -0.555494 -0.831521 0
    outer loop
      vertex -24 13.232 0
      vertex -23.7825 13.0867 3
      vertex -24 13.232 3
    endloop
  endfacet
  facet normal -0.555494 -0.831521 -0
    outer loop
      vertex -23.7825 13.0867 3
      vertex -24 13.232 0
      vertex -23.7825 13.0867 0
    endloop
  endfacet
  facet normal 0.946922 0.321463 0
    outer loop
      vertex -26.8478 1.73463 3
      vertex -26.9319 1.98236 0
      vertex -26.9319 1.98236 3
    endloop
  endfacet
  facet normal 0.946922 0.321463 0
    outer loop
      vertex -26.9319 1.98236 0
      vertex -26.8478 1.73463 3
      vertex -26.8478 1.73463 0
    endloop
  endfacet
  facet normal 0.55561 0.831443 -0
    outer loop
      vertex -26 0.767949 0
      vertex -26.2175 0.913293 3
      vertex -26 0.767949 3
    endloop
  endfacet
  facet normal 0.55561 0.831443 0
    outer loop
      vertex -26.2175 0.913293 3
      vertex -26 0.767949 0
      vertex -26.2175 0.913293 0
    endloop
  endfacet
  facet normal -0.321382 -0.94695 0
    outer loop
      vertex -24.4824 13.4319 0
      vertex -24.2346 13.3478 3
      vertex -24.4824 13.4319 3
    endloop
  endfacet
  facet normal -0.321382 -0.94695 -0
    outer loop
      vertex -24.2346 13.3478 3
      vertex -24.4824 13.4319 0
      vertex -24.2346 13.3478 0
    endloop
  endfacet
  facet normal 1 -0 0
    outer loop
      vertex -27 2.5 3
      vertex -27 11.5 0
      vertex -27 11.5 3
    endloop
  endfacet
  facet normal 1 0 0
    outer loop
      vertex -27 11.5 0
      vertex -27 2.5 3
      vertex -27 2.5 0
    endloop
  endfacet
  facet normal 0.195153 0.980773 -0
    outer loop
      vertex -25.2611 0.51711 0
      vertex -25.5176 0.568148 3
      vertex -25.2611 0.51711 3
    endloop
  endfacet
  facet normal 0.195153 0.980773 0
    outer loop
      vertex -25.5176 0.568148 3
      vertex -25.2611 0.51711 0
      vertex -25.5176 0.568148 0
    endloop
  endfacet
  facet normal 0.321382 -0.94695 0
    outer loop
      vertex -25.7654 13.3478 0
      vertex -25.5176 13.4319 3
      vertex -25.7654 13.3478 3
    endloop
  endfacet
  facet normal 0.321382 -0.94695 0
    outer loop
      vertex -25.5176 13.4319 3
      vertex -25.7654 13.3478 0
      vertex -25.5176 13.4319 0
    endloop
  endfacet
  facet normal 0.980801 -0.195013 0
    outer loop
      vertex -26.9829 11.7611 3
      vertex -26.9319 12.0176 0
      vertex -26.9319 12.0176 3
    endloop
  endfacet
  facet normal 0.980801 -0.195013 0
    outer loop
      vertex -26.9319 12.0176 0
      vertex -26.9829 11.7611 3
      vertex -26.9829 11.7611 0
    endloop
  endfacet
  facet normal 0.831521 -0.555494 0
    outer loop
      vertex -26.732 12.5 3
      vertex -26.5867 12.7175 0
      vertex -26.5867 12.7175 3
    endloop
  endfacet
  facet normal 0.831521 -0.555494 0
    outer loop
      vertex -26.5867 12.7175 0
      vertex -26.732 12.5 3
      vertex -26.732 12.5 0
    endloop
  endfacet
  facet normal -0.997861 0.0653646 0
    outer loop
      vertex -23.0171 2.23895 0
      vertex -23 2.5 3
      vertex -23 2.5 0
    endloop
  endfacet
  facet normal -0.997861 0.0653646 0
    outer loop
      vertex -23 2.5 3
      vertex -23.0171 2.23895 0
      vertex -23.0171 2.23895 3
    endloop
  endfacet
  facet normal -0.94695 -0.321382 0
    outer loop
      vertex -23.0681 12.0176 0
      vertex -23.1522 12.2654 3
      vertex -23.1522 12.2654 0
    endloop
  endfacet
  facet normal -0.94695 -0.321382 0
    outer loop
      vertex -23.1522 12.2654 3
      vertex -23.0681 12.0176 0
      vertex -23.0681 12.0176 3
    endloop
  endfacet
  facet normal 0.0653902 0.99786 -0
    outer loop
      vertex -25 0.5 0
      vertex -25.2611 0.51711 3
      vertex -25 0.5 3
    endloop
  endfacet
  facet normal 0.0653902 0.99786 0
    outer loop
      vertex -25.2611 0.51711 3
      vertex -25 0.5 0
      vertex -25.2611 0.51711 0
    endloop
  endfacet
  facet normal 0.980814 0.194947 0
    outer loop
      vertex -26.9319 1.98236 3
      vertex -26.9829 2.23895 0
      vertex -26.9829 2.23895 3
    endloop
  endfacet
  facet normal 0.980814 0.194947 0
    outer loop
      vertex -26.9829 2.23895 0
      vertex -26.9319 1.98236 3
      vertex -26.9319 1.98236 0
    endloop
  endfacet
  facet normal 0.321358 0.946958 -0
    outer loop
      vertex -25.5176 0.568148 0
      vertex -25.7654 0.652241 3
      vertex -25.5176 0.568148 3
    endloop
  endfacet
  facet normal 0.321358 0.946958 0
    outer loop
      vertex -25.7654 0.652241 3
      vertex -25.5176 0.568148 0
      vertex -25.7654 0.652241 0
    endloop
  endfacet
  facet normal -0.751842 -0.659343 0
    outer loop
      vertex -23.4133 12.7175 0
      vertex -23.5858 12.9142 3
      vertex -23.5858 12.9142 0
    endloop
  endfacet
  facet normal -0.751842 -0.659343 0
    outer loop
      vertex -23.5858 12.9142 3
      vertex -23.4133 12.7175 0
      vertex -23.4133 12.7175 3
    endloop
  endfacet
  facet normal -0.997862 -0.0653521 0
    outer loop
      vertex -23 11.5 0
      vertex -23.0171 11.7611 3
      vertex -23.0171 11.7611 0
    endloop
  endfacet
  facet normal -0.997862 -0.0653521 0
    outer loop
      vertex -23.0171 11.7611 3
      vertex -23 11.5 0
      vertex -23 11.5 3
    endloop
  endfacet
  facet normal 0.896731 0.442575 0
    outer loop
      vertex -26.732 1.5 3
      vertex -26.8478 1.73463 0
      vertex -26.8478 1.73463 3
    endloop
  endfacet
  facet normal 0.896731 0.442575 0
    outer loop
      vertex -26.8478 1.73463 0
      vertex -26.732 1.5 3
      vertex -26.732 1.5 0
    endloop
  endfacet
  facet normal -0.896883 0.442268 0
    outer loop
      vertex -23.2679 1.5 0
      vertex -23.1522 1.73463 3
      vertex -23.1522 1.73463 0
    endloop
  endfacet
  facet normal -0.896883 0.442268 0
    outer loop
      vertex -23.1522 1.73463 3
      vertex -23.2679 1.5 0
      vertex -23.2679 1.5 3
    endloop
  endfacet
  facet normal 0.659343 -0.751842 0
    outer loop
      vertex -26.4142 12.9142 0
      vertex -26.2175 13.0867 3
      vertex -26.4142 12.9142 3
    endloop
  endfacet
  facet normal 0.659343 -0.751842 0
    outer loop
      vertex -26.2175 13.0867 3
      vertex -26.4142 12.9142 0
      vertex -26.2175 13.0867 0
    endloop
  endfacet
  facet normal 0.555494 -0.831521 0
    outer loop
      vertex -26.2175 13.0867 0
      vertex -26 13.232 3
      vertex -26.2175 13.0867 3
    endloop
  endfacet
  facet normal 0.555494 -0.831521 0
    outer loop
      vertex -26 13.232 3
      vertex -26.2175 13.0867 0
      vertex -26 13.232 0
    endloop
  endfacet
  facet normal -0.751902 0.659274 0
    outer loop
      vertex -23.4133 1.28248 0
      vertex -23.5733 1.1 3
      vertex -23.4133 1.28248 3
    endloop
  endfacet
  facet normal -0.751826 0.659362 9.42856e-06
    outer loop
      vertex -23.5858 1.08579 0
      vertex -23.5733 1.1 3
      vertex -23.4133 1.28248 0
    endloop
  endfacet
  facet normal -0.750839 0.660485 0
    outer loop
      vertex -23.5733 1.1 3
      vertex -23.5858 1.08579 0
      vertex -23.5858 1.08579 3
    endloop
  endfacet
  facet normal 0.751902 0.659274 0
    outer loop
      vertex -26.4267 1.1 3
      vertex -26.5867 1.28248 0
      vertex -26.5867 1.28248 3
    endloop
  endfacet
  facet normal 0.750839 0.660485 -0
    outer loop
      vertex -26.4142 1.08579 0
      vertex -26.4267 1.1 3
      vertex -26.4142 1.08579 3
    endloop
  endfacet
  facet normal 0.751826 0.659362 9.42856e-06
    outer loop
      vertex -26.4267 1.1 3
      vertex -26.4142 1.08579 0
      vertex -26.5867 1.28248 0
    endloop
  endfacet
  facet normal -0.89686 -0.442314 0
    outer loop
      vertex -23.1522 12.2654 0
      vertex -23.2679 12.5 3
      vertex -23.2679 12.5 0
    endloop
  endfacet
  facet normal -0.89686 -0.442314 0
    outer loop
      vertex -23.2679 12.5 3
      vertex -23.1522 12.2654 0
      vertex -23.1522 12.2654 3
    endloop
  endfacet
  facet normal 0.659337 0.751848 -0
    outer loop
      vertex -26.2175 0.913293 0
      vertex -26.4142 1.08579 3
      vertex -26.2175 0.913293 3
    endloop
  endfacet
  facet normal 0.659337 0.751848 0
    outer loop
      vertex -26.4142 1.08579 3
      vertex -26.2175 0.913293 0
      vertex -26.4142 1.08579 0
    endloop
  endfacet
  facet normal -1 0 0
    outer loop
      vertex -23 2.5 0
      vertex -23 11.5 3
      vertex -23 11.5 0
    endloop
  endfacet
  facet normal -1 -0 0
    outer loop
      vertex -23 11.5 3
      vertex -23 2.5 0
      vertex -23 2.5 3
    endloop
  endfacet
  facet normal -0.946922 0.321463 0
    outer loop
      vertex -23.1522 1.73463 0
      vertex -23.0681 1.98236 3
      vertex -23.0681 1.98236 0
    endloop
  endfacet
  facet normal -0.946922 0.321463 0
    outer loop
      vertex -23.0681 1.98236 3
      vertex -23.1522 1.73463 0
      vertex -23.1522 1.73463 3
    endloop
  endfacet
  facet normal -0.442338 0.896848 0
    outer loop
      vertex -24 0.767949 0
      vertex -24.2346 0.652241 3
      vertex -24 0.767949 3
    endloop
  endfacet
  facet normal -0.442338 0.896848 0
    outer loop
      vertex -24.2346 0.652241 3
      vertex -24 0.767949 0
      vertex -24.2346 0.652241 0
    endloop
  endfacet
  facet normal 0.195013 -0.980801 0
    outer loop
      vertex -25.5176 13.4319 0
      vertex -25.2611 13.4829 3
      vertex -25.5176 13.4319 3
    endloop
  endfacet
  facet normal 0.195013 -0.980801 0
    outer loop
      vertex -25.2611 13.4829 3
      vertex -25.5176 13.4319 0
      vertex -25.2611 13.4829 0
    endloop
  endfacet
  facet normal 0.997861 0.0653646 0
    outer loop
      vertex -26.9829 2.23895 3
      vertex -27 2.5 0
      vertex -27 2.5 3
    endloop
  endfacet
  facet normal 0.997861 0.0653646 0
    outer loop
      vertex -27 2.5 0
      vertex -26.9829 2.23895 3
      vertex -26.9829 2.23895 0
    endloop
  endfacet
  facet normal 0.442338 0.896848 -0
    outer loop
      vertex -25.7654 0.652241 0
      vertex -26 0.767949 3
      vertex -25.7654 0.652241 3
    endloop
  endfacet
  facet normal 0.442338 0.896848 0
    outer loop
      vertex -26 0.767949 3
      vertex -25.7654 0.652241 0
      vertex -26 0.767949 0
    endloop
  endfacet
  facet normal -0.980801 -0.195013 0
    outer loop
      vertex -23.0171 11.7611 0
      vertex -23.0681 12.0176 3
      vertex -23.0681 12.0176 0
    endloop
  endfacet
  facet normal -0.980801 -0.195013 0
    outer loop
      vertex -23.0681 12.0176 3
      vertex -23.0171 11.7611 0
      vertex -23.0171 11.7611 3
    endloop
  endfacet
  facet normal 0.751842 -0.659343 0
    outer loop
      vertex -26.5867 12.7175 3
      vertex -26.4142 12.9142 0
      vertex -26.4142 12.9142 3
    endloop
  endfacet
  facet normal 0.751842 -0.659343 0
    outer loop
      vertex -26.4142 12.9142 0
      vertex -26.5867 12.7175 3
      vertex -26.5867 12.7175 0
    endloop
  endfacet
  facet normal 0.831544 0.555459 0
    outer loop
      vertex -26.5867 1.28248 3
      vertex -26.732 1.5 0
      vertex -26.732 1.5 3
    endloop
  endfacet
  facet normal 0.831544 0.555459 0
    outer loop
      vertex -26.732 1.5 0
      vertex -26.5867 1.28248 3
      vertex -26.5867 1.28248 0
    endloop
  endfacet
  facet normal -0.0653521 -0.997862 0
    outer loop
      vertex -25 13.5 0
      vertex -24.7389 13.4829 3
      vertex -25 13.5 3
    endloop
  endfacet
  facet normal -0.0653521 -0.997862 -0
    outer loop
      vertex -24.7389 13.4829 3
      vertex -25 13.5 0
      vertex -24.7389 13.4829 0
    endloop
  endfacet
  facet normal -0.195013 -0.980801 0
    outer loop
      vertex -24.7389 13.4829 0
      vertex -24.4824 13.4319 3
      vertex -24.7389 13.4829 3
    endloop
  endfacet
  facet normal -0.195013 -0.980801 -0
    outer loop
      vertex -24.4824 13.4319 3
      vertex -24.7389 13.4829 0
      vertex -24.4824 13.4319 0
    endloop
  endfacet
  facet normal -0.442621 -0.896709 0
    outer loop
      vertex -24.2346 13.3478 0
      vertex -24 13.232 3
      vertex -24.2346 13.3478 3
    endloop
  endfacet
  facet normal -0.442621 -0.896709 -0
    outer loop
      vertex -24 13.232 3
      vertex -24.2346 13.3478 0
      vertex -24 13.232 0
    endloop
  endfacet
  facet normal -0.831368 0.555723 0
    outer loop
      vertex -23.4133 1.28248 0
      vertex -23.2679 1.5 3
      vertex -23.2679 1.5 0
    endloop
  endfacet
  facet normal -0.831368 0.555723 0
    outer loop
      vertex -23.2679 1.5 3
      vertex -23.4133 1.28248 0
      vertex -23.4133 1.28248 3
    endloop
  endfacet
  facet normal 0.94695 -0.321382 0
    outer loop
      vertex -26.9319 12.0176 3
      vertex -26.8478 12.2654 0
      vertex -26.8478 12.2654 3
    endloop
  endfacet
  facet normal 0.94695 -0.321382 0
    outer loop
      vertex -26.8478 12.2654 0
      vertex -26.9319 12.0176 3
      vertex -26.9319 12.0176 0
    endloop
  endfacet
  facet normal 0.442621 -0.896709 0
    outer loop
      vertex -26 13.232 0
      vertex -25.7654 13.3478 3
      vertex -26 13.232 3
    endloop
  endfacet
  facet normal 0.442621 -0.896709 0
    outer loop
      vertex -25.7654 13.3478 3
      vertex -26 13.232 0
      vertex -25.7654 13.3478 0
    endloop
  endfacet
  facet normal -0.659337 0.751848 0
    outer loop
      vertex -23.5858 1.08579 0
      vertex -23.7825 0.913293 3
      vertex -23.5858 1.08579 3
    endloop
  endfacet
  facet normal -0.659337 0.751848 0
    outer loop
      vertex -23.7825 0.913293 3
      vertex -23.5858 1.08579 0
      vertex -23.7825 0.913293 0
    endloop
  endfacet
  facet normal -0.55561 0.831443 0
    outer loop
      vertex -23.7825 0.913293 0
      vertex -24 0.767949 3
      vertex -23.7825 0.913293 3
    endloop
  endfacet
  facet normal -0.55561 0.831443 0
    outer loop
      vertex -24 0.767949 3
      vertex -23.7825 0.913293 0
      vertex -24 0.767949 0
    endloop
  endfacet
  facet normal -0.659343 -0.751842 0
    outer loop
      vertex -23.7825 13.0867 0
      vertex -23.5858 12.9142 3
      vertex -23.7825 13.0867 3
    endloop
  endfacet
  facet normal -0.659343 -0.751842 -0
    outer loop
      vertex -23.5858 12.9142 3
      vertex -23.7825 13.0867 0
      vertex -23.5858 12.9142 0
    endloop
  endfacet
  facet normal 0.896709 -0.442621 0
    outer loop
      vertex -26.8478 12.2654 3
      vertex -26.732 12.5 0
      vertex -26.732 12.5 3
    endloop
  endfacet
  facet normal 0.896709 -0.442621 0
    outer loop
      vertex -26.732 12.5 0
      vertex -26.8478 12.2654 3
      vertex -26.8478 12.2654 0
    endloop
  endfacet
  facet normal -0.831344 -0.555758 0
    outer loop
      vertex -23.2679 12.5 0
      vertex -23.4133 12.7175 3
      vertex -23.4133 12.7175 0
    endloop
  endfacet
  facet normal -0.831344 -0.555758 0
    outer loop
      vertex -23.4133 12.7175 3
      vertex -23.2679 12.5 0
      vertex -23.2679 12.5 3
    endloop
  endfacet
  facet normal -0.980814 0.194947 0
    outer loop
      vertex -23.0681 1.98236 0
      vertex -23.0171 2.23895 3
      vertex -23.0171 2.23895 0
    endloop
  endfacet
  facet normal -0.980814 0.194947 0
    outer loop
      vertex -23.0171 2.23895 3
      vertex -23.0681 1.98236 0
      vertex -23.0681 1.98236 3
    endloop
  endfacet
  facet normal -0.321358 0.946958 0
    outer loop
      vertex -24.2346 0.652241 0
      vertex -24.4824 0.568148 3
      vertex -24.2346 0.652241 3
    endloop
  endfacet
  facet normal -0.321358 0.946958 0
    outer loop
      vertex -24.4824 0.568148 3
      vertex -24.2346 0.652241 0
      vertex -24.4824 0.568148 0
    endloop
  endfacet
  facet normal -0.195013 0.980801 0
    outer loop
      vertex -24.4824 23.5681 0
      vertex -24.7389 23.5171 3
      vertex -24.4824 23.5681 3
    endloop
  endfacet
  facet normal -0.195013 0.980801 0
    outer loop
      vertex -24.7389 23.5171 3
      vertex -24.4824 23.5681 0
      vertex -24.7389 23.5171 0
    endloop
  endfacet
  facet normal -0.321382 0.94695 0
    outer loop
      vertex -24.2346 23.6522 0
      vertex -24.4824 23.5681 3
      vertex -24.2346 23.6522 3
    endloop
  endfacet
  facet normal -0.321382 0.94695 0
    outer loop
      vertex -24.4824 23.5681 3
      vertex -24.2346 23.6522 0
      vertex -24.4824 23.5681 0
    endloop
  endfacet
  facet normal 0.831521 0.555494 0
    outer loop
      vertex -26.5867 24.2825 3
      vertex -26.732 24.5 0
      vertex -26.732 24.5 3
    endloop
  endfacet
  facet normal 0.831521 0.555494 0
    outer loop
      vertex -26.732 24.5 0
      vertex -26.5867 24.2825 3
      vertex -26.5867 24.2825 0
    endloop
  endfacet
  facet normal -0.0653521 0.997862 0
    outer loop
      vertex -24.7389 23.5171 0
      vertex -25 23.5 3
      vertex -24.7389 23.5171 3
    endloop
  endfacet
  facet normal -0.0653521 0.997862 0
    outer loop
      vertex -25 23.5 3
      vertex -24.7389 23.5171 0
      vertex -25 23.5 0
    endloop
  endfacet
  facet normal -0.659343 0.751842 0
    outer loop
      vertex -23.5858 24.0858 0
      vertex -23.7825 23.9133 3
      vertex -23.5858 24.0858 3
    endloop
  endfacet
  facet normal -0.659343 0.751842 0
    outer loop
      vertex -23.7825 23.9133 3
      vertex -23.5858 24.0858 0
      vertex -23.7825 23.9133 0
    endloop
  endfacet
  facet normal -0.555758 0.831344 0
    outer loop
      vertex -23.7825 23.9133 0
      vertex -24 23.7679 3
      vertex -23.7825 23.9133 3
    endloop
  endfacet
  facet normal -0.555758 0.831344 0
    outer loop
      vertex -24 23.7679 3
      vertex -23.7825 23.9133 0
      vertex -24 23.7679 0
    endloop
  endfacet
  facet normal 0.442621 -0.896709 0
    outer loop
      vertex -26 36.232 0
      vertex -25.7654 36.3478 3
      vertex -26 36.232 3
    endloop
  endfacet
  facet normal 0.442621 -0.896709 0
    outer loop
      vertex -25.7654 36.3478 3
      vertex -26 36.232 0
      vertex -25.7654 36.3478 0
    endloop
  endfacet
  facet normal 0.94695 0.321382 0
    outer loop
      vertex -26.8478 24.7346 3
      vertex -26.9319 24.9824 0
      vertex -26.9319 24.9824 3
    endloop
  endfacet
  facet normal 0.94695 0.321382 0
    outer loop
      vertex -26.9319 24.9824 0
      vertex -26.8478 24.7346 3
      vertex -26.8478 24.7346 0
    endloop
  endfacet
  facet normal 0.997862 -0.0653521 0
    outer loop
      vertex -27 34.5 3
      vertex -26.9829 34.7611 0
      vertex -26.9829 34.7611 3
    endloop
  endfacet
  facet normal 0.997862 -0.0653521 0
    outer loop
      vertex -26.9829 34.7611 0
      vertex -27 34.5 3
      vertex -27 34.5 0
    endloop
  endfacet
  facet normal 0.896709 0.442621 0
    outer loop
      vertex -26.732 24.5 3
      vertex -26.8478 24.7346 0
      vertex -26.8478 24.7346 3
    endloop
  endfacet
  facet normal 0.896709 0.442621 0
    outer loop
      vertex -26.8478 24.7346 0
      vertex -26.732 24.5 3
      vertex -26.732 24.5 0
    endloop
  endfacet
  facet normal -0.980801 0.195013 0
    outer loop
      vertex -23.0681 24.9824 0
      vertex -23.0171 25.2389 3
      vertex -23.0171 25.2389 0
    endloop
  endfacet
  facet normal -0.980801 0.195013 0
    outer loop
      vertex -23.0171 25.2389 3
      vertex -23.0681 24.9824 0
      vertex -23.0681 24.9824 3
    endloop
  endfacet
  facet normal -0.831344 0.555758 0
    outer loop
      vertex -23.4133 24.2825 0
      vertex -23.2679 24.5 3
      vertex -23.2679 24.5 0
    endloop
  endfacet
  facet normal -0.831344 0.555758 0
    outer loop
      vertex -23.2679 24.5 3
      vertex -23.4133 24.2825 0
      vertex -23.4133 24.2825 3
    endloop
  endfacet
  facet normal -0.997862 0.0653521 0
    outer loop
      vertex -23.0171 25.2389 0
      vertex -23 25.5 3
      vertex -23 25.5 0
    endloop
  endfacet
  facet normal -0.997862 0.0653521 0
    outer loop
      vertex -23 25.5 3
      vertex -23.0171 25.2389 0
      vertex -23.0171 25.2389 3
    endloop
  endfacet
  facet normal 0.997862 0.0653521 0
    outer loop
      vertex -26.9829 25.2389 3
      vertex -27 25.5 0
      vertex -27 25.5 3
    endloop
  endfacet
  facet normal 0.997862 0.0653521 0
    outer loop
      vertex -27 25.5 0
      vertex -26.9829 25.2389 3
      vertex -26.9829 25.2389 0
    endloop
  endfacet
  facet normal 1 -0 0
    outer loop
      vertex -27 25.5 3
      vertex -27 34.5 0
      vertex -27 34.5 3
    endloop
  endfacet
  facet normal 1 0 0
    outer loop
      vertex -27 34.5 0
      vertex -27 25.5 3
      vertex -27 25.5 0
    endloop
  endfacet
  facet normal 0.321382 0.94695 -0
    outer loop
      vertex -25.5176 23.5681 0
      vertex -25.7654 23.6522 3
      vertex -25.5176 23.5681 3
    endloop
  endfacet
  facet normal 0.321382 0.94695 0
    outer loop
      vertex -25.7654 23.6522 3
      vertex -25.5176 23.5681 0
      vertex -25.7654 23.6522 0
    endloop
  endfacet
  facet normal -0.442621 -0.896709 0
    outer loop
      vertex -24.2346 36.3478 0
      vertex -24 36.232 3
      vertex -24.2346 36.3478 3
    endloop
  endfacet
  facet normal -0.442621 -0.896709 -0
    outer loop
      vertex -24 36.232 3
      vertex -24.2346 36.3478 0
      vertex -24 36.232 0
    endloop
  endfacet
  facet normal 0.195013 0.980801 -0
    outer loop
      vertex -25.2611 23.5171 0
      vertex -25.5176 23.5681 3
      vertex -25.2611 23.5171 3
    endloop
  endfacet
  facet normal 0.195013 0.980801 0
    outer loop
      vertex -25.5176 23.5681 3
      vertex -25.2611 23.5171 0
      vertex -25.5176 23.5681 0
    endloop
  endfacet
  facet normal 0.659343 0.751842 -0
    outer loop
      vertex -26.2175 23.9133 0
      vertex -26.4142 24.0858 3
      vertex -26.2175 23.9133 3
    endloop
  endfacet
  facet normal 0.659343 0.751842 0
    outer loop
      vertex -26.4142 24.0858 3
      vertex -26.2175 23.9133 0
      vertex -26.4142 24.0858 0
    endloop
  endfacet
  facet normal -0.751842 -0.659343 0
    outer loop
      vertex -23.4133 35.7175 0
      vertex -23.5858 35.9142 3
      vertex -23.5858 35.9142 0
    endloop
  endfacet
  facet normal -0.751842 -0.659343 0
    outer loop
      vertex -23.5858 35.9142 3
      vertex -23.4133 35.7175 0
      vertex -23.4133 35.7175 3
    endloop
  endfacet
  facet normal 0.0653521 -0.997862 0
    outer loop
      vertex -25.2611 36.4829 0
      vertex -25 36.5 3
      vertex -25.2611 36.4829 3
    endloop
  endfacet
  facet normal 0.0653521 -0.997862 0
    outer loop
      vertex -25 36.5 3
      vertex -25.2611 36.4829 0
      vertex -25 36.5 0
    endloop
  endfacet
  facet normal -1 0 0
    outer loop
      vertex -23 25.5 0
      vertex -23 34.5 3
      vertex -23 34.5 0
    endloop
  endfacet
  facet normal -1 -0 0
    outer loop
      vertex -23 34.5 3
      vertex -23 25.5 0
      vertex -23 25.5 3
    endloop
  endfacet
  facet normal -0.321382 -0.94695 0
    outer loop
      vertex -24.4824 36.4319 0
      vertex -24.2346 36.3478 3
      vertex -24.4824 36.4319 3
    endloop
  endfacet
  facet normal -0.321382 -0.94695 -0
    outer loop
      vertex -24.2346 36.3478 3
      vertex -24.4824 36.4319 0
      vertex -24.2346 36.3478 0
    endloop
  endfacet
  facet normal 0.555494 -0.831521 0
    outer loop
      vertex -26.2175 36.0867 0
      vertex -26 36.232 3
      vertex -26.2175 36.0867 3
    endloop
  endfacet
  facet normal 0.555494 -0.831521 0
    outer loop
      vertex -26 36.232 3
      vertex -26.2175 36.0867 0
      vertex -26 36.232 0
    endloop
  endfacet
  facet normal 0.0653521 0.997862 -0
    outer loop
      vertex -25 23.5 0
      vertex -25.2611 23.5171 3
      vertex -25 23.5 3
    endloop
  endfacet
  facet normal 0.0653521 0.997862 0
    outer loop
      vertex -25.2611 23.5171 3
      vertex -25 23.5 0
      vertex -25.2611 23.5171 0
    endloop
  endfacet
  facet normal 0.195013 -0.980801 0
    outer loop
      vertex -25.5176 36.4319 0
      vertex -25.2611 36.4829 3
      vertex -25.5176 36.4319 3
    endloop
  endfacet
  facet normal 0.195013 -0.980801 0
    outer loop
      vertex -25.2611 36.4829 3
      vertex -25.5176 36.4319 0
      vertex -25.2611 36.4829 0
    endloop
  endfacet
  facet normal 0.321382 -0.94695 0
    outer loop
      vertex -25.7654 36.3478 0
      vertex -25.5176 36.4319 3
      vertex -25.7654 36.3478 3
    endloop
  endfacet
  facet normal 0.321382 -0.94695 0
    outer loop
      vertex -25.5176 36.4319 3
      vertex -25.7654 36.3478 0
      vertex -25.5176 36.4319 0
    endloop
  endfacet
  facet normal 0.831521 -0.555494 0
    outer loop
      vertex -26.732 35.5 3
      vertex -26.5867 35.7175 0
      vertex -26.5867 35.7175 3
    endloop
  endfacet
  facet normal 0.831521 -0.555494 0
    outer loop
      vertex -26.5867 35.7175 0
      vertex -26.732 35.5 3
      vertex -26.732 35.5 0
    endloop
  endfacet
  facet normal 0.751842 0.659343 0
    outer loop
      vertex -26.4142 24.0858 3
      vertex -26.5867 24.2825 0
      vertex -26.5867 24.2825 3
    endloop
  endfacet
  facet normal 0.751842 0.659343 0
    outer loop
      vertex -26.5867 24.2825 0
      vertex -26.4142 24.0858 3
      vertex -26.4142 24.0858 0
    endloop
  endfacet
  facet normal -0.195013 -0.980801 0
    outer loop
      vertex -24.7389 36.4829 0
      vertex -24.4824 36.4319 3
      vertex -24.7389 36.4829 3
    endloop
  endfacet
  facet normal -0.195013 -0.980801 -0
    outer loop
      vertex -24.4824 36.4319 3
      vertex -24.7389 36.4829 0
      vertex -24.4824 36.4319 0
    endloop
  endfacet
  facet normal -0.555494 -0.831521 0
    outer loop
      vertex -24 36.232 0
      vertex -23.7825 36.0867 3
      vertex -24 36.232 3
    endloop
  endfacet
  facet normal -0.555494 -0.831521 -0
    outer loop
      vertex -23.7825 36.0867 3
      vertex -24 36.232 0
      vertex -23.7825 36.0867 0
    endloop
  endfacet
  facet normal 0.896709 -0.442621 0
    outer loop
      vertex -26.8478 35.2654 3
      vertex -26.732 35.5 0
      vertex -26.732 35.5 3
    endloop
  endfacet
  facet normal 0.896709 -0.442621 0
    outer loop
      vertex -26.732 35.5 0
      vertex -26.8478 35.2654 3
      vertex -26.8478 35.2654 0
    endloop
  endfacet
  facet normal 0.555758 0.831344 -0
    outer loop
      vertex -26 23.7679 0
      vertex -26.2175 23.9133 3
      vertex -26 23.7679 3
    endloop
  endfacet
  facet normal 0.555758 0.831344 0
    outer loop
      vertex -26.2175 23.9133 3
      vertex -26 23.7679 0
      vertex -26.2175 23.9133 0
    endloop
  endfacet
  facet normal 0.980801 0.195013 0
    outer loop
      vertex -26.9319 24.9824 3
      vertex -26.9829 25.2389 0
      vertex -26.9829 25.2389 3
    endloop
  endfacet
  facet normal 0.980801 0.195013 0
    outer loop
      vertex -26.9829 25.2389 0
      vertex -26.9319 24.9824 3
      vertex -26.9319 24.9824 0
    endloop
  endfacet
  facet normal -0.751842 0.659343 0
    outer loop
      vertex -23.5858 24.0858 0
      vertex -23.4133 24.2825 3
      vertex -23.4133 24.2825 0
    endloop
  endfacet
  facet normal -0.751842 0.659343 0
    outer loop
      vertex -23.4133 24.2825 3
      vertex -23.5858 24.0858 0
      vertex -23.5858 24.0858 3
    endloop
  endfacet
  facet normal -0.831344 -0.555758 0
    outer loop
      vertex -23.2679 35.5 0
      vertex -23.4133 35.7175 3
      vertex -23.4133 35.7175 0
    endloop
  endfacet
  facet normal -0.831344 -0.555758 0
    outer loop
      vertex -23.4133 35.7175 3
      vertex -23.2679 35.5 0
      vertex -23.2679 35.5 3
    endloop
  endfacet
  facet normal 0.442314 0.89686 -0
    outer loop
      vertex -25.7654 23.6522 0
      vertex -26 23.7679 3
      vertex -25.7654 23.6522 3
    endloop
  endfacet
  facet normal 0.442314 0.89686 0
    outer loop
      vertex -26 23.7679 3
      vertex -25.7654 23.6522 0
      vertex -26 23.7679 0
    endloop
  endfacet
  facet normal 0.980801 -0.195013 0
    outer loop
      vertex -26.9829 34.7611 3
      vertex -26.9319 35.0176 0
      vertex -26.9319 35.0176 3
    endloop
  endfacet
  facet normal 0.980801 -0.195013 0
    outer loop
      vertex -26.9319 35.0176 0
      vertex -26.9829 34.7611 3
      vertex -26.9829 34.7611 0
    endloop
  endfacet
  facet normal -0.94695 0.321382 0
    outer loop
      vertex -23.1522 24.7346 0
      vertex -23.0681 24.9824 3
      vertex -23.0681 24.9824 0
    endloop
  endfacet
  facet normal -0.94695 0.321382 0
    outer loop
      vertex -23.0681 24.9824 3
      vertex -23.1522 24.7346 0
      vertex -23.1522 24.7346 3
    endloop
  endfacet
  facet normal 0.751842 -0.659343 0
    outer loop
      vertex -26.5867 35.7175 3
      vertex -26.4142 35.9142 0
      vertex -26.4142 35.9142 3
    endloop
  endfacet
  facet normal 0.751842 -0.659343 0
    outer loop
      vertex -26.4142 35.9142 0
      vertex -26.5867 35.7175 3
      vertex -26.5867 35.7175 0
    endloop
  endfacet
  facet normal 0.94695 -0.321382 0
    outer loop
      vertex -26.9319 35.0176 3
      vertex -26.8478 35.2654 0
      vertex -26.8478 35.2654 3
    endloop
  endfacet
  facet normal 0.94695 -0.321382 0
    outer loop
      vertex -26.8478 35.2654 0
      vertex -26.9319 35.0176 3
      vertex -26.9319 35.0176 0
    endloop
  endfacet
  facet normal -0.442314 0.89686 0
    outer loop
      vertex -24 23.7679 0
      vertex -24.2346 23.6522 3
      vertex -24 23.7679 3
    endloop
  endfacet
  facet normal -0.442314 0.89686 0
    outer loop
      vertex -24.2346 23.6522 3
      vertex -24 23.7679 0
      vertex -24.2346 23.6522 0
    endloop
  endfacet
  facet normal -0.0653521 -0.997862 0
    outer loop
      vertex -25 36.5 0
      vertex -24.7389 36.4829 3
      vertex -25 36.5 3
    endloop
  endfacet
  facet normal -0.0653521 -0.997862 -0
    outer loop
      vertex -24.7389 36.4829 3
      vertex -25 36.5 0
      vertex -24.7389 36.4829 0
    endloop
  endfacet
  facet normal 0.659343 -0.751842 0
    outer loop
      vertex -26.4142 35.9142 0
      vertex -26.2175 36.0867 3
      vertex -26.4142 35.9142 3
    endloop
  endfacet
  facet normal 0.659343 -0.751842 0
    outer loop
      vertex -26.2175 36.0867 3
      vertex -26.4142 35.9142 0
      vertex -26.2175 36.0867 0
    endloop
  endfacet
  facet normal -0.89686 -0.442314 0
    outer loop
      vertex -23.1522 35.2654 0
      vertex -23.2679 35.5 3
      vertex -23.2679 35.5 0
    endloop
  endfacet
  facet normal -0.89686 -0.442314 0
    outer loop
      vertex -23.2679 35.5 3
      vertex -23.1522 35.2654 0
      vertex -23.1522 35.2654 3
    endloop
  endfacet
  facet normal -0.980801 -0.195013 0
    outer loop
      vertex -23.0171 34.7611 0
      vertex -23.0681 35.0176 3
      vertex -23.0681 35.0176 0
    endloop
  endfacet
  facet normal -0.980801 -0.195013 0
    outer loop
      vertex -23.0681 35.0176 3
      vertex -23.0171 34.7611 0
      vertex -23.0171 34.7611 3
    endloop
  endfacet
  facet normal -0.94695 -0.321382 0
    outer loop
      vertex -23.0681 35.0176 0
      vertex -23.1522 35.2654 3
      vertex -23.1522 35.2654 0
    endloop
  endfacet
  facet normal -0.94695 -0.321382 0
    outer loop
      vertex -23.1522 35.2654 3
      vertex -23.0681 35.0176 0
      vertex -23.0681 35.0176 3
    endloop
  endfacet
  facet normal -0.659343 -0.751842 0
    outer loop
      vertex -23.7825 36.0867 0
      vertex -23.5858 35.9142 3
      vertex -23.7825 36.0867 3
    endloop
  endfacet
  facet normal -0.659343 -0.751842 -0
    outer loop
      vertex -23.5858 35.9142 3
      vertex -23.7825 36.0867 0
      vertex -23.5858 35.9142 0
    endloop
  endfacet
  facet normal -0.997862 -0.0653521 0
    outer loop
      vertex -23 34.5 0
      vertex -23.0171 34.7611 3
      vertex -23.0171 34.7611 0
    endloop
  endfacet
  facet normal -0.997862 -0.0653521 0
    outer loop
      vertex -23.0171 34.7611 3
      vertex -23 34.5 0
      vertex -23 34.5 3
    endloop
  endfacet
  facet normal -0.89686 0.442314 0
    outer loop
      vertex -23.2679 24.5 0
      vertex -23.1522 24.7346 3
      vertex -23.1522 24.7346 0
    endloop
  endfacet
  facet normal -0.89686 0.442314 0
    outer loop
      vertex -23.1522 24.7346 3
      vertex -23.2679 24.5 0
      vertex -23.2679 24.5 3
    endloop
  endfacet
  facet normal 0.997862 0.0653521 0
    outer loop
      vertex 23.0171 -34.7611 3
      vertex 23 -34.5 0
      vertex 23 -34.5 3
    endloop
  endfacet
  facet normal 0.997862 0.0653521 0
    outer loop
      vertex 23 -34.5 0
      vertex 23.0171 -34.7611 3
      vertex 23.0171 -34.7611 0
    endloop
  endfacet
  facet normal -0.195013 0.980801 0
    outer loop
      vertex 25.5176 -36.4319 0
      vertex 25.2611 -36.4829 3
      vertex 25.5176 -36.4319 3
    endloop
  endfacet
  facet normal -0.195013 0.980801 0
    outer loop
      vertex 25.2611 -36.4829 3
      vertex 25.5176 -36.4319 0
      vertex 25.2611 -36.4829 0
    endloop
  endfacet
  facet normal 0.442621 0.896709 -0
    outer loop
      vertex 24.2346 -36.3478 0
      vertex 24 -36.232 3
      vertex 24.2346 -36.3478 3
    endloop
  endfacet
  facet normal 0.442621 0.896709 0
    outer loop
      vertex 24 -36.232 3
      vertex 24.2346 -36.3478 0
      vertex 24 -36.232 0
    endloop
  endfacet
  facet normal -0.442314 -0.89686 0
    outer loop
      vertex 25.7654 -23.6522 0
      vertex 26 -23.7679 3
      vertex 25.7654 -23.6522 3
    endloop
  endfacet
  facet normal -0.442314 -0.89686 -0
    outer loop
      vertex 26 -23.7679 3
      vertex 25.7654 -23.6522 0
      vertex 26 -23.7679 0
    endloop
  endfacet
  facet normal -0.0653521 0.997862 0
    outer loop
      vertex 25.2611 -36.4829 0
      vertex 25 -36.5 3
      vertex 25.2611 -36.4829 3
    endloop
  endfacet
  facet normal -0.0653521 0.997862 0
    outer loop
      vertex 25 -36.5 3
      vertex 25.2611 -36.4829 0
      vertex 25 -36.5 0
    endloop
  endfacet
  facet normal 1 -0 0
    outer loop
      vertex 23 -34.5 3
      vertex 23 -25.5 0
      vertex 23 -25.5 3
    endloop
  endfacet
  facet normal 1 0 0
    outer loop
      vertex 23 -25.5 0
      vertex 23 -34.5 3
      vertex 23 -34.5 0
    endloop
  endfacet
  facet normal 0.980801 -0.195013 0
    outer loop
      vertex 23.0171 -25.2389 3
      vertex 23.0681 -24.9824 0
      vertex 23.0681 -24.9824 3
    endloop
  endfacet
  facet normal 0.980801 -0.195013 0
    outer loop
      vertex 23.0681 -24.9824 0
      vertex 23.0171 -25.2389 3
      vertex 23.0171 -25.2389 0
    endloop
  endfacet
  facet normal 0.321382 -0.94695 0
    outer loop
      vertex 24.2346 -23.6522 0
      vertex 24.4824 -23.5681 3
      vertex 24.2346 -23.6522 3
    endloop
  endfacet
  facet normal 0.321382 -0.94695 0
    outer loop
      vertex 24.4824 -23.5681 3
      vertex 24.2346 -23.6522 0
      vertex 24.4824 -23.5681 0
    endloop
  endfacet
  facet normal 0.94695 0.321382 0
    outer loop
      vertex 23.1522 -35.2654 3
      vertex 23.0681 -35.0176 0
      vertex 23.0681 -35.0176 3
    endloop
  endfacet
  facet normal 0.94695 0.321382 0
    outer loop
      vertex 23.0681 -35.0176 0
      vertex 23.1522 -35.2654 3
      vertex 23.1522 -35.2654 0
    endloop
  endfacet
  facet normal -0.997862 -0.0653521 0
    outer loop
      vertex 27 -25.5 0
      vertex 26.9829 -25.2389 3
      vertex 26.9829 -25.2389 0
    endloop
  endfacet
  facet normal -0.997862 -0.0653521 0
    outer loop
      vertex 26.9829 -25.2389 3
      vertex 27 -25.5 0
      vertex 27 -25.5 3
    endloop
  endfacet
  facet normal 0.555758 -0.831344 0
    outer loop
      vertex 23.7825 -23.9133 0
      vertex 24 -23.7679 3
      vertex 23.7825 -23.9133 3
    endloop
  endfacet
  facet normal 0.555758 -0.831344 0
    outer loop
      vertex 24 -23.7679 3
      vertex 23.7825 -23.9133 0
      vertex 24 -23.7679 0
    endloop
  endfacet
  facet normal -0.980801 -0.195013 0
    outer loop
      vertex 26.9829 -25.2389 0
      vertex 26.9319 -24.9824 3
      vertex 26.9319 -24.9824 0
    endloop
  endfacet
  facet normal -0.980801 -0.195013 0
    outer loop
      vertex 26.9319 -24.9824 3
      vertex 26.9829 -25.2389 0
      vertex 26.9829 -25.2389 3
    endloop
  endfacet
  facet normal 0.751842 0.659343 0
    outer loop
      vertex 23.5858 -35.9142 3
      vertex 23.4133 -35.7175 0
      vertex 23.4133 -35.7175 3
    endloop
  endfacet
  facet normal 0.751842 0.659343 0
    outer loop
      vertex 23.4133 -35.7175 0
      vertex 23.5858 -35.9142 3
      vertex 23.5858 -35.9142 0
    endloop
  endfacet
  facet normal 0.831344 -0.555758 0
    outer loop
      vertex 23.2679 -24.5 3
      vertex 23.4133 -24.2825 0
      vertex 23.4133 -24.2825 3
    endloop
  endfacet
  facet normal 0.831344 -0.555758 0
    outer loop
      vertex 23.4133 -24.2825 0
      vertex 23.2679 -24.5 3
      vertex 23.2679 -24.5 0
    endloop
  endfacet
  facet normal -0.997862 0.0653521 0
    outer loop
      vertex 26.9829 -34.7611 0
      vertex 27 -34.5 3
      vertex 27 -34.5 0
    endloop
  endfacet
  facet normal -0.997862 0.0653521 0
    outer loop
      vertex 27 -34.5 3
      vertex 26.9829 -34.7611 0
      vertex 26.9829 -34.7611 3
    endloop
  endfacet
  facet normal -0.0653521 -0.997862 0
    outer loop
      vertex 25 -23.5 0
      vertex 25.2611 -23.5171 3
      vertex 25 -23.5 3
    endloop
  endfacet
  facet normal -0.0653521 -0.997862 -0
    outer loop
      vertex 25.2611 -23.5171 3
      vertex 25 -23.5 0
      vertex 25.2611 -23.5171 0
    endloop
  endfacet
  facet normal -0.751842 0.659343 0
    outer loop
      vertex 26.4142 -35.9142 0
      vertex 26.5867 -35.7175 3
      vertex 26.5867 -35.7175 0
    endloop
  endfacet
  facet normal -0.751842 0.659343 0
    outer loop
      vertex 26.5867 -35.7175 3
      vertex 26.4142 -35.9142 0
      vertex 26.4142 -35.9142 3
    endloop
  endfacet
  facet normal 0.659343 0.751842 -0
    outer loop
      vertex 23.7825 -36.0867 0
      vertex 23.5858 -35.9142 3
      vertex 23.7825 -36.0867 3
    endloop
  endfacet
  facet normal 0.659343 0.751842 0
    outer loop
      vertex 23.5858 -35.9142 3
      vertex 23.7825 -36.0867 0
      vertex 23.5858 -35.9142 0
    endloop
  endfacet
  facet normal 0.321382 0.94695 -0
    outer loop
      vertex 24.4824 -36.4319 0
      vertex 24.2346 -36.3478 3
      vertex 24.4824 -36.4319 3
    endloop
  endfacet
  facet normal 0.321382 0.94695 0
    outer loop
      vertex 24.2346 -36.3478 3
      vertex 24.4824 -36.4319 0
      vertex 24.2346 -36.3478 0
    endloop
  endfacet
  facet normal 0.997862 -0.0653521 0
    outer loop
      vertex 23 -25.5 3
      vertex 23.0171 -25.2389 0
      vertex 23.0171 -25.2389 3
    endloop
  endfacet
  facet normal 0.997862 -0.0653521 0
    outer loop
      vertex 23.0171 -25.2389 0
      vertex 23 -25.5 3
      vertex 23 -25.5 0
    endloop
  endfacet
  facet normal -0.831521 -0.555494 0
    outer loop
      vertex 26.732 -24.5 0
      vertex 26.5867 -24.2825 3
      vertex 26.5867 -24.2825 0
    endloop
  endfacet
  facet normal -0.831521 -0.555494 0
    outer loop
      vertex 26.5867 -24.2825 3
      vertex 26.732 -24.5 0
      vertex 26.732 -24.5 3
    endloop
  endfacet
  facet normal -0.321382 -0.94695 0
    outer loop
      vertex 25.5176 -23.5681 0
      vertex 25.7654 -23.6522 3
      vertex 25.5176 -23.5681 3
    endloop
  endfacet
  facet normal -0.321382 -0.94695 -0
    outer loop
      vertex 25.7654 -23.6522 3
      vertex 25.5176 -23.5681 0
      vertex 25.7654 -23.6522 0
    endloop
  endfacet
  facet normal -0.94695 -0.321382 0
    outer loop
      vertex 26.9319 -24.9824 0
      vertex 26.8478 -24.7346 3
      vertex 26.8478 -24.7346 0
    endloop
  endfacet
  facet normal -0.94695 -0.321382 0
    outer loop
      vertex 26.8478 -24.7346 3
      vertex 26.9319 -24.9824 0
      vertex 26.9319 -24.9824 3
    endloop
  endfacet
  facet normal 0.555494 0.831521 -0
    outer loop
      vertex 24 -36.232 0
      vertex 23.7825 -36.0867 3
      vertex 24 -36.232 3
    endloop
  endfacet
  facet normal 0.555494 0.831521 0
    outer loop
      vertex 23.7825 -36.0867 3
      vertex 24 -36.232 0
      vertex 23.7825 -36.0867 0
    endloop
  endfacet
  facet normal -0.751842 -0.659343 0
    outer loop
      vertex 26.5867 -24.2825 0
      vertex 26.4142 -24.0858 3
      vertex 26.4142 -24.0858 0
    endloop
  endfacet
  facet normal -0.751842 -0.659343 0
    outer loop
      vertex 26.4142 -24.0858 3
      vertex 26.5867 -24.2825 0
      vertex 26.5867 -24.2825 3
    endloop
  endfacet
  facet normal 0.659343 -0.751842 0
    outer loop
      vertex 23.5858 -24.0858 0
      vertex 23.7825 -23.9133 3
      vertex 23.5858 -24.0858 3
    endloop
  endfacet
  facet normal 0.659343 -0.751842 0
    outer loop
      vertex 23.7825 -23.9133 3
      vertex 23.5858 -24.0858 0
      vertex 23.7825 -23.9133 0
    endloop
  endfacet
  facet normal -0.980801 0.195013 0
    outer loop
      vertex 26.9319 -35.0176 0
      vertex 26.9829 -34.7611 3
      vertex 26.9829 -34.7611 0
    endloop
  endfacet
  facet normal -0.980801 0.195013 0
    outer loop
      vertex 26.9829 -34.7611 3
      vertex 26.9319 -35.0176 0
      vertex 26.9319 -35.0176 3
    endloop
  endfacet
  facet normal -0.555758 -0.831344 0
    outer loop
      vertex 26 -23.7679 0
      vertex 26.2175 -23.9133 3
      vertex 26 -23.7679 3
    endloop
  endfacet
  facet normal -0.555758 -0.831344 -0
    outer loop
      vertex 26.2175 -23.9133 3
      vertex 26 -23.7679 0
      vertex 26.2175 -23.9133 0
    endloop
  endfacet
  facet normal 0.195013 0.980801 -0
    outer loop
      vertex 24.7389 -36.4829 0
      vertex 24.4824 -36.4319 3
      vertex 24.7389 -36.4829 3
    endloop
  endfacet
  facet normal 0.195013 0.980801 0
    outer loop
      vertex 24.4824 -36.4319 3
      vertex 24.7389 -36.4829 0
      vertex 24.4824 -36.4319 0
    endloop
  endfacet
  facet normal -1 0 0
    outer loop
      vertex 27 -34.5 0
      vertex 27 -25.5 3
      vertex 27 -25.5 0
    endloop
  endfacet
  facet normal -1 -0 0
    outer loop
      vertex 27 -25.5 3
      vertex 27 -34.5 0
      vertex 27 -34.5 3
    endloop
  endfacet
  facet normal -0.195013 -0.980801 0
    outer loop
      vertex 25.2611 -23.5171 0
      vertex 25.5176 -23.5681 3
      vertex 25.2611 -23.5171 3
    endloop
  endfacet
  facet normal -0.195013 -0.980801 -0
    outer loop
      vertex 25.5176 -23.5681 3
      vertex 25.2611 -23.5171 0
      vertex 25.5176 -23.5681 0
    endloop
  endfacet
  facet normal 0.442314 -0.89686 0
    outer loop
      vertex 24 -23.7679 0
      vertex 24.2346 -23.6522 3
      vertex 24 -23.7679 3
    endloop
  endfacet
  facet normal 0.442314 -0.89686 0
    outer loop
      vertex 24.2346 -23.6522 3
      vertex 24 -23.7679 0
      vertex 24.2346 -23.6522 0
    endloop
  endfacet
  facet normal 0.195013 -0.980801 0
    outer loop
      vertex 24.4824 -23.5681 0
      vertex 24.7389 -23.5171 3
      vertex 24.4824 -23.5681 3
    endloop
  endfacet
  facet normal 0.195013 -0.980801 0
    outer loop
      vertex 24.7389 -23.5171 3
      vertex 24.4824 -23.5681 0
      vertex 24.7389 -23.5171 0
    endloop
  endfacet
  facet normal 0.980801 0.195013 0
    outer loop
      vertex 23.0681 -35.0176 3
      vertex 23.0171 -34.7611 0
      vertex 23.0171 -34.7611 3
    endloop
  endfacet
  facet normal 0.980801 0.195013 0
    outer loop
      vertex 23.0171 -34.7611 0
      vertex 23.0681 -35.0176 3
      vertex 23.0681 -35.0176 0
    endloop
  endfacet
  facet normal 0.0653521 -0.997862 0
    outer loop
      vertex 24.7389 -23.5171 0
      vertex 25 -23.5 3
      vertex 24.7389 -23.5171 3
    endloop
  endfacet
  facet normal 0.0653521 -0.997862 0
    outer loop
      vertex 25 -23.5 3
      vertex 24.7389 -23.5171 0
      vertex 25 -23.5 0
    endloop
  endfacet
  facet normal -0.442621 0.896709 0
    outer loop
      vertex 26 -36.232 0
      vertex 25.7654 -36.3478 3
      vertex 26 -36.232 3
    endloop
  endfacet
  facet normal -0.442621 0.896709 0
    outer loop
      vertex 25.7654 -36.3478 3
      vertex 26 -36.232 0
      vertex 25.7654 -36.3478 0
    endloop
  endfacet
  facet normal 0.751842 -0.659343 0
    outer loop
      vertex 23.4133 -24.2825 3
      vertex 23.5858 -24.0858 0
      vertex 23.5858 -24.0858 3
    endloop
  endfacet
  facet normal 0.751842 -0.659343 0
    outer loop
      vertex 23.5858 -24.0858 0
      vertex 23.4133 -24.2825 3
      vertex 23.4133 -24.2825 0
    endloop
  endfacet
  facet normal 0.94695 -0.321382 0
    outer loop
      vertex 23.0681 -24.9824 3
      vertex 23.1522 -24.7346 0
      vertex 23.1522 -24.7346 3
    endloop
  endfacet
  facet normal 0.94695 -0.321382 0
    outer loop
      vertex 23.1522 -24.7346 0
      vertex 23.0681 -24.9824 3
      vertex 23.0681 -24.9824 0
    endloop
  endfacet
  facet normal 0.0653521 0.997862 -0
    outer loop
      vertex 25 -36.5 0
      vertex 24.7389 -36.4829 3
      vertex 25 -36.5 3
    endloop
  endfacet
  facet normal 0.0653521 0.997862 0
    outer loop
      vertex 24.7389 -36.4829 3
      vertex 25 -36.5 0
      vertex 24.7389 -36.4829 0
    endloop
  endfacet
  facet normal -0.94695 0.321382 0
    outer loop
      vertex 26.8478 -35.2654 0
      vertex 26.9319 -35.0176 3
      vertex 26.9319 -35.0176 0
    endloop
  endfacet
  facet normal -0.94695 0.321382 0
    outer loop
      vertex 26.9319 -35.0176 3
      vertex 26.8478 -35.2654 0
      vertex 26.8478 -35.2654 3
    endloop
  endfacet
  facet normal 0.831344 0.555758 0
    outer loop
      vertex 23.4133 -35.7175 3
      vertex 23.2679 -35.5 0
      vertex 23.2679 -35.5 3
    endloop
  endfacet
  facet normal 0.831344 0.555758 0
    outer loop
      vertex 23.2679 -35.5 0
      vertex 23.4133 -35.7175 3
      vertex 23.4133 -35.7175 0
    endloop
  endfacet
  facet normal 0.89686 0.442314 0
    outer loop
      vertex 23.2679 -35.5 3
      vertex 23.1522 -35.2654 0
      vertex 23.1522 -35.2654 3
    endloop
  endfacet
  facet normal 0.89686 0.442314 0
    outer loop
      vertex 23.1522 -35.2654 0
      vertex 23.2679 -35.5 3
      vertex 23.2679 -35.5 0
    endloop
  endfacet
  facet normal -0.896709 0.442621 0
    outer loop
      vertex 26.732 -35.5 0
      vertex 26.8478 -35.2654 3
      vertex 26.8478 -35.2654 0
    endloop
  endfacet
  facet normal -0.896709 0.442621 0
    outer loop
      vertex 26.8478 -35.2654 3
      vertex 26.732 -35.5 0
      vertex 26.732 -35.5 3
    endloop
  endfacet
  facet normal -0.659343 -0.751842 0
    outer loop
      vertex 26.2175 -23.9133 0
      vertex 26.4142 -24.0858 3
      vertex 26.2175 -23.9133 3
    endloop
  endfacet
  facet normal -0.659343 -0.751842 -0
    outer loop
      vertex 26.4142 -24.0858 3
      vertex 26.2175 -23.9133 0
      vertex 26.4142 -24.0858 0
    endloop
  endfacet
  facet normal -0.555494 0.831521 0
    outer loop
      vertex 26.2175 -36.0867 0
      vertex 26 -36.232 3
      vertex 26.2175 -36.0867 3
    endloop
  endfacet
  facet normal -0.555494 0.831521 0
    outer loop
      vertex 26 -36.232 3
      vertex 26.2175 -36.0867 0
      vertex 26 -36.232 0
    endloop
  endfacet
  facet normal -0.896709 -0.442621 0
    outer loop
      vertex 26.8478 -24.7346 0
      vertex 26.732 -24.5 3
      vertex 26.732 -24.5 0
    endloop
  endfacet
  facet normal -0.896709 -0.442621 0
    outer loop
      vertex 26.732 -24.5 3
      vertex 26.8478 -24.7346 0
      vertex 26.8478 -24.7346 3
    endloop
  endfacet
  facet normal 0.89686 -0.442314 0
    outer loop
      vertex 23.1522 -24.7346 3
      vertex 23.2679 -24.5 0
      vertex 23.2679 -24.5 3
    endloop
  endfacet
  facet normal 0.89686 -0.442314 0
    outer loop
      vertex 23.2679 -24.5 0
      vertex 23.1522 -24.7346 3
      vertex 23.1522 -24.7346 0
    endloop
  endfacet
  facet normal -0.659343 0.751842 0
    outer loop
      vertex 26.4142 -35.9142 0
      vertex 26.2175 -36.0867 3
      vertex 26.4142 -35.9142 3
    endloop
  endfacet
  facet normal -0.659343 0.751842 0
    outer loop
      vertex 26.2175 -36.0867 3
      vertex 26.4142 -35.9142 0
      vertex 26.2175 -36.0867 0
    endloop
  endfacet
  facet normal -0.321382 0.94695 0
    outer loop
      vertex 25.7654 -36.3478 0
      vertex 25.5176 -36.4319 3
      vertex 25.7654 -36.3478 3
    endloop
  endfacet
  facet normal -0.321382 0.94695 0
    outer loop
      vertex 25.5176 -36.4319 3
      vertex 25.7654 -36.3478 0
      vertex 25.5176 -36.4319 0
    endloop
  endfacet
  facet normal -0.831521 0.555494 0
    outer loop
      vertex 26.5867 -35.7175 0
      vertex 26.732 -35.5 3
      vertex 26.732 -35.5 0
    endloop
  endfacet
  facet normal -0.831521 0.555494 0
    outer loop
      vertex 26.732 -35.5 3
      vertex 26.5867 -35.7175 0
      vertex 26.5867 -35.7175 3
    endloop
  endfacet
  facet normal -0.997861 -0.0653646 0
    outer loop
      vertex 27 -2.5 0
      vertex 26.9829 -2.23895 3
      vertex 26.9829 -2.23895 0
    endloop
  endfacet
  facet normal -0.997861 -0.0653646 0
    outer loop
      vertex 26.9829 -2.23895 3
      vertex 27 -2.5 0
      vertex 27 -2.5 3
    endloop
  endfacet
  facet normal -0.195013 0.980801 0
    outer loop
      vertex 25.5176 -13.4319 0
      vertex 25.2611 -13.4829 3
      vertex 25.5176 -13.4319 3
    endloop
  endfacet
  facet normal -0.195013 0.980801 0
    outer loop
      vertex 25.2611 -13.4829 3
      vertex 25.5176 -13.4319 0
      vertex 25.2611 -13.4829 0
    endloop
  endfacet
  facet normal 0.555494 0.831521 -0
    outer loop
      vertex 24 -13.232 0
      vertex 23.7825 -13.0867 3
      vertex 24 -13.232 3
    endloop
  endfacet
  facet normal 0.555494 0.831521 0
    outer loop
      vertex 23.7825 -13.0867 3
      vertex 24 -13.232 0
      vertex 23.7825 -13.0867 0
    endloop
  endfacet
  facet normal -0.0653521 0.997862 0
    outer loop
      vertex 25.2611 -13.4829 0
      vertex 25 -13.5 3
      vertex 25.2611 -13.4829 3
    endloop
  endfacet
  facet normal -0.0653521 0.997862 0
    outer loop
      vertex 25 -13.5 3
      vertex 25.2611 -13.4829 0
      vertex 25 -13.5 0
    endloop
  endfacet
  facet normal 0.195013 0.980801 -0
    outer loop
      vertex 24.7389 -13.4829 0
      vertex 24.4824 -13.4319 3
      vertex 24.7389 -13.4829 3
    endloop
  endfacet
  facet normal 0.195013 0.980801 0
    outer loop
      vertex 24.4824 -13.4319 3
      vertex 24.7389 -13.4829 0
      vertex 24.4824 -13.4319 0
    endloop
  endfacet
  facet normal 0.321382 0.94695 -0
    outer loop
      vertex 24.4824 -13.4319 0
      vertex 24.2346 -13.3478 3
      vertex 24.4824 -13.4319 3
    endloop
  endfacet
  facet normal 0.321382 0.94695 0
    outer loop
      vertex 24.2346 -13.3478 3
      vertex 24.4824 -13.4319 0
      vertex 24.2346 -13.3478 0
    endloop
  endfacet
  facet normal 0.997861 -0.0653646 0
    outer loop
      vertex 23 -2.5 3
      vertex 23.0171 -2.23895 0
      vertex 23.0171 -2.23895 3
    endloop
  endfacet
  facet normal 0.997861 -0.0653646 0
    outer loop
      vertex 23.0171 -2.23895 0
      vertex 23 -2.5 3
      vertex 23 -2.5 0
    endloop
  endfacet
  facet normal 0.831344 0.555758 0
    outer loop
      vertex 23.4133 -12.7175 3
      vertex 23.2679 -12.5 0
      vertex 23.2679 -12.5 3
    endloop
  endfacet
  facet normal 0.831344 0.555758 0
    outer loop
      vertex 23.2679 -12.5 0
      vertex 23.4133 -12.7175 3
      vertex 23.4133 -12.7175 0
    endloop
  endfacet
  facet normal 0.442621 0.896709 -0
    outer loop
      vertex 24.2346 -13.3478 0
      vertex 24 -13.232 3
      vertex 24.2346 -13.3478 3
    endloop
  endfacet
  facet normal 0.442621 0.896709 0
    outer loop
      vertex 24 -13.232 3
      vertex 24.2346 -13.3478 0
      vertex 24 -13.232 0
    endloop
  endfacet
  facet normal 0.896883 -0.442268 0
    outer loop
      vertex 23.1522 -1.73463 3
      vertex 23.2679 -1.5 0
      vertex 23.2679 -1.5 3
    endloop
  endfacet
  facet normal 0.896883 -0.442268 0
    outer loop
      vertex 23.2679 -1.5 0
      vertex 23.1522 -1.73463 3
      vertex 23.1522 -1.73463 0
    endloop
  endfacet
  facet normal 0.997862 0.0653521 0
    outer loop
      vertex 23.0171 -11.7611 3
      vertex 23 -11.5 0
      vertex 23 -11.5 3
    endloop
  endfacet
  facet normal 0.997862 0.0653521 0
    outer loop
      vertex 23 -11.5 0
      vertex 23.0171 -11.7611 3
      vertex 23.0171 -11.7611 0
    endloop
  endfacet
  facet normal -0.195153 -0.980773 0
    outer loop
      vertex 25.2611 -0.51711 0
      vertex 25.5176 -0.568148 3
      vertex 25.2611 -0.51711 3
    endloop
  endfacet
  facet normal -0.195153 -0.980773 -0
    outer loop
      vertex 25.5176 -0.568148 3
      vertex 25.2611 -0.51711 0
      vertex 25.5176 -0.568148 0
    endloop
  endfacet
  facet normal 1 -0 0
    outer loop
      vertex 23 -11.5 3
      vertex 23 -2.5 0
      vertex 23 -2.5 3
    endloop
  endfacet
  facet normal 1 0 0
    outer loop
      vertex 23 -2.5 0
      vertex 23 -11.5 3
      vertex 23 -11.5 0
    endloop
  endfacet
  facet normal -0.751842 0.659343 0
    outer loop
      vertex 26.4142 -12.9142 0
      vertex 26.5867 -12.7175 3
      vertex 26.5867 -12.7175 0
    endloop
  endfacet
  facet normal -0.751842 0.659343 0
    outer loop
      vertex 26.5867 -12.7175 3
      vertex 26.4142 -12.9142 0
      vertex 26.4142 -12.9142 3
    endloop
  endfacet
  facet normal -0.55561 -0.831443 0
    outer loop
      vertex 26 -0.767949 0
      vertex 26.2175 -0.913293 3
      vertex 26 -0.767949 3
    endloop
  endfacet
  facet normal -0.55561 -0.831443 -0
    outer loop
      vertex 26.2175 -0.913293 3
      vertex 26 -0.767949 0
      vertex 26.2175 -0.913293 0
    endloop
  endfacet
  facet normal -0.997862 0.0653521 0
    outer loop
      vertex 26.9829 -11.7611 0
      vertex 27 -11.5 3
      vertex 27 -11.5 0
    endloop
  endfacet
  facet normal -0.997862 0.0653521 0
    outer loop
      vertex 27 -11.5 3
      vertex 26.9829 -11.7611 0
      vertex 26.9829 -11.7611 3
    endloop
  endfacet
  facet normal 0.659343 0.751842 -0
    outer loop
      vertex 23.7825 -13.0867 0
      vertex 23.5858 -12.9142 3
      vertex 23.7825 -13.0867 3
    endloop
  endfacet
  facet normal 0.659343 0.751842 0
    outer loop
      vertex 23.5858 -12.9142 3
      vertex 23.7825 -13.0867 0
      vertex 23.5858 -12.9142 0
    endloop
  endfacet
  facet normal -0.442621 0.896709 0
    outer loop
      vertex 26 -13.232 0
      vertex 25.7654 -13.3478 3
      vertex 26 -13.232 3
    endloop
  endfacet
  facet normal -0.442621 0.896709 0
    outer loop
      vertex 25.7654 -13.3478 3
      vertex 26 -13.232 0
      vertex 25.7654 -13.3478 0
    endloop
  endfacet
  facet normal 0.94695 0.321382 0
    outer loop
      vertex 23.1522 -12.2654 3
      vertex 23.0681 -12.0176 0
      vertex 23.0681 -12.0176 3
    endloop
  endfacet
  facet normal 0.94695 0.321382 0
    outer loop
      vertex 23.0681 -12.0176 0
      vertex 23.1522 -12.2654 3
      vertex 23.1522 -12.2654 0
    endloop
  endfacet
  facet normal 0.89686 0.442314 0
    outer loop
      vertex 23.2679 -12.5 3
      vertex 23.1522 -12.2654 0
      vertex 23.1522 -12.2654 3
    endloop
  endfacet
  facet normal 0.89686 0.442314 0
    outer loop
      vertex 23.1522 -12.2654 0
      vertex 23.2679 -12.5 3
      vertex 23.2679 -12.5 0
    endloop
  endfacet
  facet normal -0.555494 0.831521 0
    outer loop
      vertex 26.2175 -13.0867 0
      vertex 26 -13.232 3
      vertex 26.2175 -13.0867 3
    endloop
  endfacet
  facet normal -0.555494 0.831521 0
    outer loop
      vertex 26 -13.232 3
      vertex 26.2175 -13.0867 0
      vertex 26 -13.232 0
    endloop
  endfacet
  facet normal 0.750839 -0.660485 0
    outer loop
      vertex 23.5733 -1.1 3
      vertex 23.5858 -1.08579 0
      vertex 23.5858 -1.08579 3
    endloop
  endfacet
  facet normal 0.751902 -0.659274 1.01638e-05
    outer loop
      vertex 23.4133 -1.28248 3
      vertex 23.5858 -1.08579 0
      vertex 23.5733 -1.1 3
    endloop
  endfacet
  facet normal 0.751826 -0.659362 0
    outer loop
      vertex 23.5858 -1.08579 0
      vertex 23.4133 -1.28248 3
      vertex 23.4133 -1.28248 0
    endloop
  endfacet
  facet normal 0.55561 -0.831443 0
    outer loop
      vertex 23.7825 -0.913293 0
      vertex 24 -0.767949 3
      vertex 23.7825 -0.913293 3
    endloop
  endfacet
  facet normal 0.55561 -0.831443 0
    outer loop
      vertex 24 -0.767949 3
      vertex 23.7825 -0.913293 0
      vertex 24 -0.767949 0
    endloop
  endfacet
  facet normal 0.980814 -0.194947 0
    outer loop
      vertex 23.0171 -2.23895 3
      vertex 23.0681 -1.98236 0
      vertex 23.0681 -1.98236 3
    endloop
  endfacet
  facet normal 0.980814 -0.194947 0
    outer loop
      vertex 23.0681 -1.98236 0
      vertex 23.0171 -2.23895 3
      vertex 23.0171 -2.23895 0
    endloop
  endfacet
  facet normal -1 0 0
    outer loop
      vertex 27 -11.5 0
      vertex 27 -2.5 3
      vertex 27 -2.5 0
    endloop
  endfacet
  facet normal -1 -0 0
    outer loop
      vertex 27 -2.5 3
      vertex 27 -11.5 0
      vertex 27 -11.5 3
    endloop
  endfacet
  facet normal -0.321382 0.94695 0
    outer loop
      vertex 25.7654 -13.3478 0
      vertex 25.5176 -13.4319 3
      vertex 25.7654 -13.3478 3
    endloop
  endfacet
  facet normal -0.321382 0.94695 0
    outer loop
      vertex 25.5176 -13.4319 3
      vertex 25.7654 -13.3478 0
      vertex 25.5176 -13.4319 0
    endloop
  endfacet
  facet normal 0.195153 -0.980773 0
    outer loop
      vertex 24.4824 -0.568148 0
      vertex 24.7389 -0.51711 3
      vertex 24.4824 -0.568148 3
    endloop
  endfacet
  facet normal 0.195153 -0.980773 0
    outer loop
      vertex 24.7389 -0.51711 3
      vertex 24.4824 -0.568148 0
      vertex 24.7389 -0.51711 0
    endloop
  endfacet
  facet normal 0.751842 0.659343 0
    outer loop
      vertex 23.5858 -12.9142 3
      vertex 23.4133 -12.7175 0
      vertex 23.4133 -12.7175 3
    endloop
  endfacet
  facet normal 0.751842 0.659343 0
    outer loop
      vertex 23.4133 -12.7175 0
      vertex 23.5858 -12.9142 3
      vertex 23.5858 -12.9142 0
    endloop
  endfacet
  facet normal 0.980801 0.195013 0
    outer loop
      vertex 23.0681 -12.0176 3
      vertex 23.0171 -11.7611 0
      vertex 23.0171 -11.7611 3
    endloop
  endfacet
  facet normal 0.980801 0.195013 0
    outer loop
      vertex 23.0171 -11.7611 0
      vertex 23.0681 -12.0176 3
      vertex 23.0681 -12.0176 0
    endloop
  endfacet
  facet normal 0.0653521 0.997862 -0
    outer loop
      vertex 25 -13.5 0
      vertex 24.7389 -13.4829 3
      vertex 25 -13.5 3
    endloop
  endfacet
  facet normal 0.0653521 0.997862 0
    outer loop
      vertex 24.7389 -13.4829 3
      vertex 25 -13.5 0
      vertex 24.7389 -13.4829 0
    endloop
  endfacet
  facet normal -0.321358 -0.946958 0
    outer loop
      vertex 25.5176 -0.568148 0
      vertex 25.7654 -0.652241 3
      vertex 25.5176 -0.568148 3
    endloop
  endfacet
  facet normal -0.321358 -0.946958 -0
    outer loop
      vertex 25.7654 -0.652241 3
      vertex 25.5176 -0.568148 0
      vertex 25.7654 -0.652241 0
    endloop
  endfacet
  facet normal -0.831521 0.555494 0
    outer loop
      vertex 26.5867 -12.7175 0
      vertex 26.732 -12.5 3
      vertex 26.732 -12.5 0
    endloop
  endfacet
  facet normal -0.831521 0.555494 0
    outer loop
      vertex 26.732 -12.5 3
      vertex 26.5867 -12.7175 0
      vertex 26.5867 -12.7175 3
    endloop
  endfacet
  facet normal 0.0653902 -0.99786 0
    outer loop
      vertex 24.7389 -0.51711 0
      vertex 25 -0.5 3
      vertex 24.7389 -0.51711 3
    endloop
  endfacet
  facet normal 0.0653902 -0.99786 0
    outer loop
      vertex 25 -0.5 3
      vertex 24.7389 -0.51711 0
      vertex 25 -0.5 0
    endloop
  endfacet
  facet normal 0.946922 -0.321463 0
    outer loop
      vertex 23.0681 -1.98236 3
      vertex 23.1522 -1.73463 0
      vertex 23.1522 -1.73463 3
    endloop
  endfacet
  facet normal 0.946922 -0.321463 0
    outer loop
      vertex 23.1522 -1.73463 0
      vertex 23.0681 -1.98236 3
      vertex 23.0681 -1.98236 0
    endloop
  endfacet
  facet normal 0.659337 -0.751848 0
    outer loop
      vertex 23.5858 -1.08579 0
      vertex 23.7825 -0.913293 3
      vertex 23.5858 -1.08579 3
    endloop
  endfacet
  facet normal 0.659337 -0.751848 0
    outer loop
      vertex 23.7825 -0.913293 3
      vertex 23.5858 -1.08579 0
      vertex 23.7825 -0.913293 0
    endloop
  endfacet
  facet normal -0.896709 0.442621 0
    outer loop
      vertex 26.732 -12.5 0
      vertex 26.8478 -12.2654 3
      vertex 26.8478 -12.2654 0
    endloop
  endfacet
  facet normal -0.896709 0.442621 0
    outer loop
      vertex 26.8478 -12.2654 3
      vertex 26.732 -12.5 0
      vertex 26.732 -12.5 3
    endloop
  endfacet
  facet normal -0.0653902 -0.99786 0
    outer loop
      vertex 25 -0.5 0
      vertex 25.2611 -0.51711 3
      vertex 25 -0.5 3
    endloop
  endfacet
  facet normal -0.0653902 -0.99786 -0
    outer loop
      vertex 25.2611 -0.51711 3
      vertex 25 -0.5 0
      vertex 25.2611 -0.51711 0
    endloop
  endfacet
  facet normal -0.659343 0.751842 0
    outer loop
      vertex 26.4142 -12.9142 0
      vertex 26.2175 -13.0867 3
      vertex 26.4142 -12.9142 3
    endloop
  endfacet
  facet normal -0.659343 0.751842 0
    outer loop
      vertex 26.2175 -13.0867 3
      vertex 26.4142 -12.9142 0
      vertex 26.2175 -13.0867 0
    endloop
  endfacet
  facet normal 0.831368 -0.555723 0
    outer loop
      vertex 23.2679 -1.5 3
      vertex 23.4133 -1.28248 0
      vertex 23.4133 -1.28248 3
    endloop
  endfacet
  facet normal 0.831368 -0.555723 0
    outer loop
      vertex 23.4133 -1.28248 0
      vertex 23.2679 -1.5 3
      vertex 23.2679 -1.5 0
    endloop
  endfacet
  facet normal 0.321358 -0.946958 0
    outer loop
      vertex 24.2346 -0.652241 0
      vertex 24.4824 -0.568148 3
      vertex 24.2346 -0.652241 3
    endloop
  endfacet
  facet normal 0.321358 -0.946958 0
    outer loop
      vertex 24.4824 -0.568148 3
      vertex 24.2346 -0.652241 0
      vertex 24.4824 -0.568148 0
    endloop
  endfacet
  facet normal -0.831544 -0.555459 0
    outer loop
      vertex 26.732 -1.5 0
      vertex 26.5867 -1.28248 3
      vertex 26.5867 -1.28248 0
    endloop
  endfacet
  facet normal -0.831544 -0.555459 0
    outer loop
      vertex 26.5867 -1.28248 3
      vertex 26.732 -1.5 0
      vertex 26.732 -1.5 3
    endloop
  endfacet
  facet normal -0.94695 0.321382 0
    outer loop
      vertex 26.8478 -12.2654 0
      vertex 26.9319 -12.0176 3
      vertex 26.9319 -12.0176 0
    endloop
  endfacet
  facet normal -0.94695 0.321382 0
    outer loop
      vertex 26.9319 -12.0176 3
      vertex 26.8478 -12.2654 0
      vertex 26.8478 -12.2654 3
    endloop
  endfacet
  facet normal -0.946922 -0.321463 0
    outer loop
      vertex 26.9319 -1.98236 0
      vertex 26.8478 -1.73463 3
      vertex 26.8478 -1.73463 0
    endloop
  endfacet
  facet normal -0.946922 -0.321463 0
    outer loop
      vertex 26.8478 -1.73463 3
      vertex 26.9319 -1.98236 0
      vertex 26.9319 -1.98236 3
    endloop
  endfacet
  facet normal -0.750839 -0.660485 0
    outer loop
      vertex 26.4142 -1.08579 0
      vertex 26.4267 -1.1 3
      vertex 26.4142 -1.08579 3
    endloop
  endfacet
  facet normal -0.751826 -0.659362 9.42856e-06
    outer loop
      vertex 26.5867 -1.28248 0
      vertex 26.4267 -1.1 3
      vertex 26.4142 -1.08579 0
    endloop
  endfacet
  facet normal -0.751902 -0.659274 0
    outer loop
      vertex 26.4267 -1.1 3
      vertex 26.5867 -1.28248 0
      vertex 26.5867 -1.28248 3
    endloop
  endfacet
  facet normal -0.896731 -0.442575 0
    outer loop
      vertex 26.8478 -1.73463 0
      vertex 26.732 -1.5 3
      vertex 26.732 -1.5 0
    endloop
  endfacet
  facet normal -0.896731 -0.442575 0
    outer loop
      vertex 26.732 -1.5 3
      vertex 26.8478 -1.73463 0
      vertex 26.8478 -1.73463 3
    endloop
  endfacet
  facet normal -0.980801 0.195013 0
    outer loop
      vertex 26.9319 -12.0176 0
      vertex 26.9829 -11.7611 3
      vertex 26.9829 -11.7611 0
    endloop
  endfacet
  facet normal -0.980801 0.195013 0
    outer loop
      vertex 26.9829 -11.7611 3
      vertex 26.9319 -12.0176 0
      vertex 26.9319 -12.0176 3
    endloop
  endfacet
  facet normal -0.442338 -0.896848 0
    outer loop
      vertex 25.7654 -0.652241 0
      vertex 26 -0.767949 3
      vertex 25.7654 -0.652241 3
    endloop
  endfacet
  facet normal -0.442338 -0.896848 -0
    outer loop
      vertex 26 -0.767949 3
      vertex 25.7654 -0.652241 0
      vertex 26 -0.767949 0
    endloop
  endfacet
  facet normal 0.442338 -0.896848 0
    outer loop
      vertex 24 -0.767949 0
      vertex 24.2346 -0.652241 3
      vertex 24 -0.767949 3
    endloop
  endfacet
  facet normal 0.442338 -0.896848 0
    outer loop
      vertex 24.2346 -0.652241 3
      vertex 24 -0.767949 0
      vertex 24.2346 -0.652241 0
    endloop
  endfacet
  facet normal -0.659337 -0.751848 0
    outer loop
      vertex 26.2175 -0.913293 0
      vertex 26.4142 -1.08579 3
      vertex 26.2175 -0.913293 3
    endloop
  endfacet
  facet normal -0.659337 -0.751848 -0
    outer loop
      vertex 26.4142 -1.08579 3
      vertex 26.2175 -0.913293 0
      vertex 26.4142 -1.08579 0
    endloop
  endfacet
  facet normal -0.980814 -0.194947 0
    outer loop
      vertex 26.9829 -2.23895 0
      vertex 26.9319 -1.98236 3
      vertex 26.9319 -1.98236 0
    endloop
  endfacet
  facet normal -0.980814 -0.194947 0
    outer loop
      vertex 26.9319 -1.98236 3
      vertex 26.9829 -2.23895 0
      vertex 26.9829 -2.23895 3
    endloop
  endfacet
  facet normal -0.55561 0.831443 0
    outer loop
      vertex 26.2175 0.913293 0
      vertex 26 0.767949 3
      vertex 26.2175 0.913293 3
    endloop
  endfacet
  facet normal -0.55561 0.831443 0
    outer loop
      vertex 26 0.767949 3
      vertex 26.2175 0.913293 0
      vertex 26 0.767949 0
    endloop
  endfacet
  facet normal -0.195153 0.980773 0
    outer loop
      vertex 25.5176 0.568148 0
      vertex 25.2611 0.51711 3
      vertex 25.5176 0.568148 3
    endloop
  endfacet
  facet normal -0.195153 0.980773 0
    outer loop
      vertex 25.2611 0.51711 3
      vertex 25.5176 0.568148 0
      vertex 25.2611 0.51711 0
    endloop
  endfacet
  facet normal -0.0653902 0.99786 0
    outer loop
      vertex 25.2611 0.51711 0
      vertex 25 0.5 3
      vertex 25.2611 0.51711 3
    endloop
  endfacet
  facet normal -0.0653902 0.99786 0
    outer loop
      vertex 25 0.5 3
      vertex 25.2611 0.51711 0
      vertex 25 0.5 0
    endloop
  endfacet
  facet normal 0.659337 0.751848 -0
    outer loop
      vertex 23.7825 0.913293 0
      vertex 23.5858 1.08579 3
      vertex 23.7825 0.913293 3
    endloop
  endfacet
  facet normal 0.659337 0.751848 0
    outer loop
      vertex 23.5858 1.08579 3
      vertex 23.7825 0.913293 0
      vertex 23.5858 1.08579 0
    endloop
  endfacet
  facet normal 0.195153 0.980773 -0
    outer loop
      vertex 24.7389 0.51711 0
      vertex 24.4824 0.568148 3
      vertex 24.7389 0.51711 3
    endloop
  endfacet
  facet normal 0.195153 0.980773 0
    outer loop
      vertex 24.4824 0.568148 3
      vertex 24.7389 0.51711 0
      vertex 24.4824 0.568148 0
    endloop
  endfacet
  facet normal -1 0 0
    outer loop
      vertex 27 2.5 0
      vertex 27 11.5 3
      vertex 27 11.5 0
    endloop
  endfacet
  facet normal -1 -0 0
    outer loop
      vertex 27 11.5 3
      vertex 27 2.5 0
      vertex 27 2.5 3
    endloop
  endfacet
  facet normal 0.997862 -0.0653521 0
    outer loop
      vertex 23 11.5 3
      vertex 23.0171 11.7611 0
      vertex 23.0171 11.7611 3
    endloop
  endfacet
  facet normal 0.997862 -0.0653521 0
    outer loop
      vertex 23.0171 11.7611 0
      vertex 23 11.5 3
      vertex 23 11.5 0
    endloop
  endfacet
  facet normal 0.321358 0.946958 -0
    outer loop
      vertex 24.4824 0.568148 0
      vertex 24.2346 0.652241 3
      vertex 24.4824 0.568148 3
    endloop
  endfacet
  facet normal 0.321358 0.946958 0
    outer loop
      vertex 24.2346 0.652241 3
      vertex 24.4824 0.568148 0
      vertex 24.2346 0.652241 0
    endloop
  endfacet
  facet normal -0.555494 -0.831521 0
    outer loop
      vertex 26 13.232 0
      vertex 26.2175 13.0867 3
      vertex 26 13.232 3
    endloop
  endfacet
  facet normal -0.555494 -0.831521 -0
    outer loop
      vertex 26.2175 13.0867 3
      vertex 26 13.232 0
      vertex 26.2175 13.0867 0
    endloop
  endfacet
  facet normal 0.997861 0.0653646 0
    outer loop
      vertex 23.0171 2.23895 3
      vertex 23 2.5 0
      vertex 23 2.5 3
    endloop
  endfacet
  facet normal 0.997861 0.0653646 0
    outer loop
      vertex 23 2.5 0
      vertex 23.0171 2.23895 3
      vertex 23.0171 2.23895 0
    endloop
  endfacet
  facet normal 0.980814 0.194947 0
    outer loop
      vertex 23.0681 1.98236 3
      vertex 23.0171 2.23895 0
      vertex 23.0171 2.23895 3
    endloop
  endfacet
  facet normal 0.980814 0.194947 0
    outer loop
      vertex 23.0171 2.23895 0
      vertex 23.0681 1.98236 3
      vertex 23.0681 1.98236 0
    endloop
  endfacet
  facet normal 0.89686 -0.442314 0
    outer loop
      vertex 23.1522 12.2654 3
      vertex 23.2679 12.5 0
      vertex 23.2679 12.5 3
    endloop
  endfacet
  facet normal 0.89686 -0.442314 0
    outer loop
      vertex 23.2679 12.5 0
      vertex 23.1522 12.2654 3
      vertex 23.1522 12.2654 0
    endloop
  endfacet
  facet normal 0.195013 -0.980801 0
    outer loop
      vertex 24.4824 13.4319 0
      vertex 24.7389 13.4829 3
      vertex 24.4824 13.4319 3
    endloop
  endfacet
  facet normal 0.195013 -0.980801 0
    outer loop
      vertex 24.7389 13.4829 3
      vertex 24.4824 13.4319 0
      vertex 24.7389 13.4829 0
    endloop
  endfacet
  facet normal 0.0653902 0.99786 -0
    outer loop
      vertex 25 0.5 0
      vertex 24.7389 0.51711 3
      vertex 25 0.5 3
    endloop
  endfacet
  facet normal 0.0653902 0.99786 0
    outer loop
      vertex 24.7389 0.51711 3
      vertex 25 0.5 0
      vertex 24.7389 0.51711 0
    endloop
  endfacet
  facet normal -0.751842 -0.659343 0
    outer loop
      vertex 26.5867 12.7175 0
      vertex 26.4142 12.9142 3
      vertex 26.4142 12.9142 0
    endloop
  endfacet
  facet normal -0.751842 -0.659343 0
    outer loop
      vertex 26.4142 12.9142 3
      vertex 26.5867 12.7175 0
      vertex 26.5867 12.7175 3
    endloop
  endfacet
  facet normal 0.442338 0.896848 -0
    outer loop
      vertex 24.2346 0.652241 0
      vertex 24 0.767949 3
      vertex 24.2346 0.652241 3
    endloop
  endfacet
  facet normal 0.442338 0.896848 0
    outer loop
      vertex 24 0.767949 3
      vertex 24.2346 0.652241 0
      vertex 24 0.767949 0
    endloop
  endfacet
  facet normal 0.980801 -0.195013 0
    outer loop
      vertex 23.0171 11.7611 3
      vertex 23.0681 12.0176 0
      vertex 23.0681 12.0176 3
    endloop
  endfacet
  facet normal 0.980801 -0.195013 0
    outer loop
      vertex 23.0681 12.0176 0
      vertex 23.0171 11.7611 3
      vertex 23.0171 11.7611 0
    endloop
  endfacet
  facet normal -0.321358 0.946958 0
    outer loop
      vertex 25.7654 0.652241 0
      vertex 25.5176 0.568148 3
      vertex 25.7654 0.652241 3
    endloop
  endfacet
  facet normal -0.321358 0.946958 0
    outer loop
      vertex 25.5176 0.568148 3
      vertex 25.7654 0.652241 0
      vertex 25.5176 0.568148 0
    endloop
  endfacet
  facet normal 0.0653521 -0.997862 0
    outer loop
      vertex 24.7389 13.4829 0
      vertex 25 13.5 3
      vertex 24.7389 13.4829 3
    endloop
  endfacet
  facet normal 0.0653521 -0.997862 0
    outer loop
      vertex 25 13.5 3
      vertex 24.7389 13.4829 0
      vertex 25 13.5 0
    endloop
  endfacet
  facet normal 0.946922 0.321463 0
    outer loop
      vertex 23.1522 1.73463 3
      vertex 23.0681 1.98236 0
      vertex 23.0681 1.98236 3
    endloop
  endfacet
  facet normal 0.946922 0.321463 0
    outer loop
      vertex 23.0681 1.98236 0
      vertex 23.1522 1.73463 3
      vertex 23.1522 1.73463 0
    endloop
  endfacet
  facet normal -0.659337 0.751848 0
    outer loop
      vertex 26.4142 1.08579 0
      vertex 26.2175 0.913293 3
      vertex 26.4142 1.08579 3
    endloop
  endfacet
  facet normal -0.659337 0.751848 0
    outer loop
      vertex 26.2175 0.913293 3
      vertex 26.4142 1.08579 0
      vertex 26.2175 0.913293 0
    endloop
  endfacet
  facet normal 1 -0 0
    outer loop
      vertex 23 2.5 3
      vertex 23 11.5 0
      vertex 23 11.5 3
    endloop
  endfacet
  facet normal 1 0 0
    outer loop
      vertex 23 11.5 0
      vertex 23 2.5 3
      vertex 23 2.5 0
    endloop
  endfacet
  facet normal -0.831544 0.555459 0
    outer loop
      vertex 26.5867 1.28248 0
      vertex 26.732 1.5 3
      vertex 26.732 1.5 0
    endloop
  endfacet
  facet normal -0.831544 0.555459 0
    outer loop
      vertex 26.732 1.5 3
      vertex 26.5867 1.28248 0
      vertex 26.5867 1.28248 3
    endloop
  endfacet
  facet normal 0.751902 0.659274 0
    outer loop
      vertex 23.5733 1.1 3
      vertex 23.4133 1.28248 0
      vertex 23.4133 1.28248 3
    endloop
  endfacet
  facet normal 0.750839 0.660485 -0
    outer loop
      vertex 23.5858 1.08579 0
      vertex 23.5733 1.1 3
      vertex 23.5858 1.08579 3
    endloop
  endfacet
  facet normal 0.751826 0.659362 9.42856e-06
    outer loop
      vertex 23.5733 1.1 3
      vertex 23.5858 1.08579 0
      vertex 23.4133 1.28248 0
    endloop
  endfacet
  facet normal -0.195013 -0.980801 0
    outer loop
      vertex 25.2611 13.4829 0
      vertex 25.5176 13.4319 3
      vertex 25.2611 13.4829 3
    endloop
  endfacet
  facet normal -0.195013 -0.980801 -0
    outer loop
      vertex 25.5176 13.4319 3
      vertex 25.2611 13.4829 0
      vertex 25.5176 13.4319 0
    endloop
  endfacet
  facet normal -0.831521 -0.555494 0
    outer loop
      vertex 26.732 12.5 0
      vertex 26.5867 12.7175 3
      vertex 26.5867 12.7175 0
    endloop
  endfacet
  facet normal -0.831521 -0.555494 0
    outer loop
      vertex 26.5867 12.7175 3
      vertex 26.732 12.5 0
      vertex 26.732 12.5 3
    endloop
  endfacet
  facet normal -0.442621 -0.896709 0
    outer loop
      vertex 25.7654 13.3478 0
      vertex 26 13.232 3
      vertex 25.7654 13.3478 3
    endloop
  endfacet
  facet normal -0.442621 -0.896709 -0
    outer loop
      vertex 26 13.232 3
      vertex 25.7654 13.3478 0
      vertex 26 13.232 0
    endloop
  endfacet
  facet normal -0.997861 0.0653646 0
    outer loop
      vertex 26.9829 2.23895 0
      vertex 27 2.5 3
      vertex 27 2.5 0
    endloop
  endfacet
  facet normal -0.997861 0.0653646 0
    outer loop
      vertex 27 2.5 3
      vertex 26.9829 2.23895 0
      vertex 26.9829 2.23895 3
    endloop
  endfacet
  facet normal -0.659343 -0.751842 0
    outer loop
      vertex 26.2175 13.0867 0
      vertex 26.4142 12.9142 3
      vertex 26.2175 13.0867 3
    endloop
  endfacet
  facet normal -0.659343 -0.751842 -0
    outer loop
      vertex 26.4142 12.9142 3
      vertex 26.2175 13.0867 0
      vertex 26.4142 12.9142 0
    endloop
  endfacet
  facet normal 0.831344 -0.555758 0
    outer loop
      vertex 23.2679 12.5 3
      vertex 23.4133 12.7175 0
      vertex 23.4133 12.7175 3
    endloop
  endfacet
  facet normal 0.831344 -0.555758 0
    outer loop
      vertex 23.4133 12.7175 0
      vertex 23.2679 12.5 3
      vertex 23.2679 12.5 0
    endloop
  endfacet
  facet normal 0.659343 -0.751842 0
    outer loop
      vertex 23.5858 12.9142 0
      vertex 23.7825 13.0867 3
      vertex 23.5858 12.9142 3
    endloop
  endfacet
  facet normal 0.659343 -0.751842 0
    outer loop
      vertex 23.7825 13.0867 3
      vertex 23.5858 12.9142 0
      vertex 23.7825 13.0867 0
    endloop
  endfacet
  facet normal 0.55561 0.831443 -0
    outer loop
      vertex 24 0.767949 0
      vertex 23.7825 0.913293 3
      vertex 24 0.767949 3
    endloop
  endfacet
  facet normal 0.55561 0.831443 0
    outer loop
      vertex 23.7825 0.913293 3
      vertex 24 0.767949 0
      vertex 23.7825 0.913293 0
    endloop
  endfacet
  facet normal -0.980814 0.194947 0
    outer loop
      vertex 26.9319 1.98236 0
      vertex 26.9829 2.23895 3
      vertex 26.9829 2.23895 0
    endloop
  endfacet
  facet normal -0.980814 0.194947 0
    outer loop
      vertex 26.9829 2.23895 3
      vertex 26.9319 1.98236 0
      vertex 26.9319 1.98236 3
    endloop
  endfacet
  facet normal -0.896709 -0.442621 0
    outer loop
      vertex 26.8478 12.2654 0
      vertex 26.732 12.5 3
      vertex 26.732 12.5 0
    endloop
  endfacet
  facet normal -0.896709 -0.442621 0
    outer loop
      vertex 26.732 12.5 3
      vertex 26.8478 12.2654 0
      vertex 26.8478 12.2654 3
    endloop
  endfacet
  facet normal -0.980801 -0.195013 0
    outer loop
      vertex 26.9829 11.7611 0
      vertex 26.9319 12.0176 3
      vertex 26.9319 12.0176 0
    endloop
  endfacet
  facet normal -0.980801 -0.195013 0
    outer loop
      vertex 26.9319 12.0176 3
      vertex 26.9829 11.7611 0
      vertex 26.9829 11.7611 3
    endloop
  endfacet
  facet normal -0.946922 0.321463 0
    outer loop
      vertex 26.8478 1.73463 0
      vertex 26.9319 1.98236 3
      vertex 26.9319 1.98236 0
    endloop
  endfacet
  facet normal -0.946922 0.321463 0
    outer loop
      vertex 26.9319 1.98236 3
      vertex 26.8478 1.73463 0
      vertex 26.8478 1.73463 3
    endloop
  endfacet
  facet normal 0.831368 0.555723 0
    outer loop
      vertex 23.4133 1.28248 3
      vertex 23.2679 1.5 0
      vertex 23.2679 1.5 3
    endloop
  endfacet
  facet normal 0.831368 0.555723 0
    outer loop
      vertex 23.2679 1.5 0
      vertex 23.4133 1.28248 3
      vertex 23.4133 1.28248 0
    endloop
  endfacet
  facet normal 0.896883 0.442268 0
    outer loop
      vertex 23.2679 1.5 3
      vertex 23.1522 1.73463 0
      vertex 23.1522 1.73463 3
    endloop
  endfacet
  facet normal 0.896883 0.442268 0
    outer loop
      vertex 23.1522 1.73463 0
      vertex 23.2679 1.5 3
      vertex 23.2679 1.5 0
    endloop
  endfacet
  facet normal -0.997862 -0.0653521 0
    outer loop
      vertex 27 11.5 0
      vertex 26.9829 11.7611 3
      vertex 26.9829 11.7611 0
    endloop
  endfacet
  facet normal -0.997862 -0.0653521 0
    outer loop
      vertex 26.9829 11.7611 3
      vertex 27 11.5 0
      vertex 27 11.5 3
    endloop
  endfacet
  facet normal 0.751842 -0.659343 0
    outer loop
      vertex 23.4133 12.7175 3
      vertex 23.5858 12.9142 0
      vertex 23.5858 12.9142 3
    endloop
  endfacet
  facet normal 0.751842 -0.659343 0
    outer loop
      vertex 23.5858 12.9142 0
      vertex 23.4133 12.7175 3
      vertex 23.4133 12.7175 0
    endloop
  endfacet
  facet normal -0.321382 -0.94695 0
    outer loop
      vertex 25.5176 13.4319 0
      vertex 25.7654 13.3478 3
      vertex 25.5176 13.4319 3
    endloop
  endfacet
  facet normal -0.321382 -0.94695 -0
    outer loop
      vertex 25.7654 13.3478 3
      vertex 25.5176 13.4319 0
      vertex 25.7654 13.3478 0
    endloop
  endfacet
  facet normal -0.94695 -0.321382 0
    outer loop
      vertex 26.9319 12.0176 0
      vertex 26.8478 12.2654 3
      vertex 26.8478 12.2654 0
    endloop
  endfacet
  facet normal -0.94695 -0.321382 0
    outer loop
      vertex 26.8478 12.2654 3
      vertex 26.9319 12.0176 0
      vertex 26.9319 12.0176 3
    endloop
  endfacet
  facet normal 0.555494 -0.831521 0
    outer loop
      vertex 23.7825 13.0867 0
      vertex 24 13.232 3
      vertex 23.7825 13.0867 3
    endloop
  endfacet
  facet normal 0.555494 -0.831521 0
    outer loop
      vertex 24 13.232 3
      vertex 23.7825 13.0867 0
      vertex 24 13.232 0
    endloop
  endfacet
  facet normal -0.0653521 -0.997862 0
    outer loop
      vertex 25 13.5 0
      vertex 25.2611 13.4829 3
      vertex 25 13.5 3
    endloop
  endfacet
  facet normal -0.0653521 -0.997862 -0
    outer loop
      vertex 25.2611 13.4829 3
      vertex 25 13.5 0
      vertex 25.2611 13.4829 0
    endloop
  endfacet
  facet normal 0.321382 -0.94695 0
    outer loop
      vertex 24.2346 13.3478 0
      vertex 24.4824 13.4319 3
      vertex 24.2346 13.3478 3
    endloop
  endfacet
  facet normal 0.321382 -0.94695 0
    outer loop
      vertex 24.4824 13.4319 3
      vertex 24.2346 13.3478 0
      vertex 24.4824 13.4319 0
    endloop
  endfacet
  facet normal 0.442621 -0.896709 0
    outer loop
      vertex 24 13.232 0
      vertex 24.2346 13.3478 3
      vertex 24 13.232 3
    endloop
  endfacet
  facet normal 0.442621 -0.896709 0
    outer loop
      vertex 24.2346 13.3478 3
      vertex 24 13.232 0
      vertex 24.2346 13.3478 0
    endloop
  endfacet
  facet normal -0.442338 0.896848 0
    outer loop
      vertex 26 0.767949 0
      vertex 25.7654 0.652241 3
      vertex 26 0.767949 3
    endloop
  endfacet
  facet normal -0.442338 0.896848 0
    outer loop
      vertex 25.7654 0.652241 3
      vertex 26 0.767949 0
      vertex 25.7654 0.652241 0
    endloop
  endfacet
  facet normal 0.94695 -0.321382 0
    outer loop
      vertex 23.0681 12.0176 3
      vertex 23.1522 12.2654 0
      vertex 23.1522 12.2654 3
    endloop
  endfacet
  facet normal 0.94695 -0.321382 0
    outer loop
      vertex 23.1522 12.2654 0
      vertex 23.0681 12.0176 3
      vertex 23.0681 12.0176 0
    endloop
  endfacet
  facet normal -0.896731 0.442575 0
    outer loop
      vertex 26.732 1.5 0
      vertex 26.8478 1.73463 3
      vertex 26.8478 1.73463 0
    endloop
  endfacet
  facet normal -0.896731 0.442575 0
    outer loop
      vertex 26.8478 1.73463 3
      vertex 26.732 1.5 0
      vertex 26.732 1.5 3
    endloop
  endfacet
  facet normal -0.751902 0.659274 0
    outer loop
      vertex 26.5867 1.28248 0
      vertex 26.4267 1.1 3
      vertex 26.5867 1.28248 3
    endloop
  endfacet
  facet normal -0.751826 0.659362 9.42856e-06
    outer loop
      vertex 26.4142 1.08579 0
      vertex 26.4267 1.1 3
      vertex 26.5867 1.28248 0
    endloop
  endfacet
  facet normal -0.750839 0.660485 0
    outer loop
      vertex 26.4267 1.1 3
      vertex 26.4142 1.08579 0
      vertex 26.4142 1.08579 3
    endloop
  endfacet
  facet normal -0.555758 0.831344 0
    outer loop
      vertex 26.2175 23.9133 0
      vertex 26 23.7679 3
      vertex 26.2175 23.9133 3
    endloop
  endfacet
  facet normal -0.555758 0.831344 0
    outer loop
      vertex 26 23.7679 3
      vertex 26.2175 23.9133 0
      vertex 26 23.7679 0
    endloop
  endfacet
  facet normal -0.195013 0.980801 0
    outer loop
      vertex 25.5176 23.5681 0
      vertex 25.2611 23.5171 3
      vertex 25.5176 23.5681 3
    endloop
  endfacet
  facet normal -0.195013 0.980801 0
    outer loop
      vertex 25.2611 23.5171 3
      vertex 25.5176 23.5681 0
      vertex 25.2611 23.5171 0
    endloop
  endfacet
  facet normal -0.0653521 0.997862 0
    outer loop
      vertex 25.2611 23.5171 0
      vertex 25 23.5 3
      vertex 25.2611 23.5171 3
    endloop
  endfacet
  facet normal -0.0653521 0.997862 0
    outer loop
      vertex 25 23.5 3
      vertex 25.2611 23.5171 0
      vertex 25 23.5 0
    endloop
  endfacet
  facet normal 0.659343 0.751842 -0
    outer loop
      vertex 23.7825 23.9133 0
      vertex 23.5858 24.0858 3
      vertex 23.7825 23.9133 3
    endloop
  endfacet
  facet normal 0.659343 0.751842 0
    outer loop
      vertex 23.5858 24.0858 3
      vertex 23.7825 23.9133 0
      vertex 23.5858 24.0858 0
    endloop
  endfacet
  facet normal 0.195013 0.980801 -0
    outer loop
      vertex 24.7389 23.5171 0
      vertex 24.4824 23.5681 3
      vertex 24.7389 23.5171 3
    endloop
  endfacet
  facet normal 0.195013 0.980801 0
    outer loop
      vertex 24.4824 23.5681 3
      vertex 24.7389 23.5171 0
      vertex 24.4824 23.5681 0
    endloop
  endfacet
  facet normal -1 0 0
    outer loop
      vertex 27 25.5 0
      vertex 27 34.5 3
      vertex 27 34.5 0
    endloop
  endfacet
  facet normal -1 -0 0
    outer loop
      vertex 27 34.5 3
      vertex 27 25.5 0
      vertex 27 25.5 3
    endloop
  endfacet
  facet normal 0.997862 -0.0653521 0
    outer loop
      vertex 23 34.5 3
      vertex 23.0171 34.7611 0
      vertex 23.0171 34.7611 3
    endloop
  endfacet
  facet normal 0.997862 -0.0653521 0
    outer loop
      vertex 23.0171 34.7611 0
      vertex 23 34.5 3
      vertex 23 34.5 0
    endloop
  endfacet
  facet normal 0.321382 0.94695 -0
    outer loop
      vertex 24.4824 23.5681 0
      vertex 24.2346 23.6522 3
      vertex 24.4824 23.5681 3
    endloop
  endfacet
  facet normal 0.321382 0.94695 0
    outer loop
      vertex 24.2346 23.6522 3
      vertex 24.4824 23.5681 0
      vertex 24.2346 23.6522 0
    endloop
  endfacet
  facet normal 0.831344 0.555758 0
    outer loop
      vertex 23.4133 24.2825 3
      vertex 23.2679 24.5 0
      vertex 23.2679 24.5 3
    endloop
  endfacet
  facet normal 0.831344 0.555758 0
    outer loop
      vertex 23.2679 24.5 0
      vertex 23.4133 24.2825 3
      vertex 23.4133 24.2825 0
    endloop
  endfacet
  facet normal -0.555494 -0.831521 0
    outer loop
      vertex 26 36.232 0
      vertex 26.2175 36.0867 3
      vertex 26 36.232 3
    endloop
  endfacet
  facet normal -0.555494 -0.831521 -0
    outer loop
      vertex 26.2175 36.0867 3
      vertex 26 36.232 0
      vertex 26.2175 36.0867 0
    endloop
  endfacet
  facet normal 0.997862 0.0653521 0
    outer loop
      vertex 23.0171 25.2389 3
      vertex 23 25.5 0
      vertex 23 25.5 3
    endloop
  endfacet
  facet normal 0.997862 0.0653521 0
    outer loop
      vertex 23 25.5 0
      vertex 23.0171 25.2389 3
      vertex 23.0171 25.2389 0
    endloop
  endfacet
  facet normal 0.980801 0.195013 0
    outer loop
      vertex 23.0681 24.9824 3
      vertex 23.0171 25.2389 0
      vertex 23.0171 25.2389 3
    endloop
  endfacet
  facet normal 0.980801 0.195013 0
    outer loop
      vertex 23.0171 25.2389 0
      vertex 23.0681 24.9824 3
      vertex 23.0681 24.9824 0
    endloop
  endfacet
  facet normal 0.89686 -0.442314 0
    outer loop
      vertex 23.1522 35.2654 3
      vertex 23.2679 35.5 0
      vertex 23.2679 35.5 3
    endloop
  endfacet
  facet normal 0.89686 -0.442314 0
    outer loop
      vertex 23.2679 35.5 0
      vertex 23.1522 35.2654 3
      vertex 23.1522 35.2654 0
    endloop
  endfacet
  facet normal 0.195013 -0.980801 0
    outer loop
      vertex 24.4824 36.4319 0
      vertex 24.7389 36.4829 3
      vertex 24.4824 36.4319 3
    endloop
  endfacet
  facet normal 0.195013 -0.980801 0
    outer loop
      vertex 24.7389 36.4829 3
      vertex 24.4824 36.4319 0
      vertex 24.7389 36.4829 0
    endloop
  endfacet
  facet normal 0.0653521 0.997862 -0
    outer loop
      vertex 25 23.5 0
      vertex 24.7389 23.5171 3
      vertex 25 23.5 3
    endloop
  endfacet
  facet normal 0.0653521 0.997862 0
    outer loop
      vertex 24.7389 23.5171 3
      vertex 25 23.5 0
      vertex 24.7389 23.5171 0
    endloop
  endfacet
  facet normal -0.751842 -0.659343 0
    outer loop
      vertex 26.5867 35.7175 0
      vertex 26.4142 35.9142 3
      vertex 26.4142 35.9142 0
    endloop
  endfacet
  facet normal -0.751842 -0.659343 0
    outer loop
      vertex 26.4142 35.9142 3
      vertex 26.5867 35.7175 0
      vertex 26.5867 35.7175 3
    endloop
  endfacet
  facet normal 0.442314 0.89686 -0
    outer loop
      vertex 24.2346 23.6522 0
      vertex 24 23.7679 3
      vertex 24.2346 23.6522 3
    endloop
  endfacet
  facet normal 0.442314 0.89686 0
    outer loop
      vertex 24 23.7679 3
      vertex 24.2346 23.6522 0
      vertex 24 23.7679 0
    endloop
  endfacet
  facet normal 0.980801 -0.195013 0
    outer loop
      vertex 23.0171 34.7611 3
      vertex 23.0681 35.0176 0
      vertex 23.0681 35.0176 3
    endloop
  endfacet
  facet normal 0.980801 -0.195013 0
    outer loop
      vertex 23.0681 35.0176 0
      vertex 23.0171 34.7611 3
      vertex 23.0171 34.7611 0
    endloop
  endfacet
  facet normal -0.321382 0.94695 0
    outer loop
      vertex 25.7654 23.6522 0
      vertex 25.5176 23.5681 3
      vertex 25.7654 23.6522 3
    endloop
  endfacet
  facet normal -0.321382 0.94695 0
    outer loop
      vertex 25.5176 23.5681 3
      vertex 25.7654 23.6522 0
      vertex 25.5176 23.5681 0
    endloop
  endfacet
  facet normal 0.0653521 -0.997862 0
    outer loop
      vertex 24.7389 36.4829 0
      vertex 25 36.5 3
      vertex 24.7389 36.4829 3
    endloop
  endfacet
  facet normal 0.0653521 -0.997862 0
    outer loop
      vertex 25 36.5 3
      vertex 24.7389 36.4829 0
      vertex 25 36.5 0
    endloop
  endfacet
  facet normal 0.94695 0.321382 0
    outer loop
      vertex 23.1522 24.7346 3
      vertex 23.0681 24.9824 0
      vertex 23.0681 24.9824 3
    endloop
  endfacet
  facet normal 0.94695 0.321382 0
    outer loop
      vertex 23.0681 24.9824 0
      vertex 23.1522 24.7346 3
      vertex 23.1522 24.7346 0
    endloop
  endfacet
  facet normal -0.659343 0.751842 0
    outer loop
      vertex 26.4142 24.0858 0
      vertex 26.2175 23.9133 3
      vertex 26.4142 24.0858 3
    endloop
  endfacet
  facet normal -0.659343 0.751842 0
    outer loop
      vertex 26.2175 23.9133 3
      vertex 26.4142 24.0858 0
      vertex 26.2175 23.9133 0
    endloop
  endfacet
  facet normal 1 -0 0
    outer loop
      vertex 23 25.5 3
      vertex 23 34.5 0
      vertex 23 34.5 3
    endloop
  endfacet
  facet normal 1 0 0
    outer loop
      vertex 23 34.5 0
      vertex 23 25.5 3
      vertex 23 25.5 0
    endloop
  endfacet
  facet normal -0.831521 0.555494 0
    outer loop
      vertex 26.5867 24.2825 0
      vertex 26.732 24.5 3
      vertex 26.732 24.5 0
    endloop
  endfacet
  facet normal -0.831521 0.555494 0
    outer loop
      vertex 26.732 24.5 3
      vertex 26.5867 24.2825 0
      vertex 26.5867 24.2825 3
    endloop
  endfacet
  facet normal 0.751842 0.659343 0
    outer loop
      vertex 23.5858 24.0858 3
      vertex 23.4133 24.2825 0
      vertex 23.4133 24.2825 3
    endloop
  endfacet
  facet normal 0.751842 0.659343 0
    outer loop
      vertex 23.4133 24.2825 0
      vertex 23.5858 24.0858 3
      vertex 23.5858 24.0858 0
    endloop
  endfacet
  facet normal -0.195013 -0.980801 0
    outer loop
      vertex 25.2611 36.4829 0
      vertex 25.5176 36.4319 3
      vertex 25.2611 36.4829 3
    endloop
  endfacet
  facet normal -0.195013 -0.980801 -0
    outer loop
      vertex 25.5176 36.4319 3
      vertex 25.2611 36.4829 0
      vertex 25.5176 36.4319 0
    endloop
  endfacet
  facet normal -0.831521 -0.555494 0
    outer loop
      vertex 26.732 35.5 0
      vertex 26.5867 35.7175 3
      vertex 26.5867 35.7175 0
    endloop
  endfacet
  facet normal -0.831521 -0.555494 0
    outer loop
      vertex 26.5867 35.7175 3
      vertex 26.732 35.5 0
      vertex 26.732 35.5 3
    endloop
  endfacet
  facet normal -0.442621 -0.896709 0
    outer loop
      vertex 25.7654 36.3478 0
      vertex 26 36.232 3
      vertex 25.7654 36.3478 3
    endloop
  endfacet
  facet normal -0.442621 -0.896709 -0
    outer loop
      vertex 26 36.232 3
      vertex 25.7654 36.3478 0
      vertex 26 36.232 0
    endloop
  endfacet
  facet normal -0.997862 0.0653521 0
    outer loop
      vertex 26.9829 25.2389 0
      vertex 27 25.5 3
      vertex 27 25.5 0
    endloop
  endfacet
  facet normal -0.997862 0.0653521 0
    outer loop
      vertex 27 25.5 3
      vertex 26.9829 25.2389 0
      vertex 26.9829 25.2389 3
    endloop
  endfacet
  facet normal -0.659343 -0.751842 0
    outer loop
      vertex 26.2175 36.0867 0
      vertex 26.4142 35.9142 3
      vertex 26.2175 36.0867 3
    endloop
  endfacet
  facet normal -0.659343 -0.751842 -0
    outer loop
      vertex 26.4142 35.9142 3
      vertex 26.2175 36.0867 0
      vertex 26.4142 35.9142 0
    endloop
  endfacet
  facet normal 0.831344 -0.555758 0
    outer loop
      vertex 23.2679 35.5 3
      vertex 23.4133 35.7175 0
      vertex 23.4133 35.7175 3
    endloop
  endfacet
  facet normal 0.831344 -0.555758 0
    outer loop
      vertex 23.4133 35.7175 0
      vertex 23.2679 35.5 3
      vertex 23.2679 35.5 0
    endloop
  endfacet
  facet normal 0.659343 -0.751842 0
    outer loop
      vertex 23.5858 35.9142 0
      vertex 23.7825 36.0867 3
      vertex 23.5858 35.9142 3
    endloop
  endfacet
  facet normal 0.659343 -0.751842 0
    outer loop
      vertex 23.7825 36.0867 3
      vertex 23.5858 35.9142 0
      vertex 23.7825 36.0867 0
    endloop
  endfacet
  facet normal 0.555758 0.831344 -0
    outer loop
      vertex 24 23.7679 0
      vertex 23.7825 23.9133 3
      vertex 24 23.7679 3
    endloop
  endfacet
  facet normal 0.555758 0.831344 0
    outer loop
      vertex 23.7825 23.9133 3
      vertex 24 23.7679 0
      vertex 23.7825 23.9133 0
    endloop
  endfacet
  facet normal -0.980801 0.195013 0
    outer loop
      vertex 26.9319 24.9824 0
      vertex 26.9829 25.2389 3
      vertex 26.9829 25.2389 0
    endloop
  endfacet
  facet normal -0.980801 0.195013 0
    outer loop
      vertex 26.9829 25.2389 3
      vertex 26.9319 24.9824 0
      vertex 26.9319 24.9824 3
    endloop
  endfacet
  facet normal -0.896709 -0.442621 0
    outer loop
      vertex 26.8478 35.2654 0
      vertex 26.732 35.5 3
      vertex 26.732 35.5 0
    endloop
  endfacet
  facet normal -0.896709 -0.442621 0
    outer loop
      vertex 26.732 35.5 3
      vertex 26.8478 35.2654 0
      vertex 26.8478 35.2654 3
    endloop
  endfacet
  facet normal -0.980801 -0.195013 0
    outer loop
      vertex 26.9829 34.7611 0
      vertex 26.9319 35.0176 3
      vertex 26.9319 35.0176 0
    endloop
  endfacet
  facet normal -0.980801 -0.195013 0
    outer loop
      vertex 26.9319 35.0176 3
      vertex 26.9829 34.7611 0
      vertex 26.9829 34.7611 3
    endloop
  endfacet
  facet normal -0.94695 0.321382 0
    outer loop
      vertex 26.8478 24.7346 0
      vertex 26.9319 24.9824 3
      vertex 26.9319 24.9824 0
    endloop
  endfacet
  facet normal -0.94695 0.321382 0
    outer loop
      vertex 26.9319 24.9824 3
      vertex 26.8478 24.7346 0
      vertex 26.8478 24.7346 3
    endloop
  endfacet
  facet normal 0.89686 0.442314 0
    outer loop
      vertex 23.2679 24.5 3
      vertex 23.1522 24.7346 0
      vertex 23.1522 24.7346 3
    endloop
  endfacet
  facet normal 0.89686 0.442314 0
    outer loop
      vertex 23.1522 24.7346 0
      vertex 23.2679 24.5 3
      vertex 23.2679 24.5 0
    endloop
  endfacet
  facet normal -0.997862 -0.0653521 0
    outer loop
      vertex 27 34.5 0
      vertex 26.9829 34.7611 3
      vertex 26.9829 34.7611 0
    endloop
  endfacet
  facet normal -0.997862 -0.0653521 0
    outer loop
      vertex 26.9829 34.7611 3
      vertex 27 34.5 0
      vertex 27 34.5 3
    endloop
  endfacet
  facet normal 0.751842 -0.659343 0
    outer loop
      vertex 23.4133 35.7175 3
      vertex 23.5858 35.9142 0
      vertex 23.5858 35.9142 3
    endloop
  endfacet
  facet normal 0.751842 -0.659343 0
    outer loop
      vertex 23.5858 35.9142 0
      vertex 23.4133 35.7175 3
      vertex 23.4133 35.7175 0
    endloop
  endfacet
  facet normal -0.321382 -0.94695 0
    outer loop
      vertex 25.5176 36.4319 0
      vertex 25.7654 36.3478 3
      vertex 25.5176 36.4319 3
    endloop
  endfacet
  facet normal -0.321382 -0.94695 -0
    outer loop
      vertex 25.7654 36.3478 3
      vertex 25.5176 36.4319 0
      vertex 25.7654 36.3478 0
    endloop
  endfacet
  facet normal -0.94695 -0.321382 0
    outer loop
      vertex 26.9319 35.0176 0
      vertex 26.8478 35.2654 3
      vertex 26.8478 35.2654 0
    endloop
  endfacet
  facet normal -0.94695 -0.321382 0
    outer loop
      vertex 26.8478 35.2654 3
      vertex 26.9319 35.0176 0
      vertex 26.9319 35.0176 3
    endloop
  endfacet
  facet normal 0.555494 -0.831521 0
    outer loop
      vertex 23.7825 36.0867 0
      vertex 24 36.232 3
      vertex 23.7825 36.0867 3
    endloop
  endfacet
  facet normal 0.555494 -0.831521 0
    outer loop
      vertex 24 36.232 3
      vertex 23.7825 36.0867 0
      vertex 24 36.232 0
    endloop
  endfacet
  facet normal -0.0653521 -0.997862 0
    outer loop
      vertex 25 36.5 0
      vertex 25.2611 36.4829 3
      vertex 25 36.5 3
    endloop
  endfacet
  facet normal -0.0653521 -0.997862 -0
    outer loop
      vertex 25.2611 36.4829 3
      vertex 25 36.5 0
      vertex 25.2611 36.4829 0
    endloop
  endfacet
  facet normal 0.321382 -0.94695 0
    outer loop
      vertex 24.2346 36.3478 0
      vertex 24.4824 36.4319 3
      vertex 24.2346 36.3478 3
    endloop
  endfacet
  facet normal 0.321382 -0.94695 0
    outer loop
      vertex 24.4824 36.4319 3
      vertex 24.2346 36.3478 0
      vertex 24.4824 36.4319 0
    endloop
  endfacet
  facet normal 0.442621 -0.896709 0
    outer loop
      vertex 24 36.232 0
      vertex 24.2346 36.3478 3
      vertex 24 36.232 3
    endloop
  endfacet
  facet normal 0.442621 -0.896709 0
    outer loop
      vertex 24.2346 36.3478 3
      vertex 24 36.232 0
      vertex 24.2346 36.3478 0
    endloop
  endfacet
  facet normal -0.442314 0.89686 0
    outer loop
      vertex 26 23.7679 0
      vertex 25.7654 23.6522 3
      vertex 26 23.7679 3
    endloop
  endfacet
  facet normal -0.442314 0.89686 0
    outer loop
      vertex 25.7654 23.6522 3
      vertex 26 23.7679 0
      vertex 25.7654 23.6522 0
    endloop
  endfacet
  facet normal 0.94695 -0.321382 0
    outer loop
      vertex 23.0681 35.0176 3
      vertex 23.1522 35.2654 0
      vertex 23.1522 35.2654 3
    endloop
  endfacet
  facet normal 0.94695 -0.321382 0
    outer loop
      vertex 23.1522 35.2654 0
      vertex 23.0681 35.0176 3
      vertex 23.0681 35.0176 0
    endloop
  endfacet
  facet normal -0.896709 0.442621 0
    outer loop
      vertex 26.732 24.5 0
      vertex 26.8478 24.7346 3
      vertex 26.8478 24.7346 0
    endloop
  endfacet
  facet normal -0.896709 0.442621 0
    outer loop
      vertex 26.8478 24.7346 3
      vertex 26.732 24.5 0
      vertex 26.732 24.5 3
    endloop
  endfacet
  facet normal -0.751842 0.659343 0
    outer loop
      vertex 26.4142 24.0858 0
      vertex 26.5867 24.2825 3
      vertex 26.5867 24.2825 0
    endloop
  endfacet
  facet normal -0.751842 0.659343 0
    outer loop
      vertex 26.5867 24.2825 3
      vertex 26.4142 24.0858 0
      vertex 26.4142 24.0858 3
    endloop
  endfacet
  facet normal 0.0654873 -0.997853 0
    outer loop
      vertex 50 -37.5 0
      vertex 50.3916 -37.4743 3
      vertex 50 -37.5 3
    endloop
  endfacet
  facet normal 0.0654873 -0.997853 0
    outer loop
      vertex 50.3916 -37.4743 3
      vertex 50 -37.5 0
      vertex 50.3916 -37.4743 0
    endloop
  endfacet
  facet normal 0.321574 -0.946885 0
    outer loop
      vertex 50.7765 -37.3978 0
      vertex 51.1481 -37.2716 3
      vertex 50.7765 -37.3978 3
    endloop
  endfacet
  facet normal 0.321574 -0.946885 0
    outer loop
      vertex 51.1481 -37.2716 3
      vertex 50.7765 -37.3978 0
      vertex 51.1481 -37.2716 0
    endloop
  endfacet
  facet normal 0 -1 0
    outer loop
      vertex -50 -37.5 0
      vertex 50 -37.5 3
      vertex -50 -37.5 3
    endloop
  endfacet
  facet normal 0 -1 -0
    outer loop
      vertex 50 -37.5 3
      vertex -50 -37.5 0
      vertex 50 -37.5 0
    endloop
  endfacet
  facet normal 0.0654873 0.997853 -0
    outer loop
      vertex 50.3916 37.4743 0
      vertex 50 37.5 3
      vertex 50.3916 37.4743 3
    endloop
  endfacet
  facet normal 0.0654873 0.997853 0
    outer loop
      vertex 50 37.5 3
      vertex 50.3916 37.4743 0
      vertex 50 37.5 0
    endloop
  endfacet
  facet normal 0.19494 -0.980815 0
    outer loop
      vertex 50.3916 -37.4743 0
      vertex 50.7765 -37.3978 3
      vertex 50.3916 -37.4743 3
    endloop
  endfacet
  facet normal 0.19494 -0.980815 0
    outer loop
      vertex 50.7765 -37.3978 3
      vertex 50.3916 -37.4743 0
      vertex 50.7765 -37.3978 0
    endloop
  endfacet
  facet normal 0.997853 0.0654873 0
    outer loop
      vertex 53 34.5 3
      vertex 52.9743 34.8916 0
      vertex 52.9743 34.8916 3
    endloop
  endfacet
  facet normal 0.997853 0.0654873 0
    outer loop
      vertex 52.9743 34.8916 0
      vertex 53 34.5 3
      vertex 53 34.5 0
    endloop
  endfacet
  facet normal 0.659478 -0.751724 0
    outer loop
      vertex 51.8263 -36.8801 0
      vertex 52.1213 -36.6213 3
      vertex 51.8263 -36.8801 3
    endloop
  endfacet
  facet normal 0.659478 -0.751724 0
    outer loop
      vertex 52.1213 -36.6213 3
      vertex 51.8263 -36.8801 0
      vertex 52.1213 -36.6213 0
    endloop
  endfacet
  facet normal -0.0654873 -0.997853 0
    outer loop
      vertex -50.3916 -37.4743 0
      vertex -50 -37.5 3
      vertex -50.3916 -37.4743 3
    endloop
  endfacet
  facet normal -0.0654873 -0.997853 -0
    outer loop
      vertex -50 -37.5 3
      vertex -50.3916 -37.4743 0
      vertex -50 -37.5 0
    endloop
  endfacet
  facet normal -1 0 0
    outer loop
      vertex -53 -34.5 0
      vertex -53 34.5 3
      vertex -53 34.5 0
    endloop
  endfacet
  facet normal -1 -0 0
    outer loop
      vertex -53 34.5 3
      vertex -53 -34.5 0
      vertex -53 -34.5 3
    endloop
  endfacet
  facet normal -0.997853 -0.0654873 0
    outer loop
      vertex -52.9743 -34.8916 0
      vertex -53 -34.5 3
      vertex -53 -34.5 0
    endloop
  endfacet
  facet normal -0.997853 -0.0654873 0
    outer loop
      vertex -53 -34.5 3
      vertex -52.9743 -34.8916 0
      vertex -52.9743 -34.8916 3
    endloop
  endfacet
  facet normal -0.0654873 0.997853 0
    outer loop
      vertex -50 37.5 0
      vertex -50.3916 37.4743 3
      vertex -50 37.5 3
    endloop
  endfacet
  facet normal -0.0654873 0.997853 0
    outer loop
      vertex -50.3916 37.4743 3
      vertex -50 37.5 0
      vertex -50.3916 37.4743 0
    endloop
  endfacet
  facet normal 0.19494 0.980815 -0
    outer loop
      vertex 50.7765 37.3978 0
      vertex 50.3916 37.4743 3
      vertex 50.7765 37.3978 3
    endloop
  endfacet
  facet normal 0.19494 0.980815 0
    outer loop
      vertex 50.3916 37.4743 3
      vertex 50.7765 37.3978 0
      vertex 50.3916 37.4743 0
    endloop
  endfacet
  facet normal -0.980815 0.19494 0
    outer loop
      vertex -52.9743 34.8916 0
      vertex -52.8978 35.2765 3
      vertex -52.8978 35.2765 0
    endloop
  endfacet
  facet normal -0.980815 0.19494 0
    outer loop
      vertex -52.8978 35.2765 3
      vertex -52.9743 34.8916 0
      vertex -52.9743 34.8916 3
    endloop
  endfacet
  facet normal -0.555523 -0.831501 0
    outer loop
      vertex -51.8263 -36.8801 0
      vertex -51.5 -37.0981 3
      vertex -51.8263 -36.8801 3
    endloop
  endfacet
  facet normal -0.555523 -0.831501 -0
    outer loop
      vertex -51.5 -37.0981 3
      vertex -51.8263 -36.8801 0
      vertex -51.5 -37.0981 0
    endloop
  endfacet
  facet normal 1 -0 0
    outer loop
      vertex 53 -34.5 3
      vertex 53 34.5 0
      vertex 53 34.5 3
    endloop
  endfacet
  facet normal 1 0 0
    outer loop
      vertex 53 34.5 0
      vertex 53 -34.5 3
      vertex 53 -34.5 0
    endloop
  endfacet
  facet normal -0.980815 -0.19494 0
    outer loop
      vertex -52.8978 -35.2765 0
      vertex -52.9743 -34.8916 3
      vertex -52.9743 -34.8916 0
    endloop
  endfacet
  facet normal -0.980815 -0.19494 0
    outer loop
      vertex -52.9743 -34.8916 3
      vertex -52.8978 -35.2765 0
      vertex -52.8978 -35.2765 3
    endloop
  endfacet
  facet normal -0.946885 -0.321574 0
    outer loop
      vertex -52.7716 -35.6481 0
      vertex -52.8978 -35.2765 3
      vertex -52.8978 -35.2765 0
    endloop
  endfacet
  facet normal -0.946885 -0.321574 0
    outer loop
      vertex -52.8978 -35.2765 3
      vertex -52.7716 -35.6481 0
      vertex -52.7716 -35.6481 3
    endloop
  endfacet
  facet normal -0.19494 -0.980815 0
    outer loop
      vertex -50.7765 -37.3978 0
      vertex -50.3916 -37.4743 3
      vertex -50.7765 -37.3978 3
    endloop
  endfacet
  facet normal -0.19494 -0.980815 -0
    outer loop
      vertex -50.3916 -37.4743 3
      vertex -50.7765 -37.3978 0
      vertex -50.3916 -37.4743 0
    endloop
  endfacet
  facet normal -0.19494 0.980815 0
    outer loop
      vertex -50.3916 37.4743 0
      vertex -50.7765 37.3978 3
      vertex -50.3916 37.4743 3
    endloop
  endfacet
  facet normal -0.19494 0.980815 0
    outer loop
      vertex -50.7765 37.3978 3
      vertex -50.3916 37.4743 0
      vertex -50.7765 37.3978 0
    endloop
  endfacet
  facet normal 0.442211 -0.896911 0
    outer loop
      vertex 51.1481 -37.2716 0
      vertex 51.5 -37.0981 3
      vertex 51.1481 -37.2716 3
    endloop
  endfacet
  facet normal 0.442211 -0.896911 0
    outer loop
      vertex 51.5 -37.0981 3
      vertex 51.1481 -37.2716 0
      vertex 51.5 -37.0981 0
    endloop
  endfacet
  facet normal 0.896911 -0.442211 0
    outer loop
      vertex 52.5981 -36 3
      vertex 52.7716 -35.6481 0
      vertex 52.7716 -35.6481 3
    endloop
  endfacet
  facet normal 0.896911 -0.442211 0
    outer loop
      vertex 52.7716 -35.6481 0
      vertex 52.5981 -36 3
      vertex 52.5981 -36 0
    endloop
  endfacet
  facet normal 0 0 1
    outer loop
      vertex -47.4845 33.125 3
      vertex -37.1 34.5 3
      vertex -47.3832 33.3303 3
    endloop
  endfacet
  facet normal 0 0 1
    outer loop
      vertex -37.1 -3 3
      vertex -47.265 -33.7716 3
      vertex -47.25 -34 3
    endloop
  endfacet
  facet normal 0 0 1
    outer loop
      vertex -47.6116 32.9347 3
      vertex -37.1 34.5 3
      vertex -47.4845 33.125 3
    endloop
  endfacet
  facet normal 0 0 1
    outer loop
      vertex -37.1 -3 3
      vertex -47.3096 -33.5471 3
      vertex -47.265 -33.7716 3
    endloop
  endfacet
  facet normal 0 0 1
    outer loop
      vertex -47.7626 32.7626 3
      vertex -37.1 34.5 3
      vertex -47.6116 32.9347 3
    endloop
  endfacet
  facet normal 0 0 1
    outer loop
      vertex -37.1 -3 3
      vertex -47.3832 -33.3303 3
      vertex -47.3096 -33.5471 3
    endloop
  endfacet
  facet normal 0 0 1
    outer loop
      vertex -47.9347 32.6116 3
      vertex -37.1 34.5 3
      vertex -47.7626 32.7626 3
    endloop
  endfacet
  facet normal 0 0 1
    outer loop
      vertex -37.1 -3 3
      vertex -47.4845 -33.125 3
      vertex -47.3832 -33.3303 3
    endloop
  endfacet
  facet normal 0 0 1
    outer loop
      vertex -48.125 32.4845 3
      vertex -37.1 34.5 3
      vertex -47.9347 32.6116 3
    endloop
  endfacet
  facet normal 0 0 1
    outer loop
      vertex -37.1 -3 3
      vertex -47.6116 -32.9347 3
      vertex -47.4845 -33.125 3
    endloop
  endfacet
  facet normal 0 0 1
    outer loop
      vertex -37.1 34.5 3
      vertex -48.125 32.4845 3
      vertex -37.1 2.5 3
    endloop
  endfacet
  facet normal 0 0 1
    outer loop
      vertex -37.1 -3 3
      vertex -47.7626 -32.7626 3
      vertex -47.6116 -32.9347 3
    endloop
  endfacet
  facet normal -0 0 1
    outer loop
      vertex -48.3303 32.3832 3
      vertex -37.1 2.5 3
      vertex -48.125 32.4845 3
    endloop
  endfacet
  facet normal 0 0 1
    outer loop
      vertex -37.1 -3 3
      vertex -47.9347 -32.6116 3
      vertex -47.7626 -32.7626 3
    endloop
  endfacet
  facet normal -0 0 1
    outer loop
      vertex -48.5471 32.3096 3
      vertex -37.1 2.5 3
      vertex -48.3303 32.3832 3
    endloop
  endfacet
  facet normal 0 0 1
    outer loop
      vertex -37.1 -3 3
      vertex -48.125 -32.4845 3
      vertex -47.9347 -32.6116 3
    endloop
  endfacet
  facet normal -0 0 1
    outer loop
      vertex -48.7716 32.265 3
      vertex -37.1 2.5 3
      vertex -48.5471 32.3096 3
    endloop
  endfacet
  facet normal 0 0 1
    outer loop
      vertex -37.1 -3 3
      vertex -48.3303 -32.3832 3
      vertex -48.125 -32.4845 3
    endloop
  endfacet
  facet normal -0 0 1
    outer loop
      vertex -49 32.25 3
      vertex -37.1 2.5 3
      vertex -48.7716 32.265 3
    endloop
  endfacet
  facet normal 0 0 1
    outer loop
      vertex -37.1 -3 3
      vertex -48.5471 -32.3096 3
      vertex -48.3303 -32.3832 3
    endloop
  endfacet
  facet normal -0 0 1
    outer loop
      vertex -51 32.25 3
      vertex -37.1 2.5 3
      vertex -49 32.25 3
    endloop
  endfacet
  facet normal 0 0 1
    outer loop
      vertex -37.1 -3 3
      vertex -48.7716 -32.265 3
      vertex -48.5471 -32.3096 3
    endloop
  endfacet
  facet normal 0 0 1
    outer loop
      vertex -51.2284 32.265 3
      vertex -37.1 2.5 3
      vertex -51 32.25 3
    endloop
  endfacet
  facet normal 0 0 1
    outer loop
      vertex -37.1 -3 3
      vertex -49 -32.25 3
      vertex -48.7716 -32.265 3
    endloop
  endfacet
  facet normal 0 0 1
    outer loop
      vertex -51.4529 32.3096 3
      vertex -37.1 2.5 3
      vertex -51.2284 32.265 3
    endloop
  endfacet
  facet normal 0 0 1
    outer loop
      vertex -37.1 -3 3
      vertex -51 -32.25 3
      vertex -49 -32.25 3
    endloop
  endfacet
  facet normal 0 0 1
    outer loop
      vertex -51.6697 32.3832 3
      vertex -37.1 2.5 3
      vertex -51.4529 32.3096 3
    endloop
  endfacet
  facet normal 0 0 1
    outer loop
      vertex -37.1 -3 3
      vertex -51.2284 -32.265 3
      vertex -51 -32.25 3
    endloop
  endfacet
  facet normal 0 0 1
    outer loop
      vertex -51.875 32.4845 3
      vertex -37.1 2.5 3
      vertex -51.6697 32.3832 3
    endloop
  endfacet
  facet normal 0 0 1
    outer loop
      vertex -37.1 -3 3
      vertex -51.4529 -32.3096 3
      vertex -51.2284 -32.265 3
    endloop
  endfacet
  facet normal 0 0 1
    outer loop
      vertex -52.0653 32.6116 3
      vertex -37.1 2.5 3
      vertex -51.875 32.4845 3
    endloop
  endfacet
  facet normal 0 0 1
    outer loop
      vertex -37.1 -3 3
      vertex -51.6697 -32.3832 3
      vertex -51.4529 -32.3096 3
    endloop
  endfacet
  facet normal 0 0 1
    outer loop
      vertex -37.1 2.5 3
      vertex -52.0653 32.6116 3
      vertex -37.1 -3 3
    endloop
  endfacet
  facet normal 0 0 1
    outer loop
      vertex -37.1 -3 3
      vertex -51.875 -32.4845 3
      vertex -51.6697 -32.3832 3
    endloop
  endfacet
  facet normal 0 0 1
    outer loop
      vertex -52.0653 -32.6116 3
      vertex -37.1 -3 3
      vertex -52.0653 32.6116 3
    endloop
  endfacet
  facet normal 0 0 1
    outer loop
      vertex -37.1 -3 3
      vertex -52.0653 -32.6116 3
      vertex -51.875 -32.4845 3
    endloop
  endfacet
  facet normal 0 0 1
    outer loop
      vertex -52.2374 32.7626 3
      vertex -52.0653 -32.6116 3
      vertex -52.0653 32.6116 3
    endloop
  endfacet
  facet normal 0 0 1
    outer loop
      vertex -52.2374 32.7626 3
      vertex -52.2374 -32.7626 3
      vertex -52.0653 -32.6116 3
    endloop
  endfacet
  facet normal 0 0 1
    outer loop
      vertex -52.3884 32.9347 3
      vertex -52.2374 -32.7626 3
      vertex -52.2374 32.7626 3
    endloop
  endfacet
  facet normal 0 0 1
    outer loop
      vertex -52.3884 32.9347 3
      vertex -52.3884 -32.9347 3
      vertex -52.2374 -32.7626 3
    endloop
  endfacet
  facet normal 0 0 1
    outer loop
      vertex -52.5155 33.125 3
      vertex -52.3884 -32.9347 3
      vertex -52.3884 32.9347 3
    endloop
  endfacet
  facet normal 0 0 1
    outer loop
      vertex -52.5155 33.125 3
      vertex -52.5155 -33.125 3
      vertex -52.3884 -32.9347 3
    endloop
  endfacet
  facet normal 0 0 1
    outer loop
      vertex -52.6168 33.3303 3
      vertex -52.5155 -33.125 3
      vertex -52.5155 33.125 3
    endloop
  endfacet
  facet normal 0 0 1
    outer loop
      vertex -52.6168 33.3303 3
      vertex -52.6168 -33.3303 3
      vertex -52.5155 -33.125 3
    endloop
  endfacet
  facet normal 0 0 1
    outer loop
      vertex -52.6904 33.5471 3
      vertex -52.6168 -33.3303 3
      vertex -52.6168 33.3303 3
    endloop
  endfacet
  facet normal 0 0 1
    outer loop
      vertex -52.6904 33.5471 3
      vertex -52.6904 -33.5471 3
      vertex -52.6168 -33.3303 3
    endloop
  endfacet
  facet normal 0 0 1
    outer loop
      vertex -53 34.5 3
      vertex -52.6904 33.5471 3
      vertex -52.735 33.7716 3
    endloop
  endfacet
  facet normal 0 0 1
    outer loop
      vertex -52.6904 33.5471 3
      vertex -53 34.5 3
      vertex -52.6904 -33.5471 3
    endloop
  endfacet
  facet normal 0 0 1
    outer loop
      vertex -53 34.5 3
      vertex -52.735 33.7716 3
      vertex -52.75 34 3
    endloop
  endfacet
  facet normal 0 0 1
    outer loop
      vertex -53 -34.5 3
      vertex -52.6904 -33.5471 3
      vertex -53 34.5 3
    endloop
  endfacet
  facet normal -0 0 1
    outer loop
      vertex -34.9 -3 3
      vertex -27 -11.5 3
      vertex -27 -2.5 3
    endloop
  endfacet
  facet normal 0 0 1
    outer loop
      vertex -27 -11.5 3
      vertex -34.9 -3 3
      vertex -27 -25.5 3
    endloop
  endfacet
  facet normal 0 0 1
    outer loop
      vertex -34.9 -34 3
      vertex -27 -25.5 3
      vertex -34.9 -3 3
    endloop
  endfacet
  facet normal 0 0 1
    outer loop
      vertex -26.9829 -2.23895 3
      vertex -34.9 -3 3
      vertex -27 -2.5 3
    endloop
  endfacet
  facet normal 0 0 1
    outer loop
      vertex -26.9319 -1.98236 3
      vertex -34.9 -3 3
      vertex -26.9829 -2.23895 3
    endloop
  endfacet
  facet normal 0 0 1
    outer loop
      vertex -26.8478 -1.73463 3
      vertex -34.9 -3 3
      vertex -26.9319 -1.98236 3
    endloop
  endfacet
  facet normal 0 0 1
    outer loop
      vertex -26.732 -1.5 3
      vertex -34.9 -3 3
      vertex -26.8478 -1.73463 3
    endloop
  endfacet
  facet normal 0 0 1
    outer loop
      vertex -36.5 -1.1 3
      vertex -26.732 -1.5 3
      vertex -26.5867 -1.28248 3
    endloop
  endfacet
  facet normal -0 0 1
    outer loop
      vertex -36.5 -1.1 3
      vertex -26.5867 -1.28248 3
      vertex -26.4267 -1.1 3
    endloop
  endfacet
  facet normal 0 0 1
    outer loop
      vertex -26.732 -1.5 3
      vertex -36.5 -1.1 3
      vertex -34.9 -3 3
    endloop
  endfacet
  facet normal 0 0 1
    outer loop
      vertex -36.5 -1.1 3
      vertex -37.1 -3 3
      vertex -34.9 -3 3
    endloop
  endfacet
  facet normal 0 0 1
    outer loop
      vertex -37.1 -3 3
      vertex -36.5 -1.1 3
      vertex -37.1 2.5 3
    endloop
  endfacet
  facet normal 0 0 1
    outer loop
      vertex -21.5219 -16.5166 3
      vertex -24 -13.232 3
      vertex -21.7678 -16.7322 3
    endloop
  endfacet
  facet normal 0 0 1
    outer loop
      vertex -22.5 -18.5 3
      vertex -23.0171 -25.2389 3
      vertex -23 -25.5 3
    endloop
  endfacet
  facet normal -0 0 1
    outer loop
      vertex -24.2346 -13.3478 3
      vertex -21.7678 -16.7322 3
      vertex -24 -13.232 3
    endloop
  endfacet
  facet normal 0 0 1
    outer loop
      vertex -22.5 -18.5 3
      vertex -23.0681 -24.9824 3
      vertex -23.0171 -25.2389 3
    endloop
  endfacet
  facet normal 0 0 1
    outer loop
      vertex -21.7678 -16.7322 3
      vertex -24.2346 -13.3478 3
      vertex -21.9834 -16.9781 3
    endloop
  endfacet
  facet normal 0 0 1
    outer loop
      vertex -22.5 -18.5 3
      vertex -23.1522 -24.7346 3
      vertex -23.0681 -24.9824 3
    endloop
  endfacet
  facet normal -0 0 1
    outer loop
      vertex -24.4824 -13.4319 3
      vertex -21.9834 -16.9781 3
      vertex -24.2346 -13.3478 3
    endloop
  endfacet
  facet normal 0 0 1
    outer loop
      vertex -22.5 -18.5 3
      vertex -23.2679 -24.5 3
      vertex -23.1522 -24.7346 3
    endloop
  endfacet
  facet normal 0 0 1
    outer loop
      vertex -21.9834 -16.9781 3
      vertex -24.4824 -13.4319 3
      vertex -22.1651 -17.25 3
    endloop
  endfacet
  facet normal 0 0 1
    outer loop
      vertex -22.5 -18.5 3
      vertex -23.4133 -24.2825 3
      vertex -23.2679 -24.5 3
    endloop
  endfacet
  facet normal -0 0 1
    outer loop
      vertex -24.7389 -13.4829 3
      vertex -22.1651 -17.25 3
      vertex -24.4824 -13.4319 3
    endloop
  endfacet
  facet normal 0 0 1
    outer loop
      vertex -22.5 -18.5 3
      vertex -23.5858 -24.0858 3
      vertex -23.4133 -24.2825 3
    endloop
  endfacet
  facet normal 0 0 1
    outer loop
      vertex -22.1651 -17.25 3
      vertex -24.7389 -13.4829 3
      vertex -22.3097 -17.5433 3
    endloop
  endfacet
  facet normal 0 0 1
    outer loop
      vertex -22.5 -18.5 3
      vertex -23.7825 -23.9133 3
      vertex -23.5858 -24.0858 3
    endloop
  endfacet
  facet normal -0 0 1
    outer loop
      vertex -25 -13.5 3
      vertex -22.3097 -17.5433 3
      vertex -24.7389 -13.4829 3
    endloop
  endfacet
  facet normal 0 0 1
    outer loop
      vertex -22.5 -18.5 3
      vertex -24 -23.7679 3
      vertex -23.7825 -23.9133 3
    endloop
  endfacet
  facet normal 0 0 1
    outer loop
      vertex -25.2611 -13.4829 3
      vertex -22.3097 -17.5433 3
      vertex -25 -13.5 3
    endloop
  endfacet
  facet normal 0 0 1
    outer loop
      vertex -22.5 -18.5 3
      vertex -24.2346 -23.6522 3
      vertex -24 -23.7679 3
    endloop
  endfacet
  facet normal 0 0 1
    outer loop
      vertex -22.3097 -17.5433 3
      vertex -25.2611 -13.4829 3
      vertex -22.4148 -17.853 3
    endloop
  endfacet
  facet normal 0 0 1
    outer loop
      vertex -22.5 -18.5 3
      vertex -24.4824 -23.5681 3
      vertex -24.2346 -23.6522 3
    endloop
  endfacet
  facet normal 0 0 1
    outer loop
      vertex -25.5176 -13.4319 3
      vertex -22.4148 -17.853 3
      vertex -25.2611 -13.4829 3
    endloop
  endfacet
  facet normal 0 0 1
    outer loop
      vertex -22.5 -18.5 3
      vertex -24.7389 -23.5171 3
      vertex -24.4824 -23.5681 3
    endloop
  endfacet
  facet normal 0 0 1
    outer loop
      vertex -22.4148 -17.853 3
      vertex -25.5176 -13.4319 3
      vertex -22.4786 -18.1737 3
    endloop
  endfacet
  facet normal 0 0 1
    outer loop
      vertex -22.5 -18.5 3
      vertex -25 -23.5 3
      vertex -24.7389 -23.5171 3
    endloop
  endfacet
  facet normal 0 0 1
    outer loop
      vertex -25.7654 -13.3478 3
      vertex -22.4786 -18.1737 3
      vertex -25.5176 -13.4319 3
    endloop
  endfacet
  facet normal 0 0 1
    outer loop
      vertex -22.5 -18.5 3
      vertex -25.2611 -23.5171 3
      vertex -25 -23.5 3
    endloop
  endfacet
  facet normal 0 0 1
    outer loop
      vertex -22.4786 -18.1737 3
      vertex -25.7654 -13.3478 3
      vertex -22.5 -18.5 3
    endloop
  endfacet
  facet normal 0 0 1
    outer loop
      vertex -22.5 -18.5 3
      vertex -25.5176 -23.5681 3
      vertex -25.2611 -23.5171 3
    endloop
  endfacet
  facet normal 0 0 1
    outer loop
      vertex -25.7654 -23.6522 3
      vertex -22.5 -18.5 3
      vertex -25.7654 -13.3478 3
    endloop
  endfacet
  facet normal 0 0 1
    outer loop
      vertex -22.5 -18.5 3
      vertex -25.7654 -23.6522 3
      vertex -25.5176 -23.5681 3
    endloop
  endfacet
  facet normal 0 0 1
    outer loop
      vertex -26 -13.232 3
      vertex -25.7654 -23.6522 3
      vertex -25.7654 -13.3478 3
    endloop
  endfacet
  facet normal 0 0 1
    outer loop
      vertex -26 -13.232 3
      vertex -26 -23.7679 3
      vertex -25.7654 -23.6522 3
    endloop
  endfacet
  facet normal 0 0 1
    outer loop
      vertex -26.2175 -13.0867 3
      vertex -26 -23.7679 3
      vertex -26 -13.232 3
    endloop
  endfacet
  facet normal 0 0 1
    outer loop
      vertex -26.2175 -13.0867 3
      vertex -26.2175 -23.9133 3
      vertex -26 -23.7679 3
    endloop
  endfacet
  facet normal 0 0 1
    outer loop
      vertex -26.4142 -12.9142 3
      vertex -26.2175 -23.9133 3
      vertex -26.2175 -13.0867 3
    endloop
  endfacet
  facet normal 0 0 1
    outer loop
      vertex -26.4142 -12.9142 3
      vertex -26.4142 -24.0858 3
      vertex -26.2175 -23.9133 3
    endloop
  endfacet
  facet normal 0 0 1
    outer loop
      vertex -26.5867 -12.7175 3
      vertex -26.4142 -24.0858 3
      vertex -26.4142 -12.9142 3
    endloop
  endfacet
  facet normal 0 0 1
    outer loop
      vertex -26.5867 -12.7175 3
      vertex -26.5867 -24.2825 3
      vertex -26.4142 -24.0858 3
    endloop
  endfacet
  facet normal 0 0 1
    outer loop
      vertex -26.732 -12.5 3
      vertex -26.5867 -24.2825 3
      vertex -26.5867 -12.7175 3
    endloop
  endfacet
  facet normal 0 0 1
    outer loop
      vertex -26.732 -12.5 3
      vertex -26.732 -24.5 3
      vertex -26.5867 -24.2825 3
    endloop
  endfacet
  facet normal 0 0 1
    outer loop
      vertex -26.8478 -12.2654 3
      vertex -26.732 -24.5 3
      vertex -26.732 -12.5 3
    endloop
  endfacet
  facet normal 0 0 1
    outer loop
      vertex -26.8478 -12.2654 3
      vertex -26.8478 -24.7346 3
      vertex -26.732 -24.5 3
    endloop
  endfacet
  facet normal 0 0 1
    outer loop
      vertex -26.9319 -12.0176 3
      vertex -26.8478 -24.7346 3
      vertex -26.8478 -12.2654 3
    endloop
  endfacet
  facet normal 0 0 1
    outer loop
      vertex -26.9319 -12.0176 3
      vertex -26.9319 -24.9824 3
      vertex -26.8478 -24.7346 3
    endloop
  endfacet
  facet normal 0 0 1
    outer loop
      vertex -26.9829 -11.7611 3
      vertex -26.9319 -24.9824 3
      vertex -26.9319 -12.0176 3
    endloop
  endfacet
  facet normal 0 0 1
    outer loop
      vertex -26.9829 -11.7611 3
      vertex -26.9829 -25.2389 3
      vertex -26.9319 -24.9824 3
    endloop
  endfacet
  facet normal 0 0 1
    outer loop
      vertex -27 -11.5 3
      vertex -26.9829 -25.2389 3
      vertex -26.9829 -11.7611 3
    endloop
  endfacet
  facet normal 0 0 1
    outer loop
      vertex -26.9829 -25.2389 3
      vertex -27 -11.5 3
      vertex -27 -25.5 3
    endloop
  endfacet
  facet normal 0 0 1
    outer loop
      vertex 20 -16 3
      vertex 23 -11.5 3
      vertex 23 -2.5 3
    endloop
  endfacet
  facet normal 0 0 1
    outer loop
      vertex 23 -11.5 3
      vertex 22.5 -18.5 3
      vertex 23 -25.5 3
    endloop
  endfacet
  facet normal -0 0 1
    outer loop
      vertex 22.4786 -18.8263 3
      vertex 23 -25.5 3
      vertex 22.5 -18.5 3
    endloop
  endfacet
  facet normal 0 0 1
    outer loop
      vertex 23 -11.5 3
      vertex 22.4786 -18.1737 3
      vertex 22.5 -18.5 3
    endloop
  endfacet
  facet normal 0 0 1
    outer loop
      vertex 23 -11.5 3
      vertex 22.4148 -17.853 3
      vertex 22.4786 -18.1737 3
    endloop
  endfacet
  facet normal 0 0 1
    outer loop
      vertex 23 -11.5 3
      vertex 22.3097 -17.5433 3
      vertex 22.4148 -17.853 3
    endloop
  endfacet
  facet normal 0 0 1
    outer loop
      vertex 23 -11.5 3
      vertex 22.1651 -17.25 3
      vertex 22.3097 -17.5433 3
    endloop
  endfacet
  facet normal 0 0 1
    outer loop
      vertex 23 -11.5 3
      vertex 21.9834 -16.9781 3
      vertex 22.1651 -17.25 3
    endloop
  endfacet
  facet normal 0 0 1
    outer loop
      vertex -23 -2.5 3
      vertex 23 -2.5 3
      vertex 23.0171 -2.23895 3
    endloop
  endfacet
  facet normal 0 0 1
    outer loop
      vertex 23 -11.5 3
      vertex 21.7678 -16.7322 3
      vertex 21.9834 -16.9781 3
    endloop
  endfacet
  facet normal 0 0 1
    outer loop
      vertex 23 -11.5 3
      vertex 21.5219 -16.5166 3
      vertex 21.7678 -16.7322 3
    endloop
  endfacet
  facet normal 0 0 1
    outer loop
      vertex 23 -11.5 3
      vertex 21.25 -16.3349 3
      vertex 21.5219 -16.5166 3
    endloop
  endfacet
  facet normal 0 0 1
    outer loop
      vertex 23 -11.5 3
      vertex 20.9567 -16.1903 3
      vertex 21.25 -16.3349 3
    endloop
  endfacet
  facet normal 0 0 1
    outer loop
      vertex 23 -11.5 3
      vertex 20.647 -16.0852 3
      vertex 20.9567 -16.1903 3
    endloop
  endfacet
  facet normal 0 0 1
    outer loop
      vertex 23 -11.5 3
      vertex 20.3263 -16.0214 3
      vertex 20.647 -16.0852 3
    endloop
  endfacet
  facet normal 0 0 1
    outer loop
      vertex 23 -11.5 3
      vertex 20 -16 3
      vertex 20.3263 -16.0214 3
    endloop
  endfacet
  facet normal 0 0 1
    outer loop
      vertex -23.0171 -2.23895 3
      vertex 23.0171 -2.23895 3
      vertex 23.0681 -1.98236 3
    endloop
  endfacet
  facet normal 0 0 1
    outer loop
      vertex 23 -2.5 3
      vertex -20 -16 3
      vertex 20 -16 3
    endloop
  endfacet
  facet normal 0 0 1
    outer loop
      vertex -23.0681 -1.98236 3
      vertex 23.0681 -1.98236 3
      vertex 23.1522 -1.73463 3
    endloop
  endfacet
  facet normal 0 0 1
    outer loop
      vertex -23.1522 -1.73463 3
      vertex 23.1522 -1.73463 3
      vertex 23.2679 -1.5 3
    endloop
  endfacet
  facet normal 0 0 1
    outer loop
      vertex -23.2679 -1.5 3
      vertex 23.2679 -1.5 3
      vertex 23.4133 -1.28248 3
    endloop
  endfacet
  facet normal 0 0 1
    outer loop
      vertex -23.4133 -1.28248 3
      vertex 23.4133 -1.28248 3
      vertex 23.5733 -1.1 3
    endloop
  endfacet
  facet normal 0 0 1
    outer loop
      vertex 23 -2.5 3
      vertex -23 -2.5 3
      vertex -20 -16 3
    endloop
  endfacet
  facet normal -0 0 1
    outer loop
      vertex -23 -11.5 3
      vertex -20 -16 3
      vertex -23 -2.5 3
    endloop
  endfacet
  facet normal -0 0 1
    outer loop
      vertex -23.7825 -13.0867 3
      vertex -21.25 -16.3349 3
      vertex -23.5858 -12.9142 3
    endloop
  endfacet
  facet normal 0 0 1
    outer loop
      vertex -20.9567 -16.1903 3
      vertex -23.5858 -12.9142 3
      vertex -21.25 -16.3349 3
    endloop
  endfacet
  facet normal -0 0 1
    outer loop
      vertex -23.5858 -12.9142 3
      vertex -20.9567 -16.1903 3
      vertex -23.4133 -12.7175 3
    endloop
  endfacet
  facet normal 0 0 1
    outer loop
      vertex -20.647 -16.0852 3
      vertex -23.4133 -12.7175 3
      vertex -20.9567 -16.1903 3
    endloop
  endfacet
  facet normal -0 0 1
    outer loop
      vertex -23.4133 -12.7175 3
      vertex -20.647 -16.0852 3
      vertex -23.2679 -12.5 3
    endloop
  endfacet
  facet normal 0 0 1
    outer loop
      vertex -20.3263 -16.0214 3
      vertex -23.2679 -12.5 3
      vertex -20.647 -16.0852 3
    endloop
  endfacet
  facet normal -0 0 1
    outer loop
      vertex -23.2679 -12.5 3
      vertex -20.3263 -16.0214 3
      vertex -23.1522 -12.2654 3
    endloop
  endfacet
  facet normal -0 0 1
    outer loop
      vertex -23.1522 -12.2654 3
      vertex -20.3263 -16.0214 3
      vertex -23.0681 -12.0176 3
    endloop
  endfacet
  facet normal 0 0 1
    outer loop
      vertex -20 -16 3
      vertex -23.0681 -12.0176 3
      vertex -20.3263 -16.0214 3
    endloop
  endfacet
  facet normal -0 0 1
    outer loop
      vertex -23.0681 -12.0176 3
      vertex -20 -16 3
      vertex -23.0171 -11.7611 3
    endloop
  endfacet
  facet normal -0 0 1
    outer loop
      vertex -23.0171 -11.7611 3
      vertex -20 -16 3
      vertex -23 -11.5 3
    endloop
  endfacet
  facet normal 0 0 1
    outer loop
      vertex 23.0171 -2.23895 3
      vertex -23.0171 -2.23895 3
      vertex -23 -2.5 3
    endloop
  endfacet
  facet normal 0 0 1
    outer loop
      vertex 23.0681 -1.98236 3
      vertex -23.0681 -1.98236 3
      vertex -23.0171 -2.23895 3
    endloop
  endfacet
  facet normal 0 0 1
    outer loop
      vertex 23.1522 -1.73463 3
      vertex -23.1522 -1.73463 3
      vertex -23.0681 -1.98236 3
    endloop
  endfacet
  facet normal 0 0 1
    outer loop
      vertex 23.2679 -1.5 3
      vertex -23.2679 -1.5 3
      vertex -23.1522 -1.73463 3
    endloop
  endfacet
  facet normal 0 0 1
    outer loop
      vertex 23.4133 -1.28248 3
      vertex -23.4133 -1.28248 3
      vertex -23.2679 -1.5 3
    endloop
  endfacet
  facet normal 0 -0 1
    outer loop
      vertex -23.4133 -1.28248 3
      vertex 23.5733 -1.1 3
      vertex -23.5733 -1.1 3
    endloop
  endfacet
  facet normal 0 0 1
    outer loop
      vertex 26.8478 -12.2654 3
      vertex 34.9 -3 3
      vertex 26.9319 -12.0176 3
    endloop
  endfacet
  facet normal 0 0 1
    outer loop
      vertex 34.9 -34 3
      vertex 26.9829 -25.2389 3
      vertex 27 -25.5 3
    endloop
  endfacet
  facet normal 0 0 1
    outer loop
      vertex 34.9 -3 3
      vertex 26.8478 -12.2654 3
      vertex 34.9 -34 3
    endloop
  endfacet
  facet normal 0 0 1
    outer loop
      vertex 34.9 -34 3
      vertex 26.9319 -24.9824 3
      vertex 26.9829 -25.2389 3
    endloop
  endfacet
  facet normal -0 0 1
    outer loop
      vertex 26.8478 -24.7346 3
      vertex 34.9 -34 3
      vertex 26.8478 -12.2654 3
    endloop
  endfacet
  facet normal 0 0 1
    outer loop
      vertex 34.9 -34 3
      vertex 26.8478 -24.7346 3
      vertex 26.9319 -24.9824 3
    endloop
  endfacet
  facet normal -0 0 1
    outer loop
      vertex 26.732 -12.5 3
      vertex 26.8478 -24.7346 3
      vertex 26.8478 -12.2654 3
    endloop
  endfacet
  facet normal 0 0 1
    outer loop
      vertex 26.732 -12.5 3
      vertex 26.732 -24.5 3
      vertex 26.8478 -24.7346 3
    endloop
  endfacet
  facet normal -0 0 1
    outer loop
      vertex 26.5867 -12.7175 3
      vertex 26.732 -24.5 3
      vertex 26.732 -12.5 3
    endloop
  endfacet
  facet normal 0 0 1
    outer loop
      vertex 26.5867 -12.7175 3
      vertex 26.5867 -24.2825 3
      vertex 26.732 -24.5 3
    endloop
  endfacet
  facet normal -0 0 1
    outer loop
      vertex 26.4142 -12.9142 3
      vertex 26.5867 -24.2825 3
      vertex 26.5867 -12.7175 3
    endloop
  endfacet
  facet normal 0 0 1
    outer loop
      vertex 26.4142 -12.9142 3
      vertex 26.4142 -24.0858 3
      vertex 26.5867 -24.2825 3
    endloop
  endfacet
  facet normal -0 0 1
    outer loop
      vertex 26.2175 -13.0867 3
      vertex 26.4142 -24.0858 3
      vertex 26.4142 -12.9142 3
    endloop
  endfacet
  facet normal 0 0 1
    outer loop
      vertex 26.2175 -13.0867 3
      vertex 26.2175 -23.9133 3
      vertex 26.4142 -24.0858 3
    endloop
  endfacet
  facet normal -0 0 1
    outer loop
      vertex 26 -13.232 3
      vertex 26.2175 -23.9133 3
      vertex 26.2175 -13.0867 3
    endloop
  endfacet
  facet normal 0 0 1
    outer loop
      vertex 26 -13.232 3
      vertex 26 -23.7679 3
      vertex 26.2175 -23.9133 3
    endloop
  endfacet
  facet normal -0 0 1
    outer loop
      vertex 25.7654 -13.3478 3
      vertex 26 -23.7679 3
      vertex 26 -13.232 3
    endloop
  endfacet
  facet normal 0 0 1
    outer loop
      vertex 25.7654 -13.3478 3
      vertex 25.7654 -23.6522 3
      vertex 26 -23.7679 3
    endloop
  endfacet
  facet normal -0 0 1
    outer loop
      vertex 25.5176 -13.4319 3
      vertex 25.7654 -23.6522 3
      vertex 25.7654 -13.3478 3
    endloop
  endfacet
  facet normal 0 0 1
    outer loop
      vertex 25.5176 -13.4319 3
      vertex 25.5176 -23.5681 3
      vertex 25.7654 -23.6522 3
    endloop
  endfacet
  facet normal -0 0 1
    outer loop
      vertex 25.2611 -13.4829 3
      vertex 25.5176 -23.5681 3
      vertex 25.5176 -13.4319 3
    endloop
  endfacet
  facet normal 0 0 1
    outer loop
      vertex 25.2611 -13.4829 3
      vertex 25.2611 -23.5171 3
      vertex 25.5176 -23.5681 3
    endloop
  endfacet
  facet normal -0 0 1
    outer loop
      vertex 25 -13.5 3
      vertex 25.2611 -23.5171 3
      vertex 25.2611 -13.4829 3
    endloop
  endfacet
  facet normal 0 0 1
    outer loop
      vertex 25 -13.5 3
      vertex 25 -23.5 3
      vertex 25.2611 -23.5171 3
    endloop
  endfacet
  facet normal 0 0 1
    outer loop
      vertex 24.7389 -13.4829 3
      vertex 25 -23.5 3
      vertex 25 -13.5 3
    endloop
  endfacet
  facet normal 0 0 1
    outer loop
      vertex 24.7389 -13.4829 3
      vertex 24.7389 -23.5171 3
      vertex 25 -23.5 3
    endloop
  endfacet
  facet normal 0 0 1
    outer loop
      vertex 24.4824 -13.4319 3
      vertex 24.7389 -23.5171 3
      vertex 24.7389 -13.4829 3
    endloop
  endfacet
  facet normal 0 0 1
    outer loop
      vertex 24.4824 -13.4319 3
      vertex 24.4824 -23.5681 3
      vertex 24.7389 -23.5171 3
    endloop
  endfacet
  facet normal 0 0 1
    outer loop
      vertex 24.2346 -13.3478 3
      vertex 24.4824 -23.5681 3
      vertex 24.4824 -13.4319 3
    endloop
  endfacet
  facet normal 0 0 1
    outer loop
      vertex 24.2346 -13.3478 3
      vertex 24.2346 -23.6522 3
      vertex 24.4824 -23.5681 3
    endloop
  endfacet
  facet normal 0 0 1
    outer loop
      vertex 24 -13.232 3
      vertex 24.2346 -23.6522 3
      vertex 24.2346 -13.3478 3
    endloop
  endfacet
  facet normal 0 0 1
    outer loop
      vertex 24 -13.232 3
      vertex 24 -23.7679 3
      vertex 24.2346 -23.6522 3
    endloop
  endfacet
  facet normal 0 0 1
    outer loop
      vertex 23.7825 -13.0867 3
      vertex 24 -23.7679 3
      vertex 24 -13.232 3
    endloop
  endfacet
  facet normal 0 0 1
    outer loop
      vertex 23.7825 -13.0867 3
      vertex 23.7825 -23.9133 3
      vertex 24 -23.7679 3
    endloop
  endfacet
  facet normal 0 0 1
    outer loop
      vertex 23.5858 -12.9142 3
      vertex 23.7825 -23.9133 3
      vertex 23.7825 -13.0867 3
    endloop
  endfacet
  facet normal 0 0 1
    outer loop
      vertex 23.5858 -12.9142 3
      vertex 23.5858 -24.0858 3
      vertex 23.7825 -23.9133 3
    endloop
  endfacet
  facet normal 0 0 1
    outer loop
      vertex 23.4133 -12.7175 3
      vertex 23.5858 -24.0858 3
      vertex 23.5858 -12.9142 3
    endloop
  endfacet
  facet normal 0 0 1
    outer loop
      vertex 23.4133 -12.7175 3
      vertex 23.4133 -24.2825 3
      vertex 23.5858 -24.0858 3
    endloop
  endfacet
  facet normal 0 0 1
    outer loop
      vertex 23.2679 -12.5 3
      vertex 23.4133 -24.2825 3
      vertex 23.4133 -12.7175 3
    endloop
  endfacet
  facet normal 0 0 1
    outer loop
      vertex 23.2679 -12.5 3
      vertex 23.2679 -24.5 3
      vertex 23.4133 -24.2825 3
    endloop
  endfacet
  facet normal 0 0 1
    outer loop
      vertex 23.1522 -12.2654 3
      vertex 23.2679 -24.5 3
      vertex 23.2679 -12.5 3
    endloop
  endfacet
  facet normal 0 0 1
    outer loop
      vertex 23.1522 -12.2654 3
      vertex 23.1522 -24.7346 3
      vertex 23.2679 -24.5 3
    endloop
  endfacet
  facet normal 0 0 1
    outer loop
      vertex 23.0681 -12.0176 3
      vertex 23.1522 -24.7346 3
      vertex 23.1522 -12.2654 3
    endloop
  endfacet
  facet normal 0 0 1
    outer loop
      vertex 23.0681 -12.0176 3
      vertex 23.0681 -24.9824 3
      vertex 23.1522 -24.7346 3
    endloop
  endfacet
  facet normal 0 0 1
    outer loop
      vertex 23.0171 -11.7611 3
      vertex 23.0681 -24.9824 3
      vertex 23.0681 -12.0176 3
    endloop
  endfacet
  facet normal 0 0 1
    outer loop
      vertex 23.0171 -11.7611 3
      vertex 23.0171 -25.2389 3
      vertex 23.0681 -24.9824 3
    endloop
  endfacet
  facet normal 0 0 1
    outer loop
      vertex 23 -11.5 3
      vertex 23.0171 -25.2389 3
      vertex 23.0171 -11.7611 3
    endloop
  endfacet
  facet normal 0 0 1
    outer loop
      vertex 23.0171 -25.2389 3
      vertex 23 -11.5 3
      vertex 23 -25.5 3
    endloop
  endfacet
  facet normal 0 0 1
    outer loop
      vertex 36.5 -1.1 3
      vertex 37.1 2.5 3
      vertex 36.5 1.1 3
    endloop
  endfacet
  facet normal -0 0 1
    outer loop
      vertex 34.9 2.5 3
      vertex 36.5 1.1 3
      vertex 37.1 2.5 3
    endloop
  endfacet
  facet normal 0 0 1
    outer loop
      vertex 26.9829 25.2389 3
      vertex 34.9 34.5 3
      vertex 27 25.5 3
    endloop
  endfacet
  facet normal 0 0 1
    outer loop
      vertex 26.9319 24.9824 3
      vertex 34.9 34.5 3
      vertex 26.9829 25.2389 3
    endloop
  endfacet
  facet normal 0 0 1
    outer loop
      vertex 27 2.5 3
      vertex 34.9 2.5 3
      vertex 27 11.5 3
    endloop
  endfacet
  facet normal 0 0 1
    outer loop
      vertex 26.9829 2.23895 3
      vertex 34.9 2.5 3
      vertex 27 2.5 3
    endloop
  endfacet
  facet normal 0 0 1
    outer loop
      vertex 26.9319 1.98236 3
      vertex 34.9 2.5 3
      vertex 26.9829 2.23895 3
    endloop
  endfacet
  facet normal 0 0 1
    outer loop
      vertex 26.8478 1.73463 3
      vertex 34.9 2.5 3
      vertex 26.9319 1.98236 3
    endloop
  endfacet
  facet normal 0 0 1
    outer loop
      vertex 26.732 1.5 3
      vertex 34.9 2.5 3
      vertex 26.8478 1.73463 3
    endloop
  endfacet
  facet normal 0 0 1
    outer loop
      vertex 26.5867 1.28248 3
      vertex 34.9 2.5 3
      vertex 26.732 1.5 3
    endloop
  endfacet
  facet normal 0 0 1
    outer loop
      vertex 34.9 2.5 3
      vertex 26.5867 1.28248 3
      vertex 36.5 1.1 3
    endloop
  endfacet
  facet normal 0 0 1
    outer loop
      vertex 36.5 1.1 3
      vertex 26.5867 1.28248 3
      vertex 26.4267 1.1 3
    endloop
  endfacet
  facet normal 0 0 1
    outer loop
      vertex 53 34.5 3
      vertex 52.6904 33.5471 3
      vertex 53 -34.5 3
    endloop
  endfacet
  facet normal 0 0 1
    outer loop
      vertex 53 -34.5 3
      vertex 52.735 -33.7716 3
      vertex 52.75 -34 3
    endloop
  endfacet
  facet normal -0 0 1
    outer loop
      vertex 52.6904 -33.5471 3
      vertex 53 -34.5 3
      vertex 52.6904 33.5471 3
    endloop
  endfacet
  facet normal 0 0 1
    outer loop
      vertex 53 -34.5 3
      vertex 52.6904 -33.5471 3
      vertex 52.735 -33.7716 3
    endloop
  endfacet
  facet normal -0 0 1
    outer loop
      vertex 52.6168 33.3303 3
      vertex 52.6904 -33.5471 3
      vertex 52.6904 33.5471 3
    endloop
  endfacet
  facet normal 0 0 1
    outer loop
      vertex 52.6168 33.3303 3
      vertex 52.6168 -33.3303 3
      vertex 52.6904 -33.5471 3
    endloop
  endfacet
  facet normal -0 0 1
    outer loop
      vertex 52.5155 33.125 3
      vertex 52.6168 -33.3303 3
      vertex 52.6168 33.3303 3
    endloop
  endfacet
  facet normal 0 0 1
    outer loop
      vertex 52.5155 33.125 3
      vertex 52.5155 -33.125 3
      vertex 52.6168 -33.3303 3
    endloop
  endfacet
  facet normal -0 0 1
    outer loop
      vertex 52.3884 32.9347 3
      vertex 52.5155 -33.125 3
      vertex 52.5155 33.125 3
    endloop
  endfacet
  facet normal 0 0 1
    outer loop
      vertex 52.3884 32.9347 3
      vertex 52.3884 -32.9347 3
      vertex 52.5155 -33.125 3
    endloop
  endfacet
  facet normal -0 0 1
    outer loop
      vertex 52.2374 32.7626 3
      vertex 52.3884 -32.9347 3
      vertex 52.3884 32.9347 3
    endloop
  endfacet
  facet normal 0 0 1
    outer loop
      vertex 52.2374 32.7626 3
      vertex 52.2374 -32.7626 3
      vertex 52.3884 -32.9347 3
    endloop
  endfacet
  facet normal -0 0 1
    outer loop
      vertex 52.0653 32.6116 3
      vertex 52.2374 -32.7626 3
      vertex 52.2374 32.7626 3
    endloop
  endfacet
  facet normal 0 0 1
    outer loop
      vertex 52.0653 32.6116 3
      vertex 52.0653 -32.6116 3
      vertex 52.2374 -32.7626 3
    endloop
  endfacet
  facet normal 0 0 1
    outer loop
      vertex 37.1 2.5 3
      vertex 52.0653 32.6116 3
      vertex 51.875 32.4845 3
    endloop
  endfacet
  facet normal 0 0 1
    outer loop
      vertex 52.0653 32.6116 3
      vertex 37.1 2.5 3
      vertex 52.0653 -32.6116 3
    endloop
  endfacet
  facet normal 0 0 1
    outer loop
      vertex 37.1 2.5 3
      vertex 51.875 32.4845 3
      vertex 51.6697 32.3832 3
    endloop
  endfacet
  facet normal -0 0 1
    outer loop
      vertex 37.1 -3 3
      vertex 52.0653 -32.6116 3
      vertex 37.1 2.5 3
    endloop
  endfacet
  facet normal 0 0 1
    outer loop
      vertex 37.1 2.5 3
      vertex 51.6697 32.3832 3
      vertex 51.4529 32.3096 3
    endloop
  endfacet
  facet normal 0 0 1
    outer loop
      vertex 52.0653 -32.6116 3
      vertex 37.1 -3 3
      vertex 51.875 -32.4845 3
    endloop
  endfacet
  facet normal 0 0 1
    outer loop
      vertex 37.1 2.5 3
      vertex 51.4529 32.3096 3
      vertex 51.2284 32.265 3
    endloop
  endfacet
  facet normal 0 0 1
    outer loop
      vertex 51.875 -32.4845 3
      vertex 37.1 -3 3
      vertex 51.6697 -32.3832 3
    endloop
  endfacet
  facet normal 0 0 1
    outer loop
      vertex 37.1 2.5 3
      vertex 51.2284 32.265 3
      vertex 51 32.25 3
    endloop
  endfacet
  facet normal 0 0 1
    outer loop
      vertex 51.6697 -32.3832 3
      vertex 37.1 -3 3
      vertex 51.4529 -32.3096 3
    endloop
  endfacet
  facet normal 0 0 1
    outer loop
      vertex 37.1 2.5 3
      vertex 51 32.25 3
      vertex 49 32.25 3
    endloop
  endfacet
  facet normal 0 0 1
    outer loop
      vertex 51.4529 -32.3096 3
      vertex 37.1 -3 3
      vertex 51.2284 -32.265 3
    endloop
  endfacet
  facet normal 0 0 1
    outer loop
      vertex 37.1 2.5 3
      vertex 49 32.25 3
      vertex 48.7716 32.265 3
    endloop
  endfacet
  facet normal 0 0 1
    outer loop
      vertex 51.2284 -32.265 3
      vertex 37.1 -3 3
      vertex 51 -32.25 3
    endloop
  endfacet
  facet normal 0 0 1
    outer loop
      vertex 37.1 2.5 3
      vertex 48.7716 32.265 3
      vertex 48.5471 32.3096 3
    endloop
  endfacet
  facet normal 0 0 1
    outer loop
      vertex 51 -32.25 3
      vertex 37.1 -3 3
      vertex 49 -32.25 3
    endloop
  endfacet
  facet normal 0 0 1
    outer loop
      vertex 37.1 2.5 3
      vertex 48.5471 32.3096 3
      vertex 48.3303 32.3832 3
    endloop
  endfacet
  facet normal 0 0 1
    outer loop
      vertex 49 -32.25 3
      vertex 37.1 -3 3
      vertex 48.7716 -32.265 3
    endloop
  endfacet
  facet normal 0 0 1
    outer loop
      vertex 37.1 2.5 3
      vertex 48.3303 32.3832 3
      vertex 48.125 32.4845 3
    endloop
  endfacet
  facet normal 0 0 1
    outer loop
      vertex 48.7716 -32.265 3
      vertex 37.1 -3 3
      vertex 48.5471 -32.3096 3
    endloop
  endfacet
  facet normal 0 0 1
    outer loop
      vertex 37.1 34.5 3
      vertex 48.125 32.4845 3
      vertex 47.9347 32.6116 3
    endloop
  endfacet
  facet normal 0 0 1
    outer loop
      vertex 48.5471 -32.3096 3
      vertex 37.1 -3 3
      vertex 48.3303 -32.3832 3
    endloop
  endfacet
  facet normal 0 0 1
    outer loop
      vertex 37.1 34.5 3
      vertex 47.9347 32.6116 3
      vertex 47.7626 32.7626 3
    endloop
  endfacet
  facet normal 0 0 1
    outer loop
      vertex 48.3303 -32.3832 3
      vertex 37.1 -3 3
      vertex 48.125 -32.4845 3
    endloop
  endfacet
  facet normal 0 0 1
    outer loop
      vertex 37.1 34.5 3
      vertex 47.7626 32.7626 3
      vertex 47.6116 32.9347 3
    endloop
  endfacet
  facet normal 0 0 1
    outer loop
      vertex 37.1 -34 3
      vertex 48.125 -32.4845 3
      vertex 37.1 -3 3
    endloop
  endfacet
  facet normal 0 0 1
    outer loop
      vertex 37.1 34.5 3
      vertex 47.6116 32.9347 3
      vertex 47.4845 33.125 3
    endloop
  endfacet
  facet normal 0 0 1
    outer loop
      vertex 48.125 -32.4845 3
      vertex 37.1 -34 3
      vertex 47.9347 -32.6116 3
    endloop
  endfacet
  facet normal 0 0 1
    outer loop
      vertex 37.1 34.5 3
      vertex 47.4845 33.125 3
      vertex 47.3832 33.3303 3
    endloop
  endfacet
  facet normal 0 0 1
    outer loop
      vertex 47.9347 -32.6116 3
      vertex 37.1 -34 3
      vertex 47.7626 -32.7626 3
    endloop
  endfacet
  facet normal 0 0 1
    outer loop
      vertex 37.1 34.5 3
      vertex 47.3832 33.3303 3
      vertex 47.3096 33.5471 3
    endloop
  endfacet
  facet normal 0 0 1
    outer loop
      vertex 47.7626 -32.7626 3
      vertex 37.1 -34 3
      vertex 47.6116 -32.9347 3
    endloop
  endfacet
  facet normal 0 0 1
    outer loop
      vertex 37.1 34.5 3
      vertex 47.3096 33.5471 3
      vertex 47.265 33.7716 3
    endloop
  endfacet
  facet normal 0 0 1
    outer loop
      vertex 47.6116 -32.9347 3
      vertex 37.1 -34 3
      vertex 47.4845 -33.125 3
    endloop
  endfacet
  facet normal 0 0 1
    outer loop
      vertex 37.1 34.5 3
      vertex 47.265 33.7716 3
      vertex 47.25 34 3
    endloop
  endfacet
  facet normal 0 0 1
    outer loop
      vertex 47.4845 -33.125 3
      vertex 37.1 -34 3
      vertex 47.3832 -33.3303 3
    endloop
  endfacet
  facet normal -0 0 1
    outer loop
      vertex 52.6168 34.6697 3
      vertex 53 34.5 3
      vertex 52.9743 34.8916 3
    endloop
  endfacet
  facet normal 0 0 1
    outer loop
      vertex 52.735 33.7716 3
      vertex 53 34.5 3
      vertex 52.75 34 3
    endloop
  endfacet
  facet normal 0 0 1
    outer loop
      vertex 52.5155 34.875 3
      vertex 52.9743 34.8916 3
      vertex 52.8978 35.2765 3
    endloop
  endfacet
  facet normal 0 0 1
    outer loop
      vertex 52.6904 33.5471 3
      vertex 53 34.5 3
      vertex 52.735 33.7716 3
    endloop
  endfacet
  facet normal 0 0 1
    outer loop
      vertex 52.3884 35.0653 3
      vertex 52.8978 35.2765 3
      vertex 52.7716 35.6481 3
    endloop
  endfacet
  facet normal -0 0 1
    outer loop
      vertex 52.735 -34.2284 3
      vertex 53 -34.5 3
      vertex 52.75 -34 3
    endloop
  endfacet
  facet normal -0 0 1
    outer loop
      vertex 52.6904 -34.4529 3
      vertex 53 -34.5 3
      vertex 52.735 -34.2284 3
    endloop
  endfacet
  facet normal 0 0 1
    outer loop
      vertex 53 34.5 3
      vertex 52.735 34.2284 3
      vertex 52.75 34 3
    endloop
  endfacet
  facet normal 0 0 1
    outer loop
      vertex 53 34.5 3
      vertex 52.6904 34.4529 3
      vertex 52.735 34.2284 3
    endloop
  endfacet
  facet normal 0 0 1
    outer loop
      vertex 53 34.5 3
      vertex 52.6168 34.6697 3
      vertex 52.6904 34.4529 3
    endloop
  endfacet
  facet normal 0 0 1
    outer loop
      vertex 52.0653 35.3884 3
      vertex 52.7716 35.6481 3
      vertex 52.5981 36 3
    endloop
  endfacet
  facet normal 0 0 1
    outer loop
      vertex 52.9743 34.8916 3
      vertex 52.5155 34.875 3
      vertex 52.6168 34.6697 3
    endloop
  endfacet
  facet normal 0 0 1
    outer loop
      vertex 52.8978 35.2765 3
      vertex 52.3884 35.0653 3
      vertex 52.5155 34.875 3
    endloop
  endfacet
  facet normal 0 0 1
    outer loop
      vertex 51.875 35.5155 3
      vertex 52.5981 36 3
      vertex 52.3801 36.3263 3
    endloop
  endfacet
  facet normal 0 0 1
    outer loop
      vertex 52.7716 35.6481 3
      vertex 52.2374 35.2374 3
      vertex 52.3884 35.0653 3
    endloop
  endfacet
  facet normal 0 0 1
    outer loop
      vertex 51.6697 35.6168 3
      vertex 52.3801 36.3263 3
      vertex 52.1213 36.6213 3
    endloop
  endfacet
  facet normal 0 0 1
    outer loop
      vertex 52.7716 35.6481 3
      vertex 52.0653 35.3884 3
      vertex 52.2374 35.2374 3
    endloop
  endfacet
  facet normal 0 0 1
    outer loop
      vertex 52.5981 36 3
      vertex 51.875 35.5155 3
      vertex 52.0653 35.3884 3
    endloop
  endfacet
  facet normal 0 0 1
    outer loop
      vertex 51.4529 35.6904 3
      vertex 52.1213 36.6213 3
      vertex 51.8263 36.8801 3
    endloop
  endfacet
  facet normal 0 0 1
    outer loop
      vertex 52.3801 36.3263 3
      vertex 51.6697 35.6168 3
      vertex 51.875 35.5155 3
    endloop
  endfacet
  facet normal 0 0 1
    outer loop
      vertex 51.2284 35.735 3
      vertex 51.8263 36.8801 3
      vertex 51.5 37.0981 3
    endloop
  endfacet
  facet normal 0 0 1
    outer loop
      vertex 52.1213 36.6213 3
      vertex 51.4529 35.6904 3
      vertex 51.6697 35.6168 3
    endloop
  endfacet
  facet normal 0 0 1
    outer loop
      vertex 51.8263 36.8801 3
      vertex 51.2284 35.735 3
      vertex 51.4529 35.6904 3
    endloop
  endfacet
  facet normal 0 0 1
    outer loop
      vertex 51 35.75 3
      vertex 51.5 37.0981 3
      vertex 51.1481 37.2716 3
    endloop
  endfacet
  facet normal 0 0 1
    outer loop
      vertex 51.5 37.0981 3
      vertex 51 35.75 3
      vertex 51.2284 35.735 3
    endloop
  endfacet
  facet normal 0 0 1
    outer loop
      vertex 50.7765 37.3978 3
      vertex 51 35.75 3
      vertex 51.1481 37.2716 3
    endloop
  endfacet
  facet normal 0 0 1
    outer loop
      vertex 50.3916 37.4743 3
      vertex 51 35.75 3
      vertex 50.7765 37.3978 3
    endloop
  endfacet
  facet normal 0 0 1
    outer loop
      vertex 50 37.5 3
      vertex 51 35.75 3
      vertex 50.3916 37.4743 3
    endloop
  endfacet
  facet normal 0 0 1
    outer loop
      vertex 50 37.5 3
      vertex 49 35.75 3
      vertex 51 35.75 3
    endloop
  endfacet
  facet normal 0 0 1
    outer loop
      vertex 50 37.5 3
      vertex 48.7716 35.735 3
      vertex 49 35.75 3
    endloop
  endfacet
  facet normal 0 0 1
    outer loop
      vertex 50 37.5 3
      vertex 48.5471 35.6904 3
      vertex 48.7716 35.735 3
    endloop
  endfacet
  facet normal 0 0 1
    outer loop
      vertex 50 37.5 3
      vertex 48.3303 35.6168 3
      vertex 48.5471 35.6904 3
    endloop
  endfacet
  facet normal 0 0 1
    outer loop
      vertex 50 37.5 3
      vertex 48.125 35.5155 3
      vertex 48.3303 35.6168 3
    endloop
  endfacet
  facet normal 0 0 1
    outer loop
      vertex 50 37.5 3
      vertex 47.9347 35.3884 3
      vertex 48.125 35.5155 3
    endloop
  endfacet
  facet normal 0 0 1
    outer loop
      vertex 37.1 34.5 3
      vertex 47.9347 35.3884 3
      vertex 50 37.5 3
    endloop
  endfacet
  facet normal 0 0 1
    outer loop
      vertex 48.125 32.4845 3
      vertex 37.1 34.5 3
      vertex 37.1 2.5 3
    endloop
  endfacet
  facet normal 0 0 1
    outer loop
      vertex 47.265 34.2284 3
      vertex 37.1 34.5 3
      vertex 47.25 34 3
    endloop
  endfacet
  facet normal 0 0 1
    outer loop
      vertex 47.3096 34.4529 3
      vertex 37.1 34.5 3
      vertex 47.265 34.2284 3
    endloop
  endfacet
  facet normal 0 0 1
    outer loop
      vertex 47.3832 34.6697 3
      vertex 37.1 34.5 3
      vertex 47.3096 34.4529 3
    endloop
  endfacet
  facet normal 0 0 1
    outer loop
      vertex 47.4845 34.875 3
      vertex 37.1 34.5 3
      vertex 47.3832 34.6697 3
    endloop
  endfacet
  facet normal 0 0 1
    outer loop
      vertex 47.6116 35.0653 3
      vertex 37.1 34.5 3
      vertex 47.4845 34.875 3
    endloop
  endfacet
  facet normal 0 0 1
    outer loop
      vertex 47.7626 35.2374 3
      vertex 37.1 34.5 3
      vertex 47.6116 35.0653 3
    endloop
  endfacet
  facet normal 0 0 1
    outer loop
      vertex 47.9347 35.3884 3
      vertex 37.1 34.5 3
      vertex 47.7626 35.2374 3
    endloop
  endfacet
  facet normal -0 0 1
    outer loop
      vertex 25.7654 36.3478 3
      vertex 37.1 34.5 3
      vertex 50 37.5 3
    endloop
  endfacet
  facet normal 0 0 1
    outer loop
      vertex 27 25.5 3
      vertex 34.9 34.5 3
      vertex 27 34.5 3
    endloop
  endfacet
  facet normal 0 0 1
    outer loop
      vertex 37.1 34.5 3
      vertex 25.7654 36.3478 3
      vertex 34.9 34.5 3
    endloop
  endfacet
  facet normal 0 0 1
    outer loop
      vertex 34.9 34.5 3
      vertex 26.9829 34.7611 3
      vertex 27 34.5 3
    endloop
  endfacet
  facet normal 0 0 1
    outer loop
      vertex 34.9 34.5 3
      vertex 26.9319 35.0176 3
      vertex 26.9829 34.7611 3
    endloop
  endfacet
  facet normal 0 0 1
    outer loop
      vertex 34.9 34.5 3
      vertex 26.8478 35.2654 3
      vertex 26.9319 35.0176 3
    endloop
  endfacet
  facet normal 0 0 1
    outer loop
      vertex 34.9 34.5 3
      vertex 26.732 35.5 3
      vertex 26.8478 35.2654 3
    endloop
  endfacet
  facet normal 0 0 1
    outer loop
      vertex 34.9 34.5 3
      vertex 26.5867 35.7175 3
      vertex 26.732 35.5 3
    endloop
  endfacet
  facet normal 0 0 1
    outer loop
      vertex 34.9 34.5 3
      vertex 26.4142 35.9142 3
      vertex 26.5867 35.7175 3
    endloop
  endfacet
  facet normal 0 0 1
    outer loop
      vertex 34.9 34.5 3
      vertex 26.2175 36.0867 3
      vertex 26.4142 35.9142 3
    endloop
  endfacet
  facet normal 0 0 1
    outer loop
      vertex 34.9 34.5 3
      vertex 26 36.232 3
      vertex 26.2175 36.0867 3
    endloop
  endfacet
  facet normal 0 0 1
    outer loop
      vertex 34.9 34.5 3
      vertex 25.7654 36.3478 3
      vertex 26 36.232 3
    endloop
  endfacet
  facet normal 0 0 1
    outer loop
      vertex 50 37.5 3
      vertex 25.5176 36.4319 3
      vertex 25.7654 36.3478 3
    endloop
  endfacet
  facet normal 0 0 1
    outer loop
      vertex 50 37.5 3
      vertex 25.2611 36.4829 3
      vertex 25.5176 36.4319 3
    endloop
  endfacet
  facet normal 0 0 1
    outer loop
      vertex 50 37.5 3
      vertex 25 36.5 3
      vertex 25.2611 36.4829 3
    endloop
  endfacet
  facet normal 0 0 1
    outer loop
      vertex 20 21 3
      vertex 23 25.5 3
      vertex 23 34.5 3
    endloop
  endfacet
  facet normal 0 0 1
    outer loop
      vertex 23 25.5 3
      vertex 22.5 18.5 3
      vertex 23 11.5 3
    endloop
  endfacet
  facet normal -0 0 1
    outer loop
      vertex 22.4786 18.1737 3
      vertex 23 11.5 3
      vertex 22.5 18.5 3
    endloop
  endfacet
  facet normal 0 0 1
    outer loop
      vertex 23 25.5 3
      vertex 22.4786 18.8263 3
      vertex 22.5 18.5 3
    endloop
  endfacet
  facet normal 0 0 1
    outer loop
      vertex 23 25.5 3
      vertex 22.4148 19.147 3
      vertex 22.4786 18.8263 3
    endloop
  endfacet
  facet normal 0 0 1
    outer loop
      vertex 23 25.5 3
      vertex 22.3097 19.4567 3
      vertex 22.4148 19.147 3
    endloop
  endfacet
  facet normal 0 0 1
    outer loop
      vertex 23 25.5 3
      vertex 22.1651 19.75 3
      vertex 22.3097 19.4567 3
    endloop
  endfacet
  facet normal 0 0 1
    outer loop
      vertex 23 25.5 3
      vertex 21.9834 20.0219 3
      vertex 22.1651 19.75 3
    endloop
  endfacet
  facet normal 0 0 1
    outer loop
      vertex -23 34.5 3
      vertex 23 34.5 3
      vertex 23.0171 34.7611 3
    endloop
  endfacet
  facet normal 0 0 1
    outer loop
      vertex 23 25.5 3
      vertex 21.7678 20.2678 3
      vertex 21.9834 20.0219 3
    endloop
  endfacet
  facet normal 0 0 1
    outer loop
      vertex 23 25.5 3
      vertex 21.5219 20.4834 3
      vertex 21.7678 20.2678 3
    endloop
  endfacet
  facet normal 0 0 1
    outer loop
      vertex 23 25.5 3
      vertex 21.25 20.6651 3
      vertex 21.5219 20.4834 3
    endloop
  endfacet
  facet normal 0 0 1
    outer loop
      vertex 23 25.5 3
      vertex 20.9567 20.8097 3
      vertex 21.25 20.6651 3
    endloop
  endfacet
  facet normal 0 0 1
    outer loop
      vertex 23 25.5 3
      vertex 20.647 20.9148 3
      vertex 20.9567 20.8097 3
    endloop
  endfacet
  facet normal 0 0 1
    outer loop
      vertex 23 25.5 3
      vertex 20.3263 20.9786 3
      vertex 20.647 20.9148 3
    endloop
  endfacet
  facet normal 0 0 1
    outer loop
      vertex 23 25.5 3
      vertex 20 21 3
      vertex 20.3263 20.9786 3
    endloop
  endfacet
  facet normal 0 0 1
    outer loop
      vertex -23.0171 34.7611 3
      vertex 23.0171 34.7611 3
      vertex 23.0681 35.0176 3
    endloop
  endfacet
  facet normal 0 0 1
    outer loop
      vertex 23 34.5 3
      vertex -20 21 3
      vertex 20 21 3
    endloop
  endfacet
  facet normal 0 0 1
    outer loop
      vertex -23.0681 35.0176 3
      vertex 23.0681 35.0176 3
      vertex 23.1522 35.2654 3
    endloop
  endfacet
  facet normal 0 0 1
    outer loop
      vertex -23.1522 35.2654 3
      vertex 23.1522 35.2654 3
      vertex 23.2679 35.5 3
    endloop
  endfacet
  facet normal 0 0 1
    outer loop
      vertex -23.2679 35.5 3
      vertex 23.2679 35.5 3
      vertex 23.4133 35.7175 3
    endloop
  endfacet
  facet normal 0 0 1
    outer loop
      vertex -23.4133 35.7175 3
      vertex 23.4133 35.7175 3
      vertex 23.5858 35.9142 3
    endloop
  endfacet
  facet normal 0 0 1
    outer loop
      vertex -23.5858 35.9142 3
      vertex 23.5858 35.9142 3
      vertex 23.7825 36.0867 3
    endloop
  endfacet
  facet normal 0 0 1
    outer loop
      vertex -23.7825 36.0867 3
      vertex 23.7825 36.0867 3
      vertex 24 36.232 3
    endloop
  endfacet
  facet normal 0 0 1
    outer loop
      vertex -24 36.232 3
      vertex 24 36.232 3
      vertex 24.2346 36.3478 3
    endloop
  endfacet
  facet normal 0 0 1
    outer loop
      vertex 23 34.5 3
      vertex -23 34.5 3
      vertex -20 21 3
    endloop
  endfacet
  facet normal -0 0 1
    outer loop
      vertex -23 25.5 3
      vertex -20 21 3
      vertex -23 34.5 3
    endloop
  endfacet
  facet normal -0 0 1
    outer loop
      vertex -23.0171 25.2389 3
      vertex -20 21 3
      vertex -23 25.5 3
    endloop
  endfacet
  facet normal -0 0 1
    outer loop
      vertex -23.7825 23.9133 3
      vertex -21.25 20.6651 3
      vertex -23.5858 24.0858 3
    endloop
  endfacet
  facet normal 0 0 1
    outer loop
      vertex -20.9567 20.8097 3
      vertex -23.5858 24.0858 3
      vertex -21.25 20.6651 3
    endloop
  endfacet
  facet normal -0 0 1
    outer loop
      vertex -23.5858 24.0858 3
      vertex -20.9567 20.8097 3
      vertex -23.4133 24.2825 3
    endloop
  endfacet
  facet normal 0 0 1
    outer loop
      vertex -20.647 20.9148 3
      vertex -23.4133 24.2825 3
      vertex -20.9567 20.8097 3
    endloop
  endfacet
  facet normal -0 0 1
    outer loop
      vertex -23.4133 24.2825 3
      vertex -20.647 20.9148 3
      vertex -23.2679 24.5 3
    endloop
  endfacet
  facet normal 0 0 1
    outer loop
      vertex -20.3263 20.9786 3
      vertex -23.2679 24.5 3
      vertex -20.647 20.9148 3
    endloop
  endfacet
  facet normal -0 0 1
    outer loop
      vertex -23.2679 24.5 3
      vertex -20.3263 20.9786 3
      vertex -23.1522 24.7346 3
    endloop
  endfacet
  facet normal -0 0 1
    outer loop
      vertex -23.1522 24.7346 3
      vertex -20.3263 20.9786 3
      vertex -23.0681 24.9824 3
    endloop
  endfacet
  facet normal 0 0 1
    outer loop
      vertex -20 21 3
      vertex -23.0681 24.9824 3
      vertex -20.3263 20.9786 3
    endloop
  endfacet
  facet normal -0 0 1
    outer loop
      vertex -23.0681 24.9824 3
      vertex -20 21 3
      vertex -23.0171 25.2389 3
    endloop
  endfacet
  facet normal 0 0 1
    outer loop
      vertex -24.2346 36.3478 3
      vertex 24.2346 36.3478 3
      vertex 24.4824 36.4319 3
    endloop
  endfacet
  facet normal 0 0 1
    outer loop
      vertex -24.4824 36.4319 3
      vertex 24.4824 36.4319 3
      vertex 24.7389 36.4829 3
    endloop
  endfacet
  facet normal 0 0 1
    outer loop
      vertex -24.7389 36.4829 3
      vertex 24.7389 36.4829 3
      vertex 25 36.5 3
    endloop
  endfacet
  facet normal 0 0 1
    outer loop
      vertex 23.0171 34.7611 3
      vertex -23.0171 34.7611 3
      vertex -23 34.5 3
    endloop
  endfacet
  facet normal 0 0 1
    outer loop
      vertex -25 36.5 3
      vertex 25 36.5 3
      vertex 50 37.5 3
    endloop
  endfacet
  facet normal 0 0 1
    outer loop
      vertex 23.0681 35.0176 3
      vertex -23.0681 35.0176 3
      vertex -23.0171 34.7611 3
    endloop
  endfacet
  facet normal 0 0 1
    outer loop
      vertex 23.1522 35.2654 3
      vertex -23.1522 35.2654 3
      vertex -23.0681 35.0176 3
    endloop
  endfacet
  facet normal 0 0 1
    outer loop
      vertex 23.2679 35.5 3
      vertex -23.2679 35.5 3
      vertex -23.1522 35.2654 3
    endloop
  endfacet
  facet normal 0 0 1
    outer loop
      vertex 23.4133 35.7175 3
      vertex -23.4133 35.7175 3
      vertex -23.2679 35.5 3
    endloop
  endfacet
  facet normal 0 0 1
    outer loop
      vertex 23.5858 35.9142 3
      vertex -23.5858 35.9142 3
      vertex -23.4133 35.7175 3
    endloop
  endfacet
  facet normal 0 0 1
    outer loop
      vertex 23.7825 36.0867 3
      vertex -23.7825 36.0867 3
      vertex -23.5858 35.9142 3
    endloop
  endfacet
  facet normal 0 0 1
    outer loop
      vertex 24 36.232 3
      vertex -24 36.232 3
      vertex -23.7825 36.0867 3
    endloop
  endfacet
  facet normal 0 0 1
    outer loop
      vertex 24.2346 36.3478 3
      vertex -24.2346 36.3478 3
      vertex -24 36.232 3
    endloop
  endfacet
  facet normal 0 0 1
    outer loop
      vertex 24.4824 36.4319 3
      vertex -24.4824 36.4319 3
      vertex -24.2346 36.3478 3
    endloop
  endfacet
  facet normal 0 0 1
    outer loop
      vertex 24.7389 36.4829 3
      vertex -24.7389 36.4829 3
      vertex -24.4824 36.4319 3
    endloop
  endfacet
  facet normal 0 0 1
    outer loop
      vertex 25 36.5 3
      vertex -25 36.5 3
      vertex -24.7389 36.4829 3
    endloop
  endfacet
  facet normal -0 0 1
    outer loop
      vertex -34.9 34.5 3
      vertex -27 25.5 3
      vertex -27 34.5 3
    endloop
  endfacet
  facet normal 0 0 1
    outer loop
      vertex -27 25.5 3
      vertex -34.9 34.5 3
      vertex -27 11.5 3
    endloop
  endfacet
  facet normal 0 0 1
    outer loop
      vertex -34.9 2.5 3
      vertex -27 11.5 3
      vertex -34.9 34.5 3
    endloop
  endfacet
  facet normal 0 0 1
    outer loop
      vertex -26.9829 34.7611 3
      vertex -34.9 34.5 3
      vertex -27 34.5 3
    endloop
  endfacet
  facet normal 0 0 1
    outer loop
      vertex -26.9319 35.0176 3
      vertex -34.9 34.5 3
      vertex -26.9829 34.7611 3
    endloop
  endfacet
  facet normal 0 0 1
    outer loop
      vertex -26.8478 35.2654 3
      vertex -34.9 34.5 3
      vertex -26.9319 35.0176 3
    endloop
  endfacet
  facet normal 0 0 1
    outer loop
      vertex -26.732 35.5 3
      vertex -34.9 34.5 3
      vertex -26.8478 35.2654 3
    endloop
  endfacet
  facet normal 0 0 1
    outer loop
      vertex -26.5867 35.7175 3
      vertex -34.9 34.5 3
      vertex -26.732 35.5 3
    endloop
  endfacet
  facet normal 0 0 1
    outer loop
      vertex -26.4142 35.9142 3
      vertex -34.9 34.5 3
      vertex -26.5867 35.7175 3
    endloop
  endfacet
  facet normal 0 0 1
    outer loop
      vertex -26.2175 36.0867 3
      vertex -34.9 34.5 3
      vertex -26.4142 35.9142 3
    endloop
  endfacet
  facet normal 0 0 1
    outer loop
      vertex -26 36.232 3
      vertex -34.9 34.5 3
      vertex -26.2175 36.0867 3
    endloop
  endfacet
  facet normal 0 0 1
    outer loop
      vertex -25.7654 36.3478 3
      vertex -34.9 34.5 3
      vertex -26 36.232 3
    endloop
  endfacet
  facet normal 0 0 1
    outer loop
      vertex -50 37.5 3
      vertex -25.7654 36.3478 3
      vertex -25.5176 36.4319 3
    endloop
  endfacet
  facet normal 0 0 1
    outer loop
      vertex -25.7654 36.3478 3
      vertex -37.1 34.5 3
      vertex -34.9 34.5 3
    endloop
  endfacet
  facet normal 0 0 1
    outer loop
      vertex -50 37.5 3
      vertex -25.5176 36.4319 3
      vertex -25.2611 36.4829 3
    endloop
  endfacet
  facet normal 0 0 1
    outer loop
      vertex -47.265 33.7716 3
      vertex -37.1 34.5 3
      vertex -47.25 34 3
    endloop
  endfacet
  facet normal 0 0 1
    outer loop
      vertex -47.3096 33.5471 3
      vertex -37.1 34.5 3
      vertex -47.265 33.7716 3
    endloop
  endfacet
  facet normal 0 0 1
    outer loop
      vertex -47.3832 33.3303 3
      vertex -37.1 34.5 3
      vertex -47.3096 33.5471 3
    endloop
  endfacet
  facet normal 0 0 1
    outer loop
      vertex -25.7654 36.3478 3
      vertex -50 37.5 3
      vertex -37.1 34.5 3
    endloop
  endfacet
  facet normal 0 0 1
    outer loop
      vertex -37.1 34.5 3
      vertex -47.265 34.2284 3
      vertex -47.25 34 3
    endloop
  endfacet
  facet normal 0 0 1
    outer loop
      vertex -37.1 34.5 3
      vertex -47.3096 34.4529 3
      vertex -47.265 34.2284 3
    endloop
  endfacet
  facet normal 0 0 1
    outer loop
      vertex -37.1 34.5 3
      vertex -47.3832 34.6697 3
      vertex -47.3096 34.4529 3
    endloop
  endfacet
  facet normal 0 0 1
    outer loop
      vertex -37.1 34.5 3
      vertex -47.4845 34.875 3
      vertex -47.3832 34.6697 3
    endloop
  endfacet
  facet normal 0 0 1
    outer loop
      vertex -37.1 34.5 3
      vertex -47.6116 35.0653 3
      vertex -47.4845 34.875 3
    endloop
  endfacet
  facet normal 0 0 1
    outer loop
      vertex -50 37.5 3
      vertex -25.2611 36.4829 3
      vertex -25 36.5 3
    endloop
  endfacet
  facet normal 0 0 1
    outer loop
      vertex -37.1 34.5 3
      vertex -47.7626 35.2374 3
      vertex -47.6116 35.0653 3
    endloop
  endfacet
  facet normal 0 0 1
    outer loop
      vertex -37.1 34.5 3
      vertex -47.9347 35.3884 3
      vertex -47.7626 35.2374 3
    endloop
  endfacet
  facet normal 0 0 1
    outer loop
      vertex -37.1 34.5 3
      vertex -50 37.5 3
      vertex -47.9347 35.3884 3
    endloop
  endfacet
  facet normal 0 0 1
    outer loop
      vertex -47.9347 35.3884 3
      vertex -50 37.5 3
      vertex -48.125 35.5155 3
    endloop
  endfacet
  facet normal 0 0 1
    outer loop
      vertex -48.125 35.5155 3
      vertex -50 37.5 3
      vertex -48.3303 35.6168 3
    endloop
  endfacet
  facet normal 0 0 1
    outer loop
      vertex -48.3303 35.6168 3
      vertex -50 37.5 3
      vertex -48.5471 35.6904 3
    endloop
  endfacet
  facet normal 0 0 1
    outer loop
      vertex -48.5471 35.6904 3
      vertex -50 37.5 3
      vertex -48.7716 35.735 3
    endloop
  endfacet
  facet normal -0 0 1
    outer loop
      vertex -50 37.5 3
      vertex -25 36.5 3
      vertex 50 37.5 3
    endloop
  endfacet
  facet normal 0 0 1
    outer loop
      vertex -48.7716 35.735 3
      vertex -50 37.5 3
      vertex -49 35.75 3
    endloop
  endfacet
  facet normal 0 0 1
    outer loop
      vertex -51 35.75 3
      vertex -50 37.5 3
      vertex -50.3916 37.4743 3
    endloop
  endfacet
  facet normal 0 0 1
    outer loop
      vertex -51 35.75 3
      vertex -50.3916 37.4743 3
      vertex -50.7765 37.3978 3
    endloop
  endfacet
  facet normal 0 0 1
    outer loop
      vertex -50 37.5 3
      vertex -51 35.75 3
      vertex -49 35.75 3
    endloop
  endfacet
  facet normal -0 0 1
    outer loop
      vertex -51.1481 37.2716 3
      vertex -51 35.75 3
      vertex -50.7765 37.3978 3
    endloop
  endfacet
  facet normal -0 0 1
    outer loop
      vertex -51.5 37.0981 3
      vertex -51 35.75 3
      vertex -51.1481 37.2716 3
    endloop
  endfacet
  facet normal 0 0 1
    outer loop
      vertex -51 35.75 3
      vertex -51.5 37.0981 3
      vertex -51.2284 35.735 3
    endloop
  endfacet
  facet normal -0 0 1
    outer loop
      vertex -51.8263 36.8801 3
      vertex -51.2284 35.735 3
      vertex -51.5 37.0981 3
    endloop
  endfacet
  facet normal 0 0 1
    outer loop
      vertex -51.2284 35.735 3
      vertex -51.8263 36.8801 3
      vertex -51.4529 35.6904 3
    endloop
  endfacet
  facet normal -0 0 1
    outer loop
      vertex -52.1213 36.6213 3
      vertex -51.4529 35.6904 3
      vertex -51.8263 36.8801 3
    endloop
  endfacet
  facet normal 0 0 1
    outer loop
      vertex -51.4529 35.6904 3
      vertex -52.1213 36.6213 3
      vertex -51.6697 35.6168 3
    endloop
  endfacet
  facet normal -0 0 1
    outer loop
      vertex -52.3801 36.3263 3
      vertex -51.6697 35.6168 3
      vertex -52.1213 36.6213 3
    endloop
  endfacet
  facet normal 0 0 1
    outer loop
      vertex -51.6697 35.6168 3
      vertex -52.3801 36.3263 3
      vertex -51.875 35.5155 3
    endloop
  endfacet
  facet normal -0 0 1
    outer loop
      vertex -52.5981 36 3
      vertex -51.875 35.5155 3
      vertex -52.3801 36.3263 3
    endloop
  endfacet
  facet normal 0 0 1
    outer loop
      vertex -51.875 35.5155 3
      vertex -52.5981 36 3
      vertex -52.0653 35.3884 3
    endloop
  endfacet
  facet normal -0 0 1
    outer loop
      vertex -52.7716 35.6481 3
      vertex -52.0653 35.3884 3
      vertex -52.5981 36 3
    endloop
  endfacet
  facet normal 0 0 1
    outer loop
      vertex -52.0653 35.3884 3
      vertex -52.7716 35.6481 3
      vertex -52.2374 35.2374 3
    endloop
  endfacet
  facet normal 0 0 1
    outer loop
      vertex -52.2374 35.2374 3
      vertex -52.7716 35.6481 3
      vertex -52.3884 35.0653 3
    endloop
  endfacet
  facet normal -0 0 1
    outer loop
      vertex -52.8978 35.2765 3
      vertex -52.3884 35.0653 3
      vertex -52.7716 35.6481 3
    endloop
  endfacet
  facet normal 0 0 1
    outer loop
      vertex -52.3884 35.0653 3
      vertex -52.8978 35.2765 3
      vertex -52.5155 34.875 3
    endloop
  endfacet
  facet normal -0 0 1
    outer loop
      vertex -52.9743 34.8916 3
      vertex -52.5155 34.875 3
      vertex -52.8978 35.2765 3
    endloop
  endfacet
  facet normal 0 0 1
    outer loop
      vertex -52.6168 34.6697 3
      vertex -53 34.5 3
      vertex -52.6904 34.4529 3
    endloop
  endfacet
  facet normal 0 0 1
    outer loop
      vertex -53 34.5 3
      vertex -52.6168 34.6697 3
      vertex -52.9743 34.8916 3
    endloop
  endfacet
  facet normal 0 0 1
    outer loop
      vertex -52.5155 34.875 3
      vertex -52.9743 34.8916 3
      vertex -52.6168 34.6697 3
    endloop
  endfacet
  facet normal 0 0 1
    outer loop
      vertex 52.6168 -34.6697 3
      vertex 53 -34.5 3
      vertex 52.6904 -34.4529 3
    endloop
  endfacet
  facet normal 0 0 1
    outer loop
      vertex 53 -34.5 3
      vertex 52.6168 -34.6697 3
      vertex 52.9743 -34.8916 3
    endloop
  endfacet
  facet normal -0 0 1
    outer loop
      vertex 52.5155 -34.875 3
      vertex 52.9743 -34.8916 3
      vertex 52.6168 -34.6697 3
    endloop
  endfacet
  facet normal 0 0 1
    outer loop
      vertex 52.9743 -34.8916 3
      vertex 52.5155 -34.875 3
      vertex 52.8978 -35.2765 3
    endloop
  endfacet
  facet normal -0 0 1
    outer loop
      vertex 52.3884 -35.0653 3
      vertex 52.8978 -35.2765 3
      vertex 52.5155 -34.875 3
    endloop
  endfacet
  facet normal 0 0 1
    outer loop
      vertex 52.8978 -35.2765 3
      vertex 52.3884 -35.0653 3
      vertex 52.7716 -35.6481 3
    endloop
  endfacet
  facet normal -0 0 1
    outer loop
      vertex 52.2374 -35.2374 3
      vertex 52.7716 -35.6481 3
      vertex 52.3884 -35.0653 3
    endloop
  endfacet
  facet normal -0 0 1
    outer loop
      vertex 52.0653 -35.3884 3
      vertex 52.7716 -35.6481 3
      vertex 52.2374 -35.2374 3
    endloop
  endfacet
  facet normal 0 0 1
    outer loop
      vertex 52.7716 -35.6481 3
      vertex 52.0653 -35.3884 3
      vertex 52.5981 -36 3
    endloop
  endfacet
  facet normal -0 0 1
    outer loop
      vertex 51.875 -35.5155 3
      vertex 52.5981 -36 3
      vertex 52.0653 -35.3884 3
    endloop
  endfacet
  facet normal 0 0 1
    outer loop
      vertex 52.5981 -36 3
      vertex 51.875 -35.5155 3
      vertex 52.3801 -36.3263 3
    endloop
  endfacet
  facet normal -0 0 1
    outer loop
      vertex 51.6697 -35.6168 3
      vertex 52.3801 -36.3263 3
      vertex 51.875 -35.5155 3
    endloop
  endfacet
  facet normal 0 0 1
    outer loop
      vertex 52.3801 -36.3263 3
      vertex 51.6697 -35.6168 3
      vertex 52.1213 -36.6213 3
    endloop
  endfacet
  facet normal -0 0 1
    outer loop
      vertex 51.4529 -35.6904 3
      vertex 52.1213 -36.6213 3
      vertex 51.6697 -35.6168 3
    endloop
  endfacet
  facet normal 0 0 1
    outer loop
      vertex 52.1213 -36.6213 3
      vertex 51.4529 -35.6904 3
      vertex 51.8263 -36.8801 3
    endloop
  endfacet
  facet normal -0 0 1
    outer loop
      vertex 51.2284 -35.735 3
      vertex 51.8263 -36.8801 3
      vertex 51.4529 -35.6904 3
    endloop
  endfacet
  facet normal 0 0 1
    outer loop
      vertex 51.8263 -36.8801 3
      vertex 51.2284 -35.735 3
      vertex 51.5 -37.0981 3
    endloop
  endfacet
  facet normal -0 0 1
    outer loop
      vertex 51 -35.75 3
      vertex 51.5 -37.0981 3
      vertex 51.2284 -35.735 3
    endloop
  endfacet
  facet normal 0 0 1
    outer loop
      vertex 51.5 -37.0981 3
      vertex 51 -35.75 3
      vertex 51.1481 -37.2716 3
    endloop
  endfacet
  facet normal 0 0 1
    outer loop
      vertex 51 -35.75 3
      vertex 50.7765 -37.3978 3
      vertex 51.1481 -37.2716 3
    endloop
  endfacet
  facet normal 0 0 1
    outer loop
      vertex 51 -35.75 3
      vertex 50.3916 -37.4743 3
      vertex 50.7765 -37.3978 3
    endloop
  endfacet
  facet normal 0 0 1
    outer loop
      vertex 51 -35.75 3
      vertex 50 -37.5 3
      vertex 50.3916 -37.4743 3
    endloop
  endfacet
  facet normal -0 0 1
    outer loop
      vertex 49 -35.75 3
      vertex 50 -37.5 3
      vertex 51 -35.75 3
    endloop
  endfacet
  facet normal 0 0 1
    outer loop
      vertex 48.7716 -35.735 3
      vertex 50 -37.5 3
      vertex 49 -35.75 3
    endloop
  endfacet
  facet normal 0 0 1
    outer loop
      vertex 48.5471 -35.6904 3
      vertex 50 -37.5 3
      vertex 48.7716 -35.735 3
    endloop
  endfacet
  facet normal 0 0 1
    outer loop
      vertex 48.3303 -35.6168 3
      vertex 50 -37.5 3
      vertex 48.5471 -35.6904 3
    endloop
  endfacet
  facet normal 0 0 1
    outer loop
      vertex 48.125 -35.5155 3
      vertex 50 -37.5 3
      vertex 48.3303 -35.6168 3
    endloop
  endfacet
  facet normal 0 0 1
    outer loop
      vertex 47.9347 -35.3884 3
      vertex 50 -37.5 3
      vertex 48.125 -35.5155 3
    endloop
  endfacet
  facet normal 0 0 1
    outer loop
      vertex 37.1 -34 3
      vertex 47.9347 -35.3884 3
      vertex 47.7626 -35.2374 3
    endloop
  endfacet
  facet normal 0 0 1
    outer loop
      vertex 47.3832 -33.3303 3
      vertex 37.1 -34 3
      vertex 47.3096 -33.5471 3
    endloop
  endfacet
  facet normal 0 0 1
    outer loop
      vertex 47.3096 -33.5471 3
      vertex 37.1 -34 3
      vertex 47.265 -33.7716 3
    endloop
  endfacet
  facet normal 0 0 1
    outer loop
      vertex 47.265 -33.7716 3
      vertex 37.1 -34 3
      vertex 47.25 -34 3
    endloop
  endfacet
  facet normal 0 0 1
    outer loop
      vertex 47.25 -34 3
      vertex 37.1 -34 3
      vertex 47.265 -34.2284 3
    endloop
  endfacet
  facet normal 0 0 1
    outer loop
      vertex 47.265 -34.2284 3
      vertex 37.1 -34 3
      vertex 47.3096 -34.4529 3
    endloop
  endfacet
  facet normal 0 0 1
    outer loop
      vertex 37.1 -34 3
      vertex 47.3832 -34.6697 3
      vertex 47.3096 -34.4529 3
    endloop
  endfacet
  facet normal 0 0 1
    outer loop
      vertex 37.1 -34 3
      vertex 47.4845 -34.875 3
      vertex 47.3832 -34.6697 3
    endloop
  endfacet
  facet normal 0 0 1
    outer loop
      vertex 37.1 -34 3
      vertex 47.6116 -35.0653 3
      vertex 47.4845 -34.875 3
    endloop
  endfacet
  facet normal 0 0 1
    outer loop
      vertex 37.1 -34 3
      vertex 47.7626 -35.2374 3
      vertex 47.6116 -35.0653 3
    endloop
  endfacet
  facet normal 0 0 1
    outer loop
      vertex 47.9347 -35.3884 3
      vertex 37.1 -34 3
      vertex 50 -37.5 3
    endloop
  endfacet
  facet normal 0 0 1
    outer loop
      vertex 25.7654 -36.3478 3
      vertex 37.1 -34 3
      vertex 34.9 -34 3
    endloop
  endfacet
  facet normal 0 0 1
    outer loop
      vertex 26.9829 -11.7611 3
      vertex 34.9 -3 3
      vertex 27 -11.5 3
    endloop
  endfacet
  facet normal 0 0 1
    outer loop
      vertex 26.9319 -12.0176 3
      vertex 34.9 -3 3
      vertex 26.9829 -11.7611 3
    endloop
  endfacet
  facet normal 0 0 1
    outer loop
      vertex 27 -34.5 3
      vertex 34.9 -34 3
      vertex 27 -25.5 3
    endloop
  endfacet
  facet normal 0 0 1
    outer loop
      vertex 26.9829 -34.7611 3
      vertex 34.9 -34 3
      vertex 27 -34.5 3
    endloop
  endfacet
  facet normal 0 0 1
    outer loop
      vertex 26.9319 -35.0176 3
      vertex 34.9 -34 3
      vertex 26.9829 -34.7611 3
    endloop
  endfacet
  facet normal 0 0 1
    outer loop
      vertex 26.8478 -35.2654 3
      vertex 34.9 -34 3
      vertex 26.9319 -35.0176 3
    endloop
  endfacet
  facet normal 0 0 1
    outer loop
      vertex 26.732 -35.5 3
      vertex 34.9 -34 3
      vertex 26.8478 -35.2654 3
    endloop
  endfacet
  facet normal 0 0 1
    outer loop
      vertex 26.5867 -35.7175 3
      vertex 34.9 -34 3
      vertex 26.732 -35.5 3
    endloop
  endfacet
  facet normal 0 0 1
    outer loop
      vertex 26.4142 -35.9142 3
      vertex 34.9 -34 3
      vertex 26.5867 -35.7175 3
    endloop
  endfacet
  facet normal 0 0 1
    outer loop
      vertex 26.2175 -36.0867 3
      vertex 34.9 -34 3
      vertex 26.4142 -35.9142 3
    endloop
  endfacet
  facet normal 0 0 1
    outer loop
      vertex 26 -36.232 3
      vertex 34.9 -34 3
      vertex 26.2175 -36.0867 3
    endloop
  endfacet
  facet normal 0 0 1
    outer loop
      vertex 25.7654 -36.3478 3
      vertex 34.9 -34 3
      vertex 26 -36.232 3
    endloop
  endfacet
  facet normal 0 0 1
    outer loop
      vertex 37.1 -34 3
      vertex 25.7654 -36.3478 3
      vertex 50 -37.5 3
    endloop
  endfacet
  facet normal -0 0 1
    outer loop
      vertex 25.5176 -36.4319 3
      vertex 50 -37.5 3
      vertex 25.7654 -36.3478 3
    endloop
  endfacet
  facet normal -0 0 1
    outer loop
      vertex 25.2611 -36.4829 3
      vertex 50 -37.5 3
      vertex 25.5176 -36.4319 3
    endloop
  endfacet
  facet normal -0 0 1
    outer loop
      vertex 25 -36.5 3
      vertex 50 -37.5 3
      vertex 25.2611 -36.4829 3
    endloop
  endfacet
  facet normal -0 0 1
    outer loop
      vertex 22.4148 -19.147 3
      vertex 23 -25.5 3
      vertex 22.4786 -18.8263 3
    endloop
  endfacet
  facet normal -0 0 1
    outer loop
      vertex 22.3097 -19.4567 3
      vertex 23 -25.5 3
      vertex 22.4148 -19.147 3
    endloop
  endfacet
  facet normal -0 0 1
    outer loop
      vertex 22.1651 -19.75 3
      vertex 23 -25.5 3
      vertex 22.3097 -19.4567 3
    endloop
  endfacet
  facet normal -0 0 1
    outer loop
      vertex 21.9834 -20.0219 3
      vertex 23 -25.5 3
      vertex 22.1651 -19.75 3
    endloop
  endfacet
  facet normal -0 0 1
    outer loop
      vertex 21.7678 -20.2678 3
      vertex 23 -25.5 3
      vertex 21.9834 -20.0219 3
    endloop
  endfacet
  facet normal -0 0 1
    outer loop
      vertex 21.5219 -20.4834 3
      vertex 23 -25.5 3
      vertex 21.7678 -20.2678 3
    endloop
  endfacet
  facet normal -0 0 1
    outer loop
      vertex 21.25 -20.6651 3
      vertex 23 -25.5 3
      vertex 21.5219 -20.4834 3
    endloop
  endfacet
  facet normal -0 0 1
    outer loop
      vertex 20.9567 -20.8097 3
      vertex 23 -25.5 3
      vertex 21.25 -20.6651 3
    endloop
  endfacet
  facet normal -0 0 1
    outer loop
      vertex 20.647 -20.9148 3
      vertex 23 -25.5 3
      vertex 20.9567 -20.8097 3
    endloop
  endfacet
  facet normal -0 0 1
    outer loop
      vertex 20.3263 -20.9786 3
      vertex 23 -25.5 3
      vertex 20.647 -20.9148 3
    endloop
  endfacet
  facet normal -0 0 1
    outer loop
      vertex 20 -21 3
      vertex 23 -25.5 3
      vertex 20.3263 -20.9786 3
    endloop
  endfacet
  facet normal 0 0 1
    outer loop
      vertex 23 -25.5 3
      vertex 20 -21 3
      vertex 23 -34.5 3
    endloop
  endfacet
  facet normal -0 0 1
    outer loop
      vertex -20 -21 3
      vertex 23 -34.5 3
      vertex 20 -21 3
    endloop
  endfacet
  facet normal 0 0 1
    outer loop
      vertex -23 -34.5 3
      vertex 23 -34.5 3
      vertex -20 -21 3
    endloop
  endfacet
  facet normal 0 0 1
    outer loop
      vertex 23 -34.5 3
      vertex -23 -34.5 3
      vertex 23.0171 -34.7611 3
    endloop
  endfacet
  facet normal 0 0 1
    outer loop
      vertex -23.0171 -34.7611 3
      vertex 23.0171 -34.7611 3
      vertex -23 -34.5 3
    endloop
  endfacet
  facet normal 0 0 1
    outer loop
      vertex 23.0171 -34.7611 3
      vertex -23.0171 -34.7611 3
      vertex 23.0681 -35.0176 3
    endloop
  endfacet
  facet normal 0 0 1
    outer loop
      vertex -23.0681 -35.0176 3
      vertex 23.0681 -35.0176 3
      vertex -23.0171 -34.7611 3
    endloop
  endfacet
  facet normal 0 0 1
    outer loop
      vertex 23.0681 -35.0176 3
      vertex -23.0681 -35.0176 3
      vertex 23.1522 -35.2654 3
    endloop
  endfacet
  facet normal 0 0 1
    outer loop
      vertex -23.1522 -35.2654 3
      vertex 23.1522 -35.2654 3
      vertex -23.0681 -35.0176 3
    endloop
  endfacet
  facet normal 0 0 1
    outer loop
      vertex 23.1522 -35.2654 3
      vertex -23.1522 -35.2654 3
      vertex 23.2679 -35.5 3
    endloop
  endfacet
  facet normal 0 0 1
    outer loop
      vertex -23.2679 -35.5 3
      vertex 23.2679 -35.5 3
      vertex -23.1522 -35.2654 3
    endloop
  endfacet
  facet normal 0 0 1
    outer loop
      vertex -23 -25.5 3
      vertex -20 -21 3
      vertex -20.3263 -20.9786 3
    endloop
  endfacet
  facet normal 0 0 1
    outer loop
      vertex -23 -25.5 3
      vertex -20.3263 -20.9786 3
      vertex -20.647 -20.9148 3
    endloop
  endfacet
  facet normal 0 0 1
    outer loop
      vertex -23 -25.5 3
      vertex -20.647 -20.9148 3
      vertex -20.9567 -20.8097 3
    endloop
  endfacet
  facet normal 0 0 1
    outer loop
      vertex -21.25 -16.3349 3
      vertex -23.7825 -13.0867 3
      vertex -21.5219 -16.5166 3
    endloop
  endfacet
  facet normal -0 0 1
    outer loop
      vertex -24 -13.232 3
      vertex -21.5219 -16.5166 3
      vertex -23.7825 -13.0867 3
    endloop
  endfacet
  facet normal 0 0 1
    outer loop
      vertex -22.5 -18.5 3
      vertex -23 -25.5 3
      vertex -22.4786 -18.8263 3
    endloop
  endfacet
  facet normal 0 0 1
    outer loop
      vertex -23 -25.5 3
      vertex -22.4148 -19.147 3
      vertex -22.4786 -18.8263 3
    endloop
  endfacet
  facet normal 0 0 1
    outer loop
      vertex -23 -25.5 3
      vertex -22.3097 -19.4567 3
      vertex -22.4148 -19.147 3
    endloop
  endfacet
  facet normal 0 0 1
    outer loop
      vertex -23 -25.5 3
      vertex -22.1651 -19.75 3
      vertex -22.3097 -19.4567 3
    endloop
  endfacet
  facet normal 0 0 1
    outer loop
      vertex -23 -25.5 3
      vertex -21.9834 -20.0219 3
      vertex -22.1651 -19.75 3
    endloop
  endfacet
  facet normal 0 0 1
    outer loop
      vertex -23 -25.5 3
      vertex -21.7678 -20.2678 3
      vertex -21.9834 -20.0219 3
    endloop
  endfacet
  facet normal 0 0 1
    outer loop
      vertex -23 -25.5 3
      vertex -21.5219 -20.4834 3
      vertex -21.7678 -20.2678 3
    endloop
  endfacet
  facet normal 0 0 1
    outer loop
      vertex -23 -25.5 3
      vertex -21.25 -20.6651 3
      vertex -21.5219 -20.4834 3
    endloop
  endfacet
  facet normal 0 0 1
    outer loop
      vertex -23 -25.5 3
      vertex -20.9567 -20.8097 3
      vertex -21.25 -20.6651 3
    endloop
  endfacet
  facet normal 0 0 1
    outer loop
      vertex -20 -21 3
      vertex -23 -25.5 3
      vertex -23 -34.5 3
    endloop
  endfacet
  facet normal 0 0 1
    outer loop
      vertex 23.2679 -35.5 3
      vertex -23.2679 -35.5 3
      vertex 23.4133 -35.7175 3
    endloop
  endfacet
  facet normal 0 0 1
    outer loop
      vertex -23.4133 -35.7175 3
      vertex 23.4133 -35.7175 3
      vertex -23.2679 -35.5 3
    endloop
  endfacet
  facet normal 0 0 1
    outer loop
      vertex 23.4133 -35.7175 3
      vertex -23.4133 -35.7175 3
      vertex 23.5858 -35.9142 3
    endloop
  endfacet
  facet normal 0 0 1
    outer loop
      vertex -23.5858 -35.9142 3
      vertex 23.5858 -35.9142 3
      vertex -23.4133 -35.7175 3
    endloop
  endfacet
  facet normal 0 0 1
    outer loop
      vertex 23.5858 -35.9142 3
      vertex -23.5858 -35.9142 3
      vertex 23.7825 -36.0867 3
    endloop
  endfacet
  facet normal 0 0 1
    outer loop
      vertex -23.7825 -36.0867 3
      vertex 23.7825 -36.0867 3
      vertex -23.5858 -35.9142 3
    endloop
  endfacet
  facet normal 0 0 1
    outer loop
      vertex 23.7825 -36.0867 3
      vertex -23.7825 -36.0867 3
      vertex 24 -36.232 3
    endloop
  endfacet
  facet normal 0 0 1
    outer loop
      vertex -24 -36.232 3
      vertex 24 -36.232 3
      vertex -23.7825 -36.0867 3
    endloop
  endfacet
  facet normal 0 0 1
    outer loop
      vertex 24 -36.232 3
      vertex -24 -36.232 3
      vertex 24.2346 -36.3478 3
    endloop
  endfacet
  facet normal 0 0 1
    outer loop
      vertex -24.2346 -36.3478 3
      vertex 24.2346 -36.3478 3
      vertex -24 -36.232 3
    endloop
  endfacet
  facet normal 0 0 1
    outer loop
      vertex 24.2346 -36.3478 3
      vertex -24.2346 -36.3478 3
      vertex 24.4824 -36.4319 3
    endloop
  endfacet
  facet normal 0 0 1
    outer loop
      vertex -24.4824 -36.4319 3
      vertex 24.4824 -36.4319 3
      vertex -24.2346 -36.3478 3
    endloop
  endfacet
  facet normal 0 0 1
    outer loop
      vertex 24.4824 -36.4319 3
      vertex -24.4824 -36.4319 3
      vertex 24.7389 -36.4829 3
    endloop
  endfacet
  facet normal 0 0 1
    outer loop
      vertex -24.7389 -36.4829 3
      vertex 24.7389 -36.4829 3
      vertex -24.4824 -36.4319 3
    endloop
  endfacet
  facet normal 0 0 1
    outer loop
      vertex 24.7389 -36.4829 3
      vertex -24.7389 -36.4829 3
      vertex 25 -36.5 3
    endloop
  endfacet
  facet normal 0 0 1
    outer loop
      vertex -25 -36.5 3
      vertex 25 -36.5 3
      vertex -24.7389 -36.4829 3
    endloop
  endfacet
  facet normal 0 0 1
    outer loop
      vertex 25 -36.5 3
      vertex -25 -36.5 3
      vertex 50 -37.5 3
    endloop
  endfacet
  facet normal 0 0 1
    outer loop
      vertex -27 -25.5 3
      vertex -34.9 -34 3
      vertex -27 -34.5 3
    endloop
  endfacet
  facet normal 0 0 1
    outer loop
      vertex -27 -34.5 3
      vertex -34.9 -34 3
      vertex -26.9829 -34.7611 3
    endloop
  endfacet
  facet normal 0 0 1
    outer loop
      vertex -26.9829 -34.7611 3
      vertex -34.9 -34 3
      vertex -26.9319 -35.0176 3
    endloop
  endfacet
  facet normal 0 0 1
    outer loop
      vertex -34.9 -34 3
      vertex -26.8478 -35.2654 3
      vertex -26.9319 -35.0176 3
    endloop
  endfacet
  facet normal 0 0 1
    outer loop
      vertex -34.9 -34 3
      vertex -26.732 -35.5 3
      vertex -26.8478 -35.2654 3
    endloop
  endfacet
  facet normal 0 0 1
    outer loop
      vertex -34.9 -34 3
      vertex -26.5867 -35.7175 3
      vertex -26.732 -35.5 3
    endloop
  endfacet
  facet normal 0 0 1
    outer loop
      vertex -34.9 -34 3
      vertex -26.4142 -35.9142 3
      vertex -26.5867 -35.7175 3
    endloop
  endfacet
  facet normal 0 0 1
    outer loop
      vertex -34.9 -34 3
      vertex -26.2175 -36.0867 3
      vertex -26.4142 -35.9142 3
    endloop
  endfacet
  facet normal 0 0 1
    outer loop
      vertex -34.9 -34 3
      vertex -26 -36.232 3
      vertex -26.2175 -36.0867 3
    endloop
  endfacet
  facet normal 0 0 1
    outer loop
      vertex -34.9 -34 3
      vertex -25.7654 -36.3478 3
      vertex -26 -36.232 3
    endloop
  endfacet
  facet normal -0 0 1
    outer loop
      vertex -37.1 -34 3
      vertex -25.7654 -36.3478 3
      vertex -34.9 -34 3
    endloop
  endfacet
  facet normal 0 0 1
    outer loop
      vertex -50 -37.5 3
      vertex -25.7654 -36.3478 3
      vertex -37.1 -34 3
    endloop
  endfacet
  facet normal 0 0 1
    outer loop
      vertex -37.1 -3 3
      vertex -47.25 -34 3
      vertex -37.1 -34 3
    endloop
  endfacet
  facet normal 0 0 1
    outer loop
      vertex -47.265 -34.2284 3
      vertex -37.1 -34 3
      vertex -47.25 -34 3
    endloop
  endfacet
  facet normal 0 0 1
    outer loop
      vertex -47.3096 -34.4529 3
      vertex -37.1 -34 3
      vertex -47.265 -34.2284 3
    endloop
  endfacet
  facet normal 0 0 1
    outer loop
      vertex -47.3832 -34.6697 3
      vertex -37.1 -34 3
      vertex -47.3096 -34.4529 3
    endloop
  endfacet
  facet normal 0 0 1
    outer loop
      vertex -47.4845 -34.875 3
      vertex -37.1 -34 3
      vertex -47.3832 -34.6697 3
    endloop
  endfacet
  facet normal 0 0 1
    outer loop
      vertex -47.6116 -35.0653 3
      vertex -37.1 -34 3
      vertex -47.4845 -34.875 3
    endloop
  endfacet
  facet normal 0 0 1
    outer loop
      vertex -47.7626 -35.2374 3
      vertex -37.1 -34 3
      vertex -47.6116 -35.0653 3
    endloop
  endfacet
  facet normal 0 0 1
    outer loop
      vertex -47.9347 -35.3884 3
      vertex -37.1 -34 3
      vertex -47.7626 -35.2374 3
    endloop
  endfacet
  facet normal 0 0 1
    outer loop
      vertex -50 -37.5 3
      vertex -37.1 -34 3
      vertex -47.9347 -35.3884 3
    endloop
  endfacet
  facet normal 0 0 1
    outer loop
      vertex -25.7654 -36.3478 3
      vertex -50 -37.5 3
      vertex -25.5176 -36.4319 3
    endloop
  endfacet
  facet normal 0 0 1
    outer loop
      vertex -25.5176 -36.4319 3
      vertex -50 -37.5 3
      vertex -25.2611 -36.4829 3
    endloop
  endfacet
  facet normal 0 0 1
    outer loop
      vertex -50 -37.5 3
      vertex -47.9347 -35.3884 3
      vertex -48.125 -35.5155 3
    endloop
  endfacet
  facet normal 0 0 1
    outer loop
      vertex -50 -37.5 3
      vertex -48.125 -35.5155 3
      vertex -48.3303 -35.6168 3
    endloop
  endfacet
  facet normal 0 0 1
    outer loop
      vertex -50 -37.5 3
      vertex -48.3303 -35.6168 3
      vertex -48.5471 -35.6904 3
    endloop
  endfacet
  facet normal 0 0 1
    outer loop
      vertex -50 -37.5 3
      vertex -48.5471 -35.6904 3
      vertex -48.7716 -35.735 3
    endloop
  endfacet
  facet normal 0 0 1
    outer loop
      vertex -50 -37.5 3
      vertex -48.7716 -35.735 3
      vertex -49 -35.75 3
    endloop
  endfacet
  facet normal 0 0 1
    outer loop
      vertex -25 -36.5 3
      vertex -50 -37.5 3
      vertex 50 -37.5 3
    endloop
  endfacet
  facet normal 0 0 1
    outer loop
      vertex -25.2611 -36.4829 3
      vertex -50 -37.5 3
      vertex -25 -36.5 3
    endloop
  endfacet
  facet normal -0 0 1
    outer loop
      vertex -51 -35.75 3
      vertex -50 -37.5 3
      vertex -49 -35.75 3
    endloop
  endfacet
  facet normal 0 0 1
    outer loop
      vertex -50 -37.5 3
      vertex -51 -35.75 3
      vertex -50.3916 -37.4743 3
    endloop
  endfacet
  facet normal 0 0 1
    outer loop
      vertex -50.3916 -37.4743 3
      vertex -51 -35.75 3
      vertex -50.7765 -37.3978 3
    endloop
  endfacet
  facet normal 0 0 1
    outer loop
      vertex -51 -35.75 3
      vertex -51.1481 -37.2716 3
      vertex -50.7765 -37.3978 3
    endloop
  endfacet
  facet normal 0 0 1
    outer loop
      vertex -51.5 -37.0981 3
      vertex -51 -35.75 3
      vertex -51.2284 -35.735 3
    endloop
  endfacet
  facet normal 0 0 1
    outer loop
      vertex -51.8263 -36.8801 3
      vertex -51.2284 -35.735 3
      vertex -51.4529 -35.6904 3
    endloop
  endfacet
  facet normal 0 0 1
    outer loop
      vertex -51 -35.75 3
      vertex -51.5 -37.0981 3
      vertex -51.1481 -37.2716 3
    endloop
  endfacet
  facet normal 0 0 1
    outer loop
      vertex -52.1213 -36.6213 3
      vertex -51.4529 -35.6904 3
      vertex -51.6697 -35.6168 3
    endloop
  endfacet
  facet normal 0 0 1
    outer loop
      vertex -51.2284 -35.735 3
      vertex -51.8263 -36.8801 3
      vertex -51.5 -37.0981 3
    endloop
  endfacet
  facet normal 0 0 1
    outer loop
      vertex -52.3801 -36.3263 3
      vertex -51.6697 -35.6168 3
      vertex -51.875 -35.5155 3
    endloop
  endfacet
  facet normal 0 0 1
    outer loop
      vertex -52.5981 -36 3
      vertex -51.875 -35.5155 3
      vertex -52.0653 -35.3884 3
    endloop
  endfacet
  facet normal 0 0 1
    outer loop
      vertex -51.4529 -35.6904 3
      vertex -52.1213 -36.6213 3
      vertex -51.8263 -36.8801 3
    endloop
  endfacet
  facet normal 0 0 1
    outer loop
      vertex -52.7716 -35.6481 3
      vertex -52.0653 -35.3884 3
      vertex -52.2374 -35.2374 3
    endloop
  endfacet
  facet normal 0 0 1
    outer loop
      vertex -51.6697 -35.6168 3
      vertex -52.3801 -36.3263 3
      vertex -52.1213 -36.6213 3
    endloop
  endfacet
  facet normal 0 0 1
    outer loop
      vertex -52.7716 -35.6481 3
      vertex -52.2374 -35.2374 3
      vertex -52.3884 -35.0653 3
    endloop
  endfacet
  facet normal 0 0 1
    outer loop
      vertex -52.8978 -35.2765 3
      vertex -52.3884 -35.0653 3
      vertex -52.5155 -34.875 3
    endloop
  endfacet
  facet normal 0 0 1
    outer loop
      vertex -51.875 -35.5155 3
      vertex -52.5981 -36 3
      vertex -52.3801 -36.3263 3
    endloop
  endfacet
  facet normal 0 0 1
    outer loop
      vertex -52.9743 -34.8916 3
      vertex -52.5155 -34.875 3
      vertex -52.6168 -34.6697 3
    endloop
  endfacet
  facet normal -0 0 1
    outer loop
      vertex -53 -34.5 3
      vertex -52.6168 -34.6697 3
      vertex -52.6904 -34.4529 3
    endloop
  endfacet
  facet normal 0 0 1
    outer loop
      vertex -53 -34.5 3
      vertex -52.6904 -34.4529 3
      vertex -52.735 -34.2284 3
    endloop
  endfacet
  facet normal 0 0 1
    outer loop
      vertex -52.0653 -35.3884 3
      vertex -52.7716 -35.6481 3
      vertex -52.5981 -36 3
    endloop
  endfacet
  facet normal 0 0 1
    outer loop
      vertex -53 -34.5 3
      vertex -52.735 -34.2284 3
      vertex -52.75 -34 3
    endloop
  endfacet
  facet normal 0 0 1
    outer loop
      vertex -52.6904 -33.5471 3
      vertex -53 -34.5 3
      vertex -52.735 -33.7716 3
    endloop
  endfacet
  facet normal 0 0 1
    outer loop
      vertex -52.6904 34.4529 3
      vertex -53 34.5 3
      vertex -52.735 34.2284 3
    endloop
  endfacet
  facet normal 0 0 1
    outer loop
      vertex -52.735 -33.7716 3
      vertex -53 -34.5 3
      vertex -52.75 -34 3
    endloop
  endfacet
  facet normal 0 0 1
    outer loop
      vertex -52.735 34.2284 3
      vertex -53 34.5 3
      vertex -52.75 34 3
    endloop
  endfacet
  facet normal 0 0 1
    outer loop
      vertex -52.6168 -34.6697 3
      vertex -53 -34.5 3
      vertex -52.9743 -34.8916 3
    endloop
  endfacet
  facet normal 0 0 1
    outer loop
      vertex -52.3884 -35.0653 3
      vertex -52.8978 -35.2765 3
      vertex -52.7716 -35.6481 3
    endloop
  endfacet
  facet normal 0 0 1
    outer loop
      vertex -52.5155 -34.875 3
      vertex -52.9743 -34.8916 3
      vertex -52.8978 -35.2765 3
    endloop
  endfacet
  facet normal 0 0 1
    outer loop
      vertex 37.1 2.5 3
      vertex 36.5 -1.1 3
      vertex 37.1 -3 3
    endloop
  endfacet
  facet normal 0 0 1
    outer loop
      vertex 36.5 -1.1 3
      vertex 34.9 -3 3
      vertex 37.1 -3 3
    endloop
  endfacet
  facet normal 0 0 1
    outer loop
      vertex 27 -11.5 3
      vertex 34.9 -3 3
      vertex 27 -2.5 3
    endloop
  endfacet
  facet normal -0 0 1
    outer loop
      vertex 26.732 -1.5 3
      vertex 34.9 -3 3
      vertex 36.5 -1.1 3
    endloop
  endfacet
  facet normal 0 0 1
    outer loop
      vertex 34.9 -3 3
      vertex 26.9829 -2.23895 3
      vertex 27 -2.5 3
    endloop
  endfacet
  facet normal 0 0 1
    outer loop
      vertex 34.9 -3 3
      vertex 26.9319 -1.98236 3
      vertex 26.9829 -2.23895 3
    endloop
  endfacet
  facet normal 0 0 1
    outer loop
      vertex 34.9 -3 3
      vertex 26.8478 -1.73463 3
      vertex 26.9319 -1.98236 3
    endloop
  endfacet
  facet normal 0 0 1
    outer loop
      vertex 34.9 -3 3
      vertex 26.732 -1.5 3
      vertex 26.8478 -1.73463 3
    endloop
  endfacet
  facet normal 0 0 1
    outer loop
      vertex 36.5 -1.1 3
      vertex 26.5867 -1.28248 3
      vertex 26.732 -1.5 3
    endloop
  endfacet
  facet normal 0 -0 1
    outer loop
      vertex 26.5867 -1.28248 3
      vertex 36.5 -1.1 3
      vertex 26.4267 -1.1 3
    endloop
  endfacet
  facet normal 0 0 1
    outer loop
      vertex 26.8478 24.7346 3
      vertex 34.9 34.5 3
      vertex 26.9319 24.9824 3
    endloop
  endfacet
  facet normal 0 0 1
    outer loop
      vertex 34.9 2.5 3
      vertex 26.9829 11.7611 3
      vertex 27 11.5 3
    endloop
  endfacet
  facet normal 0 0 1
    outer loop
      vertex 34.9 34.5 3
      vertex 26.8478 24.7346 3
      vertex 34.9 2.5 3
    endloop
  endfacet
  facet normal 0 0 1
    outer loop
      vertex 34.9 2.5 3
      vertex 26.9319 12.0176 3
      vertex 26.9829 11.7611 3
    endloop
  endfacet
  facet normal -0 0 1
    outer loop
      vertex 26.8478 12.2654 3
      vertex 34.9 2.5 3
      vertex 26.8478 24.7346 3
    endloop
  endfacet
  facet normal 0 0 1
    outer loop
      vertex 34.9 2.5 3
      vertex 26.8478 12.2654 3
      vertex 26.9319 12.0176 3
    endloop
  endfacet
  facet normal -0 0 1
    outer loop
      vertex 26.732 24.5 3
      vertex 26.8478 12.2654 3
      vertex 26.8478 24.7346 3
    endloop
  endfacet
  facet normal 0 0 1
    outer loop
      vertex 26.732 24.5 3
      vertex 26.732 12.5 3
      vertex 26.8478 12.2654 3
    endloop
  endfacet
  facet normal -0 0 1
    outer loop
      vertex 26.5867 24.2825 3
      vertex 26.732 12.5 3
      vertex 26.732 24.5 3
    endloop
  endfacet
  facet normal 0 0 1
    outer loop
      vertex 26.5867 24.2825 3
      vertex 26.5867 12.7175 3
      vertex 26.732 12.5 3
    endloop
  endfacet
  facet normal -0 0 1
    outer loop
      vertex 26.4142 24.0858 3
      vertex 26.5867 12.7175 3
      vertex 26.5867 24.2825 3
    endloop
  endfacet
  facet normal 0 0 1
    outer loop
      vertex 26.4142 24.0858 3
      vertex 26.4142 12.9142 3
      vertex 26.5867 12.7175 3
    endloop
  endfacet
  facet normal -0 0 1
    outer loop
      vertex 26.2175 23.9133 3
      vertex 26.4142 12.9142 3
      vertex 26.4142 24.0858 3
    endloop
  endfacet
  facet normal 0 0 1
    outer loop
      vertex 26.2175 23.9133 3
      vertex 26.2175 13.0867 3
      vertex 26.4142 12.9142 3
    endloop
  endfacet
  facet normal -0 0 1
    outer loop
      vertex 26 23.7679 3
      vertex 26.2175 13.0867 3
      vertex 26.2175 23.9133 3
    endloop
  endfacet
  facet normal 0 0 1
    outer loop
      vertex 26 23.7679 3
      vertex 26 13.232 3
      vertex 26.2175 13.0867 3
    endloop
  endfacet
  facet normal -0 0 1
    outer loop
      vertex 25.7654 23.6522 3
      vertex 26 13.232 3
      vertex 26 23.7679 3
    endloop
  endfacet
  facet normal 0 0 1
    outer loop
      vertex 25.7654 23.6522 3
      vertex 25.7654 13.3478 3
      vertex 26 13.232 3
    endloop
  endfacet
  facet normal -0 0 1
    outer loop
      vertex 25.5176 23.5681 3
      vertex 25.7654 13.3478 3
      vertex 25.7654 23.6522 3
    endloop
  endfacet
  facet normal 0 0 1
    outer loop
      vertex 25.5176 23.5681 3
      vertex 25.5176 13.4319 3
      vertex 25.7654 13.3478 3
    endloop
  endfacet
  facet normal -0 0 1
    outer loop
      vertex 25.2611 23.5171 3
      vertex 25.5176 13.4319 3
      vertex 25.5176 23.5681 3
    endloop
  endfacet
  facet normal 0 0 1
    outer loop
      vertex 25.2611 23.5171 3
      vertex 25.2611 13.4829 3
      vertex 25.5176 13.4319 3
    endloop
  endfacet
  facet normal -0 0 1
    outer loop
      vertex 25 23.5 3
      vertex 25.2611 13.4829 3
      vertex 25.2611 23.5171 3
    endloop
  endfacet
  facet normal 0 0 1
    outer loop
      vertex 25 23.5 3
      vertex 25 13.5 3
      vertex 25.2611 13.4829 3
    endloop
  endfacet
  facet normal 0 0 1
    outer loop
      vertex 24.7389 23.5171 3
      vertex 25 13.5 3
      vertex 25 23.5 3
    endloop
  endfacet
  facet normal 0 0 1
    outer loop
      vertex 24.7389 23.5171 3
      vertex 24.7389 13.4829 3
      vertex 25 13.5 3
    endloop
  endfacet
  facet normal 0 0 1
    outer loop
      vertex 24.4824 23.5681 3
      vertex 24.7389 13.4829 3
      vertex 24.7389 23.5171 3
    endloop
  endfacet
  facet normal 0 0 1
    outer loop
      vertex 24.4824 23.5681 3
      vertex 24.4824 13.4319 3
      vertex 24.7389 13.4829 3
    endloop
  endfacet
  facet normal 0 0 1
    outer loop
      vertex 24.2346 23.6522 3
      vertex 24.4824 13.4319 3
      vertex 24.4824 23.5681 3
    endloop
  endfacet
  facet normal 0 0 1
    outer loop
      vertex 24.2346 23.6522 3
      vertex 24.2346 13.3478 3
      vertex 24.4824 13.4319 3
    endloop
  endfacet
  facet normal 0 0 1
    outer loop
      vertex 24 23.7679 3
      vertex 24.2346 13.3478 3
      vertex 24.2346 23.6522 3
    endloop
  endfacet
  facet normal 0 0 1
    outer loop
      vertex 24 23.7679 3
      vertex 24 13.232 3
      vertex 24.2346 13.3478 3
    endloop
  endfacet
  facet normal 0 0 1
    outer loop
      vertex 23.7825 23.9133 3
      vertex 24 13.232 3
      vertex 24 23.7679 3
    endloop
  endfacet
  facet normal 0 0 1
    outer loop
      vertex 23.7825 23.9133 3
      vertex 23.7825 13.0867 3
      vertex 24 13.232 3
    endloop
  endfacet
  facet normal 0 0 1
    outer loop
      vertex 23.5858 24.0858 3
      vertex 23.7825 13.0867 3
      vertex 23.7825 23.9133 3
    endloop
  endfacet
  facet normal 0 0 1
    outer loop
      vertex 23.5858 24.0858 3
      vertex 23.5858 12.9142 3
      vertex 23.7825 13.0867 3
    endloop
  endfacet
  facet normal 0 0 1
    outer loop
      vertex 23.4133 24.2825 3
      vertex 23.5858 12.9142 3
      vertex 23.5858 24.0858 3
    endloop
  endfacet
  facet normal 0 0 1
    outer loop
      vertex 23.4133 24.2825 3
      vertex 23.4133 12.7175 3
      vertex 23.5858 12.9142 3
    endloop
  endfacet
  facet normal 0 0 1
    outer loop
      vertex 23.2679 24.5 3
      vertex 23.4133 12.7175 3
      vertex 23.4133 24.2825 3
    endloop
  endfacet
  facet normal 0 0 1
    outer loop
      vertex 23.2679 24.5 3
      vertex 23.2679 12.5 3
      vertex 23.4133 12.7175 3
    endloop
  endfacet
  facet normal 0 0 1
    outer loop
      vertex 23.1522 24.7346 3
      vertex 23.2679 12.5 3
      vertex 23.2679 24.5 3
    endloop
  endfacet
  facet normal 0 0 1
    outer loop
      vertex 23.1522 24.7346 3
      vertex 23.1522 12.2654 3
      vertex 23.2679 12.5 3
    endloop
  endfacet
  facet normal 0 0 1
    outer loop
      vertex 23.0681 24.9824 3
      vertex 23.1522 12.2654 3
      vertex 23.1522 24.7346 3
    endloop
  endfacet
  facet normal 0 0 1
    outer loop
      vertex 23.0681 24.9824 3
      vertex 23.0681 12.0176 3
      vertex 23.1522 12.2654 3
    endloop
  endfacet
  facet normal 0 0 1
    outer loop
      vertex 23.0171 25.2389 3
      vertex 23.0681 12.0176 3
      vertex 23.0681 24.9824 3
    endloop
  endfacet
  facet normal 0 0 1
    outer loop
      vertex 23.0171 25.2389 3
      vertex 23.0171 11.7611 3
      vertex 23.0681 12.0176 3
    endloop
  endfacet
  facet normal 0 0 1
    outer loop
      vertex 23 25.5 3
      vertex 23.0171 11.7611 3
      vertex 23.0171 25.2389 3
    endloop
  endfacet
  facet normal 0 0 1
    outer loop
      vertex 23.0171 11.7611 3
      vertex 23 25.5 3
      vertex 23 11.5 3
    endloop
  endfacet
  facet normal -0 0 1
    outer loop
      vertex 22.4148 17.853 3
      vertex 23 11.5 3
      vertex 22.4786 18.1737 3
    endloop
  endfacet
  facet normal -0 0 1
    outer loop
      vertex 22.3097 17.5433 3
      vertex 23 11.5 3
      vertex 22.4148 17.853 3
    endloop
  endfacet
  facet normal -0 0 1
    outer loop
      vertex 22.1651 17.25 3
      vertex 23 11.5 3
      vertex 22.3097 17.5433 3
    endloop
  endfacet
  facet normal -0 0 1
    outer loop
      vertex 21.9834 16.9781 3
      vertex 23 11.5 3
      vertex 22.1651 17.25 3
    endloop
  endfacet
  facet normal -0 0 1
    outer loop
      vertex 21.7678 16.7322 3
      vertex 23 11.5 3
      vertex 21.9834 16.9781 3
    endloop
  endfacet
  facet normal -0 0 1
    outer loop
      vertex 21.5219 16.5166 3
      vertex 23 11.5 3
      vertex 21.7678 16.7322 3
    endloop
  endfacet
  facet normal -0 0 1
    outer loop
      vertex 21.25 16.3349 3
      vertex 23 11.5 3
      vertex 21.5219 16.5166 3
    endloop
  endfacet
  facet normal -0 0 1
    outer loop
      vertex 20.9567 16.1903 3
      vertex 23 11.5 3
      vertex 21.25 16.3349 3
    endloop
  endfacet
  facet normal -0 0 1
    outer loop
      vertex 20.647 16.0852 3
      vertex 23 11.5 3
      vertex 20.9567 16.1903 3
    endloop
  endfacet
  facet normal -0 0 1
    outer loop
      vertex 20.3263 16.0214 3
      vertex 23 11.5 3
      vertex 20.647 16.0852 3
    endloop
  endfacet
  facet normal -0 0 1
    outer loop
      vertex 20 16 3
      vertex 23 11.5 3
      vertex 20.3263 16.0214 3
    endloop
  endfacet
  facet normal 0 0 1
    outer loop
      vertex 23 11.5 3
      vertex 20 16 3
      vertex 23 2.5 3
    endloop
  endfacet
  facet normal -0 0 1
    outer loop
      vertex -20 16 3
      vertex 23 2.5 3
      vertex 20 16 3
    endloop
  endfacet
  facet normal 0 0 1
    outer loop
      vertex -23 2.5 3
      vertex 23 2.5 3
      vertex -20 16 3
    endloop
  endfacet
  facet normal 0 0 1
    outer loop
      vertex 23 2.5 3
      vertex -23 2.5 3
      vertex 23.0171 2.23895 3
    endloop
  endfacet
  facet normal 0 0 1
    outer loop
      vertex -23.0171 2.23895 3
      vertex 23.0171 2.23895 3
      vertex -23 2.5 3
    endloop
  endfacet
  facet normal 0 0 1
    outer loop
      vertex 23.0171 2.23895 3
      vertex -23.0171 2.23895 3
      vertex 23.0681 1.98236 3
    endloop
  endfacet
  facet normal 0 0 1
    outer loop
      vertex -23.0681 1.98236 3
      vertex 23.0681 1.98236 3
      vertex -23.0171 2.23895 3
    endloop
  endfacet
  facet normal 0 0 1
    outer loop
      vertex 23.0681 1.98236 3
      vertex -23.0681 1.98236 3
      vertex 23.1522 1.73463 3
    endloop
  endfacet
  facet normal 0 0 1
    outer loop
      vertex -23.0171 11.7611 3
      vertex -20 16 3
      vertex -20.3263 16.0214 3
    endloop
  endfacet
  facet normal 0 0 1
    outer loop
      vertex -23.0171 11.7611 3
      vertex -20.3263 16.0214 3
      vertex -20.647 16.0852 3
    endloop
  endfacet
  facet normal 0 0 1
    outer loop
      vertex -21.25 20.6651 3
      vertex -23.7825 23.9133 3
      vertex -21.5219 20.4834 3
    endloop
  endfacet
  facet normal -0 0 1
    outer loop
      vertex -24 23.7679 3
      vertex -21.5219 20.4834 3
      vertex -23.7825 23.9133 3
    endloop
  endfacet
  facet normal 0 0 1
    outer loop
      vertex -21.5219 20.4834 3
      vertex -24 23.7679 3
      vertex -21.7678 20.2678 3
    endloop
  endfacet
  facet normal 0 0 1
    outer loop
      vertex -23.0171 11.7611 3
      vertex -22.4148 17.853 3
      vertex -22.4786 18.1737 3
    endloop
  endfacet
  facet normal 0 0 1
    outer loop
      vertex -23.0171 11.7611 3
      vertex -22.3097 17.5433 3
      vertex -22.4148 17.853 3
    endloop
  endfacet
  facet normal 0 0 1
    outer loop
      vertex -23.0171 11.7611 3
      vertex -22.1651 17.25 3
      vertex -22.3097 17.5433 3
    endloop
  endfacet
  facet normal 0 0 1
    outer loop
      vertex -23.0171 11.7611 3
      vertex -21.9834 16.9781 3
      vertex -22.1651 17.25 3
    endloop
  endfacet
  facet normal 0 0 1
    outer loop
      vertex -23.0171 11.7611 3
      vertex -21.7678 16.7322 3
      vertex -21.9834 16.9781 3
    endloop
  endfacet
  facet normal 0 0 1
    outer loop
      vertex -23.0171 11.7611 3
      vertex -21.5219 16.5166 3
      vertex -21.7678 16.7322 3
    endloop
  endfacet
  facet normal 0 0 1
    outer loop
      vertex -23.0171 11.7611 3
      vertex -21.25 16.3349 3
      vertex -21.5219 16.5166 3
    endloop
  endfacet
  facet normal 0 0 1
    outer loop
      vertex -23.0171 11.7611 3
      vertex -20.9567 16.1903 3
      vertex -21.25 16.3349 3
    endloop
  endfacet
  facet normal 0 0 1
    outer loop
      vertex -23.0171 11.7611 3
      vertex -20.647 16.0852 3
      vertex -20.9567 16.1903 3
    endloop
  endfacet
  facet normal 0 0 1
    outer loop
      vertex -20 16 3
      vertex -23 11.5 3
      vertex -23 2.5 3
    endloop
  endfacet
  facet normal 0 0 1
    outer loop
      vertex -23.1522 1.73463 3
      vertex 23.1522 1.73463 3
      vertex -23.0681 1.98236 3
    endloop
  endfacet
  facet normal 0 0 1
    outer loop
      vertex 23.1522 1.73463 3
      vertex -23.1522 1.73463 3
      vertex 23.2679 1.5 3
    endloop
  endfacet
  facet normal 0 0 1
    outer loop
      vertex -23.2679 1.5 3
      vertex 23.2679 1.5 3
      vertex -23.1522 1.73463 3
    endloop
  endfacet
  facet normal 0 0 1
    outer loop
      vertex 23.2679 1.5 3
      vertex -23.2679 1.5 3
      vertex 23.4133 1.28248 3
    endloop
  endfacet
  facet normal 0 0 1
    outer loop
      vertex -23.4133 1.28248 3
      vertex 23.4133 1.28248 3
      vertex -23.2679 1.5 3
    endloop
  endfacet
  facet normal 0 0 1
    outer loop
      vertex 23.4133 1.28248 3
      vertex -23.4133 1.28248 3
      vertex 23.5733 1.1 3
    endloop
  endfacet
  facet normal 0 0 1
    outer loop
      vertex 23.5733 1.1 3
      vertex -23.4133 1.28248 3
      vertex -23.5733 1.1 3
    endloop
  endfacet
  facet normal -0 0 1
    outer loop
      vertex -24.2346 23.6522 3
      vertex -21.7678 20.2678 3
      vertex -24 23.7679 3
    endloop
  endfacet
  facet normal 0 0 1
    outer loop
      vertex -20 16 3
      vertex -23.0171 11.7611 3
      vertex -23 11.5 3
    endloop
  endfacet
  facet normal 0 0 1
    outer loop
      vertex -21.7678 20.2678 3
      vertex -24.2346 23.6522 3
      vertex -21.9834 20.0219 3
    endloop
  endfacet
  facet normal 0 0 1
    outer loop
      vertex -22.4786 18.1737 3
      vertex -23.0681 12.0176 3
      vertex -23.0171 11.7611 3
    endloop
  endfacet
  facet normal -0 0 1
    outer loop
      vertex -24.4824 23.5681 3
      vertex -21.9834 20.0219 3
      vertex -24.2346 23.6522 3
    endloop
  endfacet
  facet normal 0 0 1
    outer loop
      vertex -22.4786 18.1737 3
      vertex -23.1522 12.2654 3
      vertex -23.0681 12.0176 3
    endloop
  endfacet
  facet normal 0 0 1
    outer loop
      vertex -21.9834 20.0219 3
      vertex -24.4824 23.5681 3
      vertex -22.1651 19.75 3
    endloop
  endfacet
  facet normal 0 0 1
    outer loop
      vertex -22.4786 18.1737 3
      vertex -23.2679 12.5 3
      vertex -23.1522 12.2654 3
    endloop
  endfacet
  facet normal -0 0 1
    outer loop
      vertex -24.7389 23.5171 3
      vertex -22.1651 19.75 3
      vertex -24.4824 23.5681 3
    endloop
  endfacet
  facet normal 0 0 1
    outer loop
      vertex -22.4786 18.1737 3
      vertex -23.4133 12.7175 3
      vertex -23.2679 12.5 3
    endloop
  endfacet
  facet normal 0 0 1
    outer loop
      vertex -22.1651 19.75 3
      vertex -24.7389 23.5171 3
      vertex -22.3097 19.4567 3
    endloop
  endfacet
  facet normal 0 0 1
    outer loop
      vertex -22.4786 18.1737 3
      vertex -23.5858 12.9142 3
      vertex -23.4133 12.7175 3
    endloop
  endfacet
  facet normal -0 0 1
    outer loop
      vertex -25 23.5 3
      vertex -22.3097 19.4567 3
      vertex -24.7389 23.5171 3
    endloop
  endfacet
  facet normal 0 0 1
    outer loop
      vertex -22.4786 18.1737 3
      vertex -23.7825 13.0867 3
      vertex -23.5858 12.9142 3
    endloop
  endfacet
  facet normal 0 0 1
    outer loop
      vertex -25.2611 23.5171 3
      vertex -22.3097 19.4567 3
      vertex -25 23.5 3
    endloop
  endfacet
  facet normal 0 0 1
    outer loop
      vertex -22.4786 18.1737 3
      vertex -24 13.232 3
      vertex -23.7825 13.0867 3
    endloop
  endfacet
  facet normal 0 0 1
    outer loop
      vertex -22.3097 19.4567 3
      vertex -25.2611 23.5171 3
      vertex -22.4148 19.147 3
    endloop
  endfacet
  facet normal 0 0 1
    outer loop
      vertex -22.4786 18.1737 3
      vertex -24.2346 13.3478 3
      vertex -24 13.232 3
    endloop
  endfacet
  facet normal 0 0 1
    outer loop
      vertex -25.5176 23.5681 3
      vertex -22.4148 19.147 3
      vertex -25.2611 23.5171 3
    endloop
  endfacet
  facet normal 0 0 1
    outer loop
      vertex -22.4786 18.1737 3
      vertex -24.4824 13.4319 3
      vertex -24.2346 13.3478 3
    endloop
  endfacet
  facet normal 0 0 1
    outer loop
      vertex -22.4148 19.147 3
      vertex -25.5176 23.5681 3
      vertex -22.4786 18.8263 3
    endloop
  endfacet
  facet normal 0 0 1
    outer loop
      vertex -22.4786 18.1737 3
      vertex -24.7389 13.4829 3
      vertex -24.4824 13.4319 3
    endloop
  endfacet
  facet normal 0 0 1
    outer loop
      vertex -25.7654 23.6522 3
      vertex -22.4786 18.8263 3
      vertex -25.5176 23.5681 3
    endloop
  endfacet
  facet normal 0 0 1
    outer loop
      vertex -22.4786 18.1737 3
      vertex -25 13.5 3
      vertex -24.7389 13.4829 3
    endloop
  endfacet
  facet normal 0 0 1
    outer loop
      vertex -22.4786 18.8263 3
      vertex -25.7654 23.6522 3
      vertex -22.5 18.5 3
    endloop
  endfacet
  facet normal 0 0 1
    outer loop
      vertex -22.4786 18.1737 3
      vertex -25.2611 13.4829 3
      vertex -25 13.5 3
    endloop
  endfacet
  facet normal 0 0 1
    outer loop
      vertex -25.7654 13.3478 3
      vertex -22.5 18.5 3
      vertex -25.7654 23.6522 3
    endloop
  endfacet
  facet normal 0 0 1
    outer loop
      vertex -22.4786 18.1737 3
      vertex -25.5176 13.4319 3
      vertex -25.2611 13.4829 3
    endloop
  endfacet
  facet normal 0 0 1
    outer loop
      vertex -22.5 18.5 3
      vertex -25.7654 13.3478 3
      vertex -22.4786 18.1737 3
    endloop
  endfacet
  facet normal 0 0 1
    outer loop
      vertex -22.4786 18.1737 3
      vertex -25.7654 13.3478 3
      vertex -25.5176 13.4319 3
    endloop
  endfacet
  facet normal 0 0 1
    outer loop
      vertex -26 23.7679 3
      vertex -25.7654 13.3478 3
      vertex -25.7654 23.6522 3
    endloop
  endfacet
  facet normal 0 0 1
    outer loop
      vertex -26 23.7679 3
      vertex -26 13.232 3
      vertex -25.7654 13.3478 3
    endloop
  endfacet
  facet normal 0 0 1
    outer loop
      vertex -26.2175 23.9133 3
      vertex -26 13.232 3
      vertex -26 23.7679 3
    endloop
  endfacet
  facet normal 0 0 1
    outer loop
      vertex -26.2175 23.9133 3
      vertex -26.2175 13.0867 3
      vertex -26 13.232 3
    endloop
  endfacet
  facet normal 0 0 1
    outer loop
      vertex -26.4142 24.0858 3
      vertex -26.2175 13.0867 3
      vertex -26.2175 23.9133 3
    endloop
  endfacet
  facet normal 0 0 1
    outer loop
      vertex -26.4142 24.0858 3
      vertex -26.4142 12.9142 3
      vertex -26.2175 13.0867 3
    endloop
  endfacet
  facet normal 0 0 1
    outer loop
      vertex -26.5867 24.2825 3
      vertex -26.4142 12.9142 3
      vertex -26.4142 24.0858 3
    endloop
  endfacet
  facet normal 0 0 1
    outer loop
      vertex -26.5867 24.2825 3
      vertex -26.5867 12.7175 3
      vertex -26.4142 12.9142 3
    endloop
  endfacet
  facet normal 0 0 1
    outer loop
      vertex -26.732 24.5 3
      vertex -26.5867 12.7175 3
      vertex -26.5867 24.2825 3
    endloop
  endfacet
  facet normal 0 0 1
    outer loop
      vertex -26.732 24.5 3
      vertex -26.732 12.5 3
      vertex -26.5867 12.7175 3
    endloop
  endfacet
  facet normal 0 0 1
    outer loop
      vertex -26.8478 24.7346 3
      vertex -26.732 12.5 3
      vertex -26.732 24.5 3
    endloop
  endfacet
  facet normal 0 0 1
    outer loop
      vertex -26.8478 24.7346 3
      vertex -26.8478 12.2654 3
      vertex -26.732 12.5 3
    endloop
  endfacet
  facet normal 0 0 1
    outer loop
      vertex -26.9319 24.9824 3
      vertex -26.8478 12.2654 3
      vertex -26.8478 24.7346 3
    endloop
  endfacet
  facet normal 0 0 1
    outer loop
      vertex -26.9319 24.9824 3
      vertex -26.9319 12.0176 3
      vertex -26.8478 12.2654 3
    endloop
  endfacet
  facet normal 0 0 1
    outer loop
      vertex -26.9829 25.2389 3
      vertex -26.9319 12.0176 3
      vertex -26.9319 24.9824 3
    endloop
  endfacet
  facet normal 0 0 1
    outer loop
      vertex -26.9829 25.2389 3
      vertex -26.9829 11.7611 3
      vertex -26.9319 12.0176 3
    endloop
  endfacet
  facet normal 0 0 1
    outer loop
      vertex -27 25.5 3
      vertex -26.9829 11.7611 3
      vertex -26.9829 25.2389 3
    endloop
  endfacet
  facet normal 0 0 1
    outer loop
      vertex -26.9829 11.7611 3
      vertex -27 25.5 3
      vertex -27 11.5 3
    endloop
  endfacet
  facet normal 0 0 1
    outer loop
      vertex -27 11.5 3
      vertex -34.9 2.5 3
      vertex -27 2.5 3
    endloop
  endfacet
  facet normal 0 0 1
    outer loop
      vertex -27 2.5 3
      vertex -34.9 2.5 3
      vertex -26.9829 2.23895 3
    endloop
  endfacet
  facet normal 0 0 1
    outer loop
      vertex -26.9829 2.23895 3
      vertex -34.9 2.5 3
      vertex -26.9319 1.98236 3
    endloop
  endfacet
  facet normal 0 0 1
    outer loop
      vertex -34.9 2.5 3
      vertex -26.8478 1.73463 3
      vertex -26.9319 1.98236 3
    endloop
  endfacet
  facet normal 0 0 1
    outer loop
      vertex -34.9 2.5 3
      vertex -26.732 1.5 3
      vertex -26.8478 1.73463 3
    endloop
  endfacet
  facet normal 0 0 1
    outer loop
      vertex -34.9 2.5 3
      vertex -26.5867 1.28248 3
      vertex -26.732 1.5 3
    endloop
  endfacet
  facet normal 0 0 1
    outer loop
      vertex -36.5 1.1 3
      vertex -26.5867 1.28248 3
      vertex -34.9 2.5 3
    endloop
  endfacet
  facet normal 0 0 1
    outer loop
      vertex -26.5867 1.28248 3
      vertex -36.5 1.1 3
      vertex -26.4267 1.1 3
    endloop
  endfacet
  facet normal 0 0 1
    outer loop
      vertex -36.5 1.1 3
      vertex -37.1 2.5 3
      vertex -36.5 -1.1 3
    endloop
  endfacet
  facet normal -0 0 1
    outer loop
      vertex -37.1 2.5 3
      vertex -36.5 1.1 3
      vertex -34.9 2.5 3
    endloop
  endfacet
  facet normal 0 0 -1
    outer loop
      vertex -23.5733 -1.1 3
      vertex -23.7825 -0.913293 3
      vertex -23.5858 -1.08579 3
    endloop
  endfacet
  facet normal 0 0 -1
    outer loop
      vertex -23.5733 -1.1 3
      vertex -24 -0.767949 3
      vertex -23.7825 -0.913293 3
    endloop
  endfacet
  facet normal 0 0 -1
    outer loop
      vertex -23.5733 -1.1 3
      vertex -24.2346 -0.652241 3
      vertex -24 -0.767949 3
    endloop
  endfacet
  facet normal 0 0 -1
    outer loop
      vertex -23.5733 -1.1 3
      vertex -24.4824 -0.568148 3
      vertex -24.2346 -0.652241 3
    endloop
  endfacet
  facet normal 0 0 -1
    outer loop
      vertex -23.5733 -1.1 3
      vertex -24.7389 -0.51711 3
      vertex -24.4824 -0.568148 3
    endloop
  endfacet
  facet normal 0 0 -1
    outer loop
      vertex -23.5733 -1.1 3
      vertex -25 -0.5 3
      vertex -24.7389 -0.51711 3
    endloop
  endfacet
  facet normal 0 0 -1
    outer loop
      vertex -23.5733 -1.1 3
      vertex -25.2611 -0.51711 3
      vertex -25 -0.5 3
    endloop
  endfacet
  facet normal 0 0 -1
    outer loop
      vertex -23.5733 -1.1 3
      vertex -25.5176 -0.568148 3
      vertex -25.2611 -0.51711 3
    endloop
  endfacet
  facet normal 0 0 -1
    outer loop
      vertex -23.5733 -1.1 3
      vertex -25.7654 -0.652241 3
      vertex -25.5176 -0.568148 3
    endloop
  endfacet
  facet normal 0 0 -1
    outer loop
      vertex -23.5733 -1.1 3
      vertex -26 -0.767949 3
      vertex -25.7654 -0.652241 3
    endloop
  endfacet
  facet normal 0 0 -1
    outer loop
      vertex -23.5733 -1.1 3
      vertex -26.2175 -0.913293 3
      vertex -26 -0.767949 3
    endloop
  endfacet
  facet normal 0 0 -1
    outer loop
      vertex -26.4267 -1.1 3
      vertex -26.2175 -0.913293 3
      vertex -23.5733 -1.1 3
    endloop
  endfacet
  facet normal 0 0 -1
    outer loop
      vertex -26.2175 -0.913293 3
      vertex -26.4267 -1.1 3
      vertex -26.4142 -1.08579 3
    endloop
  endfacet
  facet normal 0 0 -1
    outer loop
      vertex -23.7825 0.913293 3
      vertex -23.5733 1.1 3
      vertex -23.5858 1.08579 3
    endloop
  endfacet
  facet normal 0 0 -1
    outer loop
      vertex -24 0.767949 3
      vertex -23.5733 1.1 3
      vertex -23.7825 0.913293 3
    endloop
  endfacet
  facet normal 0 0 -1
    outer loop
      vertex -24.2346 0.652241 3
      vertex -23.5733 1.1 3
      vertex -24 0.767949 3
    endloop
  endfacet
  facet normal 0 0 -1
    outer loop
      vertex -24.4824 0.568148 3
      vertex -23.5733 1.1 3
      vertex -24.2346 0.652241 3
    endloop
  endfacet
  facet normal 0 0 -1
    outer loop
      vertex -24.7389 0.51711 3
      vertex -23.5733 1.1 3
      vertex -24.4824 0.568148 3
    endloop
  endfacet
  facet normal 0 0 -1
    outer loop
      vertex -25 0.5 3
      vertex -23.5733 1.1 3
      vertex -24.7389 0.51711 3
    endloop
  endfacet
  facet normal 0 0 -1
    outer loop
      vertex -25.2611 0.51711 3
      vertex -23.5733 1.1 3
      vertex -25 0.5 3
    endloop
  endfacet
  facet normal 0 0 -1
    outer loop
      vertex -25.5176 0.568148 3
      vertex -23.5733 1.1 3
      vertex -25.2611 0.51711 3
    endloop
  endfacet
  facet normal 0 0 -1
    outer loop
      vertex -25.7654 0.652241 3
      vertex -23.5733 1.1 3
      vertex -25.5176 0.568148 3
    endloop
  endfacet
  facet normal 0 0 -1
    outer loop
      vertex -26 0.767949 3
      vertex -23.5733 1.1 3
      vertex -25.7654 0.652241 3
    endloop
  endfacet
  facet normal 0 0 -1
    outer loop
      vertex -26.2175 0.913293 3
      vertex -23.5733 1.1 3
      vertex -26 0.767949 3
    endloop
  endfacet
  facet normal 0 0 -1
    outer loop
      vertex -26.4267 1.1 3
      vertex -26.2175 0.913293 3
      vertex -26.4142 1.08579 3
    endloop
  endfacet
  facet normal 0 0 -1
    outer loop
      vertex -26.2175 0.913293 3
      vertex -26.4267 1.1 3
      vertex -23.5733 1.1 3
    endloop
  endfacet
  facet normal 0 0 -1
    outer loop
      vertex 26.2175 0.913293 3
      vertex 26.4267 1.1 3
      vertex 26.4142 1.08579 3
    endloop
  endfacet
  facet normal 0 0 -1
    outer loop
      vertex 26 0.767949 3
      vertex 26.4267 1.1 3
      vertex 26.2175 0.913293 3
    endloop
  endfacet
  facet normal 0 0 -1
    outer loop
      vertex 25.7654 0.652241 3
      vertex 26.4267 1.1 3
      vertex 26 0.767949 3
    endloop
  endfacet
  facet normal 0 0 -1
    outer loop
      vertex 25.5176 0.568148 3
      vertex 26.4267 1.1 3
      vertex 25.7654 0.652241 3
    endloop
  endfacet
  facet normal 0 0 -1
    outer loop
      vertex 25.2611 0.51711 3
      vertex 26.4267 1.1 3
      vertex 25.5176 0.568148 3
    endloop
  endfacet
  facet normal 0 0 -1
    outer loop
      vertex 25 0.5 3
      vertex 26.4267 1.1 3
      vertex 25.2611 0.51711 3
    endloop
  endfacet
  facet normal 0 0 -1
    outer loop
      vertex 24.7389 0.51711 3
      vertex 26.4267 1.1 3
      vertex 25 0.5 3
    endloop
  endfacet
  facet normal 0 0 -1
    outer loop
      vertex 24.4824 0.568148 3
      vertex 26.4267 1.1 3
      vertex 24.7389 0.51711 3
    endloop
  endfacet
  facet normal 0 0 -1
    outer loop
      vertex 24.2346 0.652241 3
      vertex 26.4267 1.1 3
      vertex 24.4824 0.568148 3
    endloop
  endfacet
  facet normal 0 0 -1
    outer loop
      vertex 24 0.767949 3
      vertex 26.4267 1.1 3
      vertex 24.2346 0.652241 3
    endloop
  endfacet
  facet normal 0 0 -1
    outer loop
      vertex 23.7825 0.913293 3
      vertex 26.4267 1.1 3
      vertex 24 0.767949 3
    endloop
  endfacet
  facet normal 0 0 -1
    outer loop
      vertex 23.5733 1.1 3
      vertex 23.7825 0.913293 3
      vertex 23.5858 1.08579 3
    endloop
  endfacet
  facet normal 0 0 -1
    outer loop
      vertex 23.7825 0.913293 3
      vertex 23.5733 1.1 3
      vertex 26.4267 1.1 3
    endloop
  endfacet
  facet normal 0 0 -1
    outer loop
      vertex 26.4267 -1.1 3
      vertex 26.2175 -0.913293 3
      vertex 26.4142 -1.08579 3
    endloop
  endfacet
  facet normal 0 0 -1
    outer loop
      vertex 26.4267 -1.1 3
      vertex 26 -0.767949 3
      vertex 26.2175 -0.913293 3
    endloop
  endfacet
  facet normal 0 0 -1
    outer loop
      vertex 26.4267 -1.1 3
      vertex 25.7654 -0.652241 3
      vertex 26 -0.767949 3
    endloop
  endfacet
  facet normal 0 0 -1
    outer loop
      vertex 26.4267 -1.1 3
      vertex 25.5176 -0.568148 3
      vertex 25.7654 -0.652241 3
    endloop
  endfacet
  facet normal 0 0 -1
    outer loop
      vertex 26.4267 -1.1 3
      vertex 25.2611 -0.51711 3
      vertex 25.5176 -0.568148 3
    endloop
  endfacet
  facet normal 0 0 -1
    outer loop
      vertex 26.4267 -1.1 3
      vertex 25 -0.5 3
      vertex 25.2611 -0.51711 3
    endloop
  endfacet
  facet normal 0 0 -1
    outer loop
      vertex 26.4267 -1.1 3
      vertex 24.7389 -0.51711 3
      vertex 25 -0.5 3
    endloop
  endfacet
  facet normal 0 0 -1
    outer loop
      vertex 26.4267 -1.1 3
      vertex 24.4824 -0.568148 3
      vertex 24.7389 -0.51711 3
    endloop
  endfacet
  facet normal 0 0 -1
    outer loop
      vertex 26.4267 -1.1 3
      vertex 24.2346 -0.652241 3
      vertex 24.4824 -0.568148 3
    endloop
  endfacet
  facet normal 0 0 -1
    outer loop
      vertex 26.4267 -1.1 3
      vertex 24 -0.767949 3
      vertex 24.2346 -0.652241 3
    endloop
  endfacet
  facet normal 0 0 -1
    outer loop
      vertex 26.4267 -1.1 3
      vertex 23.7825 -0.913293 3
      vertex 24 -0.767949 3
    endloop
  endfacet
  facet normal 0 0 -1
    outer loop
      vertex 23.5733 -1.1 3
      vertex 23.7825 -0.913293 3
      vertex 26.4267 -1.1 3
    endloop
  endfacet
  facet normal 0 0 -1
    outer loop
      vertex 23.7825 -0.913293 3
      vertex 23.5733 -1.1 3
      vertex 23.5858 -1.08579 3
    endloop
  endfacet
  facet normal 0.997853 -0.0654873 0
    outer loop
      vertex 52.9743 -34.8916 3
      vertex 53 -34.5 0
      vertex 53 -34.5 3
    endloop
  endfacet
  facet normal 0.997853 -0.0654873 0
    outer loop
      vertex 53 -34.5 0
      vertex 52.9743 -34.8916 3
      vertex 52.9743 -34.8916 0
    endloop
  endfacet
  facet normal 0 1 -0
    outer loop
      vertex 50 37.5 0
      vertex -50 37.5 3
      vertex 50 37.5 3
    endloop
  endfacet
  facet normal 0 1 0
    outer loop
      vertex -50 37.5 3
      vertex 50 37.5 0
      vertex -50 37.5 0
    endloop
  endfacet
  facet normal -0.442211 -0.896911 0
    outer loop
      vertex -51.5 -37.0981 0
      vertex -51.1481 -37.2716 3
      vertex -51.5 -37.0981 3
    endloop
  endfacet
  facet normal -0.442211 -0.896911 -0
    outer loop
      vertex -51.1481 -37.2716 3
      vertex -51.5 -37.0981 0
      vertex -51.1481 -37.2716 0
    endloop
  endfacet
  facet normal -0.555523 0.831501 0
    outer loop
      vertex -51.5 37.0981 0
      vertex -51.8263 36.8801 3
      vertex -51.5 37.0981 3
    endloop
  endfacet
  facet normal -0.555523 0.831501 0
    outer loop
      vertex -51.8263 36.8801 3
      vertex -51.5 37.0981 0
      vertex -51.8263 36.8801 0
    endloop
  endfacet
  facet normal -0.831501 -0.555523 0
    outer loop
      vertex -52.3801 -36.3263 0
      vertex -52.5981 -36 3
      vertex -52.5981 -36 0
    endloop
  endfacet
  facet normal -0.831501 -0.555523 0
    outer loop
      vertex -52.5981 -36 3
      vertex -52.3801 -36.3263 0
      vertex -52.3801 -36.3263 3
    endloop
  endfacet
  facet normal -0.896911 -0.442211 0
    outer loop
      vertex -52.5981 -36 0
      vertex -52.7716 -35.6481 3
      vertex -52.7716 -35.6481 0
    endloop
  endfacet
  facet normal -0.896911 -0.442211 0
    outer loop
      vertex -52.7716 -35.6481 3
      vertex -52.5981 -36 0
      vertex -52.5981 -36 3
    endloop
  endfacet
  facet normal -0.321574 -0.946885 0
    outer loop
      vertex -51.1481 -37.2716 0
      vertex -50.7765 -37.3978 3
      vertex -51.1481 -37.2716 3
    endloop
  endfacet
  facet normal -0.321574 -0.946885 -0
    outer loop
      vertex -50.7765 -37.3978 3
      vertex -51.1481 -37.2716 0
      vertex -50.7765 -37.3978 0
    endloop
  endfacet
  facet normal 0.321574 0.946885 -0
    outer loop
      vertex 51.1481 37.2716 0
      vertex 50.7765 37.3978 3
      vertex 51.1481 37.2716 3
    endloop
  endfacet
  facet normal 0.321574 0.946885 0
    outer loop
      vertex 50.7765 37.3978 3
      vertex 51.1481 37.2716 0
      vertex 50.7765 37.3978 0
    endloop
  endfacet
  facet normal 0.946885 -0.321574 0
    outer loop
      vertex 52.7716 -35.6481 3
      vertex 52.8978 -35.2765 0
      vertex 52.8978 -35.2765 3
    endloop
  endfacet
  facet normal 0.946885 -0.321574 0
    outer loop
      vertex 52.8978 -35.2765 0
      vertex 52.7716 -35.6481 3
      vertex 52.7716 -35.6481 0
    endloop
  endfacet
  facet normal -0.831501 0.555523 0
    outer loop
      vertex -52.5981 36 0
      vertex -52.3801 36.3263 3
      vertex -52.3801 36.3263 0
    endloop
  endfacet
  facet normal -0.831501 0.555523 0
    outer loop
      vertex -52.3801 36.3263 3
      vertex -52.5981 36 0
      vertex -52.5981 36 3
    endloop
  endfacet
  facet normal 0.946885 0.321574 0
    outer loop
      vertex 52.8978 35.2765 3
      vertex 52.7716 35.6481 0
      vertex 52.7716 35.6481 3
    endloop
  endfacet
  facet normal 0.946885 0.321574 0
    outer loop
      vertex 52.7716 35.6481 0
      vertex 52.8978 35.2765 3
      vertex 52.8978 35.2765 0
    endloop
  endfacet
  facet normal 0.896911 0.442211 0
    outer loop
      vertex 52.7716 35.6481 3
      vertex 52.5981 36 0
      vertex 52.5981 36 3
    endloop
  endfacet
  facet normal 0.896911 0.442211 0
    outer loop
      vertex 52.5981 36 0
      vertex 52.7716 35.6481 3
      vertex 52.7716 35.6481 0
    endloop
  endfacet
  facet normal -0.442211 0.896911 0
    outer loop
      vertex -51.1481 37.2716 0
      vertex -51.5 37.0981 3
      vertex -51.1481 37.2716 3
    endloop
  endfacet
  facet normal -0.442211 0.896911 0
    outer loop
      vertex -51.5 37.0981 3
      vertex -51.1481 37.2716 0
      vertex -51.5 37.0981 0
    endloop
  endfacet
  facet normal -0.321574 0.946885 0
    outer loop
      vertex -50.7765 37.3978 0
      vertex -51.1481 37.2716 3
      vertex -50.7765 37.3978 3
    endloop
  endfacet
  facet normal -0.321574 0.946885 0
    outer loop
      vertex -51.1481 37.2716 3
      vertex -50.7765 37.3978 0
      vertex -51.1481 37.2716 0
    endloop
  endfacet
  facet normal 0.980815 0.19494 0
    outer loop
      vertex 52.9743 34.8916 3
      vertex 52.8978 35.2765 0
      vertex 52.8978 35.2765 3
    endloop
  endfacet
  facet normal 0.980815 0.19494 0
    outer loop
      vertex 52.8978 35.2765 0
      vertex 52.9743 34.8916 3
      vertex 52.9743 34.8916 0
    endloop
  endfacet
  facet normal -0.997853 0.0654873 0
    outer loop
      vertex -53 34.5 0
      vertex -52.9743 34.8916 3
      vertex -52.9743 34.8916 0
    endloop
  endfacet
  facet normal -0.997853 0.0654873 0
    outer loop
      vertex -52.9743 34.8916 3
      vertex -53 34.5 0
      vertex -53 34.5 3
    endloop
  endfacet
  facet normal 0.831501 0.555523 0
    outer loop
      vertex 52.5981 36 3
      vertex 52.3801 36.3263 0
      vertex 52.3801 36.3263 3
    endloop
  endfacet
  facet normal 0.831501 0.555523 0
    outer loop
      vertex 52.3801 36.3263 0
      vertex 52.5981 36 3
      vertex 52.5981 36 0
    endloop
  endfacet
  facet normal -0 0 -1
    outer loop
      vertex -26.9319 -24.9824 0
      vertex -48.125 -32.4845 0
      vertex -26.8478 -24.7346 0
    endloop
  endfacet
  facet normal 0 0 -1
    outer loop
      vertex -27 2.5 0
      vertex -47.265 33.7716 0
      vertex -47.25 34 0
    endloop
  endfacet
  facet normal -0 0 -1
    outer loop
      vertex -26.8478 -24.7346 0
      vertex -48.125 -32.4845 0
      vertex -26.8478 -12.2654 0
    endloop
  endfacet
  facet normal 0 0 -1
    outer loop
      vertex -27 2.5 0
      vertex -47.3096 33.5471 0
      vertex -47.265 33.7716 0
    endloop
  endfacet
  facet normal 0 0 -1
    outer loop
      vertex -48.3303 -32.3832 0
      vertex -26.8478 -12.2654 0
      vertex -48.125 -32.4845 0
    endloop
  endfacet
  facet normal 0 0 -1
    outer loop
      vertex -27 2.5 0
      vertex -47.3832 33.3303 0
      vertex -47.3096 33.5471 0
    endloop
  endfacet
  facet normal -0 0 -1
    outer loop
      vertex -26.8478 -12.2654 0
      vertex -48.3303 -32.3832 0
      vertex -26.9319 -12.0176 0
    endloop
  endfacet
  facet normal 0 0 -1
    outer loop
      vertex -27 2.5 0
      vertex -47.4845 33.125 0
      vertex -47.3832 33.3303 0
    endloop
  endfacet
  facet normal 0 0 -1
    outer loop
      vertex -48.5471 -32.3096 0
      vertex -26.9319 -12.0176 0
      vertex -48.3303 -32.3832 0
    endloop
  endfacet
  facet normal 0 0 -1
    outer loop
      vertex -27 2.5 0
      vertex -47.6116 32.9347 0
      vertex -47.4845 33.125 0
    endloop
  endfacet
  facet normal -0 0 -1
    outer loop
      vertex -26.9319 -12.0176 0
      vertex -48.5471 -32.3096 0
      vertex -26.9829 -11.7611 0
    endloop
  endfacet
  facet normal 0 0 -1
    outer loop
      vertex -27 2.5 0
      vertex -47.7626 32.7626 0
      vertex -47.6116 32.9347 0
    endloop
  endfacet
  facet normal 0 0 -1
    outer loop
      vertex -48.7716 -32.265 0
      vertex -26.9829 -11.7611 0
      vertex -48.5471 -32.3096 0
    endloop
  endfacet
  facet normal 0 0 -1
    outer loop
      vertex -27 2.5 0
      vertex -47.9347 32.6116 0
      vertex -47.7626 32.7626 0
    endloop
  endfacet
  facet normal -0 0 -1
    outer loop
      vertex -26.9829 -11.7611 0
      vertex -48.7716 -32.265 0
      vertex -27 -11.5 0
    endloop
  endfacet
  facet normal 0 0 -1
    outer loop
      vertex -27 2.5 0
      vertex -48.125 32.4845 0
      vertex -47.9347 32.6116 0
    endloop
  endfacet
  facet normal 0 0 -1
    outer loop
      vertex -49 -32.25 0
      vertex -27 -11.5 0
      vertex -48.7716 -32.265 0
    endloop
  endfacet
  facet normal 0 0 -1
    outer loop
      vertex -27 2.5 0
      vertex -48.3303 32.3832 0
      vertex -48.125 32.4845 0
    endloop
  endfacet
  facet normal 0 0 -1
    outer loop
      vertex -51 -32.25 0
      vertex -27 -11.5 0
      vertex -49 -32.25 0
    endloop
  endfacet
  facet normal 0 0 -1
    outer loop
      vertex -27 2.5 0
      vertex -48.5471 32.3096 0
      vertex -48.3303 32.3832 0
    endloop
  endfacet
  facet normal -0 0 -1
    outer loop
      vertex -27 -11.5 0
      vertex -51 -32.25 0
      vertex -27 -2.5 0
    endloop
  endfacet
  facet normal 0 0 -1
    outer loop
      vertex -27 2.5 0
      vertex -48.7716 32.265 0
      vertex -48.5471 32.3096 0
    endloop
  endfacet
  facet normal 0 0 -1
    outer loop
      vertex -51.2284 -32.265 0
      vertex -27 -2.5 0
      vertex -51 -32.25 0
    endloop
  endfacet
  facet normal 0 0 -1
    outer loop
      vertex -27 2.5 0
      vertex -49 32.25 0
      vertex -48.7716 32.265 0
    endloop
  endfacet
  facet normal 0 0 -1
    outer loop
      vertex -51.4529 -32.3096 0
      vertex -27 -2.5 0
      vertex -51.2284 -32.265 0
    endloop
  endfacet
  facet normal 0 0 -1
    outer loop
      vertex -27 2.5 0
      vertex -51 32.25 0
      vertex -49 32.25 0
    endloop
  endfacet
  facet normal -0 0 -1
    outer loop
      vertex -27 -2.5 0
      vertex -51.4529 -32.3096 0
      vertex -27 2.5 0
    endloop
  endfacet
  facet normal 0 0 -1
    outer loop
      vertex -27 2.5 0
      vertex -51.2284 32.265 0
      vertex -51 32.25 0
    endloop
  endfacet
  facet normal 0 0 -1
    outer loop
      vertex -51.4529 32.3096 0
      vertex -27 2.5 0
      vertex -51.4529 -32.3096 0
    endloop
  endfacet
  facet normal 0 0 -1
    outer loop
      vertex -27 2.5 0
      vertex -51.4529 32.3096 0
      vertex -51.2284 32.265 0
    endloop
  endfacet
  facet normal 0 0 -1
    outer loop
      vertex -51.6697 -32.3832 0
      vertex -51.4529 32.3096 0
      vertex -51.4529 -32.3096 0
    endloop
  endfacet
  facet normal 0 0 -1
    outer loop
      vertex -51.6697 -32.3832 0
      vertex -51.6697 32.3832 0
      vertex -51.4529 32.3096 0
    endloop
  endfacet
  facet normal 0 0 -1
    outer loop
      vertex -51.875 -32.4845 0
      vertex -51.6697 32.3832 0
      vertex -51.6697 -32.3832 0
    endloop
  endfacet
  facet normal 0 0 -1
    outer loop
      vertex -51.875 -32.4845 0
      vertex -51.875 32.4845 0
      vertex -51.6697 32.3832 0
    endloop
  endfacet
  facet normal 0 0 -1
    outer loop
      vertex -52.0653 -32.6116 0
      vertex -51.875 32.4845 0
      vertex -51.875 -32.4845 0
    endloop
  endfacet
  facet normal 0 0 -1
    outer loop
      vertex -52.0653 -32.6116 0
      vertex -52.0653 32.6116 0
      vertex -51.875 32.4845 0
    endloop
  endfacet
  facet normal 0 0 -1
    outer loop
      vertex -52.2374 -32.7626 0
      vertex -52.0653 32.6116 0
      vertex -52.0653 -32.6116 0
    endloop
  endfacet
  facet normal 0 0 -1
    outer loop
      vertex -52.2374 -32.7626 0
      vertex -52.2374 32.7626 0
      vertex -52.0653 32.6116 0
    endloop
  endfacet
  facet normal 0 0 -1
    outer loop
      vertex -52.3884 -32.9347 0
      vertex -52.2374 32.7626 0
      vertex -52.2374 -32.7626 0
    endloop
  endfacet
  facet normal 0 0 -1
    outer loop
      vertex -52.3884 -32.9347 0
      vertex -52.3884 32.9347 0
      vertex -52.2374 32.7626 0
    endloop
  endfacet
  facet normal 0 0 -1
    outer loop
      vertex -52.5155 -33.125 0
      vertex -52.3884 32.9347 0
      vertex -52.3884 -32.9347 0
    endloop
  endfacet
  facet normal 0 0 -1
    outer loop
      vertex -52.5155 -33.125 0
      vertex -52.5155 33.125 0
      vertex -52.3884 32.9347 0
    endloop
  endfacet
  facet normal 0 0 -1
    outer loop
      vertex -52.6168 -33.3303 0
      vertex -52.5155 33.125 0
      vertex -52.5155 -33.125 0
    endloop
  endfacet
  facet normal 0 0 -1
    outer loop
      vertex -52.6168 -33.3303 0
      vertex -52.6168 33.3303 0
      vertex -52.5155 33.125 0
    endloop
  endfacet
  facet normal 0 0 -1
    outer loop
      vertex -52.6904 -33.5471 0
      vertex -52.6168 33.3303 0
      vertex -52.6168 -33.3303 0
    endloop
  endfacet
  facet normal 0 0 -1
    outer loop
      vertex -52.6904 -33.5471 0
      vertex -52.6904 33.5471 0
      vertex -52.6168 33.3303 0
    endloop
  endfacet
  facet normal 0 0 -1
    outer loop
      vertex -53 -34.5 0
      vertex -52.6904 -33.5471 0
      vertex -52.735 -33.7716 0
    endloop
  endfacet
  facet normal -0 0 -1
    outer loop
      vertex -52.6904 -33.5471 0
      vertex -53 -34.5 0
      vertex -52.6904 33.5471 0
    endloop
  endfacet
  facet normal 0 0 -1
    outer loop
      vertex -53 -34.5 0
      vertex -52.735 -33.7716 0
      vertex -52.75 -34 0
    endloop
  endfacet
  facet normal 0 0 -1
    outer loop
      vertex -53 34.5 0
      vertex -52.6904 33.5471 0
      vertex -53 -34.5 0
    endloop
  endfacet
  facet normal -0 0 -1
    outer loop
      vertex -21.5219 16.5166 0
      vertex -24 13.232 0
      vertex -21.7678 16.7322 0
    endloop
  endfacet
  facet normal 0 0 -1
    outer loop
      vertex -22.5 18.5 0
      vertex -23.0171 25.2389 0
      vertex -23 25.5 0
    endloop
  endfacet
  facet normal 0 0 -1
    outer loop
      vertex -24.2346 13.3478 0
      vertex -21.7678 16.7322 0
      vertex -24 13.232 0
    endloop
  endfacet
  facet normal 0 0 -1
    outer loop
      vertex -22.5 18.5 0
      vertex -23.0681 24.9824 0
      vertex -23.0171 25.2389 0
    endloop
  endfacet
  facet normal -0 0 -1
    outer loop
      vertex -21.7678 16.7322 0
      vertex -24.2346 13.3478 0
      vertex -21.9834 16.9781 0
    endloop
  endfacet
  facet normal 0 0 -1
    outer loop
      vertex -22.5 18.5 0
      vertex -23.1522 24.7346 0
      vertex -23.0681 24.9824 0
    endloop
  endfacet
  facet normal 0 0 -1
    outer loop
      vertex -24.4824 13.4319 0
      vertex -21.9834 16.9781 0
      vertex -24.2346 13.3478 0
    endloop
  endfacet
  facet normal 0 0 -1
    outer loop
      vertex -22.5 18.5 0
      vertex -23.2679 24.5 0
      vertex -23.1522 24.7346 0
    endloop
  endfacet
  facet normal -0 0 -1
    outer loop
      vertex -21.9834 16.9781 0
      vertex -24.4824 13.4319 0
      vertex -22.1651 17.25 0
    endloop
  endfacet
  facet normal 0 0 -1
    outer loop
      vertex -22.5 18.5 0
      vertex -23.4133 24.2825 0
      vertex -23.2679 24.5 0
    endloop
  endfacet
  facet normal 0 0 -1
    outer loop
      vertex -24.7389 13.4829 0
      vertex -22.1651 17.25 0
      vertex -24.4824 13.4319 0
    endloop
  endfacet
  facet normal 0 0 -1
    outer loop
      vertex -22.5 18.5 0
      vertex -23.5858 24.0858 0
      vertex -23.4133 24.2825 0
    endloop
  endfacet
  facet normal -0 0 -1
    outer loop
      vertex -22.1651 17.25 0
      vertex -24.7389 13.4829 0
      vertex -22.3097 17.5433 0
    endloop
  endfacet
  facet normal 0 0 -1
    outer loop
      vertex -22.5 18.5 0
      vertex -23.7825 23.9133 0
      vertex -23.5858 24.0858 0
    endloop
  endfacet
  facet normal 0 0 -1
    outer loop
      vertex -25 13.5 0
      vertex -22.3097 17.5433 0
      vertex -24.7389 13.4829 0
    endloop
  endfacet
  facet normal 0 0 -1
    outer loop
      vertex -22.5 18.5 0
      vertex -24 23.7679 0
      vertex -23.7825 23.9133 0
    endloop
  endfacet
  facet normal 0 0 -1
    outer loop
      vertex -25.2611 13.4829 0
      vertex -22.3097 17.5433 0
      vertex -25 13.5 0
    endloop
  endfacet
  facet normal 0 0 -1
    outer loop
      vertex -22.5 18.5 0
      vertex -24.2346 23.6522 0
      vertex -24 23.7679 0
    endloop
  endfacet
  facet normal -0 0 -1
    outer loop
      vertex -22.3097 17.5433 0
      vertex -25.2611 13.4829 0
      vertex -22.4148 17.853 0
    endloop
  endfacet
  facet normal 0 0 -1
    outer loop
      vertex -22.5 18.5 0
      vertex -24.4824 23.5681 0
      vertex -24.2346 23.6522 0
    endloop
  endfacet
  facet normal 0 0 -1
    outer loop
      vertex -25.5176 13.4319 0
      vertex -22.4148 17.853 0
      vertex -25.2611 13.4829 0
    endloop
  endfacet
  facet normal 0 0 -1
    outer loop
      vertex -22.5 18.5 0
      vertex -24.7389 23.5171 0
      vertex -24.4824 23.5681 0
    endloop
  endfacet
  facet normal -0 0 -1
    outer loop
      vertex -22.4148 17.853 0
      vertex -25.5176 13.4319 0
      vertex -22.4786 18.1737 0
    endloop
  endfacet
  facet normal 0 0 -1
    outer loop
      vertex -22.5 18.5 0
      vertex -25 23.5 0
      vertex -24.7389 23.5171 0
    endloop
  endfacet
  facet normal 0 0 -1
    outer loop
      vertex -25.7654 13.3478 0
      vertex -22.4786 18.1737 0
      vertex -25.5176 13.4319 0
    endloop
  endfacet
  facet normal 0 0 -1
    outer loop
      vertex -22.5 18.5 0
      vertex -25.2611 23.5171 0
      vertex -25 23.5 0
    endloop
  endfacet
  facet normal -0 0 -1
    outer loop
      vertex -22.4786 18.1737 0
      vertex -25.7654 13.3478 0
      vertex -22.5 18.5 0
    endloop
  endfacet
  facet normal 0 0 -1
    outer loop
      vertex -22.5 18.5 0
      vertex -25.5176 23.5681 0
      vertex -25.2611 23.5171 0
    endloop
  endfacet
  facet normal 0 0 -1
    outer loop
      vertex -25.7654 23.6522 0
      vertex -22.5 18.5 0
      vertex -25.7654 13.3478 0
    endloop
  endfacet
  facet normal 0 0 -1
    outer loop
      vertex -22.5 18.5 0
      vertex -25.7654 23.6522 0
      vertex -25.5176 23.5681 0
    endloop
  endfacet
  facet normal 0 0 -1
    outer loop
      vertex -26 13.232 0
      vertex -25.7654 23.6522 0
      vertex -25.7654 13.3478 0
    endloop
  endfacet
  facet normal 0 0 -1
    outer loop
      vertex -26 13.232 0
      vertex -26 23.7679 0
      vertex -25.7654 23.6522 0
    endloop
  endfacet
  facet normal 0 0 -1
    outer loop
      vertex -26.2175 13.0867 0
      vertex -26 23.7679 0
      vertex -26 13.232 0
    endloop
  endfacet
  facet normal 0 0 -1
    outer loop
      vertex -26.2175 13.0867 0
      vertex -26.2175 23.9133 0
      vertex -26 23.7679 0
    endloop
  endfacet
  facet normal 0 0 -1
    outer loop
      vertex -26.4142 12.9142 0
      vertex -26.2175 23.9133 0
      vertex -26.2175 13.0867 0
    endloop
  endfacet
  facet normal 0 0 -1
    outer loop
      vertex -26.4142 12.9142 0
      vertex -26.4142 24.0858 0
      vertex -26.2175 23.9133 0
    endloop
  endfacet
  facet normal 0 0 -1
    outer loop
      vertex -26.5867 12.7175 0
      vertex -26.4142 24.0858 0
      vertex -26.4142 12.9142 0
    endloop
  endfacet
  facet normal 0 0 -1
    outer loop
      vertex -26.5867 12.7175 0
      vertex -26.5867 24.2825 0
      vertex -26.4142 24.0858 0
    endloop
  endfacet
  facet normal 0 0 -1
    outer loop
      vertex -26.732 12.5 0
      vertex -26.5867 24.2825 0
      vertex -26.5867 12.7175 0
    endloop
  endfacet
  facet normal 0 0 -1
    outer loop
      vertex -26.732 12.5 0
      vertex -26.732 24.5 0
      vertex -26.5867 24.2825 0
    endloop
  endfacet
  facet normal 0 0 -1
    outer loop
      vertex -26.8478 12.2654 0
      vertex -26.732 24.5 0
      vertex -26.732 12.5 0
    endloop
  endfacet
  facet normal 0 0 -1
    outer loop
      vertex -26.8478 12.2654 0
      vertex -26.8478 24.7346 0
      vertex -26.732 24.5 0
    endloop
  endfacet
  facet normal 0 0 -1
    outer loop
      vertex -47.25 34 0
      vertex -26.8478 12.2654 0
      vertex -26.9319 12.0176 0
    endloop
  endfacet
  facet normal 0 0 -1
    outer loop
      vertex -26.8478 12.2654 0
      vertex -47.25 34 0
      vertex -26.8478 24.7346 0
    endloop
  endfacet
  facet normal 0 0 -1
    outer loop
      vertex -47.25 34 0
      vertex -26.9319 12.0176 0
      vertex -26.9829 11.7611 0
    endloop
  endfacet
  facet normal 0 0 -1
    outer loop
      vertex -26.8478 24.7346 0
      vertex -47.25 34 0
      vertex -26.9319 24.9824 0
    endloop
  endfacet
  facet normal 0 0 -1
    outer loop
      vertex -47.25 34 0
      vertex -26.9829 11.7611 0
      vertex -27 11.5 0
    endloop
  endfacet
  facet normal 0 0 -1
    outer loop
      vertex -26.9319 24.9824 0
      vertex -47.25 34 0
      vertex -26.9829 25.2389 0
    endloop
  endfacet
  facet normal 0 0 -1
    outer loop
      vertex 23.0171 2.23895 0
      vertex -23 2.5 0
      vertex 23 2.5 0
    endloop
  endfacet
  facet normal 0 0 -1
    outer loop
      vertex 23.0171 2.23895 0
      vertex -23.0171 2.23895 0
      vertex -23 2.5 0
    endloop
  endfacet
  facet normal 0 0 -1
    outer loop
      vertex -23.0681 -1.98236 0
      vertex -23.0171 2.23895 0
      vertex -23.0171 -2.23895 0
    endloop
  endfacet
  facet normal 0 0 -1
    outer loop
      vertex -23.0681 -1.98236 0
      vertex -23.0681 1.98236 0
      vertex -23.0171 2.23895 0
    endloop
  endfacet
  facet normal 0 0 -1
    outer loop
      vertex -23.1522 -1.73463 0
      vertex -23.0681 1.98236 0
      vertex -23.0681 -1.98236 0
    endloop
  endfacet
  facet normal 0 0 -1
    outer loop
      vertex -23.1522 -1.73463 0
      vertex -23.1522 1.73463 0
      vertex -23.0681 1.98236 0
    endloop
  endfacet
  facet normal 0 0 -1
    outer loop
      vertex -23.2679 -1.5 0
      vertex -23.1522 1.73463 0
      vertex -23.1522 -1.73463 0
    endloop
  endfacet
  facet normal 0 0 -1
    outer loop
      vertex -23.2679 -1.5 0
      vertex -23.2679 1.5 0
      vertex -23.1522 1.73463 0
    endloop
  endfacet
  facet normal 0 0 -1
    outer loop
      vertex -23.4133 -1.28248 0
      vertex -23.2679 1.5 0
      vertex -23.2679 -1.5 0
    endloop
  endfacet
  facet normal 0 0 -1
    outer loop
      vertex -23.4133 -1.28248 0
      vertex -23.4133 1.28248 0
      vertex -23.2679 1.5 0
    endloop
  endfacet
  facet normal 0 0 -1
    outer loop
      vertex -23.5858 -1.08579 0
      vertex -23.4133 1.28248 0
      vertex -23.4133 -1.28248 0
    endloop
  endfacet
  facet normal 0 0 -1
    outer loop
      vertex -23.5858 -1.08579 0
      vertex -23.5858 1.08579 0
      vertex -23.4133 1.28248 0
    endloop
  endfacet
  facet normal 0 0 -1
    outer loop
      vertex -23.7825 -0.913293 0
      vertex -23.5858 1.08579 0
      vertex -23.5858 -1.08579 0
    endloop
  endfacet
  facet normal 0 0 -1
    outer loop
      vertex -23.7825 -0.913293 0
      vertex -23.7825 0.913293 0
      vertex -23.5858 1.08579 0
    endloop
  endfacet
  facet normal 0 0 -1
    outer loop
      vertex -24 -0.767949 0
      vertex -23.7825 0.913293 0
      vertex -23.7825 -0.913293 0
    endloop
  endfacet
  facet normal 0 0 -1
    outer loop
      vertex -24 -0.767949 0
      vertex -24 0.767949 0
      vertex -23.7825 0.913293 0
    endloop
  endfacet
  facet normal 0 0 -1
    outer loop
      vertex -24.2346 -0.652241 0
      vertex -24 0.767949 0
      vertex -24 -0.767949 0
    endloop
  endfacet
  facet normal 0 0 -1
    outer loop
      vertex -24.2346 -0.652241 0
      vertex -24.2346 0.652241 0
      vertex -24 0.767949 0
    endloop
  endfacet
  facet normal 0 0 -1
    outer loop
      vertex -24.4824 -0.568148 0
      vertex -24.2346 0.652241 0
      vertex -24.2346 -0.652241 0
    endloop
  endfacet
  facet normal 0 0 -1
    outer loop
      vertex -24.4824 -0.568148 0
      vertex -24.4824 0.568148 0
      vertex -24.2346 0.652241 0
    endloop
  endfacet
  facet normal 0 0 -1
    outer loop
      vertex -24.7389 -0.51711 0
      vertex -24.4824 0.568148 0
      vertex -24.4824 -0.568148 0
    endloop
  endfacet
  facet normal 0 0 -1
    outer loop
      vertex -24.7389 -0.51711 0
      vertex -24.7389 0.51711 0
      vertex -24.4824 0.568148 0
    endloop
  endfacet
  facet normal 0 0 -1
    outer loop
      vertex -25 -0.5 0
      vertex -24.7389 0.51711 0
      vertex -24.7389 -0.51711 0
    endloop
  endfacet
  facet normal 0 0 -1
    outer loop
      vertex -25 -0.5 0
      vertex -25 0.5 0
      vertex -24.7389 0.51711 0
    endloop
  endfacet
  facet normal 0 0 -1
    outer loop
      vertex -25.2611 -0.51711 0
      vertex -25 0.5 0
      vertex -25 -0.5 0
    endloop
  endfacet
  facet normal 0 0 -1
    outer loop
      vertex -25.2611 -0.51711 0
      vertex -25.2611 0.51711 0
      vertex -25 0.5 0
    endloop
  endfacet
  facet normal 0 0 -1
    outer loop
      vertex -25.5176 -0.568148 0
      vertex -25.2611 0.51711 0
      vertex -25.2611 -0.51711 0
    endloop
  endfacet
  facet normal 0 0 -1
    outer loop
      vertex -25.5176 -0.568148 0
      vertex -25.5176 0.568148 0
      vertex -25.2611 0.51711 0
    endloop
  endfacet
  facet normal 0 0 -1
    outer loop
      vertex -25.7654 -0.652241 0
      vertex -25.5176 0.568148 0
      vertex -25.5176 -0.568148 0
    endloop
  endfacet
  facet normal 0 0 -1
    outer loop
      vertex -25.7654 -0.652241 0
      vertex -25.7654 0.652241 0
      vertex -25.5176 0.568148 0
    endloop
  endfacet
  facet normal 0 0 -1
    outer loop
      vertex -26 -0.767949 0
      vertex -25.7654 0.652241 0
      vertex -25.7654 -0.652241 0
    endloop
  endfacet
  facet normal 0 0 -1
    outer loop
      vertex -26 -0.767949 0
      vertex -26 0.767949 0
      vertex -25.7654 0.652241 0
    endloop
  endfacet
  facet normal 0 0 -1
    outer loop
      vertex -26.2175 -0.913293 0
      vertex -26 0.767949 0
      vertex -26 -0.767949 0
    endloop
  endfacet
  facet normal 0 0 -1
    outer loop
      vertex -26.2175 -0.913293 0
      vertex -26.2175 0.913293 0
      vertex -26 0.767949 0
    endloop
  endfacet
  facet normal 0 0 -1
    outer loop
      vertex -26.4142 -1.08579 0
      vertex -26.2175 0.913293 0
      vertex -26.2175 -0.913293 0
    endloop
  endfacet
  facet normal 0 0 -1
    outer loop
      vertex -26.4142 -1.08579 0
      vertex -26.4142 1.08579 0
      vertex -26.2175 0.913293 0
    endloop
  endfacet
  facet normal 0 0 -1
    outer loop
      vertex -26.5867 -1.28248 0
      vertex -26.4142 1.08579 0
      vertex -26.4142 -1.08579 0
    endloop
  endfacet
  facet normal 0 0 -1
    outer loop
      vertex -26.5867 -1.28248 0
      vertex -26.5867 1.28248 0
      vertex -26.4142 1.08579 0
    endloop
  endfacet
  facet normal 0 0 -1
    outer loop
      vertex -26.732 -1.5 0
      vertex -26.5867 1.28248 0
      vertex -26.5867 -1.28248 0
    endloop
  endfacet
  facet normal 0 0 -1
    outer loop
      vertex -26.732 -1.5 0
      vertex -26.732 1.5 0
      vertex -26.5867 1.28248 0
    endloop
  endfacet
  facet normal 0 0 -1
    outer loop
      vertex -26.8478 -1.73463 0
      vertex -26.732 1.5 0
      vertex -26.732 -1.5 0
    endloop
  endfacet
  facet normal 0 0 -1
    outer loop
      vertex -26.8478 -1.73463 0
      vertex -26.8478 1.73463 0
      vertex -26.732 1.5 0
    endloop
  endfacet
  facet normal 0 0 -1
    outer loop
      vertex -26.9319 -1.98236 0
      vertex -26.8478 1.73463 0
      vertex -26.8478 -1.73463 0
    endloop
  endfacet
  facet normal 0 0 -1
    outer loop
      vertex -26.9319 -1.98236 0
      vertex -26.9319 1.98236 0
      vertex -26.8478 1.73463 0
    endloop
  endfacet
  facet normal 0 0 -1
    outer loop
      vertex -26.9829 -2.23895 0
      vertex -26.9319 1.98236 0
      vertex -26.9319 -1.98236 0
    endloop
  endfacet
  facet normal 0 0 -1
    outer loop
      vertex -26.9829 -2.23895 0
      vertex -26.9829 2.23895 0
      vertex -26.9319 1.98236 0
    endloop
  endfacet
  facet normal 0 0 -1
    outer loop
      vertex -27 -2.5 0
      vertex -26.9829 2.23895 0
      vertex -26.9829 -2.23895 0
    endloop
  endfacet
  facet normal -0 0 -1
    outer loop
      vertex -26.9829 2.23895 0
      vertex -27 -2.5 0
      vertex -27 2.5 0
    endloop
  endfacet
  facet normal -0 0 -1
    outer loop
      vertex -21.5219 -20.4834 0
      vertex -24 -23.7679 0
      vertex -21.7678 -20.2678 0
    endloop
  endfacet
  facet normal 0 0 -1
    outer loop
      vertex -22.5 -18.5 0
      vertex -23.0171 -11.7611 0
      vertex -23 -11.5 0
    endloop
  endfacet
  facet normal 0 0 -1
    outer loop
      vertex -24.2346 -23.6522 0
      vertex -21.7678 -20.2678 0
      vertex -24 -23.7679 0
    endloop
  endfacet
  facet normal 0 0 -1
    outer loop
      vertex -22.5 -18.5 0
      vertex -23.0681 -12.0176 0
      vertex -23.0171 -11.7611 0
    endloop
  endfacet
  facet normal -0 0 -1
    outer loop
      vertex -21.7678 -20.2678 0
      vertex -24.2346 -23.6522 0
      vertex -21.9834 -20.0219 0
    endloop
  endfacet
  facet normal 0 0 -1
    outer loop
      vertex -22.5 -18.5 0
      vertex -23.1522 -12.2654 0
      vertex -23.0681 -12.0176 0
    endloop
  endfacet
  facet normal 0 0 -1
    outer loop
      vertex -24.4824 -23.5681 0
      vertex -21.9834 -20.0219 0
      vertex -24.2346 -23.6522 0
    endloop
  endfacet
  facet normal 0 0 -1
    outer loop
      vertex -22.5 -18.5 0
      vertex -23.2679 -12.5 0
      vertex -23.1522 -12.2654 0
    endloop
  endfacet
  facet normal -0 0 -1
    outer loop
      vertex -21.9834 -20.0219 0
      vertex -24.4824 -23.5681 0
      vertex -22.1651 -19.75 0
    endloop
  endfacet
  facet normal 0 0 -1
    outer loop
      vertex -22.5 -18.5 0
      vertex -23.4133 -12.7175 0
      vertex -23.2679 -12.5 0
    endloop
  endfacet
  facet normal 0 0 -1
    outer loop
      vertex -24.7389 -23.5171 0
      vertex -22.1651 -19.75 0
      vertex -24.4824 -23.5681 0
    endloop
  endfacet
  facet normal 0 0 -1
    outer loop
      vertex -22.5 -18.5 0
      vertex -23.5858 -12.9142 0
      vertex -23.4133 -12.7175 0
    endloop
  endfacet
  facet normal -0 0 -1
    outer loop
      vertex -22.1651 -19.75 0
      vertex -24.7389 -23.5171 0
      vertex -22.3097 -19.4567 0
    endloop
  endfacet
  facet normal 0 0 -1
    outer loop
      vertex -22.5 -18.5 0
      vertex -23.7825 -13.0867 0
      vertex -23.5858 -12.9142 0
    endloop
  endfacet
  facet normal 0 0 -1
    outer loop
      vertex -25 -23.5 0
      vertex -22.3097 -19.4567 0
      vertex -24.7389 -23.5171 0
    endloop
  endfacet
  facet normal 0 0 -1
    outer loop
      vertex -22.5 -18.5 0
      vertex -24 -13.232 0
      vertex -23.7825 -13.0867 0
    endloop
  endfacet
  facet normal 0 0 -1
    outer loop
      vertex -25.2611 -23.5171 0
      vertex -22.3097 -19.4567 0
      vertex -25 -23.5 0
    endloop
  endfacet
  facet normal 0 0 -1
    outer loop
      vertex -22.5 -18.5 0
      vertex -24.2346 -13.3478 0
      vertex -24 -13.232 0
    endloop
  endfacet
  facet normal -0 0 -1
    outer loop
      vertex -22.3097 -19.4567 0
      vertex -25.2611 -23.5171 0
      vertex -22.4148 -19.147 0
    endloop
  endfacet
  facet normal 0 0 -1
    outer loop
      vertex -22.5 -18.5 0
      vertex -24.4824 -13.4319 0
      vertex -24.2346 -13.3478 0
    endloop
  endfacet
  facet normal 0 0 -1
    outer loop
      vertex -25.5176 -23.5681 0
      vertex -22.4148 -19.147 0
      vertex -25.2611 -23.5171 0
    endloop
  endfacet
  facet normal 0 0 -1
    outer loop
      vertex -22.5 -18.5 0
      vertex -24.7389 -13.4829 0
      vertex -24.4824 -13.4319 0
    endloop
  endfacet
  facet normal -0 0 -1
    outer loop
      vertex -22.4148 -19.147 0
      vertex -25.5176 -23.5681 0
      vertex -22.4786 -18.8263 0
    endloop
  endfacet
  facet normal 0 0 -1
    outer loop
      vertex -22.5 -18.5 0
      vertex -25 -13.5 0
      vertex -24.7389 -13.4829 0
    endloop
  endfacet
  facet normal 0 0 -1
    outer loop
      vertex -25.7654 -23.6522 0
      vertex -22.4786 -18.8263 0
      vertex -25.5176 -23.5681 0
    endloop
  endfacet
  facet normal 0 0 -1
    outer loop
      vertex -22.5 -18.5 0
      vertex -25.2611 -13.4829 0
      vertex -25 -13.5 0
    endloop
  endfacet
  facet normal -0 0 -1
    outer loop
      vertex -22.4786 -18.8263 0
      vertex -25.7654 -23.6522 0
      vertex -22.5 -18.5 0
    endloop
  endfacet
  facet normal 0 0 -1
    outer loop
      vertex -22.5 -18.5 0
      vertex -25.5176 -13.4319 0
      vertex -25.2611 -13.4829 0
    endloop
  endfacet
  facet normal 0 0 -1
    outer loop
      vertex -25.7654 -13.3478 0
      vertex -22.5 -18.5 0
      vertex -25.7654 -23.6522 0
    endloop
  endfacet
  facet normal 0 0 -1
    outer loop
      vertex -22.5 -18.5 0
      vertex -25.7654 -13.3478 0
      vertex -25.5176 -13.4319 0
    endloop
  endfacet
  facet normal 0 0 -1
    outer loop
      vertex -26 -23.7679 0
      vertex -25.7654 -13.3478 0
      vertex -25.7654 -23.6522 0
    endloop
  endfacet
  facet normal 0 0 -1
    outer loop
      vertex -26 -23.7679 0
      vertex -26 -13.232 0
      vertex -25.7654 -13.3478 0
    endloop
  endfacet
  facet normal 0 0 -1
    outer loop
      vertex -26.2175 -23.9133 0
      vertex -26 -13.232 0
      vertex -26 -23.7679 0
    endloop
  endfacet
  facet normal 0 0 -1
    outer loop
      vertex -26.2175 -23.9133 0
      vertex -26.2175 -13.0867 0
      vertex -26 -13.232 0
    endloop
  endfacet
  facet normal 0 0 -1
    outer loop
      vertex -26.4142 -24.0858 0
      vertex -26.2175 -13.0867 0
      vertex -26.2175 -23.9133 0
    endloop
  endfacet
  facet normal 0 0 -1
    outer loop
      vertex -26.4142 -24.0858 0
      vertex -26.4142 -12.9142 0
      vertex -26.2175 -13.0867 0
    endloop
  endfacet
  facet normal 0 0 -1
    outer loop
      vertex -26.5867 -24.2825 0
      vertex -26.4142 -12.9142 0
      vertex -26.4142 -24.0858 0
    endloop
  endfacet
  facet normal 0 0 -1
    outer loop
      vertex -26.5867 -24.2825 0
      vertex -26.5867 -12.7175 0
      vertex -26.4142 -12.9142 0
    endloop
  endfacet
  facet normal 0 0 -1
    outer loop
      vertex -26.732 -24.5 0
      vertex -26.5867 -12.7175 0
      vertex -26.5867 -24.2825 0
    endloop
  endfacet
  facet normal 0 0 -1
    outer loop
      vertex -26.732 -24.5 0
      vertex -26.732 -12.5 0
      vertex -26.5867 -12.7175 0
    endloop
  endfacet
  facet normal 0 0 -1
    outer loop
      vertex -26.8478 -24.7346 0
      vertex -26.732 -12.5 0
      vertex -26.732 -24.5 0
    endloop
  endfacet
  facet normal 0 0 -1
    outer loop
      vertex -26.8478 -24.7346 0
      vertex -26.8478 -12.2654 0
      vertex -26.732 -12.5 0
    endloop
  endfacet
  facet normal 0 0 -1
    outer loop
      vertex -47.3832 -33.3303 0
      vertex -27 -25.5 0
      vertex -47.3096 -33.5471 0
    endloop
  endfacet
  facet normal 0 0 -1
    outer loop
      vertex -47.4845 -33.125 0
      vertex -27 -25.5 0
      vertex -47.3832 -33.3303 0
    endloop
  endfacet
  facet normal 0 0 -1
    outer loop
      vertex -27 -34.5 0
      vertex -47.3096 -33.5471 0
      vertex -27 -25.5 0
    endloop
  endfacet
  facet normal 0 0 -1
    outer loop
      vertex -47.6116 -32.9347 0
      vertex -27 -25.5 0
      vertex -47.4845 -33.125 0
    endloop
  endfacet
  facet normal 0 0 -1
    outer loop
      vertex -47.3096 -33.5471 0
      vertex -27 -34.5 0
      vertex -47.265 -33.7716 0
    endloop
  endfacet
  facet normal 0 0 -1
    outer loop
      vertex -47.7626 -32.7626 0
      vertex -27 -25.5 0
      vertex -47.6116 -32.9347 0
    endloop
  endfacet
  facet normal -0 0 -1
    outer loop
      vertex 23.5858 -12.9142 0
      vertex 20.9567 -16.1903 0
      vertex 23.4133 -12.7175 0
    endloop
  endfacet
  facet normal 0 0 -1
    outer loop
      vertex 23 2.5 0
      vertex 22.4786 18.1737 0
      vertex 22.5 18.5 0
    endloop
  endfacet
  facet normal 0 0 -1
    outer loop
      vertex 20.647 -16.0852 0
      vertex 23.4133 -12.7175 0
      vertex 20.9567 -16.1903 0
    endloop
  endfacet
  facet normal 0 0 -1
    outer loop
      vertex 23 2.5 0
      vertex 22.4148 17.853 0
      vertex 22.4786 18.1737 0
    endloop
  endfacet
  facet normal -0 0 -1
    outer loop
      vertex 23.4133 -12.7175 0
      vertex 20.647 -16.0852 0
      vertex 23.2679 -12.5 0
    endloop
  endfacet
  facet normal 0 0 -1
    outer loop
      vertex 23 2.5 0
      vertex 22.3097 17.5433 0
      vertex 22.4148 17.853 0
    endloop
  endfacet
  facet normal 0 0 -1
    outer loop
      vertex 20.3263 -16.0214 0
      vertex 23.2679 -12.5 0
      vertex 20.647 -16.0852 0
    endloop
  endfacet
  facet normal 0 0 -1
    outer loop
      vertex 23 2.5 0
      vertex 22.1651 17.25 0
      vertex 22.3097 17.5433 0
    endloop
  endfacet
  facet normal -0 0 -1
    outer loop
      vertex 23.2679 -12.5 0
      vertex 20.3263 -16.0214 0
      vertex 23.1522 -12.2654 0
    endloop
  endfacet
  facet normal 0 0 -1
    outer loop
      vertex 23 2.5 0
      vertex 21.9834 16.9781 0
      vertex 22.1651 17.25 0
    endloop
  endfacet
  facet normal -0 0 -1
    outer loop
      vertex 23.1522 -12.2654 0
      vertex 20.3263 -16.0214 0
      vertex 23.0681 -12.0176 0
    endloop
  endfacet
  facet normal 0 0 -1
    outer loop
      vertex 23 2.5 0
      vertex 21.7678 16.7322 0
      vertex 21.9834 16.9781 0
    endloop
  endfacet
  facet normal 0 0 -1
    outer loop
      vertex 20 -16 0
      vertex 23.0681 -12.0176 0
      vertex 20.3263 -16.0214 0
    endloop
  endfacet
  facet normal 0 0 -1
    outer loop
      vertex 23 2.5 0
      vertex 21.5219 16.5166 0
      vertex 21.7678 16.7322 0
    endloop
  endfacet
  facet normal -0 0 -1
    outer loop
      vertex 23.0681 -12.0176 0
      vertex 20 -16 0
      vertex 23.0171 -11.7611 0
    endloop
  endfacet
  facet normal 0 0 -1
    outer loop
      vertex 23 2.5 0
      vertex 21.25 16.3349 0
      vertex 21.5219 16.5166 0
    endloop
  endfacet
  facet normal -0 0 -1
    outer loop
      vertex 23.0171 -11.7611 0
      vertex 20 -16 0
      vertex 23 -11.5 0
    endloop
  endfacet
  facet normal 0 0 -1
    outer loop
      vertex 23 2.5 0
      vertex 20.9567 16.1903 0
      vertex 21.25 16.3349 0
    endloop
  endfacet
  facet normal -0 0 -1
    outer loop
      vertex 23 -11.5 0
      vertex 20 -16 0
      vertex 23 -2.5 0
    endloop
  endfacet
  facet normal 0 0 -1
    outer loop
      vertex 23 2.5 0
      vertex 20.647 16.0852 0
      vertex 20.9567 16.1903 0
    endloop
  endfacet
  facet normal 0 0 -1
    outer loop
      vertex -23 -2.5 0
      vertex 23 -2.5 0
      vertex 20 -16 0
    endloop
  endfacet
  facet normal 0 0 -1
    outer loop
      vertex 23 2.5 0
      vertex 20.3263 16.0214 0
      vertex 20.647 16.0852 0
    endloop
  endfacet
  facet normal 0 0 -1
    outer loop
      vertex -23.0171 -2.23895 0
      vertex 23 -2.5 0
      vertex -23 -2.5 0
    endloop
  endfacet
  facet normal 0 0 -1
    outer loop
      vertex 23 2.5 0
      vertex 20 16 0
      vertex 20.3263 16.0214 0
    endloop
  endfacet
  facet normal 0 0 -1
    outer loop
      vertex -23 -2.5 0
      vertex 20 -16 0
      vertex -20 -16 0
    endloop
  endfacet
  facet normal 0 0 -1
    outer loop
      vertex -23.0171 2.23895 0
      vertex 23.0171 2.23895 0
      vertex -23.0171 -2.23895 0
    endloop
  endfacet
  facet normal 0 0 -1
    outer loop
      vertex -23 -11.5 0
      vertex -20 -16 0
      vertex -20.3263 -16.0214 0
    endloop
  endfacet
  facet normal 0 0 -1
    outer loop
      vertex 23 2.5 0
      vertex -23 2.5 0
      vertex 20 16 0
    endloop
  endfacet
  facet normal 0 0 -1
    outer loop
      vertex -23 -11.5 0
      vertex -20.3263 -16.0214 0
      vertex -20.647 -16.0852 0
    endloop
  endfacet
  facet normal -0 0 -1
    outer loop
      vertex 20 16 0
      vertex -23 2.5 0
      vertex -20 16 0
    endloop
  endfacet
  facet normal 0 0 -1
    outer loop
      vertex -23 -11.5 0
      vertex -20.647 -16.0852 0
      vertex -20.9567 -16.1903 0
    endloop
  endfacet
  facet normal 0 0 -1
    outer loop
      vertex -23 11.5 0
      vertex -20 16 0
      vertex -23 2.5 0
    endloop
  endfacet
  facet normal 0 0 -1
    outer loop
      vertex -23 -11.5 0
      vertex -20.9567 -16.1903 0
      vertex -21.25 -16.3349 0
    endloop
  endfacet
  facet normal 0 0 -1
    outer loop
      vertex -23.0171 11.7611 0
      vertex -20 16 0
      vertex -23 11.5 0
    endloop
  endfacet
  facet normal 0 0 -1
    outer loop
      vertex -23 -11.5 0
      vertex -21.25 -16.3349 0
      vertex -21.5219 -16.5166 0
    endloop
  endfacet
  facet normal 0 0 -1
    outer loop
      vertex -23.0681 12.0176 0
      vertex -20 16 0
      vertex -23.0171 11.7611 0
    endloop
  endfacet
  facet normal 0 0 -1
    outer loop
      vertex -23 -11.5 0
      vertex -21.5219 -16.5166 0
      vertex -21.7678 -16.7322 0
    endloop
  endfacet
  facet normal -0 0 -1
    outer loop
      vertex -20 16 0
      vertex -23.0681 12.0176 0
      vertex -20.3263 16.0214 0
    endloop
  endfacet
  facet normal 0 0 -1
    outer loop
      vertex -23 -11.5 0
      vertex -21.7678 -16.7322 0
      vertex -21.9834 -16.9781 0
    endloop
  endfacet
  facet normal 0 0 -1
    outer loop
      vertex -23.1522 12.2654 0
      vertex -20.3263 16.0214 0
      vertex -23.0681 12.0176 0
    endloop
  endfacet
  facet normal 0 0 -1
    outer loop
      vertex -23 -11.5 0
      vertex -21.9834 -16.9781 0
      vertex -22.1651 -17.25 0
    endloop
  endfacet
  facet normal 0 0 -1
    outer loop
      vertex -23.2679 12.5 0
      vertex -20.3263 16.0214 0
      vertex -23.1522 12.2654 0
    endloop
  endfacet
  facet normal 0 0 -1
    outer loop
      vertex -23 -11.5 0
      vertex -22.1651 -17.25 0
      vertex -22.3097 -17.5433 0
    endloop
  endfacet
  facet normal -0 0 -1
    outer loop
      vertex -20.3263 16.0214 0
      vertex -23.2679 12.5 0
      vertex -20.647 16.0852 0
    endloop
  endfacet
  facet normal 0 0 -1
    outer loop
      vertex -23 -11.5 0
      vertex -22.3097 -17.5433 0
      vertex -22.4148 -17.853 0
    endloop
  endfacet
  facet normal 0 0 -1
    outer loop
      vertex -23.4133 12.7175 0
      vertex -20.647 16.0852 0
      vertex -23.2679 12.5 0
    endloop
  endfacet
  facet normal 0 0 -1
    outer loop
      vertex -23 -11.5 0
      vertex -22.4148 -17.853 0
      vertex -22.4786 -18.1737 0
    endloop
  endfacet
  facet normal -0 0 -1
    outer loop
      vertex -20.647 16.0852 0
      vertex -23.4133 12.7175 0
      vertex -20.9567 16.1903 0
    endloop
  endfacet
  facet normal 0 0 -1
    outer loop
      vertex -23 -11.5 0
      vertex -22.4786 -18.1737 0
      vertex -22.5 -18.5 0
    endloop
  endfacet
  facet normal 0 0 -1
    outer loop
      vertex -23.5858 12.9142 0
      vertex -20.9567 16.1903 0
      vertex -23.4133 12.7175 0
    endloop
  endfacet
  facet normal 0 0 -1
    outer loop
      vertex 26.8478 12.2654 0
      vertex 48.3303 32.3832 0
      vertex 26.9319 12.0176 0
    endloop
  endfacet
  facet normal 0 0 -1
    outer loop
      vertex 48.125 32.4845 0
      vertex 26.9829 25.2389 0
      vertex 27 25.5 0
    endloop
  endfacet
  facet normal -0 0 -1
    outer loop
      vertex 48.3303 32.3832 0
      vertex 26.8478 12.2654 0
      vertex 48.125 32.4845 0
    endloop
  endfacet
  facet normal 0 0 -1
    outer loop
      vertex 48.125 32.4845 0
      vertex 26.9319 24.9824 0
      vertex 26.9829 25.2389 0
    endloop
  endfacet
  facet normal 0 0 -1
    outer loop
      vertex 26.8478 24.7346 0
      vertex 48.125 32.4845 0
      vertex 26.8478 12.2654 0
    endloop
  endfacet
  facet normal 0 0 -1
    outer loop
      vertex 48.125 32.4845 0
      vertex 26.8478 24.7346 0
      vertex 26.9319 24.9824 0
    endloop
  endfacet
  facet normal 0 0 -1
    outer loop
      vertex 26.732 12.5 0
      vertex 26.8478 24.7346 0
      vertex 26.8478 12.2654 0
    endloop
  endfacet
  facet normal 0 0 -1
    outer loop
      vertex 26.732 12.5 0
      vertex 26.732 24.5 0
      vertex 26.8478 24.7346 0
    endloop
  endfacet
  facet normal 0 0 -1
    outer loop
      vertex 26.5867 12.7175 0
      vertex 26.732 24.5 0
      vertex 26.732 12.5 0
    endloop
  endfacet
  facet normal 0 0 -1
    outer loop
      vertex 26.5867 12.7175 0
      vertex 26.5867 24.2825 0
      vertex 26.732 24.5 0
    endloop
  endfacet
  facet normal 0 0 -1
    outer loop
      vertex 26.4142 12.9142 0
      vertex 26.5867 24.2825 0
      vertex 26.5867 12.7175 0
    endloop
  endfacet
  facet normal 0 0 -1
    outer loop
      vertex 26.4142 12.9142 0
      vertex 26.4142 24.0858 0
      vertex 26.5867 24.2825 0
    endloop
  endfacet
  facet normal 0 0 -1
    outer loop
      vertex 26.2175 13.0867 0
      vertex 26.4142 24.0858 0
      vertex 26.4142 12.9142 0
    endloop
  endfacet
  facet normal 0 0 -1
    outer loop
      vertex 26.2175 13.0867 0
      vertex 26.2175 23.9133 0
      vertex 26.4142 24.0858 0
    endloop
  endfacet
  facet normal 0 0 -1
    outer loop
      vertex 26 13.232 0
      vertex 26.2175 23.9133 0
      vertex 26.2175 13.0867 0
    endloop
  endfacet
  facet normal 0 0 -1
    outer loop
      vertex 26 13.232 0
      vertex 26 23.7679 0
      vertex 26.2175 23.9133 0
    endloop
  endfacet
  facet normal 0 0 -1
    outer loop
      vertex 25.7654 13.3478 0
      vertex 26 23.7679 0
      vertex 26 13.232 0
    endloop
  endfacet
  facet normal 0 0 -1
    outer loop
      vertex 25.7654 13.3478 0
      vertex 25.7654 23.6522 0
      vertex 26 23.7679 0
    endloop
  endfacet
  facet normal 0 0 -1
    outer loop
      vertex 22.5 18.5 0
      vertex 25.7654 13.3478 0
      vertex 25.5176 13.4319 0
    endloop
  endfacet
  facet normal 0 0 -1
    outer loop
      vertex 25.7654 13.3478 0
      vertex 22.5 18.5 0
      vertex 25.7654 23.6522 0
    endloop
  endfacet
  facet normal 0 0 -1
    outer loop
      vertex 22.5 18.5 0
      vertex 25.5176 13.4319 0
      vertex 25.2611 13.4829 0
    endloop
  endfacet
  facet normal 0 0 -1
    outer loop
      vertex 22.4786 18.8263 0
      vertex 25.7654 23.6522 0
      vertex 22.5 18.5 0
    endloop
  endfacet
  facet normal 0 0 -1
    outer loop
      vertex 22.5 18.5 0
      vertex 25.2611 13.4829 0
      vertex 25 13.5 0
    endloop
  endfacet
  facet normal 0 0 -1
    outer loop
      vertex 25.7654 23.6522 0
      vertex 22.4786 18.8263 0
      vertex 25.5176 23.5681 0
    endloop
  endfacet
  facet normal 0 0 -1
    outer loop
      vertex 22.5 18.5 0
      vertex 25 13.5 0
      vertex 24.7389 13.4829 0
    endloop
  endfacet
  facet normal 0 0 -1
    outer loop
      vertex 22.4148 19.147 0
      vertex 25.5176 23.5681 0
      vertex 22.4786 18.8263 0
    endloop
  endfacet
  facet normal 0 0 -1
    outer loop
      vertex 22.5 18.5 0
      vertex 24.7389 13.4829 0
      vertex 24.4824 13.4319 0
    endloop
  endfacet
  facet normal 0 0 -1
    outer loop
      vertex 25.5176 23.5681 0
      vertex 22.4148 19.147 0
      vertex 25.2611 23.5171 0
    endloop
  endfacet
  facet normal 0 0 -1
    outer loop
      vertex 22.5 18.5 0
      vertex 24.4824 13.4319 0
      vertex 24.2346 13.3478 0
    endloop
  endfacet
  facet normal 0 0 -1
    outer loop
      vertex 22.3097 19.4567 0
      vertex 25.2611 23.5171 0
      vertex 22.4148 19.147 0
    endloop
  endfacet
  facet normal 0 0 -1
    outer loop
      vertex 22.5 18.5 0
      vertex 24.2346 13.3478 0
      vertex 24 13.232 0
    endloop
  endfacet
  facet normal 0 0 -1
    outer loop
      vertex 25.2611 23.5171 0
      vertex 22.3097 19.4567 0
      vertex 25 23.5 0
    endloop
  endfacet
  facet normal 0 0 -1
    outer loop
      vertex 22.5 18.5 0
      vertex 24 13.232 0
      vertex 23.7825 13.0867 0
    endloop
  endfacet
  facet normal -0 0 -1
    outer loop
      vertex 25 23.5 0
      vertex 22.3097 19.4567 0
      vertex 24.7389 23.5171 0
    endloop
  endfacet
  facet normal 0 0 -1
    outer loop
      vertex 22.5 18.5 0
      vertex 23.7825 13.0867 0
      vertex 23.5858 12.9142 0
    endloop
  endfacet
  facet normal 0 0 -1
    outer loop
      vertex 22.1651 19.75 0
      vertex 24.7389 23.5171 0
      vertex 22.3097 19.4567 0
    endloop
  endfacet
  facet normal 0 0 -1
    outer loop
      vertex 22.5 18.5 0
      vertex 23.5858 12.9142 0
      vertex 23.4133 12.7175 0
    endloop
  endfacet
  facet normal -0 0 -1
    outer loop
      vertex 24.7389 23.5171 0
      vertex 22.1651 19.75 0
      vertex 24.4824 23.5681 0
    endloop
  endfacet
  facet normal 0 0 -1
    outer loop
      vertex 22.5 18.5 0
      vertex 23.4133 12.7175 0
      vertex 23.2679 12.5 0
    endloop
  endfacet
  facet normal 0 0 -1
    outer loop
      vertex 21.9834 20.0219 0
      vertex 24.4824 23.5681 0
      vertex 22.1651 19.75 0
    endloop
  endfacet
  facet normal 0 0 -1
    outer loop
      vertex 22.5 18.5 0
      vertex 23.2679 12.5 0
      vertex 23.1522 12.2654 0
    endloop
  endfacet
  facet normal -0 0 -1
    outer loop
      vertex 24.4824 23.5681 0
      vertex 21.9834 20.0219 0
      vertex 24.2346 23.6522 0
    endloop
  endfacet
  facet normal 0 0 -1
    outer loop
      vertex 22.5 18.5 0
      vertex 23.1522 12.2654 0
      vertex 23.0681 12.0176 0
    endloop
  endfacet
  facet normal 0 0 -1
    outer loop
      vertex 21.7678 20.2678 0
      vertex 24.2346 23.6522 0
      vertex 21.9834 20.0219 0
    endloop
  endfacet
  facet normal 0 0 -1
    outer loop
      vertex 22.5 18.5 0
      vertex 23.0681 12.0176 0
      vertex 23.0171 11.7611 0
    endloop
  endfacet
  facet normal -0 0 -1
    outer loop
      vertex 24.2346 23.6522 0
      vertex 21.7678 20.2678 0
      vertex 24 23.7679 0
    endloop
  endfacet
  facet normal 0 0 -1
    outer loop
      vertex 22.5 18.5 0
      vertex 23.0171 11.7611 0
      vertex 23 11.5 0
    endloop
  endfacet
  facet normal 0 0 -1
    outer loop
      vertex 21.5219 20.4834 0
      vertex 24 23.7679 0
      vertex 21.7678 20.2678 0
    endloop
  endfacet
  facet normal 0 0 -1
    outer loop
      vertex 26.9829 -2.23895 0
      vertex 27 2.5 0
      vertex 27 -2.5 0
    endloop
  endfacet
  facet normal 0 0 -1
    outer loop
      vertex 26.9829 -2.23895 0
      vertex 26.9829 2.23895 0
      vertex 27 2.5 0
    endloop
  endfacet
  facet normal 0 0 -1
    outer loop
      vertex 26.9319 -1.98236 0
      vertex 26.9829 2.23895 0
      vertex 26.9829 -2.23895 0
    endloop
  endfacet
  facet normal 0 0 -1
    outer loop
      vertex 26.9319 -1.98236 0
      vertex 26.9319 1.98236 0
      vertex 26.9829 2.23895 0
    endloop
  endfacet
  facet normal 0 0 -1
    outer loop
      vertex 26.8478 -1.73463 0
      vertex 26.9319 1.98236 0
      vertex 26.9319 -1.98236 0
    endloop
  endfacet
  facet normal 0 0 -1
    outer loop
      vertex 26.8478 -1.73463 0
      vertex 26.8478 1.73463 0
      vertex 26.9319 1.98236 0
    endloop
  endfacet
  facet normal 0 0 -1
    outer loop
      vertex 26.732 -1.5 0
      vertex 26.8478 1.73463 0
      vertex 26.8478 -1.73463 0
    endloop
  endfacet
  facet normal 0 0 -1
    outer loop
      vertex 26.732 -1.5 0
      vertex 26.732 1.5 0
      vertex 26.8478 1.73463 0
    endloop
  endfacet
  facet normal 0 0 -1
    outer loop
      vertex 26.5867 -1.28248 0
      vertex 26.732 1.5 0
      vertex 26.732 -1.5 0
    endloop
  endfacet
  facet normal 0 0 -1
    outer loop
      vertex 26.5867 -1.28248 0
      vertex 26.5867 1.28248 0
      vertex 26.732 1.5 0
    endloop
  endfacet
  facet normal 0 0 -1
    outer loop
      vertex 26.4142 -1.08579 0
      vertex 26.5867 1.28248 0
      vertex 26.5867 -1.28248 0
    endloop
  endfacet
  facet normal 0 0 -1
    outer loop
      vertex 26.4142 -1.08579 0
      vertex 26.4142 1.08579 0
      vertex 26.5867 1.28248 0
    endloop
  endfacet
  facet normal 0 0 -1
    outer loop
      vertex 26.2175 -0.913293 0
      vertex 26.4142 1.08579 0
      vertex 26.4142 -1.08579 0
    endloop
  endfacet
  facet normal 0 0 -1
    outer loop
      vertex 26.2175 -0.913293 0
      vertex 26.2175 0.913293 0
      vertex 26.4142 1.08579 0
    endloop
  endfacet
  facet normal 0 0 -1
    outer loop
      vertex 26 -0.767949 0
      vertex 26.2175 0.913293 0
      vertex 26.2175 -0.913293 0
    endloop
  endfacet
  facet normal 0 0 -1
    outer loop
      vertex 26 -0.767949 0
      vertex 26 0.767949 0
      vertex 26.2175 0.913293 0
    endloop
  endfacet
  facet normal 0 0 -1
    outer loop
      vertex 25.7654 -0.652241 0
      vertex 26 0.767949 0
      vertex 26 -0.767949 0
    endloop
  endfacet
  facet normal 0 0 -1
    outer loop
      vertex 25.7654 -0.652241 0
      vertex 25.7654 0.652241 0
      vertex 26 0.767949 0
    endloop
  endfacet
  facet normal 0 0 -1
    outer loop
      vertex 25.5176 -0.568148 0
      vertex 25.7654 0.652241 0
      vertex 25.7654 -0.652241 0
    endloop
  endfacet
  facet normal 0 0 -1
    outer loop
      vertex 25.5176 -0.568148 0
      vertex 25.5176 0.568148 0
      vertex 25.7654 0.652241 0
    endloop
  endfacet
  facet normal 0 0 -1
    outer loop
      vertex 25.2611 -0.51711 0
      vertex 25.5176 0.568148 0
      vertex 25.5176 -0.568148 0
    endloop
  endfacet
  facet normal 0 0 -1
    outer loop
      vertex 25.2611 -0.51711 0
      vertex 25.2611 0.51711 0
      vertex 25.5176 0.568148 0
    endloop
  endfacet
  facet normal 0 0 -1
    outer loop
      vertex 25 -0.5 0
      vertex 25.2611 0.51711 0
      vertex 25.2611 -0.51711 0
    endloop
  endfacet
  facet normal 0 0 -1
    outer loop
      vertex 25 -0.5 0
      vertex 25 0.5 0
      vertex 25.2611 0.51711 0
    endloop
  endfacet
  facet normal 0 0 -1
    outer loop
      vertex 24.7389 -0.51711 0
      vertex 25 0.5 0
      vertex 25 -0.5 0
    endloop
  endfacet
  facet normal 0 0 -1
    outer loop
      vertex 24.7389 -0.51711 0
      vertex 24.7389 0.51711 0
      vertex 25 0.5 0
    endloop
  endfacet
  facet normal 0 0 -1
    outer loop
      vertex 24.4824 -0.568148 0
      vertex 24.7389 0.51711 0
      vertex 24.7389 -0.51711 0
    endloop
  endfacet
  facet normal 0 0 -1
    outer loop
      vertex 24.4824 -0.568148 0
      vertex 24.4824 0.568148 0
      vertex 24.7389 0.51711 0
    endloop
  endfacet
  facet normal 0 0 -1
    outer loop
      vertex 24.2346 -0.652241 0
      vertex 24.4824 0.568148 0
      vertex 24.4824 -0.568148 0
    endloop
  endfacet
  facet normal 0 0 -1
    outer loop
      vertex 24.2346 -0.652241 0
      vertex 24.2346 0.652241 0
      vertex 24.4824 0.568148 0
    endloop
  endfacet
  facet normal 0 0 -1
    outer loop
      vertex 24 -0.767949 0
      vertex 24.2346 0.652241 0
      vertex 24.2346 -0.652241 0
    endloop
  endfacet
  facet normal 0 0 -1
    outer loop
      vertex 24 -0.767949 0
      vertex 24 0.767949 0
      vertex 24.2346 0.652241 0
    endloop
  endfacet
  facet normal 0 0 -1
    outer loop
      vertex 23.7825 -0.913293 0
      vertex 24 0.767949 0
      vertex 24 -0.767949 0
    endloop
  endfacet
  facet normal 0 0 -1
    outer loop
      vertex 23.7825 -0.913293 0
      vertex 23.7825 0.913293 0
      vertex 24 0.767949 0
    endloop
  endfacet
  facet normal 0 0 -1
    outer loop
      vertex 23.5858 -1.08579 0
      vertex 23.7825 0.913293 0
      vertex 23.7825 -0.913293 0
    endloop
  endfacet
  facet normal 0 0 -1
    outer loop
      vertex 23.5858 -1.08579 0
      vertex 23.5858 1.08579 0
      vertex 23.7825 0.913293 0
    endloop
  endfacet
  facet normal 0 0 -1
    outer loop
      vertex 23.4133 -1.28248 0
      vertex 23.5858 1.08579 0
      vertex 23.5858 -1.08579 0
    endloop
  endfacet
  facet normal 0 0 -1
    outer loop
      vertex 23.4133 -1.28248 0
      vertex 23.4133 1.28248 0
      vertex 23.5858 1.08579 0
    endloop
  endfacet
  facet normal 0 0 -1
    outer loop
      vertex 23.2679 -1.5 0
      vertex 23.4133 1.28248 0
      vertex 23.4133 -1.28248 0
    endloop
  endfacet
  facet normal 0 0 -1
    outer loop
      vertex 23.2679 -1.5 0
      vertex 23.2679 1.5 0
      vertex 23.4133 1.28248 0
    endloop
  endfacet
  facet normal 0 0 -1
    outer loop
      vertex 23.1522 -1.73463 0
      vertex 23.2679 1.5 0
      vertex 23.2679 -1.5 0
    endloop
  endfacet
  facet normal 0 0 -1
    outer loop
      vertex 23.1522 -1.73463 0
      vertex 23.1522 1.73463 0
      vertex 23.2679 1.5 0
    endloop
  endfacet
  facet normal 0 0 -1
    outer loop
      vertex 23.0681 -1.98236 0
      vertex 23.1522 1.73463 0
      vertex 23.1522 -1.73463 0
    endloop
  endfacet
  facet normal 0 0 -1
    outer loop
      vertex 23.0681 -1.98236 0
      vertex 23.0681 1.98236 0
      vertex 23.1522 1.73463 0
    endloop
  endfacet
  facet normal 0 0 -1
    outer loop
      vertex 23.0171 -2.23895 0
      vertex 23.0681 1.98236 0
      vertex 23.0681 -1.98236 0
    endloop
  endfacet
  facet normal 0 0 -1
    outer loop
      vertex 23.0171 -2.23895 0
      vertex 23.0171 2.23895 0
      vertex 23.0681 1.98236 0
    endloop
  endfacet
  facet normal 0 0 -1
    outer loop
      vertex -23.0171 -2.23895 0
      vertex 23.0171 -2.23895 0
      vertex 23 -2.5 0
    endloop
  endfacet
  facet normal 0 0 -1
    outer loop
      vertex 23.0171 -2.23895 0
      vertex -23.0171 -2.23895 0
      vertex 23.0171 2.23895 0
    endloop
  endfacet
  facet normal 0 0 -1
    outer loop
      vertex 47.9347 -32.6116 0
      vertex 26.9319 -24.9824 0
      vertex 48.125 -32.4845 0
    endloop
  endfacet
  facet normal 0 0 -1
    outer loop
      vertex 48.125 -32.4845 0
      vertex 26.9829 -11.7611 0
      vertex 27 -11.5 0
    endloop
  endfacet
  facet normal 0 0 -1
    outer loop
      vertex 26.8478 -24.7346 0
      vertex 48.125 -32.4845 0
      vertex 26.9319 -24.9824 0
    endloop
  endfacet
  facet normal 0 0 -1
    outer loop
      vertex 48.125 -32.4845 0
      vertex 26.9319 -12.0176 0
      vertex 26.9829 -11.7611 0
    endloop
  endfacet
  facet normal 0 0 -1
    outer loop
      vertex 26.8478 -12.2654 0
      vertex 48.125 -32.4845 0
      vertex 26.8478 -24.7346 0
    endloop
  endfacet
  facet normal 0 0 -1
    outer loop
      vertex 48.125 -32.4845 0
      vertex 26.8478 -12.2654 0
      vertex 26.9319 -12.0176 0
    endloop
  endfacet
  facet normal 0 0 -1
    outer loop
      vertex 26.732 -24.5 0
      vertex 26.8478 -12.2654 0
      vertex 26.8478 -24.7346 0
    endloop
  endfacet
  facet normal 0 0 -1
    outer loop
      vertex 26.732 -24.5 0
      vertex 26.732 -12.5 0
      vertex 26.8478 -12.2654 0
    endloop
  endfacet
  facet normal 0 0 -1
    outer loop
      vertex 26.5867 -24.2825 0
      vertex 26.732 -12.5 0
      vertex 26.732 -24.5 0
    endloop
  endfacet
  facet normal 0 0 -1
    outer loop
      vertex 26.5867 -24.2825 0
      vertex 26.5867 -12.7175 0
      vertex 26.732 -12.5 0
    endloop
  endfacet
  facet normal 0 0 -1
    outer loop
      vertex 26.4142 -24.0858 0
      vertex 26.5867 -12.7175 0
      vertex 26.5867 -24.2825 0
    endloop
  endfacet
  facet normal 0 0 -1
    outer loop
      vertex 26.4142 -24.0858 0
      vertex 26.4142 -12.9142 0
      vertex 26.5867 -12.7175 0
    endloop
  endfacet
  facet normal 0 0 -1
    outer loop
      vertex 26.2175 -23.9133 0
      vertex 26.4142 -12.9142 0
      vertex 26.4142 -24.0858 0
    endloop
  endfacet
  facet normal 0 0 -1
    outer loop
      vertex 26.2175 -23.9133 0
      vertex 26.2175 -13.0867 0
      vertex 26.4142 -12.9142 0
    endloop
  endfacet
  facet normal 0 0 -1
    outer loop
      vertex 26 -23.7679 0
      vertex 26.2175 -13.0867 0
      vertex 26.2175 -23.9133 0
    endloop
  endfacet
  facet normal 0 0 -1
    outer loop
      vertex 26 -23.7679 0
      vertex 26 -13.232 0
      vertex 26.2175 -13.0867 0
    endloop
  endfacet
  facet normal 0 0 -1
    outer loop
      vertex 25.7654 -23.6522 0
      vertex 26 -13.232 0
      vertex 26 -23.7679 0
    endloop
  endfacet
  facet normal 0 0 -1
    outer loop
      vertex 25.7654 -23.6522 0
      vertex 25.7654 -13.3478 0
      vertex 26 -13.232 0
    endloop
  endfacet
  facet normal 0 0 -1
    outer loop
      vertex 22.4786 -18.8263 0
      vertex 25.7654 -23.6522 0
      vertex 25.5176 -23.5681 0
    endloop
  endfacet
  facet normal 0 0 -1
    outer loop
      vertex 25.7654 -23.6522 0
      vertex 22.5 -18.5 0
      vertex 25.7654 -13.3478 0
    endloop
  endfacet
  facet normal 0 0 -1
    outer loop
      vertex 22.4148 -19.147 0
      vertex 25.5176 -23.5681 0
      vertex 25.2611 -23.5171 0
    endloop
  endfacet
  facet normal 0 0 -1
    outer loop
      vertex 22.4786 -18.1737 0
      vertex 25.7654 -13.3478 0
      vertex 22.5 -18.5 0
    endloop
  endfacet
  facet normal 0 0 -1
    outer loop
      vertex 22.3097 -19.4567 0
      vertex 25.2611 -23.5171 0
      vertex 25 -23.5 0
    endloop
  endfacet
  facet normal 0 0 -1
    outer loop
      vertex 25.7654 -13.3478 0
      vertex 22.4786 -18.1737 0
      vertex 25.5176 -13.4319 0
    endloop
  endfacet
  facet normal 0 0 -1
    outer loop
      vertex 22.3097 -19.4567 0
      vertex 25 -23.5 0
      vertex 24.7389 -23.5171 0
    endloop
  endfacet
  facet normal 0 0 -1
    outer loop
      vertex 22.4148 -17.853 0
      vertex 25.5176 -13.4319 0
      vertex 22.4786 -18.1737 0
    endloop
  endfacet
  facet normal 0 0 -1
    outer loop
      vertex 22.1651 -19.75 0
      vertex 24.7389 -23.5171 0
      vertex 24.4824 -23.5681 0
    endloop
  endfacet
  facet normal 0 0 -1
    outer loop
      vertex 25.5176 -13.4319 0
      vertex 22.4148 -17.853 0
      vertex 25.2611 -13.4829 0
    endloop
  endfacet
  facet normal 0 0 -1
    outer loop
      vertex 21.9834 -20.0219 0
      vertex 24.4824 -23.5681 0
      vertex 24.2346 -23.6522 0
    endloop
  endfacet
  facet normal 0 0 -1
    outer loop
      vertex 22.3097 -17.5433 0
      vertex 25.2611 -13.4829 0
      vertex 22.4148 -17.853 0
    endloop
  endfacet
  facet normal 0 0 -1
    outer loop
      vertex 21.7678 -20.2678 0
      vertex 24.2346 -23.6522 0
      vertex 24 -23.7679 0
    endloop
  endfacet
  facet normal 0 0 -1
    outer loop
      vertex 25.2611 -13.4829 0
      vertex 22.3097 -17.5433 0
      vertex 25 -13.5 0
    endloop
  endfacet
  facet normal 0 0 -1
    outer loop
      vertex 21.5219 -20.4834 0
      vertex 24 -23.7679 0
      vertex 23.7825 -23.9133 0
    endloop
  endfacet
  facet normal -0 0 -1
    outer loop
      vertex 25 -13.5 0
      vertex 22.3097 -17.5433 0
      vertex 24.7389 -13.4829 0
    endloop
  endfacet
  facet normal 0 0 -1
    outer loop
      vertex 21.25 -20.6651 0
      vertex 23.7825 -23.9133 0
      vertex 23.5858 -24.0858 0
    endloop
  endfacet
  facet normal 0 0 -1
    outer loop
      vertex 22.1651 -17.25 0
      vertex 24.7389 -13.4829 0
      vertex 22.3097 -17.5433 0
    endloop
  endfacet
  facet normal 0 0 -1
    outer loop
      vertex 20.9567 -20.8097 0
      vertex 23.5858 -24.0858 0
      vertex 23.4133 -24.2825 0
    endloop
  endfacet
  facet normal -0 0 -1
    outer loop
      vertex 24.7389 -13.4829 0
      vertex 22.1651 -17.25 0
      vertex 24.4824 -13.4319 0
    endloop
  endfacet
  facet normal 0 0 -1
    outer loop
      vertex 20.647 -20.9148 0
      vertex 23.4133 -24.2825 0
      vertex 23.2679 -24.5 0
    endloop
  endfacet
  facet normal 0 0 -1
    outer loop
      vertex 21.9834 -16.9781 0
      vertex 24.4824 -13.4319 0
      vertex 22.1651 -17.25 0
    endloop
  endfacet
  facet normal 0 0 -1
    outer loop
      vertex 20.3263 -20.9786 0
      vertex 23.2679 -24.5 0
      vertex 23.1522 -24.7346 0
    endloop
  endfacet
  facet normal -0 0 -1
    outer loop
      vertex 24.4824 -13.4319 0
      vertex 21.9834 -16.9781 0
      vertex 24.2346 -13.3478 0
    endloop
  endfacet
  facet normal 0 0 -1
    outer loop
      vertex 20.3263 -20.9786 0
      vertex 23.1522 -24.7346 0
      vertex 23.0681 -24.9824 0
    endloop
  endfacet
  facet normal 0 0 -1
    outer loop
      vertex 21.7678 -16.7322 0
      vertex 24.2346 -13.3478 0
      vertex 21.9834 -16.9781 0
    endloop
  endfacet
  facet normal 0 0 -1
    outer loop
      vertex 20 -21 0
      vertex 23.0681 -24.9824 0
      vertex 23.0171 -25.2389 0
    endloop
  endfacet
  facet normal -0 0 -1
    outer loop
      vertex 24.2346 -13.3478 0
      vertex 21.7678 -16.7322 0
      vertex 24 -13.232 0
    endloop
  endfacet
  facet normal 0 0 -1
    outer loop
      vertex 20 -21 0
      vertex 23.0171 -25.2389 0
      vertex 23 -25.5 0
    endloop
  endfacet
  facet normal 0 0 -1
    outer loop
      vertex 21.5219 -16.5166 0
      vertex 24 -13.232 0
      vertex 21.7678 -16.7322 0
    endloop
  endfacet
  facet normal 0 0 -1
    outer loop
      vertex 53 -34.5 0
      vertex 52.6904 -33.5471 0
      vertex 53 34.5 0
    endloop
  endfacet
  facet normal 0 0 -1
    outer loop
      vertex 53 34.5 0
      vertex 52.735 33.7716 0
      vertex 52.75 34 0
    endloop
  endfacet
  facet normal 0 0 -1
    outer loop
      vertex 52.6904 33.5471 0
      vertex 53 34.5 0
      vertex 52.6904 -33.5471 0
    endloop
  endfacet
  facet normal 0 0 -1
    outer loop
      vertex 53 34.5 0
      vertex 52.6904 33.5471 0
      vertex 52.735 33.7716 0
    endloop
  endfacet
  facet normal 0 0 -1
    outer loop
      vertex 52.6168 -33.3303 0
      vertex 52.6904 33.5471 0
      vertex 52.6904 -33.5471 0
    endloop
  endfacet
  facet normal 0 0 -1
    outer loop
      vertex 52.6168 -33.3303 0
      vertex 52.6168 33.3303 0
      vertex 52.6904 33.5471 0
    endloop
  endfacet
  facet normal 0 0 -1
    outer loop
      vertex 52.5155 -33.125 0
      vertex 52.6168 33.3303 0
      vertex 52.6168 -33.3303 0
    endloop
  endfacet
  facet normal 0 0 -1
    outer loop
      vertex 52.5155 -33.125 0
      vertex 52.5155 33.125 0
      vertex 52.6168 33.3303 0
    endloop
  endfacet
  facet normal 0 0 -1
    outer loop
      vertex 52.3884 -32.9347 0
      vertex 52.5155 33.125 0
      vertex 52.5155 -33.125 0
    endloop
  endfacet
  facet normal 0 0 -1
    outer loop
      vertex 52.3884 -32.9347 0
      vertex 52.3884 32.9347 0
      vertex 52.5155 33.125 0
    endloop
  endfacet
  facet normal 0 0 -1
    outer loop
      vertex 52.2374 -32.7626 0
      vertex 52.3884 32.9347 0
      vertex 52.3884 -32.9347 0
    endloop
  endfacet
  facet normal 0 0 -1
    outer loop
      vertex 52.2374 -32.7626 0
      vertex 52.2374 32.7626 0
      vertex 52.3884 32.9347 0
    endloop
  endfacet
  facet normal 0 0 -1
    outer loop
      vertex 52.0653 -32.6116 0
      vertex 52.2374 32.7626 0
      vertex 52.2374 -32.7626 0
    endloop
  endfacet
  facet normal 0 0 -1
    outer loop
      vertex 52.0653 -32.6116 0
      vertex 52.0653 32.6116 0
      vertex 52.2374 32.7626 0
    endloop
  endfacet
  facet normal 0 0 -1
    outer loop
      vertex 51.875 -32.4845 0
      vertex 52.0653 32.6116 0
      vertex 52.0653 -32.6116 0
    endloop
  endfacet
  facet normal 0 0 -1
    outer loop
      vertex 51.875 -32.4845 0
      vertex 51.875 32.4845 0
      vertex 52.0653 32.6116 0
    endloop
  endfacet
  facet normal 0 0 -1
    outer loop
      vertex 51.6697 -32.3832 0
      vertex 51.875 32.4845 0
      vertex 51.875 -32.4845 0
    endloop
  endfacet
  facet normal 0 0 -1
    outer loop
      vertex 51.6697 -32.3832 0
      vertex 51.6697 32.3832 0
      vertex 51.875 32.4845 0
    endloop
  endfacet
  facet normal 0 0 -1
    outer loop
      vertex 51.4529 -32.3096 0
      vertex 51.6697 32.3832 0
      vertex 51.6697 -32.3832 0
    endloop
  endfacet
  facet normal 0 0 -1
    outer loop
      vertex 51.4529 -32.3096 0
      vertex 51.4529 32.3096 0
      vertex 51.6697 32.3832 0
    endloop
  endfacet
  facet normal 0 0 -1
    outer loop
      vertex 27 -2.5 0
      vertex 51.4529 -32.3096 0
      vertex 51.2284 -32.265 0
    endloop
  endfacet
  facet normal 0 0 -1
    outer loop
      vertex 51.4529 -32.3096 0
      vertex 27 -2.5 0
      vertex 51.4529 32.3096 0
    endloop
  endfacet
  facet normal 0 0 -1
    outer loop
      vertex 27 -2.5 0
      vertex 51.2284 -32.265 0
      vertex 51 -32.25 0
    endloop
  endfacet
  facet normal 0 0 -1
    outer loop
      vertex 27 2.5 0
      vertex 51.4529 32.3096 0
      vertex 27 -2.5 0
    endloop
  endfacet
  facet normal 0 0 -1
    outer loop
      vertex 27 -11.5 0
      vertex 51 -32.25 0
      vertex 49 -32.25 0
    endloop
  endfacet
  facet normal 0 0 -1
    outer loop
      vertex 51.4529 32.3096 0
      vertex 27 2.5 0
      vertex 51.2284 32.265 0
    endloop
  endfacet
  facet normal 0 0 -1
    outer loop
      vertex 27 -11.5 0
      vertex 49 -32.25 0
      vertex 48.7716 -32.265 0
    endloop
  endfacet
  facet normal 0 0 -1
    outer loop
      vertex 51.2284 32.265 0
      vertex 27 2.5 0
      vertex 51 32.25 0
    endloop
  endfacet
  facet normal 0 0 -1
    outer loop
      vertex 27 -11.5 0
      vertex 48.7716 -32.265 0
      vertex 48.5471 -32.3096 0
    endloop
  endfacet
  facet normal 0 0 -1
    outer loop
      vertex 27 11.5 0
      vertex 51 32.25 0
      vertex 27 2.5 0
    endloop
  endfacet
  facet normal 0 0 -1
    outer loop
      vertex 27 -11.5 0
      vertex 48.5471 -32.3096 0
      vertex 48.3303 -32.3832 0
    endloop
  endfacet
  facet normal -0 0 -1
    outer loop
      vertex 51 32.25 0
      vertex 27 11.5 0
      vertex 49 32.25 0
    endloop
  endfacet
  facet normal 0 0 -1
    outer loop
      vertex 27 -11.5 0
      vertex 48.3303 -32.3832 0
      vertex 48.125 -32.4845 0
    endloop
  endfacet
  facet normal -0 0 -1
    outer loop
      vertex 49 32.25 0
      vertex 27 11.5 0
      vertex 48.7716 32.265 0
    endloop
  endfacet
  facet normal 0 0 -1
    outer loop
      vertex 47.7626 -32.7626 0
      vertex 26.9829 -25.2389 0
      vertex 47.9347 -32.6116 0
    endloop
  endfacet
  facet normal 0 0 -1
    outer loop
      vertex 26.9829 11.7611 0
      vertex 48.7716 32.265 0
      vertex 27 11.5 0
    endloop
  endfacet
  facet normal 0 0 -1
    outer loop
      vertex 26.9829 -25.2389 0
      vertex 47.7626 -32.7626 0
      vertex 27 -25.5 0
    endloop
  endfacet
  facet normal -0 0 -1
    outer loop
      vertex 48.7716 32.265 0
      vertex 26.9829 11.7611 0
      vertex 48.5471 32.3096 0
    endloop
  endfacet
  facet normal 0 0 -1
    outer loop
      vertex 27 -25.5 0
      vertex 47.7626 -32.7626 0
      vertex 47.6116 -32.9347 0
    endloop
  endfacet
  facet normal 0 0 -1
    outer loop
      vertex 26.9319 12.0176 0
      vertex 48.5471 32.3096 0
      vertex 26.9829 11.7611 0
    endloop
  endfacet
  facet normal 0 0 -1
    outer loop
      vertex 27 -25.5 0
      vertex 47.6116 -32.9347 0
      vertex 47.4845 -33.125 0
    endloop
  endfacet
  facet normal -0 0 -1
    outer loop
      vertex 48.5471 32.3096 0
      vertex 26.9319 12.0176 0
      vertex 48.3303 32.3832 0
    endloop
  endfacet
  facet normal 0 0 -1
    outer loop
      vertex 27 -25.5 0
      vertex 47.4845 -33.125 0
      vertex 47.3832 -33.3303 0
    endloop
  endfacet
  facet normal -0 0 -1
    outer loop
      vertex 48.125 32.4845 0
      vertex 27 25.5 0
      vertex 47.9347 32.6116 0
    endloop
  endfacet
  facet normal 0 0 -1
    outer loop
      vertex 27 -25.5 0
      vertex 47.3832 -33.3303 0
      vertex 47.3096 -33.5471 0
    endloop
  endfacet
  facet normal -0 0 -1
    outer loop
      vertex 47.9347 32.6116 0
      vertex 27 25.5 0
      vertex 47.7626 32.7626 0
    endloop
  endfacet
  facet normal 0 0 -1
    outer loop
      vertex 27 -34.5 0
      vertex 47.3096 -33.5471 0
      vertex 47.265 -33.7716 0
    endloop
  endfacet
  facet normal -0 0 -1
    outer loop
      vertex 47.7626 32.7626 0
      vertex 27 25.5 0
      vertex 47.6116 32.9347 0
    endloop
  endfacet
  facet normal 0 0 -1
    outer loop
      vertex 27 -34.5 0
      vertex 47.265 -33.7716 0
      vertex 47.25 -34 0
    endloop
  endfacet
  facet normal -0 0 -1
    outer loop
      vertex 47.6116 32.9347 0
      vertex 27 25.5 0
      vertex 47.4845 33.125 0
    endloop
  endfacet
  facet normal 0 0 -1
    outer loop
      vertex 52.6168 -34.6697 0
      vertex 53 -34.5 0
      vertex 52.9743 -34.8916 0
    endloop
  endfacet
  facet normal 0 0 -1
    outer loop
      vertex 52.735 -33.7716 0
      vertex 53 -34.5 0
      vertex 52.75 -34 0
    endloop
  endfacet
  facet normal 0 0 -1
    outer loop
      vertex 52.5155 -34.875 0
      vertex 52.9743 -34.8916 0
      vertex 52.8978 -35.2765 0
    endloop
  endfacet
  facet normal 0 0 -1
    outer loop
      vertex 52.6904 -33.5471 0
      vertex 53 -34.5 0
      vertex 52.735 -33.7716 0
    endloop
  endfacet
  facet normal 0 0 -1
    outer loop
      vertex 52.3884 -35.0653 0
      vertex 52.8978 -35.2765 0
      vertex 52.7716 -35.6481 0
    endloop
  endfacet
  facet normal 0 0 -1
    outer loop
      vertex 52.735 34.2284 0
      vertex 53 34.5 0
      vertex 52.75 34 0
    endloop
  endfacet
  facet normal 0 0 -1
    outer loop
      vertex 52.6904 34.4529 0
      vertex 53 34.5 0
      vertex 52.735 34.2284 0
    endloop
  endfacet
  facet normal 0 0 -1
    outer loop
      vertex 53 -34.5 0
      vertex 52.735 -34.2284 0
      vertex 52.75 -34 0
    endloop
  endfacet
  facet normal 0 0 -1
    outer loop
      vertex 53 -34.5 0
      vertex 52.6904 -34.4529 0
      vertex 52.735 -34.2284 0
    endloop
  endfacet
  facet normal -0 0 -1
    outer loop
      vertex 53 -34.5 0
      vertex 52.6168 -34.6697 0
      vertex 52.6904 -34.4529 0
    endloop
  endfacet
  facet normal 0 0 -1
    outer loop
      vertex 52.0653 -35.3884 0
      vertex 52.7716 -35.6481 0
      vertex 52.5981 -36 0
    endloop
  endfacet
  facet normal 0 0 -1
    outer loop
      vertex 52.9743 -34.8916 0
      vertex 52.5155 -34.875 0
      vertex 52.6168 -34.6697 0
    endloop
  endfacet
  facet normal 0 0 -1
    outer loop
      vertex 52.8978 -35.2765 0
      vertex 52.3884 -35.0653 0
      vertex 52.5155 -34.875 0
    endloop
  endfacet
  facet normal 0 0 -1
    outer loop
      vertex 51.875 -35.5155 0
      vertex 52.5981 -36 0
      vertex 52.3801 -36.3263 0
    endloop
  endfacet
  facet normal 0 0 -1
    outer loop
      vertex 52.7716 -35.6481 0
      vertex 52.2374 -35.2374 0
      vertex 52.3884 -35.0653 0
    endloop
  endfacet
  facet normal 0 0 -1
    outer loop
      vertex 51.6697 -35.6168 0
      vertex 52.3801 -36.3263 0
      vertex 52.1213 -36.6213 0
    endloop
  endfacet
  facet normal 0 0 -1
    outer loop
      vertex 52.7716 -35.6481 0
      vertex 52.0653 -35.3884 0
      vertex 52.2374 -35.2374 0
    endloop
  endfacet
  facet normal 0 0 -1
    outer loop
      vertex 52.5981 -36 0
      vertex 51.875 -35.5155 0
      vertex 52.0653 -35.3884 0
    endloop
  endfacet
  facet normal 0 0 -1
    outer loop
      vertex 51.4529 -35.6904 0
      vertex 52.1213 -36.6213 0
      vertex 51.8263 -36.8801 0
    endloop
  endfacet
  facet normal 0 0 -1
    outer loop
      vertex 52.3801 -36.3263 0
      vertex 51.6697 -35.6168 0
      vertex 51.875 -35.5155 0
    endloop
  endfacet
  facet normal 0 0 -1
    outer loop
      vertex 51.2284 -35.735 0
      vertex 51.8263 -36.8801 0
      vertex 51.5 -37.0981 0
    endloop
  endfacet
  facet normal 0 0 -1
    outer loop
      vertex 52.1213 -36.6213 0
      vertex 51.4529 -35.6904 0
      vertex 51.6697 -35.6168 0
    endloop
  endfacet
  facet normal 0 0 -1
    outer loop
      vertex 51.8263 -36.8801 0
      vertex 51.2284 -35.735 0
      vertex 51.4529 -35.6904 0
    endloop
  endfacet
  facet normal 0 0 -1
    outer loop
      vertex 51 -35.75 0
      vertex 51.5 -37.0981 0
      vertex 51.1481 -37.2716 0
    endloop
  endfacet
  facet normal 0 0 -1
    outer loop
      vertex 51.5 -37.0981 0
      vertex 51 -35.75 0
      vertex 51.2284 -35.735 0
    endloop
  endfacet
  facet normal 0 0 -1
    outer loop
      vertex 50.7765 -37.3978 0
      vertex 51 -35.75 0
      vertex 51.1481 -37.2716 0
    endloop
  endfacet
  facet normal 0 0 -1
    outer loop
      vertex 50.3916 -37.4743 0
      vertex 51 -35.75 0
      vertex 50.7765 -37.3978 0
    endloop
  endfacet
  facet normal 0 0 -1
    outer loop
      vertex 50 -37.5 0
      vertex 51 -35.75 0
      vertex 50.3916 -37.4743 0
    endloop
  endfacet
  facet normal 0 0 -1
    outer loop
      vertex 50 -37.5 0
      vertex 49 -35.75 0
      vertex 51 -35.75 0
    endloop
  endfacet
  facet normal 0 0 -1
    outer loop
      vertex 50 -37.5 0
      vertex 48.7716 -35.735 0
      vertex 49 -35.75 0
    endloop
  endfacet
  facet normal 0 0 -1
    outer loop
      vertex 50 -37.5 0
      vertex 48.5471 -35.6904 0
      vertex 48.7716 -35.735 0
    endloop
  endfacet
  facet normal 0 0 -1
    outer loop
      vertex 50 -37.5 0
      vertex 48.3303 -35.6168 0
      vertex 48.5471 -35.6904 0
    endloop
  endfacet
  facet normal 0 0 -1
    outer loop
      vertex 50 -37.5 0
      vertex 48.125 -35.5155 0
      vertex 48.3303 -35.6168 0
    endloop
  endfacet
  facet normal 0 0 -1
    outer loop
      vertex 50 -37.5 0
      vertex 47.9347 -35.3884 0
      vertex 48.125 -35.5155 0
    endloop
  endfacet
  facet normal 0 0 -1
    outer loop
      vertex 26.4142 -35.9142 0
      vertex 47.9347 -35.3884 0
      vertex 50 -37.5 0
    endloop
  endfacet
  facet normal -0 0 -1
    outer loop
      vertex 47.3096 -33.5471 0
      vertex 27 -34.5 0
      vertex 27 -25.5 0
    endloop
  endfacet
  facet normal -0 0 -1
    outer loop
      vertex 47.265 -34.2284 0
      vertex 27 -34.5 0
      vertex 47.25 -34 0
    endloop
  endfacet
  facet normal 0 0 -1
    outer loop
      vertex 26.9829 -34.7611 0
      vertex 47.265 -34.2284 0
      vertex 47.3096 -34.4529 0
    endloop
  endfacet
  facet normal 0 0 -1
    outer loop
      vertex 26.9319 -35.0176 0
      vertex 47.3096 -34.4529 0
      vertex 47.3832 -34.6697 0
    endloop
  endfacet
  facet normal 0 0 -1
    outer loop
      vertex 26.8478 -35.2654 0
      vertex 47.3832 -34.6697 0
      vertex 47.4845 -34.875 0
    endloop
  endfacet
  facet normal 0 0 -1
    outer loop
      vertex 26.732 -35.5 0
      vertex 47.4845 -34.875 0
      vertex 47.6116 -35.0653 0
    endloop
  endfacet
  facet normal 0 0 -1
    outer loop
      vertex 26.5867 -35.7175 0
      vertex 47.6116 -35.0653 0
      vertex 47.7626 -35.2374 0
    endloop
  endfacet
  facet normal -0 0 -1
    outer loop
      vertex 47.9347 -35.3884 0
      vertex 26.4142 -35.9142 0
      vertex 47.7626 -35.2374 0
    endloop
  endfacet
  facet normal 0 0 -1
    outer loop
      vertex 47.265 -34.2284 0
      vertex 26.9829 -34.7611 0
      vertex 27 -34.5 0
    endloop
  endfacet
  facet normal 0 0 -1
    outer loop
      vertex 47.3096 -34.4529 0
      vertex 26.9319 -35.0176 0
      vertex 26.9829 -34.7611 0
    endloop
  endfacet
  facet normal 0 0 -1
    outer loop
      vertex 47.3832 -34.6697 0
      vertex 26.8478 -35.2654 0
      vertex 26.9319 -35.0176 0
    endloop
  endfacet
  facet normal 0 0 -1
    outer loop
      vertex 47.4845 -34.875 0
      vertex 26.732 -35.5 0
      vertex 26.8478 -35.2654 0
    endloop
  endfacet
  facet normal 0 0 -1
    outer loop
      vertex 47.6116 -35.0653 0
      vertex 26.5867 -35.7175 0
      vertex 26.732 -35.5 0
    endloop
  endfacet
  facet normal 0 0 -1
    outer loop
      vertex 47.7626 -35.2374 0
      vertex 26.4142 -35.9142 0
      vertex 26.5867 -35.7175 0
    endloop
  endfacet
  facet normal 0 0 -1
    outer loop
      vertex 50 -37.5 0
      vertex 26.2175 -36.0867 0
      vertex 26.4142 -35.9142 0
    endloop
  endfacet
  facet normal 0 0 -1
    outer loop
      vertex 50 -37.5 0
      vertex 26 -36.232 0
      vertex 26.2175 -36.0867 0
    endloop
  endfacet
  facet normal 0 0 -1
    outer loop
      vertex 50 -37.5 0
      vertex 25.7654 -36.3478 0
      vertex 26 -36.232 0
    endloop
  endfacet
  facet normal 0 0 -1
    outer loop
      vertex 50 -37.5 0
      vertex 25.5176 -36.4319 0
      vertex 25.7654 -36.3478 0
    endloop
  endfacet
  facet normal 0 0 -1
    outer loop
      vertex 50 -37.5 0
      vertex 25.2611 -36.4829 0
      vertex 25.5176 -36.4319 0
    endloop
  endfacet
  facet normal 0 0 -1
    outer loop
      vertex 50 -37.5 0
      vertex 25 -36.5 0
      vertex 25.2611 -36.4829 0
    endloop
  endfacet
  facet normal 0 0 -1
    outer loop
      vertex 20 -21 0
      vertex 23 -25.5 0
      vertex 23 -34.5 0
    endloop
  endfacet
  facet normal -0 0 -1
    outer loop
      vertex 24 -13.232 0
      vertex 21.5219 -16.5166 0
      vertex 23.7825 -13.0867 0
    endloop
  endfacet
  facet normal 0 0 -1
    outer loop
      vertex 21.25 -16.3349 0
      vertex 23.7825 -13.0867 0
      vertex 21.5219 -16.5166 0
    endloop
  endfacet
  facet normal -0 0 -1
    outer loop
      vertex 23.7825 -13.0867 0
      vertex 21.25 -16.3349 0
      vertex 23.5858 -12.9142 0
    endloop
  endfacet
  facet normal 0 0 -1
    outer loop
      vertex 20.9567 -16.1903 0
      vertex 23.5858 -12.9142 0
      vertex 21.25 -16.3349 0
    endloop
  endfacet
  facet normal 0 0 -1
    outer loop
      vertex 23 2.5 0
      vertex 22.5 18.5 0
      vertex 23 11.5 0
    endloop
  endfacet
  facet normal -0 0 -1
    outer loop
      vertex 24 23.7679 0
      vertex 21.5219 20.4834 0
      vertex 23.7825 23.9133 0
    endloop
  endfacet
  facet normal 0 0 -1
    outer loop
      vertex 25.7654 -23.6522 0
      vertex 22.4786 -18.8263 0
      vertex 22.5 -18.5 0
    endloop
  endfacet
  facet normal 0 0 -1
    outer loop
      vertex 25.5176 -23.5681 0
      vertex 22.4148 -19.147 0
      vertex 22.4786 -18.8263 0
    endloop
  endfacet
  facet normal 0 0 -1
    outer loop
      vertex 25.2611 -23.5171 0
      vertex 22.3097 -19.4567 0
      vertex 22.4148 -19.147 0
    endloop
  endfacet
  facet normal 0 0 -1
    outer loop
      vertex 24.7389 -23.5171 0
      vertex 22.1651 -19.75 0
      vertex 22.3097 -19.4567 0
    endloop
  endfacet
  facet normal 0 0 -1
    outer loop
      vertex 24.4824 -23.5681 0
      vertex 21.9834 -20.0219 0
      vertex 22.1651 -19.75 0
    endloop
  endfacet
  facet normal 0 0 -1
    outer loop
      vertex -23 -34.5 0
      vertex 23 -34.5 0
      vertex 23.0171 -34.7611 0
    endloop
  endfacet
  facet normal 0 0 -1
    outer loop
      vertex 24.2346 -23.6522 0
      vertex 21.7678 -20.2678 0
      vertex 21.9834 -20.0219 0
    endloop
  endfacet
  facet normal 0 0 -1
    outer loop
      vertex 24 -23.7679 0
      vertex 21.5219 -20.4834 0
      vertex 21.7678 -20.2678 0
    endloop
  endfacet
  facet normal 0 0 -1
    outer loop
      vertex 23.7825 -23.9133 0
      vertex 21.25 -20.6651 0
      vertex 21.5219 -20.4834 0
    endloop
  endfacet
  facet normal 0 0 -1
    outer loop
      vertex 23.5858 -24.0858 0
      vertex 20.9567 -20.8097 0
      vertex 21.25 -20.6651 0
    endloop
  endfacet
  facet normal 0 0 -1
    outer loop
      vertex 23.4133 -24.2825 0
      vertex 20.647 -20.9148 0
      vertex 20.9567 -20.8097 0
    endloop
  endfacet
  facet normal 0 0 -1
    outer loop
      vertex 23.2679 -24.5 0
      vertex 20.3263 -20.9786 0
      vertex 20.647 -20.9148 0
    endloop
  endfacet
  facet normal 0 0 -1
    outer loop
      vertex 23.0681 -24.9824 0
      vertex 20 -21 0
      vertex 20.3263 -20.9786 0
    endloop
  endfacet
  facet normal 0 0 -1
    outer loop
      vertex -23.0171 -34.7611 0
      vertex 23.0171 -34.7611 0
      vertex 23.0681 -35.0176 0
    endloop
  endfacet
  facet normal 0 0 -1
    outer loop
      vertex 23 -34.5 0
      vertex -20 -21 0
      vertex 20 -21 0
    endloop
  endfacet
  facet normal 0 0 -1
    outer loop
      vertex -23.0681 -35.0176 0
      vertex 23.0681 -35.0176 0
      vertex 23.1522 -35.2654 0
    endloop
  endfacet
  facet normal 0 0 -1
    outer loop
      vertex -23.1522 -35.2654 0
      vertex 23.1522 -35.2654 0
      vertex 23.2679 -35.5 0
    endloop
  endfacet
  facet normal 0 0 -1
    outer loop
      vertex -23.2679 -35.5 0
      vertex 23.2679 -35.5 0
      vertex 23.4133 -35.7175 0
    endloop
  endfacet
  facet normal 0 0 -1
    outer loop
      vertex -23.4133 -35.7175 0
      vertex 23.4133 -35.7175 0
      vertex 23.5858 -35.9142 0
    endloop
  endfacet
  facet normal 0 0 -1
    outer loop
      vertex -23.5858 -35.9142 0
      vertex 23.5858 -35.9142 0
      vertex 23.7825 -36.0867 0
    endloop
  endfacet
  facet normal 0 0 -1
    outer loop
      vertex -23.7825 -36.0867 0
      vertex 23.7825 -36.0867 0
      vertex 24 -36.232 0
    endloop
  endfacet
  facet normal 0 0 -1
    outer loop
      vertex -24 -36.232 0
      vertex 24 -36.232 0
      vertex 24.2346 -36.3478 0
    endloop
  endfacet
  facet normal 0 0 -1
    outer loop
      vertex 23 -34.5 0
      vertex -23 -34.5 0
      vertex -20 -21 0
    endloop
  endfacet
  facet normal 0 0 -1
    outer loop
      vertex -23 -25.5 0
      vertex -20 -21 0
      vertex -23 -34.5 0
    endloop
  endfacet
  facet normal 0 0 -1
    outer loop
      vertex -23.0171 -25.2389 0
      vertex -20 -21 0
      vertex -23 -25.5 0
    endloop
  endfacet
  facet normal -0 0 -1
    outer loop
      vertex -21.25 -20.6651 0
      vertex -23.7825 -23.9133 0
      vertex -21.5219 -20.4834 0
    endloop
  endfacet
  facet normal 0 0 -1
    outer loop
      vertex -23.7825 -23.9133 0
      vertex -21.25 -20.6651 0
      vertex -23.5858 -24.0858 0
    endloop
  endfacet
  facet normal -0 0 -1
    outer loop
      vertex -20.9567 -20.8097 0
      vertex -23.5858 -24.0858 0
      vertex -21.25 -20.6651 0
    endloop
  endfacet
  facet normal 0 0 -1
    outer loop
      vertex -23.5858 -24.0858 0
      vertex -20.9567 -20.8097 0
      vertex -23.4133 -24.2825 0
    endloop
  endfacet
  facet normal -0 0 -1
    outer loop
      vertex -20.647 -20.9148 0
      vertex -23.4133 -24.2825 0
      vertex -20.9567 -20.8097 0
    endloop
  endfacet
  facet normal 0 0 -1
    outer loop
      vertex -23.4133 -24.2825 0
      vertex -20.647 -20.9148 0
      vertex -23.2679 -24.5 0
    endloop
  endfacet
  facet normal -0 0 -1
    outer loop
      vertex -20.3263 -20.9786 0
      vertex -23.2679 -24.5 0
      vertex -20.647 -20.9148 0
    endloop
  endfacet
  facet normal 0 0 -1
    outer loop
      vertex -23.2679 -24.5 0
      vertex -20.3263 -20.9786 0
      vertex -23.1522 -24.7346 0
    endloop
  endfacet
  facet normal 0 0 -1
    outer loop
      vertex -23.1522 -24.7346 0
      vertex -20.3263 -20.9786 0
      vertex -23.0681 -24.9824 0
    endloop
  endfacet
  facet normal -0 0 -1
    outer loop
      vertex -20 -21 0
      vertex -23.0681 -24.9824 0
      vertex -20.3263 -20.9786 0
    endloop
  endfacet
  facet normal 0 0 -1
    outer loop
      vertex -23.0681 -24.9824 0
      vertex -20 -21 0
      vertex -23.0171 -25.2389 0
    endloop
  endfacet
  facet normal 0 0 -1
    outer loop
      vertex -24.2346 -36.3478 0
      vertex 24.2346 -36.3478 0
      vertex 24.4824 -36.4319 0
    endloop
  endfacet
  facet normal 0 0 -1
    outer loop
      vertex -24.4824 -36.4319 0
      vertex 24.4824 -36.4319 0
      vertex 24.7389 -36.4829 0
    endloop
  endfacet
  facet normal 0 0 -1
    outer loop
      vertex -24.7389 -36.4829 0
      vertex 24.7389 -36.4829 0
      vertex 25 -36.5 0
    endloop
  endfacet
  facet normal 0 0 -1
    outer loop
      vertex 23.0171 -34.7611 0
      vertex -23.0171 -34.7611 0
      vertex -23 -34.5 0
    endloop
  endfacet
  facet normal 0 0 -1
    outer loop
      vertex -25 -36.5 0
      vertex 25 -36.5 0
      vertex 50 -37.5 0
    endloop
  endfacet
  facet normal 0 0 -1
    outer loop
      vertex 23.0681 -35.0176 0
      vertex -23.0681 -35.0176 0
      vertex -23.0171 -34.7611 0
    endloop
  endfacet
  facet normal 0 0 -1
    outer loop
      vertex 23.1522 -35.2654 0
      vertex -23.1522 -35.2654 0
      vertex -23.0681 -35.0176 0
    endloop
  endfacet
  facet normal 0 0 -1
    outer loop
      vertex 23.2679 -35.5 0
      vertex -23.2679 -35.5 0
      vertex -23.1522 -35.2654 0
    endloop
  endfacet
  facet normal 0 0 -1
    outer loop
      vertex 23.4133 -35.7175 0
      vertex -23.4133 -35.7175 0
      vertex -23.2679 -35.5 0
    endloop
  endfacet
  facet normal 0 0 -1
    outer loop
      vertex 23.5858 -35.9142 0
      vertex -23.5858 -35.9142 0
      vertex -23.4133 -35.7175 0
    endloop
  endfacet
  facet normal 0 0 -1
    outer loop
      vertex 23.7825 -36.0867 0
      vertex -23.7825 -36.0867 0
      vertex -23.5858 -35.9142 0
    endloop
  endfacet
  facet normal 0 0 -1
    outer loop
      vertex 24 -36.232 0
      vertex -24 -36.232 0
      vertex -23.7825 -36.0867 0
    endloop
  endfacet
  facet normal 0 0 -1
    outer loop
      vertex 24.2346 -36.3478 0
      vertex -24.2346 -36.3478 0
      vertex -24 -36.232 0
    endloop
  endfacet
  facet normal 0 0 -1
    outer loop
      vertex 24.4824 -36.4319 0
      vertex -24.4824 -36.4319 0
      vertex -24.2346 -36.3478 0
    endloop
  endfacet
  facet normal 0 0 -1
    outer loop
      vertex 24.7389 -36.4829 0
      vertex -24.7389 -36.4829 0
      vertex -24.4824 -36.4319 0
    endloop
  endfacet
  facet normal 0 0 -1
    outer loop
      vertex 25 -36.5 0
      vertex -25 -36.5 0
      vertex -24.7389 -36.4829 0
    endloop
  endfacet
  facet normal 0 0 -1
    outer loop
      vertex -47.265 -33.7716 0
      vertex -27 -34.5 0
      vertex -47.25 -34 0
    endloop
  endfacet
  facet normal -0 0 -1
    outer loop
      vertex -27 -25.5 0
      vertex -47.7626 -32.7626 0
      vertex -26.9829 -25.2389 0
    endloop
  endfacet
  facet normal 0 0 -1
    outer loop
      vertex -47.9347 -32.6116 0
      vertex -26.9829 -25.2389 0
      vertex -47.7626 -32.7626 0
    endloop
  endfacet
  facet normal -0 0 -1
    outer loop
      vertex -26.9829 -25.2389 0
      vertex -47.9347 -32.6116 0
      vertex -26.9319 -24.9824 0
    endloop
  endfacet
  facet normal 0 0 -1
    outer loop
      vertex -48.125 -32.4845 0
      vertex -26.9319 -24.9824 0
      vertex -47.9347 -32.6116 0
    endloop
  endfacet
  facet normal 0 0 -1
    outer loop
      vertex -27 2.5 0
      vertex -47.25 34 0
      vertex -27 11.5 0
    endloop
  endfacet
  facet normal 0 0 -1
    outer loop
      vertex -26.9829 25.2389 0
      vertex -47.25 34 0
      vertex -27 25.5 0
    endloop
  endfacet
  facet normal 0 0 -1
    outer loop
      vertex -47.265 -34.2284 0
      vertex -27 -34.5 0
      vertex -26.9829 -34.7611 0
    endloop
  endfacet
  facet normal 0 0 -1
    outer loop
      vertex -47.3096 -34.4529 0
      vertex -26.9829 -34.7611 0
      vertex -26.9319 -35.0176 0
    endloop
  endfacet
  facet normal 0 0 -1
    outer loop
      vertex -47.3832 -34.6697 0
      vertex -26.9319 -35.0176 0
      vertex -26.8478 -35.2654 0
    endloop
  endfacet
  facet normal 0 0 -1
    outer loop
      vertex -47.4845 -34.875 0
      vertex -26.8478 -35.2654 0
      vertex -26.732 -35.5 0
    endloop
  endfacet
  facet normal 0 0 -1
    outer loop
      vertex -47.6116 -35.0653 0
      vertex -26.732 -35.5 0
      vertex -26.5867 -35.7175 0
    endloop
  endfacet
  facet normal 0 0 -1
    outer loop
      vertex -47.7626 -35.2374 0
      vertex -26.5867 -35.7175 0
      vertex -26.4142 -35.9142 0
    endloop
  endfacet
  facet normal 0 0 -1
    outer loop
      vertex -50 -37.5 0
      vertex -26.4142 -35.9142 0
      vertex -26.2175 -36.0867 0
    endloop
  endfacet
  facet normal 0 0 -1
    outer loop
      vertex -50 -37.5 0
      vertex -26.2175 -36.0867 0
      vertex -26 -36.232 0
    endloop
  endfacet
  facet normal 0 0 -1
    outer loop
      vertex -50 -37.5 0
      vertex -26 -36.232 0
      vertex -25.7654 -36.3478 0
    endloop
  endfacet
  facet normal 0 0 -1
    outer loop
      vertex -50 -37.5 0
      vertex -25.7654 -36.3478 0
      vertex -25.5176 -36.4319 0
    endloop
  endfacet
  facet normal 0 0 -1
    outer loop
      vertex -50 -37.5 0
      vertex -25.5176 -36.4319 0
      vertex -25.2611 -36.4829 0
    endloop
  endfacet
  facet normal 0 0 -1
    outer loop
      vertex -27 -34.5 0
      vertex -47.265 -34.2284 0
      vertex -47.25 -34 0
    endloop
  endfacet
  facet normal 0 0 -1
    outer loop
      vertex -26.9829 -34.7611 0
      vertex -47.3096 -34.4529 0
      vertex -47.265 -34.2284 0
    endloop
  endfacet
  facet normal 0 0 -1
    outer loop
      vertex -26.9319 -35.0176 0
      vertex -47.3832 -34.6697 0
      vertex -47.3096 -34.4529 0
    endloop
  endfacet
  facet normal 0 0 -1
    outer loop
      vertex -26.8478 -35.2654 0
      vertex -47.4845 -34.875 0
      vertex -47.3832 -34.6697 0
    endloop
  endfacet
  facet normal 0 0 -1
    outer loop
      vertex -26.732 -35.5 0
      vertex -47.6116 -35.0653 0
      vertex -47.4845 -34.875 0
    endloop
  endfacet
  facet normal 0 0 -1
    outer loop
      vertex -50 -37.5 0
      vertex -25.2611 -36.4829 0
      vertex -25 -36.5 0
    endloop
  endfacet
  facet normal 0 0 -1
    outer loop
      vertex -26.5867 -35.7175 0
      vertex -47.7626 -35.2374 0
      vertex -47.6116 -35.0653 0
    endloop
  endfacet
  facet normal 0 0 -1
    outer loop
      vertex -26.4142 -35.9142 0
      vertex -47.9347 -35.3884 0
      vertex -47.7626 -35.2374 0
    endloop
  endfacet
  facet normal -0 0 -1
    outer loop
      vertex -26.4142 -35.9142 0
      vertex -50 -37.5 0
      vertex -47.9347 -35.3884 0
    endloop
  endfacet
  facet normal 0 0 -1
    outer loop
      vertex -47.9347 -35.3884 0
      vertex -50 -37.5 0
      vertex -48.125 -35.5155 0
    endloop
  endfacet
  facet normal 0 0 -1
    outer loop
      vertex -48.125 -35.5155 0
      vertex -50 -37.5 0
      vertex -48.3303 -35.6168 0
    endloop
  endfacet
  facet normal 0 0 -1
    outer loop
      vertex -48.3303 -35.6168 0
      vertex -50 -37.5 0
      vertex -48.5471 -35.6904 0
    endloop
  endfacet
  facet normal 0 0 -1
    outer loop
      vertex -48.5471 -35.6904 0
      vertex -50 -37.5 0
      vertex -48.7716 -35.735 0
    endloop
  endfacet
  facet normal 0 0 -1
    outer loop
      vertex -50 -37.5 0
      vertex -25 -36.5 0
      vertex 50 -37.5 0
    endloop
  endfacet
  facet normal 0 0 -1
    outer loop
      vertex -48.7716 -35.735 0
      vertex -50 -37.5 0
      vertex -49 -35.75 0
    endloop
  endfacet
  facet normal 0 0 -1
    outer loop
      vertex -51 -35.75 0
      vertex -50 -37.5 0
      vertex -50.3916 -37.4743 0
    endloop
  endfacet
  facet normal 0 0 -1
    outer loop
      vertex -51 -35.75 0
      vertex -50.3916 -37.4743 0
      vertex -50.7765 -37.3978 0
    endloop
  endfacet
  facet normal 0 0 -1
    outer loop
      vertex -50 -37.5 0
      vertex -51 -35.75 0
      vertex -49 -35.75 0
    endloop
  endfacet
  facet normal 0 0 -1
    outer loop
      vertex -51.1481 -37.2716 0
      vertex -51 -35.75 0
      vertex -50.7765 -37.3978 0
    endloop
  endfacet
  facet normal 0 0 -1
    outer loop
      vertex -51.5 -37.0981 0
      vertex -51 -35.75 0
      vertex -51.1481 -37.2716 0
    endloop
  endfacet
  facet normal -0 0 -1
    outer loop
      vertex -51 -35.75 0
      vertex -51.5 -37.0981 0
      vertex -51.2284 -35.735 0
    endloop
  endfacet
  facet normal 0 0 -1
    outer loop
      vertex -51.8263 -36.8801 0
      vertex -51.2284 -35.735 0
      vertex -51.5 -37.0981 0
    endloop
  endfacet
  facet normal -0 0 -1
    outer loop
      vertex -51.2284 -35.735 0
      vertex -51.8263 -36.8801 0
      vertex -51.4529 -35.6904 0
    endloop
  endfacet
  facet normal 0 0 -1
    outer loop
      vertex -52.1213 -36.6213 0
      vertex -51.4529 -35.6904 0
      vertex -51.8263 -36.8801 0
    endloop
  endfacet
  facet normal -0 0 -1
    outer loop
      vertex -51.4529 -35.6904 0
      vertex -52.1213 -36.6213 0
      vertex -51.6697 -35.6168 0
    endloop
  endfacet
  facet normal 0 0 -1
    outer loop
      vertex -52.3801 -36.3263 0
      vertex -51.6697 -35.6168 0
      vertex -52.1213 -36.6213 0
    endloop
  endfacet
  facet normal -0 0 -1
    outer loop
      vertex -51.6697 -35.6168 0
      vertex -52.3801 -36.3263 0
      vertex -51.875 -35.5155 0
    endloop
  endfacet
  facet normal 0 0 -1
    outer loop
      vertex -52.5981 -36 0
      vertex -51.875 -35.5155 0
      vertex -52.3801 -36.3263 0
    endloop
  endfacet
  facet normal -0 0 -1
    outer loop
      vertex -51.875 -35.5155 0
      vertex -52.5981 -36 0
      vertex -52.0653 -35.3884 0
    endloop
  endfacet
  facet normal 0 0 -1
    outer loop
      vertex -52.7716 -35.6481 0
      vertex -52.0653 -35.3884 0
      vertex -52.5981 -36 0
    endloop
  endfacet
  facet normal -0 0 -1
    outer loop
      vertex -52.0653 -35.3884 0
      vertex -52.7716 -35.6481 0
      vertex -52.2374 -35.2374 0
    endloop
  endfacet
  facet normal -0 0 -1
    outer loop
      vertex -52.2374 -35.2374 0
      vertex -52.7716 -35.6481 0
      vertex -52.3884 -35.0653 0
    endloop
  endfacet
  facet normal 0 0 -1
    outer loop
      vertex -52.8978 -35.2765 0
      vertex -52.3884 -35.0653 0
      vertex -52.7716 -35.6481 0
    endloop
  endfacet
  facet normal -0 0 -1
    outer loop
      vertex -52.3884 -35.0653 0
      vertex -52.8978 -35.2765 0
      vertex -52.5155 -34.875 0
    endloop
  endfacet
  facet normal 0 0 -1
    outer loop
      vertex -52.9743 -34.8916 0
      vertex -52.5155 -34.875 0
      vertex -52.8978 -35.2765 0
    endloop
  endfacet
  facet normal 0 0 -1
    outer loop
      vertex -52.6168 -34.6697 0
      vertex -53 -34.5 0
      vertex -52.6904 -34.4529 0
    endloop
  endfacet
  facet normal 0 0 -1
    outer loop
      vertex -53 -34.5 0
      vertex -52.6168 -34.6697 0
      vertex -52.9743 -34.8916 0
    endloop
  endfacet
  facet normal -0 0 -1
    outer loop
      vertex -52.5155 -34.875 0
      vertex -52.9743 -34.8916 0
      vertex -52.6168 -34.6697 0
    endloop
  endfacet
  facet normal 0 0 -1
    outer loop
      vertex 52.6168 34.6697 0
      vertex 53 34.5 0
      vertex 52.6904 34.4529 0
    endloop
  endfacet
  facet normal 0 0 -1
    outer loop
      vertex 53 34.5 0
      vertex 52.6168 34.6697 0
      vertex 52.9743 34.8916 0
    endloop
  endfacet
  facet normal 0 0 -1
    outer loop
      vertex 52.5155 34.875 0
      vertex 52.9743 34.8916 0
      vertex 52.6168 34.6697 0
    endloop
  endfacet
  facet normal -0 0 -1
    outer loop
      vertex 52.9743 34.8916 0
      vertex 52.5155 34.875 0
      vertex 52.8978 35.2765 0
    endloop
  endfacet
  facet normal 0 0 -1
    outer loop
      vertex 52.3884 35.0653 0
      vertex 52.8978 35.2765 0
      vertex 52.5155 34.875 0
    endloop
  endfacet
  facet normal -0 0 -1
    outer loop
      vertex 52.8978 35.2765 0
      vertex 52.3884 35.0653 0
      vertex 52.7716 35.6481 0
    endloop
  endfacet
  facet normal 0 0 -1
    outer loop
      vertex 52.2374 35.2374 0
      vertex 52.7716 35.6481 0
      vertex 52.3884 35.0653 0
    endloop
  endfacet
  facet normal 0 0 -1
    outer loop
      vertex 52.0653 35.3884 0
      vertex 52.7716 35.6481 0
      vertex 52.2374 35.2374 0
    endloop
  endfacet
  facet normal -0 0 -1
    outer loop
      vertex 52.7716 35.6481 0
      vertex 52.0653 35.3884 0
      vertex 52.5981 36 0
    endloop
  endfacet
  facet normal 0 0 -1
    outer loop
      vertex 51.875 35.5155 0
      vertex 52.5981 36 0
      vertex 52.0653 35.3884 0
    endloop
  endfacet
  facet normal -0 0 -1
    outer loop
      vertex 52.5981 36 0
      vertex 51.875 35.5155 0
      vertex 52.3801 36.3263 0
    endloop
  endfacet
  facet normal 0 0 -1
    outer loop
      vertex 51.6697 35.6168 0
      vertex 52.3801 36.3263 0
      vertex 51.875 35.5155 0
    endloop
  endfacet
  facet normal -0 0 -1
    outer loop
      vertex 52.3801 36.3263 0
      vertex 51.6697 35.6168 0
      vertex 52.1213 36.6213 0
    endloop
  endfacet
  facet normal 0 0 -1
    outer loop
      vertex 51.4529 35.6904 0
      vertex 52.1213 36.6213 0
      vertex 51.6697 35.6168 0
    endloop
  endfacet
  facet normal -0 0 -1
    outer loop
      vertex 52.1213 36.6213 0
      vertex 51.4529 35.6904 0
      vertex 51.8263 36.8801 0
    endloop
  endfacet
  facet normal 0 0 -1
    outer loop
      vertex 51.2284 35.735 0
      vertex 51.8263 36.8801 0
      vertex 51.4529 35.6904 0
    endloop
  endfacet
  facet normal -0 0 -1
    outer loop
      vertex 51.8263 36.8801 0
      vertex 51.2284 35.735 0
      vertex 51.5 37.0981 0
    endloop
  endfacet
  facet normal 0 0 -1
    outer loop
      vertex 51 35.75 0
      vertex 51.5 37.0981 0
      vertex 51.2284 35.735 0
    endloop
  endfacet
  facet normal -0 0 -1
    outer loop
      vertex 51.5 37.0981 0
      vertex 51 35.75 0
      vertex 51.1481 37.2716 0
    endloop
  endfacet
  facet normal 0 0 -1
    outer loop
      vertex 51 35.75 0
      vertex 50.7765 37.3978 0
      vertex 51.1481 37.2716 0
    endloop
  endfacet
  facet normal 0 0 -1
    outer loop
      vertex 51 35.75 0
      vertex 50.3916 37.4743 0
      vertex 50.7765 37.3978 0
    endloop
  endfacet
  facet normal 0 0 -1
    outer loop
      vertex 51 35.75 0
      vertex 50 37.5 0
      vertex 50.3916 37.4743 0
    endloop
  endfacet
  facet normal 0 0 -1
    outer loop
      vertex 49 35.75 0
      vertex 50 37.5 0
      vertex 51 35.75 0
    endloop
  endfacet
  facet normal 0 0 -1
    outer loop
      vertex 48.7716 35.735 0
      vertex 50 37.5 0
      vertex 49 35.75 0
    endloop
  endfacet
  facet normal 0 0 -1
    outer loop
      vertex 48.5471 35.6904 0
      vertex 50 37.5 0
      vertex 48.7716 35.735 0
    endloop
  endfacet
  facet normal 0 0 -1
    outer loop
      vertex 48.3303 35.6168 0
      vertex 50 37.5 0
      vertex 48.5471 35.6904 0
    endloop
  endfacet
  facet normal 0 0 -1
    outer loop
      vertex 48.125 35.5155 0
      vertex 50 37.5 0
      vertex 48.3303 35.6168 0
    endloop
  endfacet
  facet normal 0 0 -1
    outer loop
      vertex 47.9347 35.3884 0
      vertex 50 37.5 0
      vertex 48.125 35.5155 0
    endloop
  endfacet
  facet normal 0 0 -1
    outer loop
      vertex 26.4142 35.9142 0
      vertex 47.9347 35.3884 0
      vertex 47.7626 35.2374 0
    endloop
  endfacet
  facet normal 0 0 -1
    outer loop
      vertex 26.9319 -24.9824 0
      vertex 47.9347 -32.6116 0
      vertex 26.9829 -25.2389 0
    endloop
  endfacet
  facet normal 0 0 -1
    outer loop
      vertex 51 -32.25 0
      vertex 27 -11.5 0
      vertex 27 -2.5 0
    endloop
  endfacet
  facet normal -0 0 -1
    outer loop
      vertex 47.4845 33.125 0
      vertex 27 25.5 0
      vertex 47.3832 33.3303 0
    endloop
  endfacet
  facet normal -0 0 -1
    outer loop
      vertex 47.3832 33.3303 0
      vertex 27 25.5 0
      vertex 47.3096 33.5471 0
    endloop
  endfacet
  facet normal 0 0 -1
    outer loop
      vertex 27 34.5 0
      vertex 47.3096 33.5471 0
      vertex 27 25.5 0
    endloop
  endfacet
  facet normal 0 0 -1
    outer loop
      vertex 47.3096 33.5471 0
      vertex 27 34.5 0
      vertex 47.265 33.7716 0
    endloop
  endfacet
  facet normal 0 0 -1
    outer loop
      vertex 47.265 33.7716 0
      vertex 27 34.5 0
      vertex 47.25 34 0
    endloop
  endfacet
  facet normal 0 0 -1
    outer loop
      vertex 47.25 34 0
      vertex 27 34.5 0
      vertex 47.265 34.2284 0
    endloop
  endfacet
  facet normal 0 0 -1
    outer loop
      vertex 26.9829 34.7611 0
      vertex 47.265 34.2284 0
      vertex 27 34.5 0
    endloop
  endfacet
  facet normal 0 0 -1
    outer loop
      vertex 47.265 34.2284 0
      vertex 26.9829 34.7611 0
      vertex 47.3096 34.4529 0
    endloop
  endfacet
  facet normal 0 0 -1
    outer loop
      vertex 26.9319 35.0176 0
      vertex 47.3096 34.4529 0
      vertex 26.9829 34.7611 0
    endloop
  endfacet
  facet normal 0 0 -1
    outer loop
      vertex 47.3096 34.4529 0
      vertex 26.9319 35.0176 0
      vertex 47.3832 34.6697 0
    endloop
  endfacet
  facet normal 0 0 -1
    outer loop
      vertex 26.8478 35.2654 0
      vertex 47.3832 34.6697 0
      vertex 26.9319 35.0176 0
    endloop
  endfacet
  facet normal 0 0 -1
    outer loop
      vertex 47.3832 34.6697 0
      vertex 26.8478 35.2654 0
      vertex 47.4845 34.875 0
    endloop
  endfacet
  facet normal 0 0 -1
    outer loop
      vertex 26.732 35.5 0
      vertex 47.4845 34.875 0
      vertex 26.8478 35.2654 0
    endloop
  endfacet
  facet normal 0 0 -1
    outer loop
      vertex 47.4845 34.875 0
      vertex 26.732 35.5 0
      vertex 47.6116 35.0653 0
    endloop
  endfacet
  facet normal 0 0 -1
    outer loop
      vertex 26.5867 35.7175 0
      vertex 47.6116 35.0653 0
      vertex 26.732 35.5 0
    endloop
  endfacet
  facet normal 0 0 -1
    outer loop
      vertex 47.6116 35.0653 0
      vertex 26.5867 35.7175 0
      vertex 47.7626 35.2374 0
    endloop
  endfacet
  facet normal 0 0 -1
    outer loop
      vertex 26.4142 35.9142 0
      vertex 47.7626 35.2374 0
      vertex 26.5867 35.7175 0
    endloop
  endfacet
  facet normal 0 0 -1
    outer loop
      vertex 47.9347 35.3884 0
      vertex 26.4142 35.9142 0
      vertex 50 37.5 0
    endloop
  endfacet
  facet normal 0 0 -1
    outer loop
      vertex 26.2175 36.0867 0
      vertex 50 37.5 0
      vertex 26.4142 35.9142 0
    endloop
  endfacet
  facet normal 0 0 -1
    outer loop
      vertex 26 36.232 0
      vertex 50 37.5 0
      vertex 26.2175 36.0867 0
    endloop
  endfacet
  facet normal 0 0 -1
    outer loop
      vertex 25.7654 36.3478 0
      vertex 50 37.5 0
      vertex 26 36.232 0
    endloop
  endfacet
  facet normal 0 0 -1
    outer loop
      vertex 25.5176 36.4319 0
      vertex 50 37.5 0
      vertex 25.7654 36.3478 0
    endloop
  endfacet
  facet normal 0 0 -1
    outer loop
      vertex 25.2611 36.4829 0
      vertex 50 37.5 0
      vertex 25.5176 36.4319 0
    endloop
  endfacet
  facet normal 0 0 -1
    outer loop
      vertex 25 36.5 0
      vertex 50 37.5 0
      vertex 25.2611 36.4829 0
    endloop
  endfacet
  facet normal 0 0 -1
    outer loop
      vertex 21.25 20.6651 0
      vertex 23.7825 23.9133 0
      vertex 21.5219 20.4834 0
    endloop
  endfacet
  facet normal -0 0 -1
    outer loop
      vertex 23.7825 23.9133 0
      vertex 21.25 20.6651 0
      vertex 23.5858 24.0858 0
    endloop
  endfacet
  facet normal 0 0 -1
    outer loop
      vertex 20.9567 20.8097 0
      vertex 23.5858 24.0858 0
      vertex 21.25 20.6651 0
    endloop
  endfacet
  facet normal -0 0 -1
    outer loop
      vertex 23.5858 24.0858 0
      vertex 20.9567 20.8097 0
      vertex 23.4133 24.2825 0
    endloop
  endfacet
  facet normal 0 0 -1
    outer loop
      vertex 20.647 20.9148 0
      vertex 23.4133 24.2825 0
      vertex 20.9567 20.8097 0
    endloop
  endfacet
  facet normal -0 0 -1
    outer loop
      vertex 23.4133 24.2825 0
      vertex 20.647 20.9148 0
      vertex 23.2679 24.5 0
    endloop
  endfacet
  facet normal 0 0 -1
    outer loop
      vertex 20.3263 20.9786 0
      vertex 23.2679 24.5 0
      vertex 20.647 20.9148 0
    endloop
  endfacet
  facet normal -0 0 -1
    outer loop
      vertex 23.2679 24.5 0
      vertex 20.3263 20.9786 0
      vertex 23.1522 24.7346 0
    endloop
  endfacet
  facet normal -0 0 -1
    outer loop
      vertex 23.1522 24.7346 0
      vertex 20.3263 20.9786 0
      vertex 23.0681 24.9824 0
    endloop
  endfacet
  facet normal 0 0 -1
    outer loop
      vertex 20 21 0
      vertex 23.0681 24.9824 0
      vertex 20.3263 20.9786 0
    endloop
  endfacet
  facet normal -0 0 -1
    outer loop
      vertex 23.0681 24.9824 0
      vertex 20 21 0
      vertex 23.0171 25.2389 0
    endloop
  endfacet
  facet normal -0 0 -1
    outer loop
      vertex 23.0171 25.2389 0
      vertex 20 21 0
      vertex 23 25.5 0
    endloop
  endfacet
  facet normal -0 0 -1
    outer loop
      vertex 23 25.5 0
      vertex 20 21 0
      vertex 23 34.5 0
    endloop
  endfacet
  facet normal 0 0 -1
    outer loop
      vertex -20 21 0
      vertex 23 34.5 0
      vertex 20 21 0
    endloop
  endfacet
  facet normal 0 0 -1
    outer loop
      vertex -23 34.5 0
      vertex 23 34.5 0
      vertex -20 21 0
    endloop
  endfacet
  facet normal 0 0 -1
    outer loop
      vertex 23 34.5 0
      vertex -23 34.5 0
      vertex 23.0171 34.7611 0
    endloop
  endfacet
  facet normal 0 0 -1
    outer loop
      vertex -23.0171 34.7611 0
      vertex 23.0171 34.7611 0
      vertex -23 34.5 0
    endloop
  endfacet
  facet normal 0 0 -1
    outer loop
      vertex 23.0171 34.7611 0
      vertex -23.0171 34.7611 0
      vertex 23.0681 35.0176 0
    endloop
  endfacet
  facet normal 0 0 -1
    outer loop
      vertex -23.0681 35.0176 0
      vertex 23.0681 35.0176 0
      vertex -23.0171 34.7611 0
    endloop
  endfacet
  facet normal 0 0 -1
    outer loop
      vertex 23.0681 35.0176 0
      vertex -23.0681 35.0176 0
      vertex 23.1522 35.2654 0
    endloop
  endfacet
  facet normal 0 0 -1
    outer loop
      vertex -23.1522 35.2654 0
      vertex 23.1522 35.2654 0
      vertex -23.0681 35.0176 0
    endloop
  endfacet
  facet normal 0 0 -1
    outer loop
      vertex 23.1522 35.2654 0
      vertex -23.1522 35.2654 0
      vertex 23.2679 35.5 0
    endloop
  endfacet
  facet normal 0 0 -1
    outer loop
      vertex -23.2679 35.5 0
      vertex 23.2679 35.5 0
      vertex -23.1522 35.2654 0
    endloop
  endfacet
  facet normal 0 0 -1
    outer loop
      vertex -23 25.5 0
      vertex -20 21 0
      vertex -20.3263 20.9786 0
    endloop
  endfacet
  facet normal 0 0 -1
    outer loop
      vertex -23 25.5 0
      vertex -20.3263 20.9786 0
      vertex -20.647 20.9148 0
    endloop
  endfacet
  facet normal 0 0 -1
    outer loop
      vertex -23 25.5 0
      vertex -20.647 20.9148 0
      vertex -20.9567 20.8097 0
    endloop
  endfacet
  facet normal 0 0 -1
    outer loop
      vertex -24 -23.7679 0
      vertex -21.5219 -20.4834 0
      vertex -23.7825 -23.9133 0
    endloop
  endfacet
  facet normal 0 0 -1
    outer loop
      vertex -20 -16 0
      vertex -23 -11.5 0
      vertex -23 -2.5 0
    endloop
  endfacet
  facet normal -0 0 -1
    outer loop
      vertex -20.9567 16.1903 0
      vertex -23.5858 12.9142 0
      vertex -21.25 16.3349 0
    endloop
  endfacet
  facet normal 0 0 -1
    outer loop
      vertex -23.7825 13.0867 0
      vertex -21.25 16.3349 0
      vertex -23.5858 12.9142 0
    endloop
  endfacet
  facet normal -0 0 -1
    outer loop
      vertex -21.25 16.3349 0
      vertex -23.7825 13.0867 0
      vertex -21.5219 16.5166 0
    endloop
  endfacet
  facet normal 0 0 -1
    outer loop
      vertex -24 13.232 0
      vertex -21.5219 16.5166 0
      vertex -23.7825 13.0867 0
    endloop
  endfacet
  facet normal 0 0 -1
    outer loop
      vertex -22.5 18.5 0
      vertex -23 25.5 0
      vertex -22.4786 18.8263 0
    endloop
  endfacet
  facet normal 0 0 -1
    outer loop
      vertex -23 25.5 0
      vertex -22.4148 19.147 0
      vertex -22.4786 18.8263 0
    endloop
  endfacet
  facet normal 0 0 -1
    outer loop
      vertex -23 25.5 0
      vertex -22.3097 19.4567 0
      vertex -22.4148 19.147 0
    endloop
  endfacet
  facet normal 0 0 -1
    outer loop
      vertex -23 25.5 0
      vertex -22.1651 19.75 0
      vertex -22.3097 19.4567 0
    endloop
  endfacet
  facet normal 0 0 -1
    outer loop
      vertex -23 25.5 0
      vertex -21.9834 20.0219 0
      vertex -22.1651 19.75 0
    endloop
  endfacet
  facet normal 0 0 -1
    outer loop
      vertex -23 25.5 0
      vertex -21.7678 20.2678 0
      vertex -21.9834 20.0219 0
    endloop
  endfacet
  facet normal 0 0 -1
    outer loop
      vertex -23 25.5 0
      vertex -21.5219 20.4834 0
      vertex -21.7678 20.2678 0
    endloop
  endfacet
  facet normal 0 0 -1
    outer loop
      vertex -23 25.5 0
      vertex -21.25 20.6651 0
      vertex -21.5219 20.4834 0
    endloop
  endfacet
  facet normal 0 0 -1
    outer loop
      vertex -23 25.5 0
      vertex -20.9567 20.8097 0
      vertex -21.25 20.6651 0
    endloop
  endfacet
  facet normal 0 0 -1
    outer loop
      vertex -20 21 0
      vertex -23 25.5 0
      vertex -23 34.5 0
    endloop
  endfacet
  facet normal 0 0 -1
    outer loop
      vertex 23.2679 35.5 0
      vertex -23.2679 35.5 0
      vertex 23.4133 35.7175 0
    endloop
  endfacet
  facet normal 0 0 -1
    outer loop
      vertex -23.4133 35.7175 0
      vertex 23.4133 35.7175 0
      vertex -23.2679 35.5 0
    endloop
  endfacet
  facet normal 0 0 -1
    outer loop
      vertex 23.4133 35.7175 0
      vertex -23.4133 35.7175 0
      vertex 23.5858 35.9142 0
    endloop
  endfacet
  facet normal 0 0 -1
    outer loop
      vertex -23.5858 35.9142 0
      vertex 23.5858 35.9142 0
      vertex -23.4133 35.7175 0
    endloop
  endfacet
  facet normal 0 0 -1
    outer loop
      vertex 23.5858 35.9142 0
      vertex -23.5858 35.9142 0
      vertex 23.7825 36.0867 0
    endloop
  endfacet
  facet normal 0 0 -1
    outer loop
      vertex -23.7825 36.0867 0
      vertex 23.7825 36.0867 0
      vertex -23.5858 35.9142 0
    endloop
  endfacet
  facet normal 0 0 -1
    outer loop
      vertex 23.7825 36.0867 0
      vertex -23.7825 36.0867 0
      vertex 24 36.232 0
    endloop
  endfacet
  facet normal 0 0 -1
    outer loop
      vertex -24 36.232 0
      vertex 24 36.232 0
      vertex -23.7825 36.0867 0
    endloop
  endfacet
  facet normal 0 0 -1
    outer loop
      vertex 24 36.232 0
      vertex -24 36.232 0
      vertex 24.2346 36.3478 0
    endloop
  endfacet
  facet normal 0 0 -1
    outer loop
      vertex -24.2346 36.3478 0
      vertex 24.2346 36.3478 0
      vertex -24 36.232 0
    endloop
  endfacet
  facet normal 0 0 -1
    outer loop
      vertex 24.2346 36.3478 0
      vertex -24.2346 36.3478 0
      vertex 24.4824 36.4319 0
    endloop
  endfacet
  facet normal 0 0 -1
    outer loop
      vertex -24.4824 36.4319 0
      vertex 24.4824 36.4319 0
      vertex -24.2346 36.3478 0
    endloop
  endfacet
  facet normal 0 0 -1
    outer loop
      vertex 24.4824 36.4319 0
      vertex -24.4824 36.4319 0
      vertex 24.7389 36.4829 0
    endloop
  endfacet
  facet normal 0 0 -1
    outer loop
      vertex -24.7389 36.4829 0
      vertex 24.7389 36.4829 0
      vertex -24.4824 36.4319 0
    endloop
  endfacet
  facet normal 0 0 -1
    outer loop
      vertex 24.7389 36.4829 0
      vertex -24.7389 36.4829 0
      vertex 25 36.5 0
    endloop
  endfacet
  facet normal 0 0 -1
    outer loop
      vertex -25 36.5 0
      vertex 25 36.5 0
      vertex -24.7389 36.4829 0
    endloop
  endfacet
  facet normal 0 0 -1
    outer loop
      vertex 25 36.5 0
      vertex -25 36.5 0
      vertex 50 37.5 0
    endloop
  endfacet
  facet normal 0 0 -1
    outer loop
      vertex -27 25.5 0
      vertex -47.25 34 0
      vertex -27 34.5 0
    endloop
  endfacet
  facet normal 0 0 -1
    outer loop
      vertex -47.265 34.2284 0
      vertex -27 34.5 0
      vertex -47.25 34 0
    endloop
  endfacet
  facet normal -0 0 -1
    outer loop
      vertex -27 34.5 0
      vertex -47.265 34.2284 0
      vertex -26.9829 34.7611 0
    endloop
  endfacet
  facet normal 0 0 -1
    outer loop
      vertex -47.3096 34.4529 0
      vertex -26.9829 34.7611 0
      vertex -47.265 34.2284 0
    endloop
  endfacet
  facet normal -0 0 -1
    outer loop
      vertex -26.9829 34.7611 0
      vertex -47.3096 34.4529 0
      vertex -26.9319 35.0176 0
    endloop
  endfacet
  facet normal 0 0 -1
    outer loop
      vertex -47.3832 34.6697 0
      vertex -26.9319 35.0176 0
      vertex -47.3096 34.4529 0
    endloop
  endfacet
  facet normal -0 0 -1
    outer loop
      vertex -26.9319 35.0176 0
      vertex -47.3832 34.6697 0
      vertex -26.8478 35.2654 0
    endloop
  endfacet
  facet normal 0 0 -1
    outer loop
      vertex -47.4845 34.875 0
      vertex -26.8478 35.2654 0
      vertex -47.3832 34.6697 0
    endloop
  endfacet
  facet normal -0 0 -1
    outer loop
      vertex -26.8478 35.2654 0
      vertex -47.4845 34.875 0
      vertex -26.732 35.5 0
    endloop
  endfacet
  facet normal 0 0 -1
    outer loop
      vertex -47.6116 35.0653 0
      vertex -26.732 35.5 0
      vertex -47.4845 34.875 0
    endloop
  endfacet
  facet normal -0 0 -1
    outer loop
      vertex -26.732 35.5 0
      vertex -47.6116 35.0653 0
      vertex -26.5867 35.7175 0
    endloop
  endfacet
  facet normal 0 0 -1
    outer loop
      vertex -47.7626 35.2374 0
      vertex -26.5867 35.7175 0
      vertex -47.6116 35.0653 0
    endloop
  endfacet
  facet normal -0 0 -1
    outer loop
      vertex -26.5867 35.7175 0
      vertex -47.7626 35.2374 0
      vertex -26.4142 35.9142 0
    endloop
  endfacet
  facet normal 0 0 -1
    outer loop
      vertex -47.9347 35.3884 0
      vertex -26.4142 35.9142 0
      vertex -47.7626 35.2374 0
    endloop
  endfacet
  facet normal 0 0 -1
    outer loop
      vertex -50 37.5 0
      vertex -26.4142 35.9142 0
      vertex -47.9347 35.3884 0
    endloop
  endfacet
  facet normal 0 0 -1
    outer loop
      vertex -26.4142 35.9142 0
      vertex -50 37.5 0
      vertex -26.2175 36.0867 0
    endloop
  endfacet
  facet normal 0 0 -1
    outer loop
      vertex -26.2175 36.0867 0
      vertex -50 37.5 0
      vertex -26 36.232 0
    endloop
  endfacet
  facet normal 0 0 -1
    outer loop
      vertex -26 36.232 0
      vertex -50 37.5 0
      vertex -25.7654 36.3478 0
    endloop
  endfacet
  facet normal 0 0 -1
    outer loop
      vertex -25.7654 36.3478 0
      vertex -50 37.5 0
      vertex -25.5176 36.4319 0
    endloop
  endfacet
  facet normal 0 0 -1
    outer loop
      vertex -25.5176 36.4319 0
      vertex -50 37.5 0
      vertex -25.2611 36.4829 0
    endloop
  endfacet
  facet normal 0 0 -1
    outer loop
      vertex -50 37.5 0
      vertex -47.9347 35.3884 0
      vertex -48.125 35.5155 0
    endloop
  endfacet
  facet normal 0 0 -1
    outer loop
      vertex -50 37.5 0
      vertex -48.125 35.5155 0
      vertex -48.3303 35.6168 0
    endloop
  endfacet
  facet normal 0 0 -1
    outer loop
      vertex -50 37.5 0
      vertex -48.3303 35.6168 0
      vertex -48.5471 35.6904 0
    endloop
  endfacet
  facet normal 0 0 -1
    outer loop
      vertex -50 37.5 0
      vertex -48.5471 35.6904 0
      vertex -48.7716 35.735 0
    endloop
  endfacet
  facet normal 0 0 -1
    outer loop
      vertex -50 37.5 0
      vertex -48.7716 35.735 0
      vertex -49 35.75 0
    endloop
  endfacet
  facet normal 0 0 -1
    outer loop
      vertex -25 36.5 0
      vertex -50 37.5 0
      vertex 50 37.5 0
    endloop
  endfacet
  facet normal 0 0 -1
    outer loop
      vertex -25.2611 36.4829 0
      vertex -50 37.5 0
      vertex -25 36.5 0
    endloop
  endfacet
  facet normal 0 0 -1
    outer loop
      vertex -51 35.75 0
      vertex -50 37.5 0
      vertex -49 35.75 0
    endloop
  endfacet
  facet normal 0 0 -1
    outer loop
      vertex -50 37.5 0
      vertex -51 35.75 0
      vertex -50.3916 37.4743 0
    endloop
  endfacet
  facet normal 0 0 -1
    outer loop
      vertex -50.3916 37.4743 0
      vertex -51 35.75 0
      vertex -50.7765 37.3978 0
    endloop
  endfacet
  facet normal 0 0 -1
    outer loop
      vertex -51 35.75 0
      vertex -51.1481 37.2716 0
      vertex -50.7765 37.3978 0
    endloop
  endfacet
  facet normal 0 0 -1
    outer loop
      vertex -51.5 37.0981 0
      vertex -51 35.75 0
      vertex -51.2284 35.735 0
    endloop
  endfacet
  facet normal 0 0 -1
    outer loop
      vertex -51.8263 36.8801 0
      vertex -51.2284 35.735 0
      vertex -51.4529 35.6904 0
    endloop
  endfacet
  facet normal 0 0 -1
    outer loop
      vertex -51 35.75 0
      vertex -51.5 37.0981 0
      vertex -51.1481 37.2716 0
    endloop
  endfacet
  facet normal 0 0 -1
    outer loop
      vertex -52.1213 36.6213 0
      vertex -51.4529 35.6904 0
      vertex -51.6697 35.6168 0
    endloop
  endfacet
  facet normal 0 0 -1
    outer loop
      vertex -51.2284 35.735 0
      vertex -51.8263 36.8801 0
      vertex -51.5 37.0981 0
    endloop
  endfacet
  facet normal 0 0 -1
    outer loop
      vertex -52.3801 36.3263 0
      vertex -51.6697 35.6168 0
      vertex -51.875 35.5155 0
    endloop
  endfacet
  facet normal 0 0 -1
    outer loop
      vertex -52.5981 36 0
      vertex -51.875 35.5155 0
      vertex -52.0653 35.3884 0
    endloop
  endfacet
  facet normal 0 0 -1
    outer loop
      vertex -51.4529 35.6904 0
      vertex -52.1213 36.6213 0
      vertex -51.8263 36.8801 0
    endloop
  endfacet
  facet normal 0 0 -1
    outer loop
      vertex -52.7716 35.6481 0
      vertex -52.0653 35.3884 0
      vertex -52.2374 35.2374 0
    endloop
  endfacet
  facet normal 0 0 -1
    outer loop
      vertex -51.6697 35.6168 0
      vertex -52.3801 36.3263 0
      vertex -52.1213 36.6213 0
    endloop
  endfacet
  facet normal 0 0 -1
    outer loop
      vertex -52.7716 35.6481 0
      vertex -52.2374 35.2374 0
      vertex -52.3884 35.0653 0
    endloop
  endfacet
  facet normal 0 0 -1
    outer loop
      vertex -52.8978 35.2765 0
      vertex -52.3884 35.0653 0
      vertex -52.5155 34.875 0
    endloop
  endfacet
  facet normal 0 0 -1
    outer loop
      vertex -51.875 35.5155 0
      vertex -52.5981 36 0
      vertex -52.3801 36.3263 0
    endloop
  endfacet
  facet normal 0 0 -1
    outer loop
      vertex -52.9743 34.8916 0
      vertex -52.5155 34.875 0
      vertex -52.6168 34.6697 0
    endloop
  endfacet
  facet normal 0 0 -1
    outer loop
      vertex -53 34.5 0
      vertex -52.6168 34.6697 0
      vertex -52.6904 34.4529 0
    endloop
  endfacet
  facet normal 0 0 -1
    outer loop
      vertex -53 34.5 0
      vertex -52.6904 34.4529 0
      vertex -52.735 34.2284 0
    endloop
  endfacet
  facet normal 0 0 -1
    outer loop
      vertex -52.0653 35.3884 0
      vertex -52.7716 35.6481 0
      vertex -52.5981 36 0
    endloop
  endfacet
  facet normal 0 0 -1
    outer loop
      vertex -53 34.5 0
      vertex -52.735 34.2284 0
      vertex -52.75 34 0
    endloop
  endfacet
  facet normal 0 0 -1
    outer loop
      vertex -52.6904 33.5471 0
      vertex -53 34.5 0
      vertex -52.735 33.7716 0
    endloop
  endfacet
  facet normal -0 0 -1
    outer loop
      vertex -52.6904 -34.4529 0
      vertex -53 -34.5 0
      vertex -52.735 -34.2284 0
    endloop
  endfacet
  facet normal 0 0 -1
    outer loop
      vertex -52.735 33.7716 0
      vertex -53 34.5 0
      vertex -52.75 34 0
    endloop
  endfacet
  facet normal -0 0 -1
    outer loop
      vertex -52.735 -34.2284 0
      vertex -53 -34.5 0
      vertex -52.75 -34 0
    endloop
  endfacet
  facet normal -0 0 -1
    outer loop
      vertex -52.6168 34.6697 0
      vertex -53 34.5 0
      vertex -52.9743 34.8916 0
    endloop
  endfacet
  facet normal 0 0 -1
    outer loop
      vertex -52.3884 35.0653 0
      vertex -52.8978 35.2765 0
      vertex -52.7716 35.6481 0
    endloop
  endfacet
  facet normal 0 0 -1
    outer loop
      vertex -52.5155 34.875 0
      vertex -52.9743 34.8916 0
      vertex -52.8978 35.2765 0
    endloop
  endfacet
  facet normal 0.555523 0.831501 -0
    outer loop
      vertex 51.8263 36.8801 0
      vertex 51.5 37.0981 3
      vertex 51.8263 36.8801 3
    endloop
  endfacet
  facet normal 0.555523 0.831501 0
    outer loop
      vertex 51.5 37.0981 3
      vertex 51.8263 36.8801 0
      vertex 51.5 37.0981 0
    endloop
  endfacet
  facet normal -0.751724 0.659478 0
    outer loop
      vertex -52.3801 36.3263 0
      vertex -52.1213 36.6213 3
      vertex -52.1213 36.6213 0
    endloop
  endfacet
  facet normal -0.751724 0.659478 0
    outer loop
      vertex -52.1213 36.6213 3
      vertex -52.3801 36.3263 0
      vertex -52.3801 36.3263 3
    endloop
  endfacet
  facet normal 0.442211 0.896911 -0
    outer loop
      vertex 51.5 37.0981 0
      vertex 51.1481 37.2716 3
      vertex 51.5 37.0981 3
    endloop
  endfacet
  facet normal 0.442211 0.896911 0
    outer loop
      vertex 51.1481 37.2716 3
      vertex 51.5 37.0981 0
      vertex 51.1481 37.2716 0
    endloop
  endfacet
  facet normal 0.751724 -0.659478 0
    outer loop
      vertex 52.1213 -36.6213 3
      vertex 52.3801 -36.3263 0
      vertex 52.3801 -36.3263 3
    endloop
  endfacet
  facet normal 0.751724 -0.659478 0
    outer loop
      vertex 52.3801 -36.3263 0
      vertex 52.1213 -36.6213 3
      vertex 52.1213 -36.6213 0
    endloop
  endfacet
  facet normal -0.946885 0.321574 0
    outer loop
      vertex -52.8978 35.2765 0
      vertex -52.7716 35.6481 3
      vertex -52.7716 35.6481 0
    endloop
  endfacet
  facet normal -0.946885 0.321574 0
    outer loop
      vertex -52.7716 35.6481 3
      vertex -52.8978 35.2765 0
      vertex -52.8978 35.2765 3
    endloop
  endfacet
  facet normal 0.659478 0.751724 -0
    outer loop
      vertex 52.1213 36.6213 0
      vertex 51.8263 36.8801 3
      vertex 52.1213 36.6213 3
    endloop
  endfacet
  facet normal 0.659478 0.751724 0
    outer loop
      vertex 51.8263 36.8801 3
      vertex 52.1213 36.6213 0
      vertex 51.8263 36.8801 0
    endloop
  endfacet
  facet normal -0.896911 0.442211 0
    outer loop
      vertex -52.7716 35.6481 0
      vertex -52.5981 36 3
      vertex -52.5981 36 0
    endloop
  endfacet
  facet normal -0.896911 0.442211 0
    outer loop
      vertex -52.5981 36 3
      vertex -52.7716 35.6481 0
      vertex -52.7716 35.6481 3
    endloop
  endfacet
  facet normal -0.659478 -0.751724 0
    outer loop
      vertex -52.1213 -36.6213 0
      vertex -51.8263 -36.8801 3
      vertex -52.1213 -36.6213 3
    endloop
  endfacet
  facet normal -0.659478 -0.751724 -0
    outer loop
      vertex -51.8263 -36.8801 3
      vertex -52.1213 -36.6213 0
      vertex -51.8263 -36.8801 0
    endloop
  endfacet
  facet normal 0.555523 -0.831501 0
    outer loop
      vertex 51.5 -37.0981 0
      vertex 51.8263 -36.8801 3
      vertex 51.5 -37.0981 3
    endloop
  endfacet
  facet normal 0.555523 -0.831501 0
    outer loop
      vertex 51.8263 -36.8801 3
      vertex 51.5 -37.0981 0
      vertex 51.8263 -36.8801 0
    endloop
  endfacet
  facet normal 0.751724 0.659478 0
    outer loop
      vertex 52.3801 36.3263 3
      vertex 52.1213 36.6213 0
      vertex 52.1213 36.6213 3
    endloop
  endfacet
  facet normal 0.751724 0.659478 0
    outer loop
      vertex 52.1213 36.6213 0
      vertex 52.3801 36.3263 3
      vertex 52.3801 36.3263 0
    endloop
  endfacet
  facet normal 0.831501 -0.555523 0
    outer loop
      vertex 52.3801 -36.3263 3
      vertex 52.5981 -36 0
      vertex 52.5981 -36 3
    endloop
  endfacet
  facet normal 0.831501 -0.555523 0
    outer loop
      vertex 52.5981 -36 0
      vertex 52.3801 -36.3263 3
      vertex 52.3801 -36.3263 0
    endloop
  endfacet
  facet normal 0.980815 -0.19494 0
    outer loop
      vertex 52.8978 -35.2765 3
      vertex 52.9743 -34.8916 0
      vertex 52.9743 -34.8916 3
    endloop
  endfacet
  facet normal 0.980815 -0.19494 0
    outer loop
      vertex 52.9743 -34.8916 0
      vertex 52.8978 -35.2765 3
      vertex 52.8978 -35.2765 0
    endloop
  endfacet
  facet normal -0.751724 -0.659478 0
    outer loop
      vertex -52.1213 -36.6213 0
      vertex -52.3801 -36.3263 3
      vertex -52.3801 -36.3263 0
    endloop
  endfacet
  facet normal -0.751724 -0.659478 0
    outer loop
      vertex -52.3801 -36.3263 3
      vertex -52.1213 -36.6213 0
      vertex -52.1213 -36.6213 3
    endloop
  endfacet
  facet normal -0.659478 0.751724 0
    outer loop
      vertex -51.8263 36.8801 0
      vertex -52.1213 36.6213 3
      vertex -51.8263 36.8801 3
    endloop
  endfacet
  facet normal -0.659478 0.751724 0
    outer loop
      vertex -52.1213 36.6213 3
      vertex -51.8263 36.8801 0
      vertex -52.1213 36.6213 0
    endloop
  endfacet
  facet normal -0.0654432 -0.997856 0
    outer loop
      vertex 20 -16 0
      vertex 20.3263 -16.0214 3
      vertex 20 -16 3
    endloop
  endfacet
  facet normal -0.0654432 -0.997856 -0
    outer loop
      vertex 20.3263 -16.0214 3
      vertex 20 -16 0
      vertex 20.3263 -16.0214 0
    endloop
  endfacet
  facet normal 0.997856 -0.0654432 0
    outer loop
      vertex -22.5 -18.5 3
      vertex -22.4786 -18.1737 0
      vertex -22.4786 -18.1737 3
    endloop
  endfacet
  facet normal 0.997856 -0.0654432 0
    outer loop
      vertex -22.4786 -18.1737 0
      vertex -22.5 -18.5 3
      vertex -22.5 -18.5 0
    endloop
  endfacet
  facet normal -0.442191 0.896921 0
    outer loop
      vertex 21.25 -20.6651 0
      vertex 20.9567 -20.8097 3
      vertex 21.25 -20.6651 3
    endloop
  endfacet
  facet normal -0.442191 0.896921 0
    outer loop
      vertex 20.9567 -20.8097 3
      vertex 21.25 -20.6651 0
      vertex 20.9567 -20.8097 0
    endloop
  endfacet
  facet normal 0.32136 -0.946957 0
    outer loop
      vertex -20.9567 -16.1903 0
      vertex -20.647 -16.0852 3
      vertex -20.9567 -16.1903 3
    endloop
  endfacet
  facet normal 0.32136 -0.946957 0
    outer loop
      vertex -20.647 -16.0852 3
      vertex -20.9567 -16.1903 0
      vertex -20.647 -16.0852 0
    endloop
  endfacet
  facet normal -0.997856 -0.0654432 0
    outer loop
      vertex 22.5 -18.5 0
      vertex 22.4786 -18.1737 3
      vertex 22.4786 -18.1737 0
    endloop
  endfacet
  facet normal -0.997856 -0.0654432 0
    outer loop
      vertex 22.4786 -18.1737 3
      vertex 22.5 -18.5 0
      vertex 22.5 -18.5 3
    endloop
  endfacet
  facet normal 0.0654432 -0.997856 0
    outer loop
      vertex -20.3263 -16.0214 0
      vertex -20 -16 3
      vertex -20.3263 -16.0214 3
    endloop
  endfacet
  facet normal 0.0654432 -0.997856 0
    outer loop
      vertex -20 -16 3
      vertex -20.3263 -16.0214 0
      vertex -20 -16 0
    endloop
  endfacet
  facet normal 0.896921 -0.442191 0
    outer loop
      vertex -22.3097 -17.5433 3
      vertex -22.1651 -17.25 0
      vertex -22.1651 -17.25 3
    endloop
  endfacet
  facet normal 0.896921 -0.442191 0
    outer loop
      vertex -22.1651 -17.25 0
      vertex -22.3097 -17.5433 3
      vertex -22.3097 -17.5433 0
    endloop
  endfacet
  facet normal 0 -1 0
    outer loop
      vertex -20 -16 0
      vertex 20 -16 3
      vertex -20 -16 3
    endloop
  endfacet
  facet normal 0 -1 -0
    outer loop
      vertex 20 -16 3
      vertex -20 -16 0
      vertex 20 -16 0
    endloop
  endfacet
  facet normal 0 1 -0
    outer loop
      vertex 20 -21 0
      vertex -20 -21 3
      vertex 20 -21 3
    endloop
  endfacet
  facet normal 0 1 0
    outer loop
      vertex -20 -21 3
      vertex 20 -21 0
      vertex -20 -21 0
    endloop
  endfacet
  facet normal 0.659262 -0.751913 0
    outer loop
      vertex -21.7678 -16.7322 0
      vertex -21.5219 -16.5166 3
      vertex -21.7678 -16.7322 3
    endloop
  endfacet
  facet normal 0.659262 -0.751913 0
    outer loop
      vertex -21.5219 -16.5166 3
      vertex -21.7678 -16.7322 0
      vertex -21.5219 -16.5166 0
    endloop
  endfacet
  facet normal -0.896921 0.442191 0
    outer loop
      vertex 22.1651 -19.75 0
      vertex 22.3097 -19.4567 3
      vertex 22.3097 -19.4567 0
    endloop
  endfacet
  facet normal -0.896921 0.442191 0
    outer loop
      vertex 22.3097 -19.4567 3
      vertex 22.1651 -19.75 0
      vertex 22.1651 -19.75 3
    endloop
  endfacet
  facet normal 0.946957 -0.32136 0
    outer loop
      vertex -22.4148 -17.853 3
      vertex -22.3097 -17.5433 0
      vertex -22.3097 -17.5433 3
    endloop
  endfacet
  facet normal 0.946957 -0.32136 0
    outer loop
      vertex -22.3097 -17.5433 0
      vertex -22.4148 -17.853 3
      vertex -22.4148 -17.853 0
    endloop
  endfacet
  facet normal 0.751913 0.659262 0
    outer loop
      vertex -21.7678 -20.2678 3
      vertex -21.9834 -20.0219 0
      vertex -21.9834 -20.0219 3
    endloop
  endfacet
  facet normal 0.751913 0.659262 0
    outer loop
      vertex -21.9834 -20.0219 0
      vertex -21.7678 -20.2678 3
      vertex -21.7678 -20.2678 0
    endloop
  endfacet
  facet normal -0.751913 -0.659262 0
    outer loop
      vertex 21.9834 -16.9781 0
      vertex 21.7678 -16.7322 3
      vertex 21.7678 -16.7322 0
    endloop
  endfacet
  facet normal -0.751913 -0.659262 0
    outer loop
      vertex 21.7678 -16.7322 3
      vertex 21.9834 -16.9781 0
      vertex 21.9834 -16.9781 3
    endloop
  endfacet
  facet normal -0.997856 0.0654432 0
    outer loop
      vertex 22.4786 -18.8263 0
      vertex 22.5 -18.5 3
      vertex 22.5 -18.5 0
    endloop
  endfacet
  facet normal -0.997856 0.0654432 0
    outer loop
      vertex 22.5 -18.5 3
      vertex 22.4786 -18.8263 0
      vertex 22.4786 -18.8263 3
    endloop
  endfacet
  facet normal 0.555617 0.831438 -0
    outer loop
      vertex -21.25 -20.6651 0
      vertex -21.5219 -20.4834 3
      vertex -21.25 -20.6651 3
    endloop
  endfacet
  facet normal 0.555617 0.831438 0
    outer loop
      vertex -21.5219 -20.4834 3
      vertex -21.25 -20.6651 0
      vertex -21.5219 -20.4834 0
    endloop
  endfacet
  facet normal 0.831438 -0.555617 0
    outer loop
      vertex -22.1651 -17.25 3
      vertex -21.9834 -16.9781 0
      vertex -21.9834 -16.9781 3
    endloop
  endfacet
  facet normal 0.831438 -0.555617 0
    outer loop
      vertex -21.9834 -16.9781 0
      vertex -22.1651 -17.25 3
      vertex -22.1651 -17.25 0
    endloop
  endfacet
  facet normal 0.442191 -0.896921 0
    outer loop
      vertex -21.25 -16.3349 0
      vertex -20.9567 -16.1903 3
      vertex -21.25 -16.3349 3
    endloop
  endfacet
  facet normal 0.442191 -0.896921 0
    outer loop
      vertex -20.9567 -16.1903 3
      vertex -21.25 -16.3349 0
      vertex -20.9567 -16.1903 0
    endloop
  endfacet
  facet normal -0.98078 -0.195116 0
    outer loop
      vertex 22.4786 -18.1737 0
      vertex 22.4148 -17.853 3
      vertex 22.4148 -17.853 0
    endloop
  endfacet
  facet normal -0.98078 -0.195116 0
    outer loop
      vertex 22.4148 -17.853 3
      vertex 22.4786 -18.1737 0
      vertex 22.4786 -18.1737 3
    endloop
  endfacet
  facet normal 0.997856 0.0654432 0
    outer loop
      vertex -22.4786 -18.8263 3
      vertex -22.5 -18.5 0
      vertex -22.5 -18.5 3
    endloop
  endfacet
  facet normal 0.997856 0.0654432 0
    outer loop
      vertex -22.5 -18.5 0
      vertex -22.4786 -18.8263 3
      vertex -22.4786 -18.8263 0
    endloop
  endfacet
  facet normal 0.946957 0.32136 0
    outer loop
      vertex -22.3097 -19.4567 3
      vertex -22.4148 -19.147 0
      vertex -22.4148 -19.147 3
    endloop
  endfacet
  facet normal 0.946957 0.32136 0
    outer loop
      vertex -22.4148 -19.147 0
      vertex -22.3097 -19.4567 3
      vertex -22.3097 -19.4567 0
    endloop
  endfacet
  facet normal -0.195116 -0.98078 0
    outer loop
      vertex 20.3263 -16.0214 0
      vertex 20.647 -16.0852 3
      vertex 20.3263 -16.0214 3
    endloop
  endfacet
  facet normal -0.195116 -0.98078 -0
    outer loop
      vertex 20.647 -16.0852 3
      vertex 20.3263 -16.0214 0
      vertex 20.647 -16.0852 0
    endloop
  endfacet
  facet normal 0.98078 -0.195116 0
    outer loop
      vertex -22.4786 -18.1737 3
      vertex -22.4148 -17.853 0
      vertex -22.4148 -17.853 3
    endloop
  endfacet
  facet normal 0.98078 -0.195116 0
    outer loop
      vertex -22.4148 -17.853 0
      vertex -22.4786 -18.1737 3
      vertex -22.4786 -18.1737 0
    endloop
  endfacet
  facet normal -0.555617 0.831438 0
    outer loop
      vertex 21.5219 -20.4834 0
      vertex 21.25 -20.6651 3
      vertex 21.5219 -20.4834 3
    endloop
  endfacet
  facet normal -0.555617 0.831438 0
    outer loop
      vertex 21.25 -20.6651 3
      vertex 21.5219 -20.4834 0
      vertex 21.25 -20.6651 0
    endloop
  endfacet
  facet normal 0.659262 0.751913 -0
    outer loop
      vertex -21.5219 -20.4834 0
      vertex -21.7678 -20.2678 3
      vertex -21.5219 -20.4834 3
    endloop
  endfacet
  facet normal 0.659262 0.751913 0
    outer loop
      vertex -21.7678 -20.2678 3
      vertex -21.5219 -20.4834 0
      vertex -21.7678 -20.2678 0
    endloop
  endfacet
  facet normal -0.442191 -0.896921 0
    outer loop
      vertex 20.9567 -16.1903 0
      vertex 21.25 -16.3349 3
      vertex 20.9567 -16.1903 3
    endloop
  endfacet
  facet normal -0.442191 -0.896921 -0
    outer loop
      vertex 21.25 -16.3349 3
      vertex 20.9567 -16.1903 0
      vertex 21.25 -16.3349 0
    endloop
  endfacet
  facet normal -0.946957 -0.32136 0
    outer loop
      vertex 22.4148 -17.853 0
      vertex 22.3097 -17.5433 3
      vertex 22.3097 -17.5433 0
    endloop
  endfacet
  facet normal -0.946957 -0.32136 0
    outer loop
      vertex 22.3097 -17.5433 3
      vertex 22.4148 -17.853 0
      vertex 22.4148 -17.853 3
    endloop
  endfacet
  facet normal -0.0654432 0.997856 0
    outer loop
      vertex 20.3263 -20.9786 0
      vertex 20 -21 3
      vertex 20.3263 -20.9786 3
    endloop
  endfacet
  facet normal -0.0654432 0.997856 0
    outer loop
      vertex 20 -21 3
      vertex 20.3263 -20.9786 0
      vertex 20 -21 0
    endloop
  endfacet
  facet normal 0.831438 0.555617 0
    outer loop
      vertex -21.9834 -20.0219 3
      vertex -22.1651 -19.75 0
      vertex -22.1651 -19.75 3
    endloop
  endfacet
  facet normal 0.831438 0.555617 0
    outer loop
      vertex -22.1651 -19.75 0
      vertex -21.9834 -20.0219 3
      vertex -21.9834 -20.0219 0
    endloop
  endfacet
  facet normal 0.751913 -0.659262 0
    outer loop
      vertex -21.9834 -16.9781 3
      vertex -21.7678 -16.7322 0
      vertex -21.7678 -16.7322 3
    endloop
  endfacet
  facet normal 0.751913 -0.659262 0
    outer loop
      vertex -21.7678 -16.7322 0
      vertex -21.9834 -16.9781 3
      vertex -21.9834 -16.9781 0
    endloop
  endfacet
  facet normal -0.831438 0.555617 0
    outer loop
      vertex 21.9834 -20.0219 0
      vertex 22.1651 -19.75 3
      vertex 22.1651 -19.75 0
    endloop
  endfacet
  facet normal -0.831438 0.555617 0
    outer loop
      vertex 22.1651 -19.75 3
      vertex 21.9834 -20.0219 0
      vertex 21.9834 -20.0219 3
    endloop
  endfacet
  facet normal -0.751913 0.659262 0
    outer loop
      vertex 21.7678 -20.2678 0
      vertex 21.9834 -20.0219 3
      vertex 21.9834 -20.0219 0
    endloop
  endfacet
  facet normal -0.751913 0.659262 0
    outer loop
      vertex 21.9834 -20.0219 3
      vertex 21.7678 -20.2678 0
      vertex 21.7678 -20.2678 3
    endloop
  endfacet
  facet normal 0.555617 -0.831438 0
    outer loop
      vertex -21.5219 -16.5166 0
      vertex -21.25 -16.3349 3
      vertex -21.5219 -16.5166 3
    endloop
  endfacet
  facet normal 0.555617 -0.831438 0
    outer loop
      vertex -21.25 -16.3349 3
      vertex -21.5219 -16.5166 0
      vertex -21.25 -16.3349 0
    endloop
  endfacet
  facet normal -0.831438 -0.555617 0
    outer loop
      vertex 22.1651 -17.25 0
      vertex 21.9834 -16.9781 3
      vertex 21.9834 -16.9781 0
    endloop
  endfacet
  facet normal -0.831438 -0.555617 0
    outer loop
      vertex 21.9834 -16.9781 3
      vertex 22.1651 -17.25 0
      vertex 22.1651 -17.25 3
    endloop
  endfacet
  facet normal -0.555617 -0.831438 0
    outer loop
      vertex 21.25 -16.3349 0
      vertex 21.5219 -16.5166 3
      vertex 21.25 -16.3349 3
    endloop
  endfacet
  facet normal -0.555617 -0.831438 -0
    outer loop
      vertex 21.5219 -16.5166 3
      vertex 21.25 -16.3349 0
      vertex 21.5219 -16.5166 0
    endloop
  endfacet
  facet normal -0.659262 -0.751913 0
    outer loop
      vertex 21.5219 -16.5166 0
      vertex 21.7678 -16.7322 3
      vertex 21.5219 -16.5166 3
    endloop
  endfacet
  facet normal -0.659262 -0.751913 -0
    outer loop
      vertex 21.7678 -16.7322 3
      vertex 21.5219 -16.5166 0
      vertex 21.7678 -16.7322 0
    endloop
  endfacet
  facet normal -0.896921 -0.442191 0
    outer loop
      vertex 22.3097 -17.5433 0
      vertex 22.1651 -17.25 3
      vertex 22.1651 -17.25 0
    endloop
  endfacet
  facet normal -0.896921 -0.442191 0
    outer loop
      vertex 22.1651 -17.25 3
      vertex 22.3097 -17.5433 0
      vertex 22.3097 -17.5433 3
    endloop
  endfacet
  facet normal -0.98078 0.195116 0
    outer loop
      vertex 22.4148 -19.147 0
      vertex 22.4786 -18.8263 3
      vertex 22.4786 -18.8263 0
    endloop
  endfacet
  facet normal -0.98078 0.195116 0
    outer loop
      vertex 22.4786 -18.8263 3
      vertex 22.4148 -19.147 0
      vertex 22.4148 -19.147 3
    endloop
  endfacet
  facet normal -0.946957 0.32136 0
    outer loop
      vertex 22.3097 -19.4567 0
      vertex 22.4148 -19.147 3
      vertex 22.4148 -19.147 0
    endloop
  endfacet
  facet normal -0.946957 0.32136 0
    outer loop
      vertex 22.4148 -19.147 3
      vertex 22.3097 -19.4567 0
      vertex 22.3097 -19.4567 3
    endloop
  endfacet
  facet normal 0.195116 -0.98078 0
    outer loop
      vertex -20.647 -16.0852 0
      vertex -20.3263 -16.0214 3
      vertex -20.647 -16.0852 3
    endloop
  endfacet
  facet normal 0.195116 -0.98078 0
    outer loop
      vertex -20.3263 -16.0214 3
      vertex -20.647 -16.0852 0
      vertex -20.3263 -16.0214 0
    endloop
  endfacet
  facet normal 0.195116 0.98078 -0
    outer loop
      vertex -20.3263 -20.9786 0
      vertex -20.647 -20.9148 3
      vertex -20.3263 -20.9786 3
    endloop
  endfacet
  facet normal 0.195116 0.98078 0
    outer loop
      vertex -20.647 -20.9148 3
      vertex -20.3263 -20.9786 0
      vertex -20.647 -20.9148 0
    endloop
  endfacet
  facet normal -0.659262 0.751913 0
    outer loop
      vertex 21.7678 -20.2678 0
      vertex 21.5219 -20.4834 3
      vertex 21.7678 -20.2678 3
    endloop
  endfacet
  facet normal -0.659262 0.751913 0
    outer loop
      vertex 21.5219 -20.4834 3
      vertex 21.7678 -20.2678 0
      vertex 21.5219 -20.4834 0
    endloop
  endfacet
  facet normal 0.0654432 0.997856 -0
    outer loop
      vertex -20 -21 0
      vertex -20.3263 -20.9786 3
      vertex -20 -21 3
    endloop
  endfacet
  facet normal 0.0654432 0.997856 0
    outer loop
      vertex -20.3263 -20.9786 3
      vertex -20 -21 0
      vertex -20.3263 -20.9786 0
    endloop
  endfacet
  facet normal 0.98078 0.195116 0
    outer loop
      vertex -22.4148 -19.147 3
      vertex -22.4786 -18.8263 0
      vertex -22.4786 -18.8263 3
    endloop
  endfacet
  facet normal 0.98078 0.195116 0
    outer loop
      vertex -22.4786 -18.8263 0
      vertex -22.4148 -19.147 3
      vertex -22.4148 -19.147 0
    endloop
  endfacet
  facet normal 0.896921 0.442191 0
    outer loop
      vertex -22.1651 -19.75 3
      vertex -22.3097 -19.4567 0
      vertex -22.3097 -19.4567 3
    endloop
  endfacet
  facet normal 0.896921 0.442191 0
    outer loop
      vertex -22.3097 -19.4567 0
      vertex -22.1651 -19.75 3
      vertex -22.1651 -19.75 0
    endloop
  endfacet
  facet normal -0.32136 0.946957 0
    outer loop
      vertex 20.9567 -20.8097 0
      vertex 20.647 -20.9148 3
      vertex 20.9567 -20.8097 3
    endloop
  endfacet
  facet normal -0.32136 0.946957 0
    outer loop
      vertex 20.647 -20.9148 3
      vertex 20.9567 -20.8097 0
      vertex 20.647 -20.9148 0
    endloop
  endfacet
  facet normal -0.32136 -0.946957 0
    outer loop
      vertex 20.647 -16.0852 0
      vertex 20.9567 -16.1903 3
      vertex 20.647 -16.0852 3
    endloop
  endfacet
  facet normal -0.32136 -0.946957 -0
    outer loop
      vertex 20.9567 -16.1903 3
      vertex 20.647 -16.0852 0
      vertex 20.9567 -16.1903 0
    endloop
  endfacet
  facet normal 0.442191 0.896921 -0
    outer loop
      vertex -20.9567 -20.8097 0
      vertex -21.25 -20.6651 3
      vertex -20.9567 -20.8097 3
    endloop
  endfacet
  facet normal 0.442191 0.896921 0
    outer loop
      vertex -21.25 -20.6651 3
      vertex -20.9567 -20.8097 0
      vertex -21.25 -20.6651 0
    endloop
  endfacet
  facet normal -0.195116 0.98078 0
    outer loop
      vertex 20.647 -20.9148 0
      vertex 20.3263 -20.9786 3
      vertex 20.647 -20.9148 3
    endloop
  endfacet
  facet normal -0.195116 0.98078 0
    outer loop
      vertex 20.3263 -20.9786 3
      vertex 20.647 -20.9148 0
      vertex 20.3263 -20.9786 0
    endloop
  endfacet
  facet normal 0.32136 0.946957 -0
    outer loop
      vertex -20.647 -20.9148 0
      vertex -20.9567 -20.8097 3
      vertex -20.647 -20.9148 3
    endloop
  endfacet
  facet normal 0.32136 0.946957 0
    outer loop
      vertex -20.9567 -20.8097 3
      vertex -20.647 -20.9148 0
      vertex -20.9567 -20.8097 0
    endloop
  endfacet
  facet normal 0.997856 -0.0654432 0
    outer loop
      vertex -22.5 18.5 3
      vertex -22.4786 18.8263 0
      vertex -22.4786 18.8263 3
    endloop
  endfacet
  facet normal 0.997856 -0.0654432 0
    outer loop
      vertex -22.4786 18.8263 0
      vertex -22.5 18.5 3
      vertex -22.5 18.5 0
    endloop
  endfacet
  facet normal -0.997856 -0.0654432 0
    outer loop
      vertex 22.5 18.5 0
      vertex 22.4786 18.8263 3
      vertex 22.4786 18.8263 0
    endloop
  endfacet
  facet normal -0.997856 -0.0654432 0
    outer loop
      vertex 22.4786 18.8263 3
      vertex 22.5 18.5 0
      vertex 22.5 18.5 3
    endloop
  endfacet
  facet normal 0.555617 -0.831438 0
    outer loop
      vertex -21.5219 20.4834 0
      vertex -21.25 20.6651 3
      vertex -21.5219 20.4834 3
    endloop
  endfacet
  facet normal 0.555617 -0.831438 0
    outer loop
      vertex -21.25 20.6651 3
      vertex -21.5219 20.4834 0
      vertex -21.25 20.6651 0
    endloop
  endfacet
  facet normal 0.831438 0.555617 0
    outer loop
      vertex -21.9834 16.9781 3
      vertex -22.1651 17.25 0
      vertex -22.1651 17.25 3
    endloop
  endfacet
  facet normal 0.831438 0.555617 0
    outer loop
      vertex -22.1651 17.25 0
      vertex -21.9834 16.9781 3
      vertex -21.9834 16.9781 0
    endloop
  endfacet
  facet normal -0.195116 -0.98078 0
    outer loop
      vertex 20.3263 20.9786 0
      vertex 20.647 20.9148 3
      vertex 20.3263 20.9786 3
    endloop
  endfacet
  facet normal -0.195116 -0.98078 -0
    outer loop
      vertex 20.647 20.9148 3
      vertex 20.3263 20.9786 0
      vertex 20.647 20.9148 0
    endloop
  endfacet
  facet normal 0.442191 0.896921 -0
    outer loop
      vertex -20.9567 16.1903 0
      vertex -21.25 16.3349 3
      vertex -20.9567 16.1903 3
    endloop
  endfacet
  facet normal 0.442191 0.896921 0
    outer loop
      vertex -21.25 16.3349 3
      vertex -20.9567 16.1903 0
      vertex -21.25 16.3349 0
    endloop
  endfacet
  facet normal 0.946957 0.32136 0
    outer loop
      vertex -22.3097 17.5433 3
      vertex -22.4148 17.853 0
      vertex -22.4148 17.853 3
    endloop
  endfacet
  facet normal 0.946957 0.32136 0
    outer loop
      vertex -22.4148 17.853 0
      vertex -22.3097 17.5433 3
      vertex -22.3097 17.5433 0
    endloop
  endfacet
  facet normal 0 1 -0
    outer loop
      vertex 20 16 0
      vertex -20 16 3
      vertex 20 16 3
    endloop
  endfacet
  facet normal 0 1 0
    outer loop
      vertex -20 16 3
      vertex 20 16 0
      vertex -20 16 0
    endloop
  endfacet
  facet normal -0.195116 0.98078 0
    outer loop
      vertex 20.647 16.0852 0
      vertex 20.3263 16.0214 3
      vertex 20.647 16.0852 3
    endloop
  endfacet
  facet normal -0.195116 0.98078 0
    outer loop
      vertex 20.3263 16.0214 3
      vertex 20.647 16.0852 0
      vertex 20.3263 16.0214 0
    endloop
  endfacet
  facet normal -0.32136 -0.946957 0
    outer loop
      vertex 20.647 20.9148 0
      vertex 20.9567 20.8097 3
      vertex 20.647 20.9148 3
    endloop
  endfacet
  facet normal -0.32136 -0.946957 -0
    outer loop
      vertex 20.9567 20.8097 3
      vertex 20.647 20.9148 0
      vertex 20.9567 20.8097 0
    endloop
  endfacet
  facet normal -0.997856 0.0654432 0
    outer loop
      vertex 22.4786 18.1737 0
      vertex 22.5 18.5 3
      vertex 22.5 18.5 0
    endloop
  endfacet
  facet normal -0.997856 0.0654432 0
    outer loop
      vertex 22.5 18.5 3
      vertex 22.4786 18.1737 0
      vertex 22.4786 18.1737 3
    endloop
  endfacet
  facet normal -0.98078 0.195116 0
    outer loop
      vertex 22.4148 17.853 0
      vertex 22.4786 18.1737 3
      vertex 22.4786 18.1737 0
    endloop
  endfacet
  facet normal -0.98078 0.195116 0
    outer loop
      vertex 22.4786 18.1737 3
      vertex 22.4148 17.853 0
      vertex 22.4148 17.853 3
    endloop
  endfacet
  facet normal 0 -1 0
    outer loop
      vertex -20 21 0
      vertex 20 21 3
      vertex -20 21 3
    endloop
  endfacet
  facet normal 0 -1 -0
    outer loop
      vertex 20 21 3
      vertex -20 21 0
      vertex 20 21 0
    endloop
  endfacet
  facet normal 0.831438 -0.555617 0
    outer loop
      vertex -22.1651 19.75 3
      vertex -21.9834 20.0219 0
      vertex -21.9834 20.0219 3
    endloop
  endfacet
  facet normal 0.831438 -0.555617 0
    outer loop
      vertex -21.9834 20.0219 0
      vertex -22.1651 19.75 3
      vertex -22.1651 19.75 0
    endloop
  endfacet
  facet normal -0.831438 -0.555617 0
    outer loop
      vertex 22.1651 19.75 0
      vertex 21.9834 20.0219 3
      vertex 21.9834 20.0219 0
    endloop
  endfacet
  facet normal -0.831438 -0.555617 0
    outer loop
      vertex 21.9834 20.0219 3
      vertex 22.1651 19.75 0
      vertex 22.1651 19.75 3
    endloop
  endfacet
  facet normal -0.659262 0.751913 0
    outer loop
      vertex 21.7678 16.7322 0
      vertex 21.5219 16.5166 3
      vertex 21.7678 16.7322 3
    endloop
  endfacet
  facet normal -0.659262 0.751913 0
    outer loop
      vertex 21.5219 16.5166 3
      vertex 21.7678 16.7322 0
      vertex 21.5219 16.5166 0
    endloop
  endfacet
  facet normal 0.32136 0.946957 -0
    outer loop
      vertex -20.647 16.0852 0
      vertex -20.9567 16.1903 3
      vertex -20.647 16.0852 3
    endloop
  endfacet
  facet normal 0.32136 0.946957 0
    outer loop
      vertex -20.9567 16.1903 3
      vertex -20.647 16.0852 0
      vertex -20.9567 16.1903 0
    endloop
  endfacet
  facet normal -0.442191 0.896921 0
    outer loop
      vertex 21.25 16.3349 0
      vertex 20.9567 16.1903 3
      vertex 21.25 16.3349 3
    endloop
  endfacet
  facet normal -0.442191 0.896921 0
    outer loop
      vertex 20.9567 16.1903 3
      vertex 21.25 16.3349 0
      vertex 20.9567 16.1903 0
    endloop
  endfacet
  facet normal -0.751913 0.659262 0
    outer loop
      vertex 21.7678 16.7322 0
      vertex 21.9834 16.9781 3
      vertex 21.9834 16.9781 0
    endloop
  endfacet
  facet normal -0.751913 0.659262 0
    outer loop
      vertex 21.9834 16.9781 3
      vertex 21.7678 16.7322 0
      vertex 21.7678 16.7322 3
    endloop
  endfacet
  facet normal -0.0654432 0.997856 0
    outer loop
      vertex 20.3263 16.0214 0
      vertex 20 16 3
      vertex 20.3263 16.0214 3
    endloop
  endfacet
  facet normal -0.0654432 0.997856 0
    outer loop
      vertex 20 16 3
      vertex 20.3263 16.0214 0
      vertex 20 16 0
    endloop
  endfacet
  facet normal 0.896921 -0.442191 0
    outer loop
      vertex -22.3097 19.4567 3
      vertex -22.1651 19.75 0
      vertex -22.1651 19.75 3
    endloop
  endfacet
  facet normal 0.896921 -0.442191 0
    outer loop
      vertex -22.1651 19.75 0
      vertex -22.3097 19.4567 3
      vertex -22.3097 19.4567 0
    endloop
  endfacet
  facet normal -0.659262 -0.751913 0
    outer loop
      vertex 21.5219 20.4834 0
      vertex 21.7678 20.2678 3
      vertex 21.5219 20.4834 3
    endloop
  endfacet
  facet normal -0.659262 -0.751913 -0
    outer loop
      vertex 21.7678 20.2678 3
      vertex 21.5219 20.4834 0
      vertex 21.7678 20.2678 0
    endloop
  endfacet
  facet normal -0.896921 0.442191 0
    outer loop
      vertex 22.1651 17.25 0
      vertex 22.3097 17.5433 3
      vertex 22.3097 17.5433 0
    endloop
  endfacet
  facet normal -0.896921 0.442191 0
    outer loop
      vertex 22.3097 17.5433 3
      vertex 22.1651 17.25 0
      vertex 22.1651 17.25 3
    endloop
  endfacet
  facet normal 0.195116 0.98078 -0
    outer loop
      vertex -20.3263 16.0214 0
      vertex -20.647 16.0852 3
      vertex -20.3263 16.0214 3
    endloop
  endfacet
  facet normal 0.195116 0.98078 0
    outer loop
      vertex -20.647 16.0852 3
      vertex -20.3263 16.0214 0
      vertex -20.647 16.0852 0
    endloop
  endfacet
  facet normal 0.555617 0.831438 -0
    outer loop
      vertex -21.25 16.3349 0
      vertex -21.5219 16.5166 3
      vertex -21.25 16.3349 3
    endloop
  endfacet
  facet normal 0.555617 0.831438 0
    outer loop
      vertex -21.5219 16.5166 3
      vertex -21.25 16.3349 0
      vertex -21.5219 16.5166 0
    endloop
  endfacet
  facet normal -0.442191 -0.896921 0
    outer loop
      vertex 20.9567 20.8097 0
      vertex 21.25 20.6651 3
      vertex 20.9567 20.8097 3
    endloop
  endfacet
  facet normal -0.442191 -0.896921 -0
    outer loop
      vertex 21.25 20.6651 3
      vertex 20.9567 20.8097 0
      vertex 21.25 20.6651 0
    endloop
  endfacet
  facet normal -0.946957 -0.32136 0
    outer loop
      vertex 22.4148 19.147 0
      vertex 22.3097 19.4567 3
      vertex 22.3097 19.4567 0
    endloop
  endfacet
  facet normal -0.946957 -0.32136 0
    outer loop
      vertex 22.3097 19.4567 3
      vertex 22.4148 19.147 0
      vertex 22.4148 19.147 3
    endloop
  endfacet
  facet normal -0.32136 0.946957 0
    outer loop
      vertex 20.9567 16.1903 0
      vertex 20.647 16.0852 3
      vertex 20.9567 16.1903 3
    endloop
  endfacet
  facet normal -0.32136 0.946957 0
    outer loop
      vertex 20.647 16.0852 3
      vertex 20.9567 16.1903 0
      vertex 20.647 16.0852 0
    endloop
  endfacet
  facet normal 0.32136 -0.946957 0
    outer loop
      vertex -20.9567 20.8097 0
      vertex -20.647 20.9148 3
      vertex -20.9567 20.8097 3
    endloop
  endfacet
  facet normal 0.32136 -0.946957 0
    outer loop
      vertex -20.647 20.9148 3
      vertex -20.9567 20.8097 0
      vertex -20.647 20.9148 0
    endloop
  endfacet
  facet normal -0.896921 -0.442191 0
    outer loop
      vertex 22.3097 19.4567 0
      vertex 22.1651 19.75 3
      vertex 22.1651 19.75 0
    endloop
  endfacet
  facet normal -0.896921 -0.442191 0
    outer loop
      vertex 22.1651 19.75 3
      vertex 22.3097 19.4567 0
      vertex 22.3097 19.4567 3
    endloop
  endfacet
  facet normal 0.751913 -0.659262 0
    outer loop
      vertex -21.9834 20.0219 3
      vertex -21.7678 20.2678 0
      vertex -21.7678 20.2678 3
    endloop
  endfacet
  facet normal 0.751913 -0.659262 0
    outer loop
      vertex -21.7678 20.2678 0
      vertex -21.9834 20.0219 3
      vertex -21.9834 20.0219 0
    endloop
  endfacet
  facet normal -0.751913 -0.659262 0
    outer loop
      vertex 21.9834 20.0219 0
      vertex 21.7678 20.2678 3
      vertex 21.7678 20.2678 0
    endloop
  endfacet
  facet normal -0.751913 -0.659262 0
    outer loop
      vertex 21.7678 20.2678 3
      vertex 21.9834 20.0219 0
      vertex 21.9834 20.0219 3
    endloop
  endfacet
  facet normal 0.997856 0.0654432 0
    outer loop
      vertex -22.4786 18.1737 3
      vertex -22.5 18.5 0
      vertex -22.5 18.5 3
    endloop
  endfacet
  facet normal 0.997856 0.0654432 0
    outer loop
      vertex -22.5 18.5 0
      vertex -22.4786 18.1737 3
      vertex -22.4786 18.1737 0
    endloop
  endfacet
  facet normal -0.0654432 -0.997856 0
    outer loop
      vertex 20 21 0
      vertex 20.3263 20.9786 3
      vertex 20 21 3
    endloop
  endfacet
  facet normal -0.0654432 -0.997856 -0
    outer loop
      vertex 20.3263 20.9786 3
      vertex 20 21 0
      vertex 20.3263 20.9786 0
    endloop
  endfacet
  facet normal -0.98078 -0.195116 0
    outer loop
      vertex 22.4786 18.8263 0
      vertex 22.4148 19.147 3
      vertex 22.4148 19.147 0
    endloop
  endfacet
  facet normal -0.98078 -0.195116 0
    outer loop
      vertex 22.4148 19.147 3
      vertex 22.4786 18.8263 0
      vertex 22.4786 18.8263 3
    endloop
  endfacet
  facet normal 0.896921 0.442191 0
    outer loop
      vertex -22.1651 17.25 3
      vertex -22.3097 17.5433 0
      vertex -22.3097 17.5433 3
    endloop
  endfacet
  facet normal 0.896921 0.442191 0
    outer loop
      vertex -22.3097 17.5433 0
      vertex -22.1651 17.25 3
      vertex -22.1651 17.25 0
    endloop
  endfacet
  facet normal 0.0654432 -0.997856 0
    outer loop
      vertex -20.3263 20.9786 0
      vertex -20 21 3
      vertex -20.3263 20.9786 3
    endloop
  endfacet
  facet normal 0.0654432 -0.997856 0
    outer loop
      vertex -20 21 3
      vertex -20.3263 20.9786 0
      vertex -20 21 0
    endloop
  endfacet
  facet normal 0.946957 -0.32136 0
    outer loop
      vertex -22.4148 19.147 3
      vertex -22.3097 19.4567 0
      vertex -22.3097 19.4567 3
    endloop
  endfacet
  facet normal 0.946957 -0.32136 0
    outer loop
      vertex -22.3097 19.4567 0
      vertex -22.4148 19.147 3
      vertex -22.4148 19.147 0
    endloop
  endfacet
  facet normal 0.98078 -0.195116 0
    outer loop
      vertex -22.4786 18.8263 3
      vertex -22.4148 19.147 0
      vertex -22.4148 19.147 3
    endloop
  endfacet
  facet normal 0.98078 -0.195116 0
    outer loop
      vertex -22.4148 19.147 0
      vertex -22.4786 18.8263 3
      vertex -22.4786 18.8263 0
    endloop
  endfacet
  facet normal -0.946957 0.32136 0
    outer loop
      vertex 22.3097 17.5433 0
      vertex 22.4148 17.853 3
      vertex 22.4148 17.853 0
    endloop
  endfacet
  facet normal -0.946957 0.32136 0
    outer loop
      vertex 22.4148 17.853 3
      vertex 22.3097 17.5433 0
      vertex 22.3097 17.5433 3
    endloop
  endfacet
  facet normal -0.831438 0.555617 0
    outer loop
      vertex 21.9834 16.9781 0
      vertex 22.1651 17.25 3
      vertex 22.1651 17.25 0
    endloop
  endfacet
  facet normal -0.831438 0.555617 0
    outer loop
      vertex 22.1651 17.25 3
      vertex 21.9834 16.9781 0
      vertex 21.9834 16.9781 3
    endloop
  endfacet
  facet normal -0.555617 -0.831438 0
    outer loop
      vertex 21.25 20.6651 0
      vertex 21.5219 20.4834 3
      vertex 21.25 20.6651 3
    endloop
  endfacet
  facet normal -0.555617 -0.831438 -0
    outer loop
      vertex 21.5219 20.4834 3
      vertex 21.25 20.6651 0
      vertex 21.5219 20.4834 0
    endloop
  endfacet
  facet normal 0.442191 -0.896921 0
    outer loop
      vertex -21.25 20.6651 0
      vertex -20.9567 20.8097 3
      vertex -21.25 20.6651 3
    endloop
  endfacet
  facet normal 0.442191 -0.896921 0
    outer loop
      vertex -20.9567 20.8097 3
      vertex -21.25 20.6651 0
      vertex -20.9567 20.8097 0
    endloop
  endfacet
  facet normal 0.0654432 0.997856 -0
    outer loop
      vertex -20 16 0
      vertex -20.3263 16.0214 3
      vertex -20 16 3
    endloop
  endfacet
  facet normal 0.0654432 0.997856 0
    outer loop
      vertex -20.3263 16.0214 3
      vertex -20 16 0
      vertex -20.3263 16.0214 0
    endloop
  endfacet
  facet normal 0.195116 -0.98078 0
    outer loop
      vertex -20.647 20.9148 0
      vertex -20.3263 20.9786 3
      vertex -20.647 20.9148 3
    endloop
  endfacet
  facet normal 0.195116 -0.98078 0
    outer loop
      vertex -20.3263 20.9786 3
      vertex -20.647 20.9148 0
      vertex -20.3263 20.9786 0
    endloop
  endfacet
  facet normal 0.751913 0.659262 0
    outer loop
      vertex -21.7678 16.7322 3
      vertex -21.9834 16.9781 0
      vertex -21.9834 16.9781 3
    endloop
  endfacet
  facet normal 0.751913 0.659262 0
    outer loop
      vertex -21.9834 16.9781 0
      vertex -21.7678 16.7322 3
      vertex -21.7678 16.7322 0
    endloop
  endfacet
  facet normal 0.659262 -0.751913 0
    outer loop
      vertex -21.7678 20.2678 0
      vertex -21.5219 20.4834 3
      vertex -21.7678 20.2678 3
    endloop
  endfacet
  facet normal 0.659262 -0.751913 0
    outer loop
      vertex -21.5219 20.4834 3
      vertex -21.7678 20.2678 0
      vertex -21.5219 20.4834 0
    endloop
  endfacet
  facet normal 0.659262 0.751913 -0
    outer loop
      vertex -21.5219 16.5166 0
      vertex -21.7678 16.7322 3
      vertex -21.5219 16.5166 3
    endloop
  endfacet
  facet normal 0.659262 0.751913 0
    outer loop
      vertex -21.7678 16.7322 3
      vertex -21.5219 16.5166 0
      vertex -21.7678 16.7322 0
    endloop
  endfacet
  facet normal 0.98078 0.195116 0
    outer loop
      vertex -22.4148 17.853 3
      vertex -22.4786 18.1737 0
      vertex -22.4786 18.1737 3
    endloop
  endfacet
  facet normal 0.98078 0.195116 0
    outer loop
      vertex -22.4786 18.1737 0
      vertex -22.4148 17.853 3
      vertex -22.4148 17.853 0
    endloop
  endfacet
  facet normal -0.555617 0.831438 0
    outer loop
      vertex 21.5219 16.5166 0
      vertex 21.25 16.3349 3
      vertex 21.5219 16.5166 3
    endloop
  endfacet
  facet normal -0.555617 0.831438 0
    outer loop
      vertex 21.25 16.3349 3
      vertex 21.5219 16.5166 0
      vertex 21.25 16.3349 0
    endloop
  endfacet
  facet normal 1 -0 0
    outer loop
      vertex -34.9 -34 5
      vertex -34.9 -3 3
      vertex -34.9 -3 5
    endloop
  endfacet
  facet normal 1 0 0
    outer loop
      vertex -34.9 -3 3
      vertex -34.9 -34 5
      vertex -34.9 -34 3
    endloop
  endfacet
  facet normal -0 0 1
    outer loop
      vertex -37.1 -3 5
      vertex -34.9 -34 5
      vertex -34.9 -3 5
    endloop
  endfacet
  facet normal 0 0 1
    outer loop
      vertex -34.9 -34 5
      vertex -37.1 -3 5
      vertex -37.1 -34 5
    endloop
  endfacet
  facet normal -1 0 0
    outer loop
      vertex -37.1 -34 3
      vertex -37.1 -3 5
      vertex -37.1 -3 3
    endloop
  endfacet
  facet normal -1 -0 0
    outer loop
      vertex -37.1 -3 5
      vertex -37.1 -34 3
      vertex -37.1 -34 5
    endloop
  endfacet
  facet normal 0 1 -0
    outer loop
      vertex -34.9 -3 3
      vertex -37.1 -3 5
      vertex -34.9 -3 5
    endloop
  endfacet
  facet normal 0 1 0
    outer loop
      vertex -37.1 -3 5
      vertex -34.9 -3 3
      vertex -37.1 -3 3
    endloop
  endfacet
  facet normal 0 -1 0
    outer loop
      vertex -37.1 -34 3
      vertex -34.9 -34 5
      vertex -37.1 -34 5
    endloop
  endfacet
  facet normal 0 -1 -0
    outer loop
      vertex -34.9 -34 5
      vertex -37.1 -34 3
      vertex -34.9 -34 3
    endloop
  endfacet
  facet normal 1 -0 0
    outer loop
      vertex -34.9 2.5 5
      vertex -34.9 34.5 3
      vertex -34.9 34.5 5
    endloop
  endfacet
  facet normal 1 0 0
    outer loop
      vertex -34.9 34.5 3
      vertex -34.9 2.5 5
      vertex -34.9 2.5 3
    endloop
  endfacet
  facet normal -0 0 1
    outer loop
      vertex -37.1 34.5 5
      vertex -34.9 2.5 5
      vertex -34.9 34.5 5
    endloop
  endfacet
  facet normal 0 0 1
    outer loop
      vertex -34.9 2.5 5
      vertex -37.1 34.5 5
      vertex -37.1 2.5 5
    endloop
  endfacet
  facet normal -1 0 0
    outer loop
      vertex -37.1 2.5 3
      vertex -37.1 34.5 5
      vertex -37.1 34.5 3
    endloop
  endfacet
  facet normal -1 -0 0
    outer loop
      vertex -37.1 34.5 5
      vertex -37.1 2.5 3
      vertex -37.1 2.5 5
    endloop
  endfacet
  facet normal 0 1 -0
    outer loop
      vertex -34.9 34.5 3
      vertex -37.1 34.5 5
      vertex -34.9 34.5 5
    endloop
  endfacet
  facet normal 0 1 0
    outer loop
      vertex -37.1 34.5 5
      vertex -34.9 34.5 3
      vertex -37.1 34.5 3
    endloop
  endfacet
  facet normal 0 -1 0
    outer loop
      vertex -37.1 2.5 3
      vertex -34.9 2.5 5
      vertex -37.1 2.5 5
    endloop
  endfacet
  facet normal 0 -1 -0
    outer loop
      vertex -34.9 2.5 5
      vertex -37.1 2.5 3
      vertex -34.9 2.5 3
    endloop
  endfacet
  facet normal 1 -0 0
    outer loop
      vertex 37.1 -34 5
      vertex 37.1 -3 3
      vertex 37.1 -3 5
    endloop
  endfacet
  facet normal 1 0 0
    outer loop
      vertex 37.1 -3 3
      vertex 37.1 -34 5
      vertex 37.1 -34 3
    endloop
  endfacet
  facet normal -0 0 1
    outer loop
      vertex 34.9 -3 5
      vertex 37.1 -34 5
      vertex 37.1 -3 5
    endloop
  endfacet
  facet normal 0 0 1
    outer loop
      vertex 37.1 -34 5
      vertex 34.9 -3 5
      vertex 34.9 -34 5
    endloop
  endfacet
  facet normal -1 0 0
    outer loop
      vertex 34.9 -34 3
      vertex 34.9 -3 5
      vertex 34.9 -3 3
    endloop
  endfacet
  facet normal -1 -0 0
    outer loop
      vertex 34.9 -3 5
      vertex 34.9 -34 3
      vertex 34.9 -34 5
    endloop
  endfacet
  facet normal 0 1 -0
    outer loop
      vertex 37.1 -3 3
      vertex 34.9 -3 5
      vertex 37.1 -3 5
    endloop
  endfacet
  facet normal 0 1 0
    outer loop
      vertex 34.9 -3 5
      vertex 37.1 -3 3
      vertex 34.9 -3 3
    endloop
  endfacet
  facet normal 0 -1 0
    outer loop
      vertex 34.9 -34 3
      vertex 37.1 -34 5
      vertex 34.9 -34 5
    endloop
  endfacet
  facet normal 0 -1 -0
    outer loop
      vertex 37.1 -34 5
      vertex 34.9 -34 3
      vertex 37.1 -34 3
    endloop
  endfacet
  facet normal 1 -0 0
    outer loop
      vertex 37.1 2.5 5
      vertex 37.1 34.5 3
      vertex 37.1 34.5 5
    endloop
  endfacet
  facet normal 1 0 0
    outer loop
      vertex 37.1 34.5 3
      vertex 37.1 2.5 5
      vertex 37.1 2.5 3
    endloop
  endfacet
  facet normal -0 0 1
    outer loop
      vertex 34.9 34.5 5
      vertex 37.1 2.5 5
      vertex 37.1 34.5 5
    endloop
  endfacet
  facet normal 0 0 1
    outer loop
      vertex 37.1 2.5 5
      vertex 34.9 34.5 5
      vertex 34.9 2.5 5
    endloop
  endfacet
  facet normal -1 0 0
    outer loop
      vertex 34.9 2.5 3
      vertex 34.9 34.5 5
      vertex 34.9 34.5 3
    endloop
  endfacet
  facet normal -1 -0 0
    outer loop
      vertex 34.9 34.5 5
      vertex 34.9 2.5 3
      vertex 34.9 2.5 5
    endloop
  endfacet
  facet normal 0 1 -0
    outer loop
      vertex 37.1 34.5 3
      vertex 34.9 34.5 5
      vertex 37.1 34.5 5
    endloop
  endfacet
  facet normal 0 1 0
    outer loop
      vertex 34.9 34.5 5
      vertex 37.1 34.5 3
      vertex 34.9 34.5 3
    endloop
  endfacet
  facet normal 0 -1 0
    outer loop
      vertex 34.9 2.5 3
      vertex 37.1 2.5 5
      vertex 34.9 2.5 5
    endloop
  endfacet
  facet normal 0 -1 -0
    outer loop
      vertex 37.1 2.5 5
      vertex 34.9 2.5 3
      vertex 37.1 2.5 3
    endloop
  endfacet
  facet normal 1 -0 0
    outer loop
      vertex 36.5 -1.1 5
      vertex 36.5 1.1 3
      vertex 36.5 1.1 5
    endloop
  endfacet
  facet normal 1 0 0
    outer loop
      vertex 36.5 1.1 3
      vertex 36.5 -1.1 5
      vertex 36.5 -1.1 3
    endloop
  endfacet
  facet normal -0 0 1
    outer loop
      vertex -36.5 1.1 5
      vertex 36.5 -1.1 5
      vertex 36.5 1.1 5
    endloop
  endfacet
  facet normal 0 0 1
    outer loop
      vertex 36.5 -1.1 5
      vertex -36.5 1.1 5
      vertex -36.5 -1.1 5
    endloop
  endfacet
  facet normal -1 0 0
    outer loop
      vertex -36.5 -1.1 3
      vertex -36.5 1.1 5
      vertex -36.5 1.1 3
    endloop
  endfacet
  facet normal -1 -0 0
    outer loop
      vertex -36.5 1.1 5
      vertex -36.5 -1.1 3
      vertex -36.5 -1.1 5
    endloop
  endfacet
  facet normal 0 1 0
    outer loop
      vertex 26.4267 1.1 3
      vertex 36.5 1.1 5
      vertex 36.5 1.1 3
    endloop
  endfacet
  facet normal 0 1 0
    outer loop
      vertex 23.5733 1.1 3
      vertex 36.5 1.1 5
      vertex 26.4267 1.1 3
    endloop
  endfacet
  facet normal 0 1 0
    outer loop
      vertex 36.5 1.1 5
      vertex 23.5733 1.1 3
      vertex -36.5 1.1 5
    endloop
  endfacet
  facet normal 0 1 -0
    outer loop
      vertex -23.5733 1.1 3
      vertex -36.5 1.1 5
      vertex 23.5733 1.1 3
    endloop
  endfacet
  facet normal 0 1 -0
    outer loop
      vertex -26.4267 1.1 3
      vertex -36.5 1.1 5
      vertex -23.5733 1.1 3
    endloop
  endfacet
  facet normal 0 1 0
    outer loop
      vertex -36.5 1.1 5
      vertex -26.4267 1.1 3
      vertex -36.5 1.1 3
    endloop
  endfacet
  facet normal 0 -1 0
    outer loop
      vertex -26.4267 -1.1 3
      vertex -36.5 -1.1 5
      vertex -36.5 -1.1 3
    endloop
  endfacet
  facet normal 0 -1 0
    outer loop
      vertex -23.5733 -1.1 3
      vertex -36.5 -1.1 5
      vertex -26.4267 -1.1 3
    endloop
  endfacet
  facet normal 0 -1 0
    outer loop
      vertex -36.5 -1.1 5
      vertex -23.5733 -1.1 3
      vertex 36.5 -1.1 5
    endloop
  endfacet
  facet normal 0 -1 0
    outer loop
      vertex 23.5733 -1.1 3
      vertex 36.5 -1.1 5
      vertex -23.5733 -1.1 3
    endloop
  endfacet
  facet normal 0 -1 0
    outer loop
      vertex 26.4267 -1.1 3
      vertex 36.5 -1.1 5
      vertex 23.5733 -1.1 3
    endloop
  endfacet
  facet normal 0 -1 -0
    outer loop
      vertex 36.5 -1.1 5
      vertex 26.4267 -1.1 3
      vertex 36.5 -1.1 3
    endloop
  endfacet
endsolid OpenSCAD_Model
