solid OpenSCAD_Model
  facet normal 0.997858 -0.0654194 0
    outer loop
      vertex -77.45 -57.48 3.2
      vertex -77.4346 -57.2451 0
      vertex -77.4346 -57.2451 3.2
    endloop
  endfacet
  facet normal 0.997858 -0.0654194 0
    outer loop
      vertex -77.4346 -57.2451 0
      vertex -77.45 -57.48 3.2
      vertex -77.45 -57.48 0
    endloop
  endfacet
  facet normal -0.997858 -0.0654194 0
    outer loop
      vertex -71.45 -57.48 0
      vertex -71.4654 -57.2451 3.2
      vertex -71.4654 -57.2451 0
    endloop
  endfacet
  facet normal -0.997858 -0.0654194 0
    outer loop
      vertex -71.4654 -57.2451 3.2
      vertex -71.45 -57.48 0
      vertex -71.45 -57.48 3.2
    endloop
  endfacet
  facet normal -0.946884 0.321575 0
    outer loop
      vertex -71.587 -58.1688 0
      vertex -71.5113 -57.9459 3.2
      vertex -71.5113 -57.9459 0
    endloop
  endfacet
  facet normal -0.946884 0.321575 0
    outer loop
      vertex -71.5113 -57.9459 3.2
      vertex -71.587 -58.1688 0
      vertex -71.587 -58.1688 3.2
    endloop
  endfacet
  facet normal -0.194891 -0.980825 0
    outer loop
      vertex -73.0151 -55.6954 0
      vertex -72.7841 -55.7413 3.2
      vertex -73.0151 -55.6954 3.2
    endloop
  endfacet
  facet normal -0.194891 -0.980825 -0
    outer loop
      vertex -72.7841 -55.7413 3.2
      vertex -73.0151 -55.6954 0
      vertex -72.7841 -55.7413 0
    endloop
  endfacet
  facet normal 0.0654194 -0.997858 0
    outer loop
      vertex -75.8849 -55.6954 0
      vertex -75.65 -55.68 3.2
      vertex -75.8849 -55.6954 3.2
    endloop
  endfacet
  facet normal 0.0654194 -0.997858 0
    outer loop
      vertex -75.65 -55.68 3.2
      vertex -75.8849 -55.6954 0
      vertex -75.65 -55.68 0
    endloop
  endfacet
  facet normal -0.751892 -0.659286 0
    outer loop
      vertex -71.822 -56.3842 0
      vertex -71.9772 -56.2072 3.2
      vertex -71.9772 -56.2072 0
    endloop
  endfacet
  facet normal -0.751892 -0.659286 0
    outer loop
      vertex -71.9772 -56.2072 3.2
      vertex -71.822 -56.3842 0
      vertex -71.822 -56.3842 3.2
    endloop
  endfacet
  facet normal 0 -1 0
    outer loop
      vertex -75.65 -55.68 0
      vertex -73.25 -55.68 3.2
      vertex -75.65 -55.68 3.2
    endloop
  endfacet
  facet normal 0 -1 -0
    outer loop
      vertex -73.25 -55.68 3.2
      vertex -75.65 -55.68 0
      vertex -73.25 -55.68 0
    endloop
  endfacet
  facet normal -0.896792 0.442452 0
    outer loop
      vertex -71.6912 -58.38 0
      vertex -71.587 -58.1688 3.2
      vertex -71.587 -58.1688 0
    endloop
  endfacet
  facet normal -0.896792 0.442452 0
    outer loop
      vertex -71.587 -58.1688 3.2
      vertex -71.6912 -58.38 0
      vertex -71.6912 -58.38 3.2
    endloop
  endfacet
  facet normal 0.442452 -0.896792 0
    outer loop
      vertex -76.55 -55.9212 0
      vertex -76.3388 -55.817 3.2
      vertex -76.55 -55.9212 3.2
    endloop
  endfacet
  facet normal 0.442452 -0.896792 0
    outer loop
      vertex -76.3388 -55.817 3.2
      vertex -76.55 -55.9212 0
      vertex -76.3388 -55.817 0
    endloop
  endfacet
  facet normal -0.980825 0.194891 0
    outer loop
      vertex -71.5113 -57.9459 0
      vertex -71.4654 -57.7149 3.2
      vertex -71.4654 -57.7149 0
    endloop
  endfacet
  facet normal -0.980825 0.194891 0
    outer loop
      vertex -71.4654 -57.7149 3.2
      vertex -71.5113 -57.9459 0
      vertex -71.5113 -57.9459 3.2
    endloop
  endfacet
  facet normal -0.997858 0.0654194 0
    outer loop
      vertex -71.4654 -57.7149 0
      vertex -71.45 -57.48 3.2
      vertex -71.45 -57.48 0
    endloop
  endfacet
  facet normal -0.997858 0.0654194 0
    outer loop
      vertex -71.45 -57.48 3.2
      vertex -71.4654 -57.7149 0
      vertex -71.4654 -57.7149 3.2
    endloop
  endfacet
  facet normal -0.321575 0.946884 0
    outer loop
      vertex -72.5612 -59.143 0
      vertex -72.7841 -59.2187 3.2
      vertex -72.5612 -59.143 3.2
    endloop
  endfacet
  facet normal -0.321575 0.946884 0
    outer loop
      vertex -72.7841 -59.2187 3.2
      vertex -72.5612 -59.143 0
      vertex -72.7841 -59.2187 0
    endloop
  endfacet
  facet normal 0.831527 -0.555484 0
    outer loop
      vertex -77.2088 -56.58 3.2
      vertex -77.078 -56.3842 0
      vertex -77.078 -56.3842 3.2
    endloop
  endfacet
  facet normal 0.831527 -0.555484 0
    outer loop
      vertex -77.078 -56.3842 0
      vertex -77.2088 -56.58 3.2
      vertex -77.2088 -56.58 0
    endloop
  endfacet
  facet normal -0.751892 0.659286 0
    outer loop
      vertex -71.9772 -58.7528 0
      vertex -71.822 -58.5758 3.2
      vertex -71.822 -58.5758 0
    endloop
  endfacet
  facet normal -0.751892 0.659286 0
    outer loop
      vertex -71.822 -58.5758 3.2
      vertex -71.9772 -58.7528 0
      vertex -71.9772 -58.7528 3.2
    endloop
  endfacet
  facet normal 0 1 -0
    outer loop
      vertex -73.25 -59.28 0
      vertex -75.65 -59.28 3.2
      vertex -73.25 -59.28 3.2
    endloop
  endfacet
  facet normal 0 1 0
    outer loop
      vertex -75.65 -59.28 3.2
      vertex -73.25 -59.28 0
      vertex -75.65 -59.28 0
    endloop
  endfacet
  facet normal -0.0654194 0.997858 0
    outer loop
      vertex -73.0151 -59.2646 0
      vertex -73.25 -59.28 3.2
      vertex -73.0151 -59.2646 3.2
    endloop
  endfacet
  facet normal -0.0654194 0.997858 0
    outer loop
      vertex -73.25 -59.28 3.2
      vertex -73.0151 -59.2646 0
      vertex -73.25 -59.28 0
    endloop
  endfacet
  facet normal 0.555484 -0.831527 0
    outer loop
      vertex -76.7458 -56.052 0
      vertex -76.55 -55.9212 3.2
      vertex -76.7458 -56.052 3.2
    endloop
  endfacet
  facet normal 0.555484 -0.831527 0
    outer loop
      vertex -76.55 -55.9212 3.2
      vertex -76.7458 -56.052 0
      vertex -76.55 -55.9212 0
    endloop
  endfacet
  facet normal -0.831527 -0.555484 0
    outer loop
      vertex -71.6912 -56.58 0
      vertex -71.822 -56.3842 3.2
      vertex -71.822 -56.3842 0
    endloop
  endfacet
  facet normal -0.831527 -0.555484 0
    outer loop
      vertex -71.822 -56.3842 3.2
      vertex -71.6912 -56.58 0
      vertex -71.6912 -56.58 3.2
    endloop
  endfacet
  facet normal -0.194891 0.980825 0
    outer loop
      vertex -72.7841 -59.2187 0
      vertex -73.0151 -59.2646 3.2
      vertex -72.7841 -59.2187 3.2
    endloop
  endfacet
  facet normal -0.194891 0.980825 0
    outer loop
      vertex -73.0151 -59.2646 3.2
      vertex -72.7841 -59.2187 0
      vertex -73.0151 -59.2646 0
    endloop
  endfacet
  facet normal -0.659286 0.751892 0
    outer loop
      vertex -71.9772 -58.7528 0
      vertex -72.1542 -58.908 3.2
      vertex -71.9772 -58.7528 3.2
    endloop
  endfacet
  facet normal -0.659286 0.751892 0
    outer loop
      vertex -72.1542 -58.908 3.2
      vertex -71.9772 -58.7528 0
      vertex -72.1542 -58.908 0
    endloop
  endfacet
  facet normal 0.659286 0.751892 -0
    outer loop
      vertex -76.7458 -58.908 0
      vertex -76.9228 -58.7528 3.2
      vertex -76.7458 -58.908 3.2
    endloop
  endfacet
  facet normal 0.659286 0.751892 0
    outer loop
      vertex -76.9228 -58.7528 3.2
      vertex -76.7458 -58.908 0
      vertex -76.9228 -58.7528 0
    endloop
  endfacet
  facet normal -0.0654194 -0.997858 0
    outer loop
      vertex -73.25 -55.68 0
      vertex -73.0151 -55.6954 3.2
      vertex -73.25 -55.68 3.2
    endloop
  endfacet
  facet normal -0.0654194 -0.997858 -0
    outer loop
      vertex -73.0151 -55.6954 3.2
      vertex -73.25 -55.68 0
      vertex -73.0151 -55.6954 0
    endloop
  endfacet
  facet normal 0.896792 -0.442452 0
    outer loop
      vertex -77.313 -56.7912 3.2
      vertex -77.2088 -56.58 0
      vertex -77.2088 -56.58 3.2
    endloop
  endfacet
  facet normal 0.896792 -0.442452 0
    outer loop
      vertex -77.2088 -56.58 0
      vertex -77.313 -56.7912 3.2
      vertex -77.313 -56.7912 0
    endloop
  endfacet
  facet normal 0.194891 -0.980825 0
    outer loop
      vertex -76.1159 -55.7413 0
      vertex -75.8849 -55.6954 3.2
      vertex -76.1159 -55.7413 3.2
    endloop
  endfacet
  facet normal 0.194891 -0.980825 0
    outer loop
      vertex -75.8849 -55.6954 3.2
      vertex -76.1159 -55.7413 0
      vertex -75.8849 -55.6954 0
    endloop
  endfacet
  facet normal -0.442452 -0.896792 0
    outer loop
      vertex -72.5612 -55.817 0
      vertex -72.35 -55.9212 3.2
      vertex -72.5612 -55.817 3.2
    endloop
  endfacet
  facet normal -0.442452 -0.896792 -0
    outer loop
      vertex -72.35 -55.9212 3.2
      vertex -72.5612 -55.817 0
      vertex -72.35 -55.9212 0
    endloop
  endfacet
  facet normal 0.321575 0.946884 -0
    outer loop
      vertex -76.1159 -59.2187 0
      vertex -76.3388 -59.143 3.2
      vertex -76.1159 -59.2187 3.2
    endloop
  endfacet
  facet normal 0.321575 0.946884 0
    outer loop
      vertex -76.3388 -59.143 3.2
      vertex -76.1159 -59.2187 0
      vertex -76.3388 -59.143 0
    endloop
  endfacet
  facet normal 0.0654194 0.997858 -0
    outer loop
      vertex -75.65 -59.28 0
      vertex -75.8849 -59.2646 3.2
      vertex -75.65 -59.28 3.2
    endloop
  endfacet
  facet normal 0.0654194 0.997858 0
    outer loop
      vertex -75.8849 -59.2646 3.2
      vertex -75.65 -59.28 0
      vertex -75.8849 -59.2646 0
    endloop
  endfacet
  facet normal -0.442452 0.896792 0
    outer loop
      vertex -72.35 -59.0388 0
      vertex -72.5612 -59.143 3.2
      vertex -72.35 -59.0388 3.2
    endloop
  endfacet
  facet normal -0.442452 0.896792 0
    outer loop
      vertex -72.5612 -59.143 3.2
      vertex -72.35 -59.0388 0
      vertex -72.5612 -59.143 0
    endloop
  endfacet
  facet normal -0.896792 -0.442452 0
    outer loop
      vertex -71.587 -56.7912 0
      vertex -71.6912 -56.58 3.2
      vertex -71.6912 -56.58 0
    endloop
  endfacet
  facet normal -0.896792 -0.442452 0
    outer loop
      vertex -71.6912 -56.58 3.2
      vertex -71.587 -56.7912 0
      vertex -71.587 -56.7912 3.2
    endloop
  endfacet
  facet normal -0.980825 -0.194891 0
    outer loop
      vertex -71.4654 -57.2451 0
      vertex -71.5113 -57.0141 3.2
      vertex -71.5113 -57.0141 0
    endloop
  endfacet
  facet normal -0.980825 -0.194891 0
    outer loop
      vertex -71.5113 -57.0141 3.2
      vertex -71.4654 -57.2451 0
      vertex -71.4654 -57.2451 3.2
    endloop
  endfacet
  facet normal -0.946884 -0.321575 0
    outer loop
      vertex -71.5113 -57.0141 0
      vertex -71.587 -56.7912 3.2
      vertex -71.587 -56.7912 0
    endloop
  endfacet
  facet normal -0.946884 -0.321575 0
    outer loop
      vertex -71.587 -56.7912 3.2
      vertex -71.5113 -57.0141 0
      vertex -71.5113 -57.0141 3.2
    endloop
  endfacet
  facet normal 0.555484 0.831527 -0
    outer loop
      vertex -76.55 -59.0388 0
      vertex -76.7458 -58.908 3.2
      vertex -76.55 -59.0388 3.2
    endloop
  endfacet
  facet normal 0.555484 0.831527 0
    outer loop
      vertex -76.7458 -58.908 3.2
      vertex -76.55 -59.0388 0
      vertex -76.7458 -58.908 0
    endloop
  endfacet
  facet normal 0.751892 0.659286 0
    outer loop
      vertex -76.9228 -58.7528 3.2
      vertex -77.078 -58.5758 0
      vertex -77.078 -58.5758 3.2
    endloop
  endfacet
  facet normal 0.751892 0.659286 0
    outer loop
      vertex -77.078 -58.5758 0
      vertex -76.9228 -58.7528 3.2
      vertex -76.9228 -58.7528 0
    endloop
  endfacet
  facet normal -0.831527 0.555484 0
    outer loop
      vertex -71.822 -58.5758 0
      vertex -71.6912 -58.38 3.2
      vertex -71.6912 -58.38 0
    endloop
  endfacet
  facet normal -0.831527 0.555484 0
    outer loop
      vertex -71.6912 -58.38 3.2
      vertex -71.822 -58.5758 0
      vertex -71.822 -58.5758 3.2
    endloop
  endfacet
  facet normal 0.946884 0.321575 0
    outer loop
      vertex -77.313 -58.1688 3.2
      vertex -77.3887 -57.9459 0
      vertex -77.3887 -57.9459 3.2
    endloop
  endfacet
  facet normal 0.946884 0.321575 0
    outer loop
      vertex -77.3887 -57.9459 0
      vertex -77.313 -58.1688 3.2
      vertex -77.313 -58.1688 0
    endloop
  endfacet
  facet normal -0.659286 -0.751892 0
    outer loop
      vertex -72.1542 -56.052 0
      vertex -71.9772 -56.2072 3.2
      vertex -72.1542 -56.052 3.2
    endloop
  endfacet
  facet normal -0.659286 -0.751892 -0
    outer loop
      vertex -71.9772 -56.2072 3.2
      vertex -72.1542 -56.052 0
      vertex -71.9772 -56.2072 0
    endloop
  endfacet
  facet normal 0.321575 -0.946884 0
    outer loop
      vertex -76.3388 -55.817 0
      vertex -76.1159 -55.7413 3.2
      vertex -76.3388 -55.817 3.2
    endloop
  endfacet
  facet normal 0.321575 -0.946884 0
    outer loop
      vertex -76.1159 -55.7413 3.2
      vertex -76.3388 -55.817 0
      vertex -76.1159 -55.7413 0
    endloop
  endfacet
  facet normal 0.659286 -0.751892 0
    outer loop
      vertex -76.9228 -56.2072 0
      vertex -76.7458 -56.052 3.2
      vertex -76.9228 -56.2072 3.2
    endloop
  endfacet
  facet normal 0.659286 -0.751892 0
    outer loop
      vertex -76.7458 -56.052 3.2
      vertex -76.9228 -56.2072 0
      vertex -76.7458 -56.052 0
    endloop
  endfacet
  facet normal -0.321575 -0.946884 0
    outer loop
      vertex -72.7841 -55.7413 0
      vertex -72.5612 -55.817 3.2
      vertex -72.7841 -55.7413 3.2
    endloop
  endfacet
  facet normal -0.321575 -0.946884 -0
    outer loop
      vertex -72.5612 -55.817 3.2
      vertex -72.7841 -55.7413 0
      vertex -72.5612 -55.817 0
    endloop
  endfacet
  facet normal 0.896792 0.442452 0
    outer loop
      vertex -77.2088 -58.38 3.2
      vertex -77.313 -58.1688 0
      vertex -77.313 -58.1688 3.2
    endloop
  endfacet
  facet normal 0.896792 0.442452 0
    outer loop
      vertex -77.313 -58.1688 0
      vertex -77.2088 -58.38 3.2
      vertex -77.2088 -58.38 0
    endloop
  endfacet
  facet normal 0.751892 -0.659286 0
    outer loop
      vertex -77.078 -56.3842 3.2
      vertex -76.9228 -56.2072 0
      vertex -76.9228 -56.2072 3.2
    endloop
  endfacet
  facet normal 0.751892 -0.659286 0
    outer loop
      vertex -76.9228 -56.2072 0
      vertex -77.078 -56.3842 3.2
      vertex -77.078 -56.3842 0
    endloop
  endfacet
  facet normal -0.555484 -0.831527 0
    outer loop
      vertex -72.35 -55.9212 0
      vertex -72.1542 -56.052 3.2
      vertex -72.35 -55.9212 3.2
    endloop
  endfacet
  facet normal -0.555484 -0.831527 -0
    outer loop
      vertex -72.1542 -56.052 3.2
      vertex -72.35 -55.9212 0
      vertex -72.1542 -56.052 0
    endloop
  endfacet
  facet normal 0.831527 0.555484 0
    outer loop
      vertex -77.078 -58.5758 3.2
      vertex -77.2088 -58.38 0
      vertex -77.2088 -58.38 3.2
    endloop
  endfacet
  facet normal 0.831527 0.555484 0
    outer loop
      vertex -77.2088 -58.38 0
      vertex -77.078 -58.5758 3.2
      vertex -77.078 -58.5758 0
    endloop
  endfacet
  facet normal 0.946884 -0.321575 0
    outer loop
      vertex -77.3887 -57.0141 3.2
      vertex -77.313 -56.7912 0
      vertex -77.313 -56.7912 3.2
    endloop
  endfacet
  facet normal 0.946884 -0.321575 0
    outer loop
      vertex -77.313 -56.7912 0
      vertex -77.3887 -57.0141 3.2
      vertex -77.3887 -57.0141 0
    endloop
  endfacet
  facet normal 0.980825 -0.194891 0
    outer loop
      vertex -77.4346 -57.2451 3.2
      vertex -77.3887 -57.0141 0
      vertex -77.3887 -57.0141 3.2
    endloop
  endfacet
  facet normal 0.980825 -0.194891 0
    outer loop
      vertex -77.3887 -57.0141 0
      vertex -77.4346 -57.2451 3.2
      vertex -77.4346 -57.2451 0
    endloop
  endfacet
  facet normal 0.194891 0.980825 -0
    outer loop
      vertex -75.8849 -59.2646 0
      vertex -76.1159 -59.2187 3.2
      vertex -75.8849 -59.2646 3.2
    endloop
  endfacet
  facet normal 0.194891 0.980825 0
    outer loop
      vertex -76.1159 -59.2187 3.2
      vertex -75.8849 -59.2646 0
      vertex -76.1159 -59.2187 0
    endloop
  endfacet
  facet normal 0.980825 0.194891 0
    outer loop
      vertex -77.3887 -57.9459 3.2
      vertex -77.4346 -57.7149 0
      vertex -77.4346 -57.7149 3.2
    endloop
  endfacet
  facet normal 0.980825 0.194891 0
    outer loop
      vertex -77.4346 -57.7149 0
      vertex -77.3887 -57.9459 3.2
      vertex -77.3887 -57.9459 0
    endloop
  endfacet
  facet normal 0.442452 0.896792 -0
    outer loop
      vertex -76.3388 -59.143 0
      vertex -76.55 -59.0388 3.2
      vertex -76.3388 -59.143 3.2
    endloop
  endfacet
  facet normal 0.442452 0.896792 0
    outer loop
      vertex -76.55 -59.0388 3.2
      vertex -76.3388 -59.143 0
      vertex -76.55 -59.0388 0
    endloop
  endfacet
  facet normal -0.555484 0.831527 0
    outer loop
      vertex -72.1542 -58.908 0
      vertex -72.35 -59.0388 3.2
      vertex -72.1542 -58.908 3.2
    endloop
  endfacet
  facet normal -0.555484 0.831527 0
    outer loop
      vertex -72.35 -59.0388 3.2
      vertex -72.1542 -58.908 0
      vertex -72.35 -59.0388 0
    endloop
  endfacet
  facet normal 0.997858 0.0654194 0
    outer loop
      vertex -77.4346 -57.7149 3.2
      vertex -77.45 -57.48 0
      vertex -77.45 -57.48 3.2
    endloop
  endfacet
  facet normal 0.997858 0.0654194 0
    outer loop
      vertex -77.45 -57.48 0
      vertex -77.4346 -57.7149 3.2
      vertex -77.4346 -57.7149 0
    endloop
  endfacet
  facet normal 0.751892 0.659286 0
    outer loop
      vertex -76.9228 56.2072 3.2
      vertex -77.078 56.3842 0
      vertex -77.078 56.3842 3.2
    endloop
  endfacet
  facet normal 0.751892 0.659286 0
    outer loop
      vertex -77.078 56.3842 0
      vertex -76.9228 56.2072 3.2
      vertex -76.9228 56.2072 0
    endloop
  endfacet
  facet normal 0.997858 -0.0654194 0
    outer loop
      vertex -77.45 57.48 3.2
      vertex -77.4346 57.7149 0
      vertex -77.4346 57.7149 3.2
    endloop
  endfacet
  facet normal 0.997858 -0.0654194 0
    outer loop
      vertex -77.4346 57.7149 0
      vertex -77.45 57.48 3.2
      vertex -77.45 57.48 0
    endloop
  endfacet
  facet normal -0.997858 -0.0654194 0
    outer loop
      vertex -71.45 57.48 0
      vertex -71.4654 57.7149 3.2
      vertex -71.4654 57.7149 0
    endloop
  endfacet
  facet normal -0.997858 -0.0654194 0
    outer loop
      vertex -71.4654 57.7149 3.2
      vertex -71.45 57.48 0
      vertex -71.45 57.48 3.2
    endloop
  endfacet
  facet normal -0.946884 -0.321575 0
    outer loop
      vertex -71.5113 57.9459 0
      vertex -71.587 58.1688 3.2
      vertex -71.587 58.1688 0
    endloop
  endfacet
  facet normal -0.946884 -0.321575 0
    outer loop
      vertex -71.587 58.1688 3.2
      vertex -71.5113 57.9459 0
      vertex -71.5113 57.9459 3.2
    endloop
  endfacet
  facet normal 0.194891 -0.980825 0
    outer loop
      vertex -76.1159 59.2187 0
      vertex -75.8849 59.2646 3.2
      vertex -76.1159 59.2187 3.2
    endloop
  endfacet
  facet normal 0.194891 -0.980825 0
    outer loop
      vertex -75.8849 59.2646 3.2
      vertex -76.1159 59.2187 0
      vertex -75.8849 59.2646 0
    endloop
  endfacet
  facet normal -0.442452 0.896792 0
    outer loop
      vertex -72.35 55.9212 0
      vertex -72.5612 55.817 3.2
      vertex -72.35 55.9212 3.2
    endloop
  endfacet
  facet normal -0.442452 0.896792 0
    outer loop
      vertex -72.5612 55.817 3.2
      vertex -72.35 55.9212 0
      vertex -72.5612 55.817 0
    endloop
  endfacet
  facet normal -0.946884 0.321575 0
    outer loop
      vertex -71.587 56.7912 0
      vertex -71.5113 57.0141 3.2
      vertex -71.5113 57.0141 0
    endloop
  endfacet
  facet normal -0.946884 0.321575 0
    outer loop
      vertex -71.5113 57.0141 3.2
      vertex -71.587 56.7912 0
      vertex -71.587 56.7912 3.2
    endloop
  endfacet
  facet normal -0.0654194 -0.997858 0
    outer loop
      vertex -73.25 59.28 0
      vertex -73.0151 59.2646 3.2
      vertex -73.25 59.28 3.2
    endloop
  endfacet
  facet normal -0.0654194 -0.997858 -0
    outer loop
      vertex -73.0151 59.2646 3.2
      vertex -73.25 59.28 0
      vertex -73.0151 59.2646 0
    endloop
  endfacet
  facet normal -0.321575 -0.946884 0
    outer loop
      vertex -72.7841 59.2187 0
      vertex -72.5612 59.143 3.2
      vertex -72.7841 59.2187 3.2
    endloop
  endfacet
  facet normal -0.321575 -0.946884 -0
    outer loop
      vertex -72.5612 59.143 3.2
      vertex -72.7841 59.2187 0
      vertex -72.5612 59.143 0
    endloop
  endfacet
  facet normal -0.896792 -0.442452 0
    outer loop
      vertex -71.587 58.1688 0
      vertex -71.6912 58.38 3.2
      vertex -71.6912 58.38 0
    endloop
  endfacet
  facet normal -0.896792 -0.442452 0
    outer loop
      vertex -71.6912 58.38 3.2
      vertex -71.587 58.1688 0
      vertex -71.587 58.1688 3.2
    endloop
  endfacet
  facet normal -0.194891 -0.980825 0
    outer loop
      vertex -73.0151 59.2646 0
      vertex -72.7841 59.2187 3.2
      vertex -73.0151 59.2646 3.2
    endloop
  endfacet
  facet normal -0.194891 -0.980825 -0
    outer loop
      vertex -72.7841 59.2187 3.2
      vertex -73.0151 59.2646 0
      vertex -72.7841 59.2187 0
    endloop
  endfacet
  facet normal -0.751892 -0.659286 0
    outer loop
      vertex -71.822 58.5758 0
      vertex -71.9772 58.7528 3.2
      vertex -71.9772 58.7528 0
    endloop
  endfacet
  facet normal -0.751892 -0.659286 0
    outer loop
      vertex -71.9772 58.7528 3.2
      vertex -71.822 58.5758 0
      vertex -71.822 58.5758 3.2
    endloop
  endfacet
  facet normal 0.555484 0.831527 -0
    outer loop
      vertex -76.55 55.9212 0
      vertex -76.7458 56.052 3.2
      vertex -76.55 55.9212 3.2
    endloop
  endfacet
  facet normal 0.555484 0.831527 0
    outer loop
      vertex -76.7458 56.052 3.2
      vertex -76.55 55.9212 0
      vertex -76.7458 56.052 0
    endloop
  endfacet
  facet normal 0 -1 0
    outer loop
      vertex -75.65 59.28 0
      vertex -73.25 59.28 3.2
      vertex -75.65 59.28 3.2
    endloop
  endfacet
  facet normal 0 -1 -0
    outer loop
      vertex -73.25 59.28 3.2
      vertex -75.65 59.28 0
      vertex -73.25 59.28 0
    endloop
  endfacet
  facet normal -0.980825 0.194891 0
    outer loop
      vertex -71.5113 57.0141 0
      vertex -71.4654 57.2451 3.2
      vertex -71.4654 57.2451 0
    endloop
  endfacet
  facet normal -0.980825 0.194891 0
    outer loop
      vertex -71.4654 57.2451 3.2
      vertex -71.5113 57.0141 0
      vertex -71.5113 57.0141 3.2
    endloop
  endfacet
  facet normal -0.997858 0.0654194 0
    outer loop
      vertex -71.4654 57.2451 0
      vertex -71.45 57.48 3.2
      vertex -71.45 57.48 0
    endloop
  endfacet
  facet normal -0.997858 0.0654194 0
    outer loop
      vertex -71.45 57.48 3.2
      vertex -71.4654 57.2451 0
      vertex -71.4654 57.2451 3.2
    endloop
  endfacet
  facet normal -0.751892 0.659286 0
    outer loop
      vertex -71.9772 56.2072 0
      vertex -71.822 56.3842 3.2
      vertex -71.822 56.3842 0
    endloop
  endfacet
  facet normal -0.751892 0.659286 0
    outer loop
      vertex -71.822 56.3842 3.2
      vertex -71.9772 56.2072 0
      vertex -71.9772 56.2072 3.2
    endloop
  endfacet
  facet normal 0 1 -0
    outer loop
      vertex -73.25 55.68 0
      vertex -75.65 55.68 3.2
      vertex -73.25 55.68 3.2
    endloop
  endfacet
  facet normal 0 1 0
    outer loop
      vertex -75.65 55.68 3.2
      vertex -73.25 55.68 0
      vertex -75.65 55.68 0
    endloop
  endfacet
  facet normal -0.442452 -0.896792 0
    outer loop
      vertex -72.5612 59.143 0
      vertex -72.35 59.0388 3.2
      vertex -72.5612 59.143 3.2
    endloop
  endfacet
  facet normal -0.442452 -0.896792 -0
    outer loop
      vertex -72.35 59.0388 3.2
      vertex -72.5612 59.143 0
      vertex -72.35 59.0388 0
    endloop
  endfacet
  facet normal -0.659286 -0.751892 0
    outer loop
      vertex -72.1542 58.908 0
      vertex -71.9772 58.7528 3.2
      vertex -72.1542 58.908 3.2
    endloop
  endfacet
  facet normal -0.659286 -0.751892 -0
    outer loop
      vertex -71.9772 58.7528 3.2
      vertex -72.1542 58.908 0
      vertex -71.9772 58.7528 0
    endloop
  endfacet
  facet normal 0.896792 -0.442452 0
    outer loop
      vertex -77.313 58.1688 3.2
      vertex -77.2088 58.38 0
      vertex -77.2088 58.38 3.2
    endloop
  endfacet
  facet normal 0.896792 -0.442452 0
    outer loop
      vertex -77.2088 58.38 0
      vertex -77.313 58.1688 3.2
      vertex -77.313 58.1688 0
    endloop
  endfacet
  facet normal -0.0654194 0.997858 0
    outer loop
      vertex -73.0151 55.6954 0
      vertex -73.25 55.68 3.2
      vertex -73.0151 55.6954 3.2
    endloop
  endfacet
  facet normal -0.0654194 0.997858 0
    outer loop
      vertex -73.25 55.68 3.2
      vertex -73.0151 55.6954 0
      vertex -73.25 55.68 0
    endloop
  endfacet
  facet normal 0.751892 -0.659286 0
    outer loop
      vertex -77.078 58.5758 3.2
      vertex -76.9228 58.7528 0
      vertex -76.9228 58.7528 3.2
    endloop
  endfacet
  facet normal 0.751892 -0.659286 0
    outer loop
      vertex -76.9228 58.7528 0
      vertex -77.078 58.5758 3.2
      vertex -77.078 58.5758 0
    endloop
  endfacet
  facet normal -0.659286 0.751892 0
    outer loop
      vertex -71.9772 56.2072 0
      vertex -72.1542 56.052 3.2
      vertex -71.9772 56.2072 3.2
    endloop
  endfacet
  facet normal -0.659286 0.751892 0
    outer loop
      vertex -72.1542 56.052 3.2
      vertex -71.9772 56.2072 0
      vertex -72.1542 56.052 0
    endloop
  endfacet
  facet normal 0.659286 -0.751892 0
    outer loop
      vertex -76.9228 58.7528 0
      vertex -76.7458 58.908 3.2
      vertex -76.9228 58.7528 3.2
    endloop
  endfacet
  facet normal 0.659286 -0.751892 0
    outer loop
      vertex -76.7458 58.908 3.2
      vertex -76.9228 58.7528 0
      vertex -76.7458 58.908 0
    endloop
  endfacet
  facet normal 0.831527 -0.555484 0
    outer loop
      vertex -77.2088 58.38 3.2
      vertex -77.078 58.5758 0
      vertex -77.078 58.5758 3.2
    endloop
  endfacet
  facet normal 0.831527 -0.555484 0
    outer loop
      vertex -77.078 58.5758 0
      vertex -77.2088 58.38 3.2
      vertex -77.2088 58.38 0
    endloop
  endfacet
  facet normal 0.321575 -0.946884 0
    outer loop
      vertex -76.3388 59.143 0
      vertex -76.1159 59.2187 3.2
      vertex -76.3388 59.143 3.2
    endloop
  endfacet
  facet normal 0.321575 -0.946884 0
    outer loop
      vertex -76.1159 59.2187 3.2
      vertex -76.3388 59.143 0
      vertex -76.1159 59.2187 0
    endloop
  endfacet
  facet normal -0.896792 0.442452 0
    outer loop
      vertex -71.6912 56.58 0
      vertex -71.587 56.7912 3.2
      vertex -71.587 56.7912 0
    endloop
  endfacet
  facet normal -0.896792 0.442452 0
    outer loop
      vertex -71.587 56.7912 3.2
      vertex -71.6912 56.58 0
      vertex -71.6912 56.58 3.2
    endloop
  endfacet
  facet normal -0.831527 -0.555484 0
    outer loop
      vertex -71.6912 58.38 0
      vertex -71.822 58.5758 3.2
      vertex -71.822 58.5758 0
    endloop
  endfacet
  facet normal -0.831527 -0.555484 0
    outer loop
      vertex -71.822 58.5758 3.2
      vertex -71.6912 58.38 0
      vertex -71.6912 58.38 3.2
    endloop
  endfacet
  facet normal -0.321575 0.946884 0
    outer loop
      vertex -72.5612 55.817 0
      vertex -72.7841 55.7413 3.2
      vertex -72.5612 55.817 3.2
    endloop
  endfacet
  facet normal -0.321575 0.946884 0
    outer loop
      vertex -72.7841 55.7413 3.2
      vertex -72.5612 55.817 0
      vertex -72.7841 55.7413 0
    endloop
  endfacet
  facet normal -0.980825 -0.194891 0
    outer loop
      vertex -71.4654 57.7149 0
      vertex -71.5113 57.9459 3.2
      vertex -71.5113 57.9459 0
    endloop
  endfacet
  facet normal -0.980825 -0.194891 0
    outer loop
      vertex -71.5113 57.9459 3.2
      vertex -71.4654 57.7149 0
      vertex -71.4654 57.7149 3.2
    endloop
  endfacet
  facet normal 0.659286 0.751892 -0
    outer loop
      vertex -76.7458 56.052 0
      vertex -76.9228 56.2072 3.2
      vertex -76.7458 56.052 3.2
    endloop
  endfacet
  facet normal 0.659286 0.751892 0
    outer loop
      vertex -76.9228 56.2072 3.2
      vertex -76.7458 56.052 0
      vertex -76.9228 56.2072 0
    endloop
  endfacet
  facet normal -0.555484 0.831527 0
    outer loop
      vertex -72.1542 56.052 0
      vertex -72.35 55.9212 3.2
      vertex -72.1542 56.052 3.2
    endloop
  endfacet
  facet normal -0.555484 0.831527 0
    outer loop
      vertex -72.35 55.9212 3.2
      vertex -72.1542 56.052 0
      vertex -72.35 55.9212 0
    endloop
  endfacet
  facet normal -0.831527 0.555484 0
    outer loop
      vertex -71.822 56.3842 0
      vertex -71.6912 56.58 3.2
      vertex -71.6912 56.58 0
    endloop
  endfacet
  facet normal -0.831527 0.555484 0
    outer loop
      vertex -71.6912 56.58 3.2
      vertex -71.822 56.3842 0
      vertex -71.822 56.3842 3.2
    endloop
  endfacet
  facet normal -0.555484 -0.831527 0
    outer loop
      vertex -72.35 59.0388 0
      vertex -72.1542 58.908 3.2
      vertex -72.35 59.0388 3.2
    endloop
  endfacet
  facet normal -0.555484 -0.831527 -0
    outer loop
      vertex -72.1542 58.908 3.2
      vertex -72.35 59.0388 0
      vertex -72.1542 58.908 0
    endloop
  endfacet
  facet normal 0.321575 0.946884 -0
    outer loop
      vertex -76.1159 55.7413 0
      vertex -76.3388 55.817 3.2
      vertex -76.1159 55.7413 3.2
    endloop
  endfacet
  facet normal 0.321575 0.946884 0
    outer loop
      vertex -76.3388 55.817 3.2
      vertex -76.1159 55.7413 0
      vertex -76.3388 55.817 0
    endloop
  endfacet
  facet normal 0.0654194 -0.997858 0
    outer loop
      vertex -75.8849 59.2646 0
      vertex -75.65 59.28 3.2
      vertex -75.8849 59.2646 3.2
    endloop
  endfacet
  facet normal 0.0654194 -0.997858 0
    outer loop
      vertex -75.65 59.28 3.2
      vertex -75.8849 59.2646 0
      vertex -75.65 59.28 0
    endloop
  endfacet
  facet normal 0.831527 0.555484 0
    outer loop
      vertex -77.078 56.3842 3.2
      vertex -77.2088 56.58 0
      vertex -77.2088 56.58 3.2
    endloop
  endfacet
  facet normal 0.831527 0.555484 0
    outer loop
      vertex -77.2088 56.58 0
      vertex -77.078 56.3842 3.2
      vertex -77.078 56.3842 0
    endloop
  endfacet
  facet normal 0.896792 0.442452 0
    outer loop
      vertex -77.2088 56.58 3.2
      vertex -77.313 56.7912 0
      vertex -77.313 56.7912 3.2
    endloop
  endfacet
  facet normal 0.896792 0.442452 0
    outer loop
      vertex -77.313 56.7912 0
      vertex -77.2088 56.58 3.2
      vertex -77.2088 56.58 0
    endloop
  endfacet
  facet normal 0.946884 0.321575 0
    outer loop
      vertex -77.313 56.7912 3.2
      vertex -77.3887 57.0141 0
      vertex -77.3887 57.0141 3.2
    endloop
  endfacet
  facet normal 0.946884 0.321575 0
    outer loop
      vertex -77.3887 57.0141 0
      vertex -77.313 56.7912 3.2
      vertex -77.313 56.7912 0
    endloop
  endfacet
  facet normal 0.442452 -0.896792 0
    outer loop
      vertex -76.55 59.0388 0
      vertex -76.3388 59.143 3.2
      vertex -76.55 59.0388 3.2
    endloop
  endfacet
  facet normal 0.442452 -0.896792 0
    outer loop
      vertex -76.3388 59.143 3.2
      vertex -76.55 59.0388 0
      vertex -76.3388 59.143 0
    endloop
  endfacet
  facet normal 0.555484 -0.831527 0
    outer loop
      vertex -76.7458 58.908 0
      vertex -76.55 59.0388 3.2
      vertex -76.7458 58.908 3.2
    endloop
  endfacet
  facet normal 0.555484 -0.831527 0
    outer loop
      vertex -76.55 59.0388 3.2
      vertex -76.7458 58.908 0
      vertex -76.55 59.0388 0
    endloop
  endfacet
  facet normal -0.194891 0.980825 0
    outer loop
      vertex -72.7841 55.7413 0
      vertex -73.0151 55.6954 3.2
      vertex -72.7841 55.7413 3.2
    endloop
  endfacet
  facet normal -0.194891 0.980825 0
    outer loop
      vertex -73.0151 55.6954 3.2
      vertex -72.7841 55.7413 0
      vertex -73.0151 55.6954 0
    endloop
  endfacet
  facet normal 0.946884 -0.321575 0
    outer loop
      vertex -77.3887 57.9459 3.2
      vertex -77.313 58.1688 0
      vertex -77.313 58.1688 3.2
    endloop
  endfacet
  facet normal 0.946884 -0.321575 0
    outer loop
      vertex -77.313 58.1688 0
      vertex -77.3887 57.9459 3.2
      vertex -77.3887 57.9459 0
    endloop
  endfacet
  facet normal 0.980825 -0.194891 0
    outer loop
      vertex -77.4346 57.7149 3.2
      vertex -77.3887 57.9459 0
      vertex -77.3887 57.9459 3.2
    endloop
  endfacet
  facet normal 0.980825 -0.194891 0
    outer loop
      vertex -77.3887 57.9459 0
      vertex -77.4346 57.7149 3.2
      vertex -77.4346 57.7149 0
    endloop
  endfacet
  facet normal 0.0654194 0.997858 -0
    outer loop
      vertex -75.65 55.68 0
      vertex -75.8849 55.6954 3.2
      vertex -75.65 55.68 3.2
    endloop
  endfacet
  facet normal 0.0654194 0.997858 0
    outer loop
      vertex -75.8849 55.6954 3.2
      vertex -75.65 55.68 0
      vertex -75.8849 55.6954 0
    endloop
  endfacet
  facet normal 0.194891 0.980825 -0
    outer loop
      vertex -75.8849 55.6954 0
      vertex -76.1159 55.7413 3.2
      vertex -75.8849 55.6954 3.2
    endloop
  endfacet
  facet normal 0.194891 0.980825 0
    outer loop
      vertex -76.1159 55.7413 3.2
      vertex -75.8849 55.6954 0
      vertex -76.1159 55.7413 0
    endloop
  endfacet
  facet normal 0.980825 0.194891 0
    outer loop
      vertex -77.3887 57.0141 3.2
      vertex -77.4346 57.2451 0
      vertex -77.4346 57.2451 3.2
    endloop
  endfacet
  facet normal 0.980825 0.194891 0
    outer loop
      vertex -77.4346 57.2451 0
      vertex -77.3887 57.0141 3.2
      vertex -77.3887 57.0141 0
    endloop
  endfacet
  facet normal 0.442452 0.896792 -0
    outer loop
      vertex -76.3388 55.817 0
      vertex -76.55 55.9212 3.2
      vertex -76.3388 55.817 3.2
    endloop
  endfacet
  facet normal 0.442452 0.896792 0
    outer loop
      vertex -76.55 55.9212 3.2
      vertex -76.3388 55.817 0
      vertex -76.55 55.9212 0
    endloop
  endfacet
  facet normal 0.997858 0.0654194 0
    outer loop
      vertex -77.4346 57.2451 3.2
      vertex -77.45 57.48 0
      vertex -77.45 57.48 3.2
    endloop
  endfacet
  facet normal 0.997858 0.0654194 0
    outer loop
      vertex -77.45 57.48 0
      vertex -77.4346 57.2451 3.2
      vertex -77.4346 57.2451 0
    endloop
  endfacet
  facet normal -0.980825 0.194891 0
    outer loop
      vertex 77.3887 -57.9459 0
      vertex 77.4346 -57.7149 3.2
      vertex 77.4346 -57.7149 0
    endloop
  endfacet
  facet normal -0.980825 0.194891 0
    outer loop
      vertex 77.4346 -57.7149 3.2
      vertex 77.3887 -57.9459 0
      vertex 77.3887 -57.9459 3.2
    endloop
  endfacet
  facet normal 0.997858 -0.0654194 0
    outer loop
      vertex 71.45 -57.48 3.2
      vertex 71.4654 -57.2451 0
      vertex 71.4654 -57.2451 3.2
    endloop
  endfacet
  facet normal 0.997858 -0.0654194 0
    outer loop
      vertex 71.4654 -57.2451 0
      vertex 71.45 -57.48 3.2
      vertex 71.45 -57.48 0
    endloop
  endfacet
  facet normal 0.442452 -0.896792 0
    outer loop
      vertex 72.35 -55.9212 0
      vertex 72.5612 -55.817 3.2
      vertex 72.35 -55.9212 3.2
    endloop
  endfacet
  facet normal 0.442452 -0.896792 0
    outer loop
      vertex 72.5612 -55.817 3.2
      vertex 72.35 -55.9212 0
      vertex 72.5612 -55.817 0
    endloop
  endfacet
  facet normal -0.831527 -0.555484 0
    outer loop
      vertex 77.2088 -56.58 0
      vertex 77.078 -56.3842 3.2
      vertex 77.078 -56.3842 0
    endloop
  endfacet
  facet normal -0.831527 -0.555484 0
    outer loop
      vertex 77.078 -56.3842 3.2
      vertex 77.2088 -56.58 0
      vertex 77.2088 -56.58 3.2
    endloop
  endfacet
  facet normal 0 -1 0
    outer loop
      vertex 73.25 -55.68 0
      vertex 75.65 -55.68 3.2
      vertex 73.25 -55.68 3.2
    endloop
  endfacet
  facet normal 0 -1 -0
    outer loop
      vertex 75.65 -55.68 3.2
      vertex 73.25 -55.68 0
      vertex 75.65 -55.68 0
    endloop
  endfacet
  facet normal -0.442452 -0.896792 0
    outer loop
      vertex 76.3388 -55.817 0
      vertex 76.55 -55.9212 3.2
      vertex 76.3388 -55.817 3.2
    endloop
  endfacet
  facet normal -0.442452 -0.896792 -0
    outer loop
      vertex 76.55 -55.9212 3.2
      vertex 76.3388 -55.817 0
      vertex 76.55 -55.9212 0
    endloop
  endfacet
  facet normal 0.555484 -0.831527 0
    outer loop
      vertex 72.1542 -56.052 0
      vertex 72.35 -55.9212 3.2
      vertex 72.1542 -56.052 3.2
    endloop
  endfacet
  facet normal 0.555484 -0.831527 0
    outer loop
      vertex 72.35 -55.9212 3.2
      vertex 72.1542 -56.052 0
      vertex 72.35 -55.9212 0
    endloop
  endfacet
  facet normal -0.0654194 0.997858 0
    outer loop
      vertex 75.8849 -59.2646 0
      vertex 75.65 -59.28 3.2
      vertex 75.8849 -59.2646 3.2
    endloop
  endfacet
  facet normal -0.0654194 0.997858 0
    outer loop
      vertex 75.65 -59.28 3.2
      vertex 75.8849 -59.2646 0
      vertex 75.65 -59.28 0
    endloop
  endfacet
  facet normal -0.980825 -0.194891 0
    outer loop
      vertex 77.4346 -57.2451 0
      vertex 77.3887 -57.0141 3.2
      vertex 77.3887 -57.0141 0
    endloop
  endfacet
  facet normal -0.980825 -0.194891 0
    outer loop
      vertex 77.3887 -57.0141 3.2
      vertex 77.4346 -57.2451 0
      vertex 77.4346 -57.2451 3.2
    endloop
  endfacet
  facet normal 0.0654194 0.997858 -0
    outer loop
      vertex 73.25 -59.28 0
      vertex 73.0151 -59.2646 3.2
      vertex 73.25 -59.28 3.2
    endloop
  endfacet
  facet normal 0.0654194 0.997858 0
    outer loop
      vertex 73.0151 -59.2646 3.2
      vertex 73.25 -59.28 0
      vertex 73.0151 -59.2646 0
    endloop
  endfacet
  facet normal 0.896792 0.442452 0
    outer loop
      vertex 71.6912 -58.38 3.2
      vertex 71.587 -58.1688 0
      vertex 71.587 -58.1688 3.2
    endloop
  endfacet
  facet normal 0.896792 0.442452 0
    outer loop
      vertex 71.587 -58.1688 0
      vertex 71.6912 -58.38 3.2
      vertex 71.6912 -58.38 0
    endloop
  endfacet
  facet normal 0.321575 0.946884 -0
    outer loop
      vertex 72.7841 -59.2187 0
      vertex 72.5612 -59.143 3.2
      vertex 72.7841 -59.2187 3.2
    endloop
  endfacet
  facet normal 0.321575 0.946884 0
    outer loop
      vertex 72.5612 -59.143 3.2
      vertex 72.7841 -59.2187 0
      vertex 72.5612 -59.143 0
    endloop
  endfacet
  facet normal -0.194891 -0.980825 0
    outer loop
      vertex 75.8849 -55.6954 0
      vertex 76.1159 -55.7413 3.2
      vertex 75.8849 -55.6954 3.2
    endloop
  endfacet
  facet normal -0.194891 -0.980825 -0
    outer loop
      vertex 76.1159 -55.7413 3.2
      vertex 75.8849 -55.6954 0
      vertex 76.1159 -55.7413 0
    endloop
  endfacet
  facet normal -0.555484 -0.831527 0
    outer loop
      vertex 76.55 -55.9212 0
      vertex 76.7458 -56.052 3.2
      vertex 76.55 -55.9212 3.2
    endloop
  endfacet
  facet normal -0.555484 -0.831527 -0
    outer loop
      vertex 76.7458 -56.052 3.2
      vertex 76.55 -55.9212 0
      vertex 76.7458 -56.052 0
    endloop
  endfacet
  facet normal -0.751892 -0.659286 0
    outer loop
      vertex 77.078 -56.3842 0
      vertex 76.9228 -56.2072 3.2
      vertex 76.9228 -56.2072 0
    endloop
  endfacet
  facet normal -0.751892 -0.659286 0
    outer loop
      vertex 76.9228 -56.2072 3.2
      vertex 77.078 -56.3842 0
      vertex 77.078 -56.3842 3.2
    endloop
  endfacet
  facet normal 0.659286 -0.751892 0
    outer loop
      vertex 71.9772 -56.2072 0
      vertex 72.1542 -56.052 3.2
      vertex 71.9772 -56.2072 3.2
    endloop
  endfacet
  facet normal 0.659286 -0.751892 0
    outer loop
      vertex 72.1542 -56.052 3.2
      vertex 71.9772 -56.2072 0
      vertex 72.1542 -56.052 0
    endloop
  endfacet
  facet normal 0 1 -0
    outer loop
      vertex 75.65 -59.28 0
      vertex 73.25 -59.28 3.2
      vertex 75.65 -59.28 3.2
    endloop
  endfacet
  facet normal 0 1 0
    outer loop
      vertex 73.25 -59.28 3.2
      vertex 75.65 -59.28 0
      vertex 73.25 -59.28 0
    endloop
  endfacet
  facet normal 0.0654194 -0.997858 0
    outer loop
      vertex 73.0151 -55.6954 0
      vertex 73.25 -55.68 3.2
      vertex 73.0151 -55.6954 3.2
    endloop
  endfacet
  facet normal 0.0654194 -0.997858 0
    outer loop
      vertex 73.25 -55.68 3.2
      vertex 73.0151 -55.6954 0
      vertex 73.25 -55.68 0
    endloop
  endfacet
  facet normal -0.831527 0.555484 0
    outer loop
      vertex 77.078 -58.5758 0
      vertex 77.2088 -58.38 3.2
      vertex 77.2088 -58.38 0
    endloop
  endfacet
  facet normal -0.831527 0.555484 0
    outer loop
      vertex 77.2088 -58.38 3.2
      vertex 77.078 -58.5758 0
      vertex 77.078 -58.5758 3.2
    endloop
  endfacet
  facet normal -0.946884 -0.321575 0
    outer loop
      vertex 77.3887 -57.0141 0
      vertex 77.313 -56.7912 3.2
      vertex 77.313 -56.7912 0
    endloop
  endfacet
  facet normal -0.946884 -0.321575 0
    outer loop
      vertex 77.313 -56.7912 3.2
      vertex 77.3887 -57.0141 0
      vertex 77.3887 -57.0141 3.2
    endloop
  endfacet
  facet normal -0.946884 0.321575 0
    outer loop
      vertex 77.313 -58.1688 0
      vertex 77.3887 -57.9459 3.2
      vertex 77.3887 -57.9459 0
    endloop
  endfacet
  facet normal -0.946884 0.321575 0
    outer loop
      vertex 77.3887 -57.9459 3.2
      vertex 77.313 -58.1688 0
      vertex 77.313 -58.1688 3.2
    endloop
  endfacet
  facet normal 0.946884 0.321575 0
    outer loop
      vertex 71.587 -58.1688 3.2
      vertex 71.5113 -57.9459 0
      vertex 71.5113 -57.9459 3.2
    endloop
  endfacet
  facet normal 0.946884 0.321575 0
    outer loop
      vertex 71.5113 -57.9459 0
      vertex 71.587 -58.1688 3.2
      vertex 71.587 -58.1688 0
    endloop
  endfacet
  facet normal 0.831527 0.555484 0
    outer loop
      vertex 71.822 -58.5758 3.2
      vertex 71.6912 -58.38 0
      vertex 71.6912 -58.38 3.2
    endloop
  endfacet
  facet normal 0.831527 0.555484 0
    outer loop
      vertex 71.6912 -58.38 0
      vertex 71.822 -58.5758 3.2
      vertex 71.822 -58.5758 0
    endloop
  endfacet
  facet normal -0.659286 -0.751892 0
    outer loop
      vertex 76.7458 -56.052 0
      vertex 76.9228 -56.2072 3.2
      vertex 76.7458 -56.052 3.2
    endloop
  endfacet
  facet normal -0.659286 -0.751892 -0
    outer loop
      vertex 76.9228 -56.2072 3.2
      vertex 76.7458 -56.052 0
      vertex 76.9228 -56.2072 0
    endloop
  endfacet
  facet normal -0.896792 -0.442452 0
    outer loop
      vertex 77.313 -56.7912 0
      vertex 77.2088 -56.58 3.2
      vertex 77.2088 -56.58 0
    endloop
  endfacet
  facet normal -0.896792 -0.442452 0
    outer loop
      vertex 77.2088 -56.58 3.2
      vertex 77.313 -56.7912 0
      vertex 77.313 -56.7912 3.2
    endloop
  endfacet
  facet normal 0.896792 -0.442452 0
    outer loop
      vertex 71.587 -56.7912 3.2
      vertex 71.6912 -56.58 0
      vertex 71.6912 -56.58 3.2
    endloop
  endfacet
  facet normal 0.896792 -0.442452 0
    outer loop
      vertex 71.6912 -56.58 0
      vertex 71.587 -56.7912 3.2
      vertex 71.587 -56.7912 0
    endloop
  endfacet
  facet normal -0.997858 -0.0654194 0
    outer loop
      vertex 77.45 -57.48 0
      vertex 77.4346 -57.2451 3.2
      vertex 77.4346 -57.2451 0
    endloop
  endfacet
  facet normal -0.997858 -0.0654194 0
    outer loop
      vertex 77.4346 -57.2451 3.2
      vertex 77.45 -57.48 0
      vertex 77.45 -57.48 3.2
    endloop
  endfacet
  facet normal 0.831527 -0.555484 0
    outer loop
      vertex 71.6912 -56.58 3.2
      vertex 71.822 -56.3842 0
      vertex 71.822 -56.3842 3.2
    endloop
  endfacet
  facet normal 0.831527 -0.555484 0
    outer loop
      vertex 71.822 -56.3842 0
      vertex 71.6912 -56.58 3.2
      vertex 71.6912 -56.58 0
    endloop
  endfacet
  facet normal 0.751892 0.659286 0
    outer loop
      vertex 71.9772 -58.7528 3.2
      vertex 71.822 -58.5758 0
      vertex 71.822 -58.5758 3.2
    endloop
  endfacet
  facet normal 0.751892 0.659286 0
    outer loop
      vertex 71.822 -58.5758 0
      vertex 71.9772 -58.7528 3.2
      vertex 71.9772 -58.7528 0
    endloop
  endfacet
  facet normal 0.997858 0.0654194 0
    outer loop
      vertex 71.4654 -57.7149 3.2
      vertex 71.45 -57.48 0
      vertex 71.45 -57.48 3.2
    endloop
  endfacet
  facet normal 0.997858 0.0654194 0
    outer loop
      vertex 71.45 -57.48 0
      vertex 71.4654 -57.7149 3.2
      vertex 71.4654 -57.7149 0
    endloop
  endfacet
  facet normal -0.751892 0.659286 0
    outer loop
      vertex 76.9228 -58.7528 0
      vertex 77.078 -58.5758 3.2
      vertex 77.078 -58.5758 0
    endloop
  endfacet
  facet normal -0.751892 0.659286 0
    outer loop
      vertex 77.078 -58.5758 3.2
      vertex 76.9228 -58.7528 0
      vertex 76.9228 -58.7528 3.2
    endloop
  endfacet
  facet normal -0.194891 0.980825 0
    outer loop
      vertex 76.1159 -59.2187 0
      vertex 75.8849 -59.2646 3.2
      vertex 76.1159 -59.2187 3.2
    endloop
  endfacet
  facet normal -0.194891 0.980825 0
    outer loop
      vertex 75.8849 -59.2646 3.2
      vertex 76.1159 -59.2187 0
      vertex 75.8849 -59.2646 0
    endloop
  endfacet
  facet normal -0.321575 0.946884 0
    outer loop
      vertex 76.3388 -59.143 0
      vertex 76.1159 -59.2187 3.2
      vertex 76.3388 -59.143 3.2
    endloop
  endfacet
  facet normal -0.321575 0.946884 0
    outer loop
      vertex 76.1159 -59.2187 3.2
      vertex 76.3388 -59.143 0
      vertex 76.1159 -59.2187 0
    endloop
  endfacet
  facet normal -0.896792 0.442452 0
    outer loop
      vertex 77.2088 -58.38 0
      vertex 77.313 -58.1688 3.2
      vertex 77.313 -58.1688 0
    endloop
  endfacet
  facet normal -0.896792 0.442452 0
    outer loop
      vertex 77.313 -58.1688 3.2
      vertex 77.2088 -58.38 0
      vertex 77.2088 -58.38 3.2
    endloop
  endfacet
  facet normal 0.659286 0.751892 -0
    outer loop
      vertex 72.1542 -58.908 0
      vertex 71.9772 -58.7528 3.2
      vertex 72.1542 -58.908 3.2
    endloop
  endfacet
  facet normal 0.659286 0.751892 0
    outer loop
      vertex 71.9772 -58.7528 3.2
      vertex 72.1542 -58.908 0
      vertex 71.9772 -58.7528 0
    endloop
  endfacet
  facet normal 0.946884 -0.321575 0
    outer loop
      vertex 71.5113 -57.0141 3.2
      vertex 71.587 -56.7912 0
      vertex 71.587 -56.7912 3.2
    endloop
  endfacet
  facet normal 0.946884 -0.321575 0
    outer loop
      vertex 71.587 -56.7912 0
      vertex 71.5113 -57.0141 3.2
      vertex 71.5113 -57.0141 0
    endloop
  endfacet
  facet normal 0.980825 -0.194891 0
    outer loop
      vertex 71.4654 -57.2451 3.2
      vertex 71.5113 -57.0141 0
      vertex 71.5113 -57.0141 3.2
    endloop
  endfacet
  facet normal 0.980825 -0.194891 0
    outer loop
      vertex 71.5113 -57.0141 0
      vertex 71.4654 -57.2451 3.2
      vertex 71.4654 -57.2451 0
    endloop
  endfacet
  facet normal 0.751892 -0.659286 0
    outer loop
      vertex 71.822 -56.3842 3.2
      vertex 71.9772 -56.2072 0
      vertex 71.9772 -56.2072 3.2
    endloop
  endfacet
  facet normal 0.751892 -0.659286 0
    outer loop
      vertex 71.9772 -56.2072 0
      vertex 71.822 -56.3842 3.2
      vertex 71.822 -56.3842 0
    endloop
  endfacet
  facet normal 0.194891 0.980825 -0
    outer loop
      vertex 73.0151 -59.2646 0
      vertex 72.7841 -59.2187 3.2
      vertex 73.0151 -59.2646 3.2
    endloop
  endfacet
  facet normal 0.194891 0.980825 0
    outer loop
      vertex 72.7841 -59.2187 3.2
      vertex 73.0151 -59.2646 0
      vertex 72.7841 -59.2187 0
    endloop
  endfacet
  facet normal 0.555484 0.831527 -0
    outer loop
      vertex 72.35 -59.0388 0
      vertex 72.1542 -58.908 3.2
      vertex 72.35 -59.0388 3.2
    endloop
  endfacet
  facet normal 0.555484 0.831527 0
    outer loop
      vertex 72.1542 -58.908 3.2
      vertex 72.35 -59.0388 0
      vertex 72.1542 -58.908 0
    endloop
  endfacet
  facet normal -0.997858 0.0654194 0
    outer loop
      vertex 77.4346 -57.7149 0
      vertex 77.45 -57.48 3.2
      vertex 77.45 -57.48 0
    endloop
  endfacet
  facet normal -0.997858 0.0654194 0
    outer loop
      vertex 77.45 -57.48 3.2
      vertex 77.4346 -57.7149 0
      vertex 77.4346 -57.7149 3.2
    endloop
  endfacet
  facet normal -0.659286 0.751892 0
    outer loop
      vertex 76.9228 -58.7528 0
      vertex 76.7458 -58.908 3.2
      vertex 76.9228 -58.7528 3.2
    endloop
  endfacet
  facet normal -0.659286 0.751892 0
    outer loop
      vertex 76.7458 -58.908 3.2
      vertex 76.9228 -58.7528 0
      vertex 76.7458 -58.908 0
    endloop
  endfacet
  facet normal -0.555484 0.831527 0
    outer loop
      vertex 76.7458 -58.908 0
      vertex 76.55 -59.0388 3.2
      vertex 76.7458 -58.908 3.2
    endloop
  endfacet
  facet normal -0.555484 0.831527 0
    outer loop
      vertex 76.55 -59.0388 3.2
      vertex 76.7458 -58.908 0
      vertex 76.55 -59.0388 0
    endloop
  endfacet
  facet normal -0.0654194 -0.997858 0
    outer loop
      vertex 75.65 -55.68 0
      vertex 75.8849 -55.6954 3.2
      vertex 75.65 -55.68 3.2
    endloop
  endfacet
  facet normal -0.0654194 -0.997858 -0
    outer loop
      vertex 75.8849 -55.6954 3.2
      vertex 75.65 -55.68 0
      vertex 75.8849 -55.6954 0
    endloop
  endfacet
  facet normal 0.321575 -0.946884 0
    outer loop
      vertex 72.5612 -55.817 0
      vertex 72.7841 -55.7413 3.2
      vertex 72.5612 -55.817 3.2
    endloop
  endfacet
  facet normal 0.321575 -0.946884 0
    outer loop
      vertex 72.7841 -55.7413 3.2
      vertex 72.5612 -55.817 0
      vertex 72.7841 -55.7413 0
    endloop
  endfacet
  facet normal 0.442452 0.896792 -0
    outer loop
      vertex 72.5612 -59.143 0
      vertex 72.35 -59.0388 3.2
      vertex 72.5612 -59.143 3.2
    endloop
  endfacet
  facet normal 0.442452 0.896792 0
    outer loop
      vertex 72.35 -59.0388 3.2
      vertex 72.5612 -59.143 0
      vertex 72.35 -59.0388 0
    endloop
  endfacet
  facet normal -0.442452 0.896792 0
    outer loop
      vertex 76.55 -59.0388 0
      vertex 76.3388 -59.143 3.2
      vertex 76.55 -59.0388 3.2
    endloop
  endfacet
  facet normal -0.442452 0.896792 0
    outer loop
      vertex 76.3388 -59.143 3.2
      vertex 76.55 -59.0388 0
      vertex 76.3388 -59.143 0
    endloop
  endfacet
  facet normal 0.194891 -0.980825 0
    outer loop
      vertex 72.7841 -55.7413 0
      vertex 73.0151 -55.6954 3.2
      vertex 72.7841 -55.7413 3.2
    endloop
  endfacet
  facet normal 0.194891 -0.980825 0
    outer loop
      vertex 73.0151 -55.6954 3.2
      vertex 72.7841 -55.7413 0
      vertex 73.0151 -55.6954 0
    endloop
  endfacet
  facet normal 0.980825 0.194891 0
    outer loop
      vertex 71.5113 -57.9459 3.2
      vertex 71.4654 -57.7149 0
      vertex 71.4654 -57.7149 3.2
    endloop
  endfacet
  facet normal 0.980825 0.194891 0
    outer loop
      vertex 71.4654 -57.7149 0
      vertex 71.5113 -57.9459 3.2
      vertex 71.5113 -57.9459 0
    endloop
  endfacet
  facet normal -0.321575 -0.946884 0
    outer loop
      vertex 76.1159 -55.7413 0
      vertex 76.3388 -55.817 3.2
      vertex 76.1159 -55.7413 3.2
    endloop
  endfacet
  facet normal -0.321575 -0.946884 -0
    outer loop
      vertex 76.3388 -55.817 3.2
      vertex 76.1159 -55.7413 0
      vertex 76.3388 -55.817 0
    endloop
  endfacet
  facet normal -0.997858 0.0654194 0
    outer loop
      vertex 77.4346 57.2451 0
      vertex 77.45 57.48 3.2
      vertex 77.45 57.48 0
    endloop
  endfacet
  facet normal -0.997858 0.0654194 0
    outer loop
      vertex 77.45 57.48 3.2
      vertex 77.4346 57.2451 0
      vertex 77.4346 57.2451 3.2
    endloop
  endfacet
  facet normal 0.997858 -0.0654194 0
    outer loop
      vertex 71.45 57.48 3.2
      vertex 71.4654 57.7149 0
      vertex 71.4654 57.7149 3.2
    endloop
  endfacet
  facet normal 0.997858 -0.0654194 0
    outer loop
      vertex 71.4654 57.7149 0
      vertex 71.45 57.48 3.2
      vertex 71.45 57.48 0
    endloop
  endfacet
  facet normal -0.896792 0.442452 0
    outer loop
      vertex 77.2088 56.58 0
      vertex 77.313 56.7912 3.2
      vertex 77.313 56.7912 0
    endloop
  endfacet
  facet normal -0.896792 0.442452 0
    outer loop
      vertex 77.313 56.7912 3.2
      vertex 77.2088 56.58 0
      vertex 77.2088 56.58 3.2
    endloop
  endfacet
  facet normal -0.831527 -0.555484 0
    outer loop
      vertex 77.2088 58.38 0
      vertex 77.078 58.5758 3.2
      vertex 77.078 58.5758 0
    endloop
  endfacet
  facet normal -0.831527 -0.555484 0
    outer loop
      vertex 77.078 58.5758 3.2
      vertex 77.2088 58.38 0
      vertex 77.2088 58.38 3.2
    endloop
  endfacet
  facet normal 0 -1 0
    outer loop
      vertex 73.25 59.28 0
      vertex 75.65 59.28 3.2
      vertex 73.25 59.28 3.2
    endloop
  endfacet
  facet normal 0 -1 -0
    outer loop
      vertex 75.65 59.28 3.2
      vertex 73.25 59.28 0
      vertex 75.65 59.28 0
    endloop
  endfacet
  facet normal -0.980825 0.194891 0
    outer loop
      vertex 77.3887 57.0141 0
      vertex 77.4346 57.2451 3.2
      vertex 77.4346 57.2451 0
    endloop
  endfacet
  facet normal -0.980825 0.194891 0
    outer loop
      vertex 77.4346 57.2451 3.2
      vertex 77.3887 57.0141 0
      vertex 77.3887 57.0141 3.2
    endloop
  endfacet
  facet normal -0.980825 -0.194891 0
    outer loop
      vertex 77.4346 57.7149 0
      vertex 77.3887 57.9459 3.2
      vertex 77.3887 57.9459 0
    endloop
  endfacet
  facet normal -0.980825 -0.194891 0
    outer loop
      vertex 77.3887 57.9459 3.2
      vertex 77.4346 57.7149 0
      vertex 77.4346 57.7149 3.2
    endloop
  endfacet
  facet normal -0.659286 0.751892 0
    outer loop
      vertex 76.9228 56.2072 0
      vertex 76.7458 56.052 3.2
      vertex 76.9228 56.2072 3.2
    endloop
  endfacet
  facet normal -0.659286 0.751892 0
    outer loop
      vertex 76.7458 56.052 3.2
      vertex 76.9228 56.2072 0
      vertex 76.7458 56.052 0
    endloop
  endfacet
  facet normal -0.321575 0.946884 0
    outer loop
      vertex 76.3388 55.817 0
      vertex 76.1159 55.7413 3.2
      vertex 76.3388 55.817 3.2
    endloop
  endfacet
  facet normal -0.321575 0.946884 0
    outer loop
      vertex 76.1159 55.7413 3.2
      vertex 76.3388 55.817 0
      vertex 76.1159 55.7413 0
    endloop
  endfacet
  facet normal 0.442452 0.896792 -0
    outer loop
      vertex 72.5612 55.817 0
      vertex 72.35 55.9212 3.2
      vertex 72.5612 55.817 3.2
    endloop
  endfacet
  facet normal 0.442452 0.896792 0
    outer loop
      vertex 72.35 55.9212 3.2
      vertex 72.5612 55.817 0
      vertex 72.35 55.9212 0
    endloop
  endfacet
  facet normal -0.442452 -0.896792 0
    outer loop
      vertex 76.3388 59.143 0
      vertex 76.55 59.0388 3.2
      vertex 76.3388 59.143 3.2
    endloop
  endfacet
  facet normal -0.442452 -0.896792 -0
    outer loop
      vertex 76.55 59.0388 3.2
      vertex 76.3388 59.143 0
      vertex 76.55 59.0388 0
    endloop
  endfacet
  facet normal 0.321575 -0.946884 0
    outer loop
      vertex 72.5612 59.143 0
      vertex 72.7841 59.2187 3.2
      vertex 72.5612 59.143 3.2
    endloop
  endfacet
  facet normal 0.321575 -0.946884 0
    outer loop
      vertex 72.7841 59.2187 3.2
      vertex 72.5612 59.143 0
      vertex 72.7841 59.2187 0
    endloop
  endfacet
  facet normal -0.751892 0.659286 0
    outer loop
      vertex 76.9228 56.2072 0
      vertex 77.078 56.3842 3.2
      vertex 77.078 56.3842 0
    endloop
  endfacet
  facet normal -0.751892 0.659286 0
    outer loop
      vertex 77.078 56.3842 3.2
      vertex 76.9228 56.2072 0
      vertex 76.9228 56.2072 3.2
    endloop
  endfacet
  facet normal -0.751892 -0.659286 0
    outer loop
      vertex 77.078 58.5758 0
      vertex 76.9228 58.7528 3.2
      vertex 76.9228 58.7528 0
    endloop
  endfacet
  facet normal -0.751892 -0.659286 0
    outer loop
      vertex 76.9228 58.7528 3.2
      vertex 77.078 58.5758 0
      vertex 77.078 58.5758 3.2
    endloop
  endfacet
  facet normal 0.946884 0.321575 0
    outer loop
      vertex 71.587 56.7912 3.2
      vertex 71.5113 57.0141 0
      vertex 71.5113 57.0141 3.2
    endloop
  endfacet
  facet normal 0.946884 0.321575 0
    outer loop
      vertex 71.5113 57.0141 0
      vertex 71.587 56.7912 3.2
      vertex 71.587 56.7912 0
    endloop
  endfacet
  facet normal 0 1 -0
    outer loop
      vertex 75.65 55.68 0
      vertex 73.25 55.68 3.2
      vertex 75.65 55.68 3.2
    endloop
  endfacet
  facet normal 0 1 0
    outer loop
      vertex 73.25 55.68 3.2
      vertex 75.65 55.68 0
      vertex 73.25 55.68 0
    endloop
  endfacet
  facet normal 0.194891 0.980825 -0
    outer loop
      vertex 73.0151 55.6954 0
      vertex 72.7841 55.7413 3.2
      vertex 73.0151 55.6954 3.2
    endloop
  endfacet
  facet normal 0.194891 0.980825 0
    outer loop
      vertex 72.7841 55.7413 3.2
      vertex 73.0151 55.6954 0
      vertex 72.7841 55.7413 0
    endloop
  endfacet
  facet normal -0.946884 -0.321575 0
    outer loop
      vertex 77.3887 57.9459 0
      vertex 77.313 58.1688 3.2
      vertex 77.313 58.1688 0
    endloop
  endfacet
  facet normal -0.946884 -0.321575 0
    outer loop
      vertex 77.313 58.1688 3.2
      vertex 77.3887 57.9459 0
      vertex 77.3887 57.9459 3.2
    endloop
  endfacet
  facet normal 0.831527 -0.555484 0
    outer loop
      vertex 71.6912 58.38 3.2
      vertex 71.822 58.5758 0
      vertex 71.822 58.5758 3.2
    endloop
  endfacet
  facet normal 0.831527 -0.555484 0
    outer loop
      vertex 71.822 58.5758 0
      vertex 71.6912 58.38 3.2
      vertex 71.6912 58.38 0
    endloop
  endfacet
  facet normal 0.896792 -0.442452 0
    outer loop
      vertex 71.587 58.1688 3.2
      vertex 71.6912 58.38 0
      vertex 71.6912 58.38 3.2
    endloop
  endfacet
  facet normal 0.896792 -0.442452 0
    outer loop
      vertex 71.6912 58.38 0
      vertex 71.587 58.1688 3.2
      vertex 71.587 58.1688 0
    endloop
  endfacet
  facet normal 0.751892 0.659286 0
    outer loop
      vertex 71.9772 56.2072 3.2
      vertex 71.822 56.3842 0
      vertex 71.822 56.3842 3.2
    endloop
  endfacet
  facet normal 0.751892 0.659286 0
    outer loop
      vertex 71.822 56.3842 0
      vertex 71.9772 56.2072 3.2
      vertex 71.9772 56.2072 0
    endloop
  endfacet
  facet normal -0.321575 -0.946884 0
    outer loop
      vertex 76.1159 59.2187 0
      vertex 76.3388 59.143 3.2
      vertex 76.1159 59.2187 3.2
    endloop
  endfacet
  facet normal -0.321575 -0.946884 -0
    outer loop
      vertex 76.3388 59.143 3.2
      vertex 76.1159 59.2187 0
      vertex 76.3388 59.143 0
    endloop
  endfacet
  facet normal -0.831527 0.555484 0
    outer loop
      vertex 77.078 56.3842 0
      vertex 77.2088 56.58 3.2
      vertex 77.2088 56.58 0
    endloop
  endfacet
  facet normal -0.831527 0.555484 0
    outer loop
      vertex 77.2088 56.58 3.2
      vertex 77.078 56.3842 0
      vertex 77.078 56.3842 3.2
    endloop
  endfacet
  facet normal -0.659286 -0.751892 0
    outer loop
      vertex 76.7458 58.908 0
      vertex 76.9228 58.7528 3.2
      vertex 76.7458 58.908 3.2
    endloop
  endfacet
  facet normal -0.659286 -0.751892 -0
    outer loop
      vertex 76.9228 58.7528 3.2
      vertex 76.7458 58.908 0
      vertex 76.9228 58.7528 0
    endloop
  endfacet
  facet normal -0.0654194 -0.997858 0
    outer loop
      vertex 75.65 59.28 0
      vertex 75.8849 59.2646 3.2
      vertex 75.65 59.28 3.2
    endloop
  endfacet
  facet normal -0.0654194 -0.997858 -0
    outer loop
      vertex 75.8849 59.2646 3.2
      vertex 75.65 59.28 0
      vertex 75.8849 59.2646 0
    endloop
  endfacet
  facet normal -0.896792 -0.442452 0
    outer loop
      vertex 77.313 58.1688 0
      vertex 77.2088 58.38 3.2
      vertex 77.2088 58.38 0
    endloop
  endfacet
  facet normal -0.896792 -0.442452 0
    outer loop
      vertex 77.2088 58.38 3.2
      vertex 77.313 58.1688 0
      vertex 77.313 58.1688 3.2
    endloop
  endfacet
  facet normal -0.555484 -0.831527 0
    outer loop
      vertex 76.55 59.0388 0
      vertex 76.7458 58.908 3.2
      vertex 76.55 59.0388 3.2
    endloop
  endfacet
  facet normal -0.555484 -0.831527 -0
    outer loop
      vertex 76.7458 58.908 3.2
      vertex 76.55 59.0388 0
      vertex 76.7458 58.908 0
    endloop
  endfacet
  facet normal 0.555484 0.831527 -0
    outer loop
      vertex 72.35 55.9212 0
      vertex 72.1542 56.052 3.2
      vertex 72.35 55.9212 3.2
    endloop
  endfacet
  facet normal 0.555484 0.831527 0
    outer loop
      vertex 72.1542 56.052 3.2
      vertex 72.35 55.9212 0
      vertex 72.1542 56.052 0
    endloop
  endfacet
  facet normal 0.751892 -0.659286 0
    outer loop
      vertex 71.822 58.5758 3.2
      vertex 71.9772 58.7528 0
      vertex 71.9772 58.7528 3.2
    endloop
  endfacet
  facet normal 0.751892 -0.659286 0
    outer loop
      vertex 71.9772 58.7528 0
      vertex 71.822 58.5758 3.2
      vertex 71.822 58.5758 0
    endloop
  endfacet
  facet normal 0.442452 -0.896792 0
    outer loop
      vertex 72.35 59.0388 0
      vertex 72.5612 59.143 3.2
      vertex 72.35 59.0388 3.2
    endloop
  endfacet
  facet normal 0.442452 -0.896792 0
    outer loop
      vertex 72.5612 59.143 3.2
      vertex 72.35 59.0388 0
      vertex 72.5612 59.143 0
    endloop
  endfacet
  facet normal -0.997858 -0.0654194 0
    outer loop
      vertex 77.45 57.48 0
      vertex 77.4346 57.7149 3.2
      vertex 77.4346 57.7149 0
    endloop
  endfacet
  facet normal -0.997858 -0.0654194 0
    outer loop
      vertex 77.4346 57.7149 3.2
      vertex 77.45 57.48 0
      vertex 77.45 57.48 3.2
    endloop
  endfacet
  facet normal 0.0654194 -0.997858 0
    outer loop
      vertex 73.0151 59.2646 0
      vertex 73.25 59.28 3.2
      vertex 73.0151 59.2646 3.2
    endloop
  endfacet
  facet normal 0.0654194 -0.997858 0
    outer loop
      vertex 73.25 59.28 3.2
      vertex 73.0151 59.2646 0
      vertex 73.25 59.28 0
    endloop
  endfacet
  facet normal 0.997858 0.0654194 0
    outer loop
      vertex 71.4654 57.2451 3.2
      vertex 71.45 57.48 0
      vertex 71.45 57.48 3.2
    endloop
  endfacet
  facet normal 0.997858 0.0654194 0
    outer loop
      vertex 71.45 57.48 0
      vertex 71.4654 57.2451 3.2
      vertex 71.4654 57.2451 0
    endloop
  endfacet
  facet normal 0.555484 -0.831527 0
    outer loop
      vertex 72.1542 58.908 0
      vertex 72.35 59.0388 3.2
      vertex 72.1542 58.908 3.2
    endloop
  endfacet
  facet normal 0.555484 -0.831527 0
    outer loop
      vertex 72.35 59.0388 3.2
      vertex 72.1542 58.908 0
      vertex 72.35 59.0388 0
    endloop
  endfacet
  facet normal -0.946884 0.321575 0
    outer loop
      vertex 77.313 56.7912 0
      vertex 77.3887 57.0141 3.2
      vertex 77.3887 57.0141 0
    endloop
  endfacet
  facet normal -0.946884 0.321575 0
    outer loop
      vertex 77.3887 57.0141 3.2
      vertex 77.313 56.7912 0
      vertex 77.313 56.7912 3.2
    endloop
  endfacet
  facet normal 0.946884 -0.321575 0
    outer loop
      vertex 71.5113 57.9459 3.2
      vertex 71.587 58.1688 0
      vertex 71.587 58.1688 3.2
    endloop
  endfacet
  facet normal 0.946884 -0.321575 0
    outer loop
      vertex 71.587 58.1688 0
      vertex 71.5113 57.9459 3.2
      vertex 71.5113 57.9459 0
    endloop
  endfacet
  facet normal 0.980825 -0.194891 0
    outer loop
      vertex 71.4654 57.7149 3.2
      vertex 71.5113 57.9459 0
      vertex 71.5113 57.9459 3.2
    endloop
  endfacet
  facet normal 0.980825 -0.194891 0
    outer loop
      vertex 71.5113 57.9459 0
      vertex 71.4654 57.7149 3.2
      vertex 71.4654 57.7149 0
    endloop
  endfacet
  facet normal 0.0654194 0.997858 -0
    outer loop
      vertex 73.25 55.68 0
      vertex 73.0151 55.6954 3.2
      vertex 73.25 55.68 3.2
    endloop
  endfacet
  facet normal 0.0654194 0.997858 0
    outer loop
      vertex 73.0151 55.6954 3.2
      vertex 73.25 55.68 0
      vertex 73.0151 55.6954 0
    endloop
  endfacet
  facet normal 0.321575 0.946884 -0
    outer loop
      vertex 72.7841 55.7413 0
      vertex 72.5612 55.817 3.2
      vertex 72.7841 55.7413 3.2
    endloop
  endfacet
  facet normal 0.321575 0.946884 0
    outer loop
      vertex 72.5612 55.817 3.2
      vertex 72.7841 55.7413 0
      vertex 72.5612 55.817 0
    endloop
  endfacet
  facet normal 0.659286 0.751892 -0
    outer loop
      vertex 72.1542 56.052 0
      vertex 71.9772 56.2072 3.2
      vertex 72.1542 56.052 3.2
    endloop
  endfacet
  facet normal 0.659286 0.751892 0
    outer loop
      vertex 71.9772 56.2072 3.2
      vertex 72.1542 56.052 0
      vertex 71.9772 56.2072 0
    endloop
  endfacet
  facet normal 0.831527 0.555484 0
    outer loop
      vertex 71.822 56.3842 3.2
      vertex 71.6912 56.58 0
      vertex 71.6912 56.58 3.2
    endloop
  endfacet
  facet normal 0.831527 0.555484 0
    outer loop
      vertex 71.6912 56.58 0
      vertex 71.822 56.3842 3.2
      vertex 71.822 56.3842 0
    endloop
  endfacet
  facet normal 0.194891 -0.980825 0
    outer loop
      vertex 72.7841 59.2187 0
      vertex 73.0151 59.2646 3.2
      vertex 72.7841 59.2187 3.2
    endloop
  endfacet
  facet normal 0.194891 -0.980825 0
    outer loop
      vertex 73.0151 59.2646 3.2
      vertex 72.7841 59.2187 0
      vertex 73.0151 59.2646 0
    endloop
  endfacet
  facet normal -0.194891 -0.980825 0
    outer loop
      vertex 75.8849 59.2646 0
      vertex 76.1159 59.2187 3.2
      vertex 75.8849 59.2646 3.2
    endloop
  endfacet
  facet normal -0.194891 -0.980825 -0
    outer loop
      vertex 76.1159 59.2187 3.2
      vertex 75.8849 59.2646 0
      vertex 76.1159 59.2187 0
    endloop
  endfacet
  facet normal 0.659286 -0.751892 0
    outer loop
      vertex 71.9772 58.7528 0
      vertex 72.1542 58.908 3.2
      vertex 71.9772 58.7528 3.2
    endloop
  endfacet
  facet normal 0.659286 -0.751892 0
    outer loop
      vertex 72.1542 58.908 3.2
      vertex 71.9772 58.7528 0
      vertex 72.1542 58.908 0
    endloop
  endfacet
  facet normal -0.0654194 0.997858 0
    outer loop
      vertex 75.8849 55.6954 0
      vertex 75.65 55.68 3.2
      vertex 75.8849 55.6954 3.2
    endloop
  endfacet
  facet normal -0.0654194 0.997858 0
    outer loop
      vertex 75.65 55.68 3.2
      vertex 75.8849 55.6954 0
      vertex 75.65 55.68 0
    endloop
  endfacet
  facet normal -0.194891 0.980825 0
    outer loop
      vertex 76.1159 55.7413 0
      vertex 75.8849 55.6954 3.2
      vertex 76.1159 55.7413 3.2
    endloop
  endfacet
  facet normal -0.194891 0.980825 0
    outer loop
      vertex 75.8849 55.6954 3.2
      vertex 76.1159 55.7413 0
      vertex 75.8849 55.6954 0
    endloop
  endfacet
  facet normal 0.896792 0.442452 0
    outer loop
      vertex 71.6912 56.58 3.2
      vertex 71.587 56.7912 0
      vertex 71.587 56.7912 3.2
    endloop
  endfacet
  facet normal 0.896792 0.442452 0
    outer loop
      vertex 71.587 56.7912 0
      vertex 71.6912 56.58 3.2
      vertex 71.6912 56.58 0
    endloop
  endfacet
  facet normal -0.555484 0.831527 0
    outer loop
      vertex 76.7458 56.052 0
      vertex 76.55 55.9212 3.2
      vertex 76.7458 56.052 3.2
    endloop
  endfacet
  facet normal -0.555484 0.831527 0
    outer loop
      vertex 76.55 55.9212 3.2
      vertex 76.7458 56.052 0
      vertex 76.55 55.9212 0
    endloop
  endfacet
  facet normal 0.980825 0.194891 0
    outer loop
      vertex 71.5113 57.0141 3.2
      vertex 71.4654 57.2451 0
      vertex 71.4654 57.2451 3.2
    endloop
  endfacet
  facet normal 0.980825 0.194891 0
    outer loop
      vertex 71.4654 57.2451 0
      vertex 71.5113 57.0141 3.2
      vertex 71.5113 57.0141 0
    endloop
  endfacet
  facet normal -0.442452 0.896792 0
    outer loop
      vertex 76.55 55.9212 0
      vertex 76.3388 55.817 3.2
      vertex 76.55 55.9212 3.2
    endloop
  endfacet
  facet normal -0.442452 0.896792 0
    outer loop
      vertex 76.3388 55.817 3.2
      vertex 76.55 55.9212 0
      vertex 76.3388 55.817 0
    endloop
  endfacet
  facet normal -0.195397 0.980724 0
    outer loop
      vertex -72.4177 -35.9233 0
      vertex -72.7063 -35.9808 3.2
      vertex -72.4177 -35.9233 3.2
    endloop
  endfacet
  facet normal -0.195397 0.980724 0
    outer loop
      vertex -72.7063 -35.9808 3.2
      vertex -72.4177 -35.9233 0
      vertex -72.7063 -35.9808 0
    endloop
  endfacet
  facet normal -0.0652336 0.99787 0
    outer loop
      vertex -72.7063 -35.9808 0
      vertex -73 -36 3.2
      vertex -72.7063 -35.9808 3.2
    endloop
  endfacet
  facet normal -0.0652336 0.99787 0
    outer loop
      vertex -73 -36 3.2
      vertex -72.7063 -35.9808 0
      vertex -73 -36 0
    endloop
  endfacet
  facet normal 1 -0 0
    outer loop
      vertex -75.25 -33.75 3.2
      vertex -75.25 -28.25 0
      vertex -75.25 -28.25 3.2
    endloop
  endfacet
  facet normal 1 0 0
    outer loop
      vertex -75.25 -28.25 0
      vertex -75.25 -33.75 3.2
      vertex -75.25 -33.75 0
    endloop
  endfacet
  facet normal -0.980724 -0.195397 0
    outer loop
      vertex -70.7692 -27.9563 0
      vertex -70.8267 -27.6677 3.2
      vertex -70.8267 -27.6677 0
    endloop
  endfacet
  facet normal -0.980724 -0.195397 0
    outer loop
      vertex -70.8267 -27.6677 3.2
      vertex -70.7692 -27.9563 0
      vertex -70.7692 -27.9563 3.2
    endloop
  endfacet
  facet normal -0.99787 -0.0652336 0
    outer loop
      vertex -70.75 -28.25 0
      vertex -70.7692 -27.9563 3.2
      vertex -70.7692 -27.9563 0
    endloop
  endfacet
  facet normal -0.99787 -0.0652336 0
    outer loop
      vertex -70.7692 -27.9563 3.2
      vertex -70.75 -28.25 0
      vertex -70.75 -28.25 3.2
    endloop
  endfacet
  facet normal 0.896995 0.442042 0
    outer loop
      vertex -74.9486 -34.875 3.2
      vertex -75.0787 -34.611 0
      vertex -75.0787 -34.611 3.2
    endloop
  endfacet
  facet normal 0.896995 0.442042 0
    outer loop
      vertex -75.0787 -34.611 0
      vertex -74.9486 -34.875 3.2
      vertex -74.9486 -34.875 0
    endloop
  endfacet
  facet normal 0.442042 0.896995 -0
    outer loop
      vertex -73.861 -35.8287 0
      vertex -74.125 -35.6986 3.2
      vertex -73.861 -35.8287 3.2
    endloop
  endfacet
  facet normal 0.442042 0.896995 0
    outer loop
      vertex -74.125 -35.6986 3.2
      vertex -73.861 -35.8287 0
      vertex -74.125 -35.6986 0
    endloop
  endfacet
  facet normal -0.896995 -0.442042 0
    outer loop
      vertex -70.9213 -27.389 0
      vertex -71.0514 -27.125 3.2
      vertex -71.0514 -27.125 0
    endloop
  endfacet
  facet normal -0.896995 -0.442042 0
    outer loop
      vertex -71.0514 -27.125 3.2
      vertex -70.9213 -27.389 0
      vertex -70.9213 -27.389 3.2
    endloop
  endfacet
  facet normal 0.0652336 -0.99787 0
    outer loop
      vertex -73.2937 -26.0192 0
      vertex -73 -26 3.2
      vertex -73.2937 -26.0192 3.2
    endloop
  endfacet
  facet normal 0.0652336 -0.99787 0
    outer loop
      vertex -73 -26 3.2
      vertex -73.2937 -26.0192 0
      vertex -73 -26 0
    endloop
  endfacet
  facet normal 0.896995 -0.442042 0
    outer loop
      vertex -75.0787 -27.389 3.2
      vertex -74.9486 -27.125 0
      vertex -74.9486 -27.125 3.2
    endloop
  endfacet
  facet normal 0.896995 -0.442042 0
    outer loop
      vertex -74.9486 -27.125 0
      vertex -75.0787 -27.389 3.2
      vertex -75.0787 -27.389 0
    endloop
  endfacet
  facet normal 0.321421 0.946936 -0
    outer loop
      vertex -73.5823 -35.9233 0
      vertex -73.861 -35.8287 3.2
      vertex -73.5823 -35.9233 3.2
    endloop
  endfacet
  facet normal 0.321421 0.946936 0
    outer loop
      vertex -73.861 -35.8287 3.2
      vertex -73.5823 -35.9233 0
      vertex -73.861 -35.8287 0
    endloop
  endfacet
  facet normal 0.946936 0.321421 0
    outer loop
      vertex -75.0787 -34.611 3.2
      vertex -75.1733 -34.3323 0
      vertex -75.1733 -34.3323 3.2
    endloop
  endfacet
  facet normal 0.946936 0.321421 0
    outer loop
      vertex -75.1733 -34.3323 0
      vertex -75.0787 -34.611 3.2
      vertex -75.0787 -34.611 0
    endloop
  endfacet
  facet normal -0.555797 -0.831318 0
    outer loop
      vertex -71.875 -26.3014 0
      vertex -71.6303 -26.465 3.2
      vertex -71.875 -26.3014 3.2
    endloop
  endfacet
  facet normal -0.555797 -0.831318 -0
    outer loop
      vertex -71.6303 -26.465 3.2
      vertex -71.875 -26.3014 0
      vertex -71.6303 -26.465 0
    endloop
  endfacet
  facet normal -0.659202 0.751966 0
    outer loop
      vertex -71.409 -35.341 0
      vertex -71.6303 -35.535 3.2
      vertex -71.409 -35.341 3.2
    endloop
  endfacet
  facet normal -0.659202 0.751966 0
    outer loop
      vertex -71.6303 -35.535 3.2
      vertex -71.409 -35.341 0
      vertex -71.6303 -35.535 0
    endloop
  endfacet
  facet normal 0.980724 0.195397 0
    outer loop
      vertex -75.1733 -34.3323 3.2
      vertex -75.2308 -34.0437 0
      vertex -75.2308 -34.0437 3.2
    endloop
  endfacet
  facet normal 0.980724 0.195397 0
    outer loop
      vertex -75.2308 -34.0437 0
      vertex -75.1733 -34.3323 3.2
      vertex -75.1733 -34.3323 0
    endloop
  endfacet
  facet normal 0.99787 0.0652336 0
    outer loop
      vertex -75.2308 -34.0437 3.2
      vertex -75.25 -33.75 0
      vertex -75.25 -33.75 3.2
    endloop
  endfacet
  facet normal 0.99787 0.0652336 0
    outer loop
      vertex -75.25 -33.75 0
      vertex -75.2308 -34.0437 3.2
      vertex -75.2308 -34.0437 0
    endloop
  endfacet
  facet normal 0.321421 -0.946936 0
    outer loop
      vertex -73.861 -26.1713 0
      vertex -73.5823 -26.0767 3.2
      vertex -73.861 -26.1713 3.2
    endloop
  endfacet
  facet normal 0.321421 -0.946936 0
    outer loop
      vertex -73.5823 -26.0767 3.2
      vertex -73.861 -26.1713 0
      vertex -73.5823 -26.0767 0
    endloop
  endfacet
  facet normal 0.555797 0.831318 -0
    outer loop
      vertex -74.125 -35.6986 0
      vertex -74.3697 -35.535 3.2
      vertex -74.125 -35.6986 3.2
    endloop
  endfacet
  facet normal 0.555797 0.831318 0
    outer loop
      vertex -74.3697 -35.535 3.2
      vertex -74.125 -35.6986 0
      vertex -74.3697 -35.535 0
    endloop
  endfacet
  facet normal -0.555797 0.831318 0
    outer loop
      vertex -71.6303 -35.535 0
      vertex -71.875 -35.6986 3.2
      vertex -71.6303 -35.535 3.2
    endloop
  endfacet
  facet normal -0.555797 0.831318 0
    outer loop
      vertex -71.875 -35.6986 3.2
      vertex -71.6303 -35.535 0
      vertex -71.875 -35.6986 0
    endloop
  endfacet
  facet normal -1 0 0
    outer loop
      vertex -70.75 -33.75 0
      vertex -70.75 -28.25 3.2
      vertex -70.75 -28.25 0
    endloop
  endfacet
  facet normal -1 -0 0
    outer loop
      vertex -70.75 -28.25 3.2
      vertex -70.75 -33.75 0
      vertex -70.75 -33.75 3.2
    endloop
  endfacet
  facet normal -0.321421 0.946936 0
    outer loop
      vertex -72.139 -35.8287 0
      vertex -72.4177 -35.9233 3.2
      vertex -72.139 -35.8287 3.2
    endloop
  endfacet
  facet normal -0.321421 0.946936 0
    outer loop
      vertex -72.4177 -35.9233 3.2
      vertex -72.139 -35.8287 0
      vertex -72.4177 -35.9233 0
    endloop
  endfacet
  facet normal -0.321421 -0.946936 0
    outer loop
      vertex -72.4177 -26.0767 0
      vertex -72.139 -26.1713 3.2
      vertex -72.4177 -26.0767 3.2
    endloop
  endfacet
  facet normal -0.321421 -0.946936 -0
    outer loop
      vertex -72.139 -26.1713 3.2
      vertex -72.4177 -26.0767 0
      vertex -72.139 -26.1713 0
    endloop
  endfacet
  facet normal 0.0652336 0.99787 -0
    outer loop
      vertex -73 -36 0
      vertex -73.2937 -35.9808 3.2
      vertex -73 -36 3.2
    endloop
  endfacet
  facet normal 0.0652336 0.99787 0
    outer loop
      vertex -73.2937 -35.9808 3.2
      vertex -73 -36 0
      vertex -73.2937 -35.9808 0
    endloop
  endfacet
  facet normal 0.195397 0.980724 -0
    outer loop
      vertex -73.2937 -35.9808 0
      vertex -73.5823 -35.9233 3.2
      vertex -73.2937 -35.9808 3.2
    endloop
  endfacet
  facet normal 0.195397 0.980724 0
    outer loop
      vertex -73.5823 -35.9233 3.2
      vertex -73.2937 -35.9808 0
      vertex -73.5823 -35.9233 0
    endloop
  endfacet
  facet normal 0.555797 -0.831318 0
    outer loop
      vertex -74.3697 -26.465 0
      vertex -74.125 -26.3014 3.2
      vertex -74.3697 -26.465 3.2
    endloop
  endfacet
  facet normal 0.555797 -0.831318 0
    outer loop
      vertex -74.125 -26.3014 3.2
      vertex -74.3697 -26.465 0
      vertex -74.125 -26.3014 0
    endloop
  endfacet
  facet normal 0.442042 -0.896995 0
    outer loop
      vertex -74.125 -26.3014 0
      vertex -73.861 -26.1713 3.2
      vertex -74.125 -26.3014 3.2
    endloop
  endfacet
  facet normal 0.442042 -0.896995 0
    outer loop
      vertex -73.861 -26.1713 3.2
      vertex -74.125 -26.3014 0
      vertex -73.861 -26.1713 0
    endloop
  endfacet
  facet normal -0.751966 0.659202 0
    outer loop
      vertex -71.409 -35.341 0
      vertex -71.215 -35.1197 3.2
      vertex -71.215 -35.1197 0
    endloop
  endfacet
  facet normal -0.751966 0.659202 0
    outer loop
      vertex -71.215 -35.1197 3.2
      vertex -71.409 -35.341 0
      vertex -71.409 -35.341 3.2
    endloop
  endfacet
  facet normal 0.980724 -0.195397 0
    outer loop
      vertex -75.2308 -27.9563 3.2
      vertex -75.1733 -27.6677 0
      vertex -75.1733 -27.6677 3.2
    endloop
  endfacet
  facet normal 0.980724 -0.195397 0
    outer loop
      vertex -75.1733 -27.6677 0
      vertex -75.2308 -27.9563 3.2
      vertex -75.2308 -27.9563 0
    endloop
  endfacet
  facet normal -0.751966 -0.659202 0
    outer loop
      vertex -71.215 -26.8803 0
      vertex -71.409 -26.659 3.2
      vertex -71.409 -26.659 0
    endloop
  endfacet
  facet normal -0.751966 -0.659202 0
    outer loop
      vertex -71.409 -26.659 3.2
      vertex -71.215 -26.8803 0
      vertex -71.215 -26.8803 3.2
    endloop
  endfacet
  facet normal -0.0652336 -0.99787 0
    outer loop
      vertex -73 -26 0
      vertex -72.7063 -26.0192 3.2
      vertex -73 -26 3.2
    endloop
  endfacet
  facet normal -0.0652336 -0.99787 -0
    outer loop
      vertex -72.7063 -26.0192 3.2
      vertex -73 -26 0
      vertex -72.7063 -26.0192 0
    endloop
  endfacet
  facet normal 0.99787 -0.0652336 0
    outer loop
      vertex -75.25 -28.25 3.2
      vertex -75.2308 -27.9563 0
      vertex -75.2308 -27.9563 3.2
    endloop
  endfacet
  facet normal 0.99787 -0.0652336 0
    outer loop
      vertex -75.2308 -27.9563 0
      vertex -75.25 -28.25 3.2
      vertex -75.25 -28.25 0
    endloop
  endfacet
  facet normal 0.659202 0.751966 -0
    outer loop
      vertex -74.3697 -35.535 0
      vertex -74.591 -35.341 3.2
      vertex -74.3697 -35.535 3.2
    endloop
  endfacet
  facet normal 0.659202 0.751966 0
    outer loop
      vertex -74.591 -35.341 3.2
      vertex -74.3697 -35.535 0
      vertex -74.591 -35.341 0
    endloop
  endfacet
  facet normal -0.831318 -0.555797 0
    outer loop
      vertex -71.0514 -27.125 0
      vertex -71.215 -26.8803 3.2
      vertex -71.215 -26.8803 0
    endloop
  endfacet
  facet normal -0.831318 -0.555797 0
    outer loop
      vertex -71.215 -26.8803 3.2
      vertex -71.0514 -27.125 0
      vertex -71.0514 -27.125 3.2
    endloop
  endfacet
  facet normal -0.946936 -0.321421 0
    outer loop
      vertex -70.8267 -27.6677 0
      vertex -70.9213 -27.389 3.2
      vertex -70.9213 -27.389 0
    endloop
  endfacet
  facet normal -0.946936 -0.321421 0
    outer loop
      vertex -70.9213 -27.389 3.2
      vertex -70.8267 -27.6677 0
      vertex -70.8267 -27.6677 3.2
    endloop
  endfacet
  facet normal -0.195397 -0.980724 0
    outer loop
      vertex -72.7063 -26.0192 0
      vertex -72.4177 -26.0767 3.2
      vertex -72.7063 -26.0192 3.2
    endloop
  endfacet
  facet normal -0.195397 -0.980724 -0
    outer loop
      vertex -72.4177 -26.0767 3.2
      vertex -72.7063 -26.0192 0
      vertex -72.4177 -26.0767 0
    endloop
  endfacet
  facet normal 0.751966 -0.659202 0
    outer loop
      vertex -74.785 -26.8803 3.2
      vertex -74.591 -26.659 0
      vertex -74.591 -26.659 3.2
    endloop
  endfacet
  facet normal 0.751966 -0.659202 0
    outer loop
      vertex -74.591 -26.659 0
      vertex -74.785 -26.8803 3.2
      vertex -74.785 -26.8803 0
    endloop
  endfacet
  facet normal -0.980724 0.195397 0
    outer loop
      vertex -70.8267 -34.3323 0
      vertex -70.7692 -34.0437 3.2
      vertex -70.7692 -34.0437 0
    endloop
  endfacet
  facet normal -0.980724 0.195397 0
    outer loop
      vertex -70.7692 -34.0437 3.2
      vertex -70.8267 -34.3323 0
      vertex -70.8267 -34.3323 3.2
    endloop
  endfacet
  facet normal -0.99787 0.0652336 0
    outer loop
      vertex -70.7692 -34.0437 0
      vertex -70.75 -33.75 3.2
      vertex -70.75 -33.75 0
    endloop
  endfacet
  facet normal -0.99787 0.0652336 0
    outer loop
      vertex -70.75 -33.75 3.2
      vertex -70.7692 -34.0437 0
      vertex -70.7692 -34.0437 3.2
    endloop
  endfacet
  facet normal -0.442042 0.896995 0
    outer loop
      vertex -71.875 -35.6986 0
      vertex -72.139 -35.8287 3.2
      vertex -71.875 -35.6986 3.2
    endloop
  endfacet
  facet normal -0.442042 0.896995 0
    outer loop
      vertex -72.139 -35.8287 3.2
      vertex -71.875 -35.6986 0
      vertex -72.139 -35.8287 0
    endloop
  endfacet
  facet normal 0.831318 -0.555797 0
    outer loop
      vertex -74.9486 -27.125 3.2
      vertex -74.785 -26.8803 0
      vertex -74.785 -26.8803 3.2
    endloop
  endfacet
  facet normal 0.831318 -0.555797 0
    outer loop
      vertex -74.785 -26.8803 0
      vertex -74.9486 -27.125 3.2
      vertex -74.9486 -27.125 0
    endloop
  endfacet
  facet normal -0.831318 0.555797 0
    outer loop
      vertex -71.215 -35.1197 0
      vertex -71.0514 -34.875 3.2
      vertex -71.0514 -34.875 0
    endloop
  endfacet
  facet normal -0.831318 0.555797 0
    outer loop
      vertex -71.0514 -34.875 3.2
      vertex -71.215 -35.1197 0
      vertex -71.215 -35.1197 3.2
    endloop
  endfacet
  facet normal -0.442042 -0.896995 0
    outer loop
      vertex -72.139 -26.1713 0
      vertex -71.875 -26.3014 3.2
      vertex -72.139 -26.1713 3.2
    endloop
  endfacet
  facet normal -0.442042 -0.896995 -0
    outer loop
      vertex -71.875 -26.3014 3.2
      vertex -72.139 -26.1713 0
      vertex -71.875 -26.3014 0
    endloop
  endfacet
  facet normal 0.946936 -0.321421 0
    outer loop
      vertex -75.1733 -27.6677 3.2
      vertex -75.0787 -27.389 0
      vertex -75.0787 -27.389 3.2
    endloop
  endfacet
  facet normal 0.946936 -0.321421 0
    outer loop
      vertex -75.0787 -27.389 0
      vertex -75.1733 -27.6677 3.2
      vertex -75.1733 -27.6677 0
    endloop
  endfacet
  facet normal 0.195397 -0.980724 0
    outer loop
      vertex -73.5823 -26.0767 0
      vertex -73.2937 -26.0192 3.2
      vertex -73.5823 -26.0767 3.2
    endloop
  endfacet
  facet normal 0.195397 -0.980724 0
    outer loop
      vertex -73.2937 -26.0192 3.2
      vertex -73.5823 -26.0767 0
      vertex -73.2937 -26.0192 0
    endloop
  endfacet
  facet normal 0.751966 0.659202 0
    outer loop
      vertex -74.591 -35.341 3.2
      vertex -74.785 -35.1197 0
      vertex -74.785 -35.1197 3.2
    endloop
  endfacet
  facet normal 0.751966 0.659202 0
    outer loop
      vertex -74.785 -35.1197 0
      vertex -74.591 -35.341 3.2
      vertex -74.591 -35.341 0
    endloop
  endfacet
  facet normal 0.831318 0.555797 0
    outer loop
      vertex -74.785 -35.1197 3.2
      vertex -74.9486 -34.875 0
      vertex -74.9486 -34.875 3.2
    endloop
  endfacet
  facet normal 0.831318 0.555797 0
    outer loop
      vertex -74.9486 -34.875 0
      vertex -74.785 -35.1197 3.2
      vertex -74.785 -35.1197 0
    endloop
  endfacet
  facet normal 0.659202 -0.751966 0
    outer loop
      vertex -74.591 -26.659 0
      vertex -74.3697 -26.465 3.2
      vertex -74.591 -26.659 3.2
    endloop
  endfacet
  facet normal 0.659202 -0.751966 0
    outer loop
      vertex -74.3697 -26.465 3.2
      vertex -74.591 -26.659 0
      vertex -74.3697 -26.465 0
    endloop
  endfacet
  facet normal -0.659202 -0.751966 0
    outer loop
      vertex -71.6303 -26.465 0
      vertex -71.409 -26.659 3.2
      vertex -71.6303 -26.465 3.2
    endloop
  endfacet
  facet normal -0.659202 -0.751966 -0
    outer loop
      vertex -71.409 -26.659 3.2
      vertex -71.6303 -26.465 0
      vertex -71.409 -26.659 0
    endloop
  endfacet
  facet normal -0.946936 0.321421 0
    outer loop
      vertex -70.9213 -34.611 0
      vertex -70.8267 -34.3323 3.2
      vertex -70.8267 -34.3323 0
    endloop
  endfacet
  facet normal -0.946936 0.321421 0
    outer loop
      vertex -70.8267 -34.3323 3.2
      vertex -70.9213 -34.611 0
      vertex -70.9213 -34.611 3.2
    endloop
  endfacet
  facet normal -0.896995 0.442042 0
    outer loop
      vertex -71.0514 -34.875 0
      vertex -70.9213 -34.611 3.2
      vertex -70.9213 -34.611 0
    endloop
  endfacet
  facet normal -0.896995 0.442042 0
    outer loop
      vertex -70.9213 -34.611 3.2
      vertex -71.0514 -34.875 0
      vertex -71.0514 -34.875 3.2
    endloop
  endfacet
  facet normal -0.195397 0.980724 0
    outer loop
      vertex -72.4177 26.0767 0
      vertex -72.7063 26.0192 3.2
      vertex -72.4177 26.0767 3.2
    endloop
  endfacet
  facet normal -0.195397 0.980724 0
    outer loop
      vertex -72.7063 26.0192 3.2
      vertex -72.4177 26.0767 0
      vertex -72.7063 26.0192 0
    endloop
  endfacet
  facet normal -0.99787 0.0652336 0
    outer loop
      vertex -70.7692 27.9563 0
      vertex -70.75 28.25 3.2
      vertex -70.75 28.25 0
    endloop
  endfacet
  facet normal -0.99787 0.0652336 0
    outer loop
      vertex -70.75 28.25 3.2
      vertex -70.7692 27.9563 0
      vertex -70.7692 27.9563 3.2
    endloop
  endfacet
  facet normal 0.659202 0.751966 -0
    outer loop
      vertex -74.3697 26.465 0
      vertex -74.591 26.659 3.2
      vertex -74.3697 26.465 3.2
    endloop
  endfacet
  facet normal 0.659202 0.751966 0
    outer loop
      vertex -74.591 26.659 3.2
      vertex -74.3697 26.465 0
      vertex -74.591 26.659 0
    endloop
  endfacet
  facet normal -0.321421 -0.946936 0
    outer loop
      vertex -72.4177 35.9233 0
      vertex -72.139 35.8287 3.2
      vertex -72.4177 35.9233 3.2
    endloop
  endfacet
  facet normal -0.321421 -0.946936 -0
    outer loop
      vertex -72.139 35.8287 3.2
      vertex -72.4177 35.9233 0
      vertex -72.139 35.8287 0
    endloop
  endfacet
  facet normal -0.0652336 0.99787 0
    outer loop
      vertex -72.7063 26.0192 0
      vertex -73 26 3.2
      vertex -72.7063 26.0192 3.2
    endloop
  endfacet
  facet normal -0.0652336 0.99787 0
    outer loop
      vertex -73 26 3.2
      vertex -72.7063 26.0192 0
      vertex -73 26 0
    endloop
  endfacet
  facet normal 0.555797 0.831318 -0
    outer loop
      vertex -74.125 26.3014 0
      vertex -74.3697 26.465 3.2
      vertex -74.125 26.3014 3.2
    endloop
  endfacet
  facet normal 0.555797 0.831318 0
    outer loop
      vertex -74.3697 26.465 3.2
      vertex -74.125 26.3014 0
      vertex -74.3697 26.465 0
    endloop
  endfacet
  facet normal -0.555797 -0.831318 0
    outer loop
      vertex -71.875 35.6986 0
      vertex -71.6303 35.535 3.2
      vertex -71.875 35.6986 3.2
    endloop
  endfacet
  facet normal -0.555797 -0.831318 -0
    outer loop
      vertex -71.6303 35.535 3.2
      vertex -71.875 35.6986 0
      vertex -71.6303 35.535 0
    endloop
  endfacet
  facet normal 1 -0 0
    outer loop
      vertex -75.25 28.25 3.2
      vertex -75.25 33.75 0
      vertex -75.25 33.75 3.2
    endloop
  endfacet
  facet normal 1 0 0
    outer loop
      vertex -75.25 33.75 0
      vertex -75.25 28.25 3.2
      vertex -75.25 28.25 0
    endloop
  endfacet
  facet normal 0.946936 0.321421 0
    outer loop
      vertex -75.0787 27.389 3.2
      vertex -75.1733 27.6677 0
      vertex -75.1733 27.6677 3.2
    endloop
  endfacet
  facet normal 0.946936 0.321421 0
    outer loop
      vertex -75.1733 27.6677 0
      vertex -75.0787 27.389 3.2
      vertex -75.0787 27.389 0
    endloop
  endfacet
  facet normal 0.980724 -0.195397 0
    outer loop
      vertex -75.2308 34.0437 3.2
      vertex -75.1733 34.3323 0
      vertex -75.1733 34.3323 3.2
    endloop
  endfacet
  facet normal 0.980724 -0.195397 0
    outer loop
      vertex -75.1733 34.3323 0
      vertex -75.2308 34.0437 3.2
      vertex -75.2308 34.0437 0
    endloop
  endfacet
  facet normal 0.0652336 0.99787 -0
    outer loop
      vertex -73 26 0
      vertex -73.2937 26.0192 3.2
      vertex -73 26 3.2
    endloop
  endfacet
  facet normal 0.0652336 0.99787 0
    outer loop
      vertex -73.2937 26.0192 3.2
      vertex -73 26 0
      vertex -73.2937 26.0192 0
    endloop
  endfacet
  facet normal 0.555797 -0.831318 0
    outer loop
      vertex -74.3697 35.535 0
      vertex -74.125 35.6986 3.2
      vertex -74.3697 35.535 3.2
    endloop
  endfacet
  facet normal 0.555797 -0.831318 0
    outer loop
      vertex -74.125 35.6986 3.2
      vertex -74.3697 35.535 0
      vertex -74.125 35.6986 0
    endloop
  endfacet
  facet normal -0.442042 0.896995 0
    outer loop
      vertex -71.875 26.3014 0
      vertex -72.139 26.1713 3.2
      vertex -71.875 26.3014 3.2
    endloop
  endfacet
  facet normal -0.442042 0.896995 0
    outer loop
      vertex -72.139 26.1713 3.2
      vertex -71.875 26.3014 0
      vertex -72.139 26.1713 0
    endloop
  endfacet
  facet normal 0.99787 0.0652336 0
    outer loop
      vertex -75.2308 27.9563 3.2
      vertex -75.25 28.25 0
      vertex -75.25 28.25 3.2
    endloop
  endfacet
  facet normal 0.99787 0.0652336 0
    outer loop
      vertex -75.25 28.25 0
      vertex -75.2308 27.9563 3.2
      vertex -75.2308 27.9563 0
    endloop
  endfacet
  facet normal 0.896995 -0.442042 0
    outer loop
      vertex -75.0787 34.611 3.2
      vertex -74.9486 34.875 0
      vertex -74.9486 34.875 3.2
    endloop
  endfacet
  facet normal 0.896995 -0.442042 0
    outer loop
      vertex -74.9486 34.875 0
      vertex -75.0787 34.611 3.2
      vertex -75.0787 34.611 0
    endloop
  endfacet
  facet normal 0.751966 0.659202 0
    outer loop
      vertex -74.591 26.659 3.2
      vertex -74.785 26.8803 0
      vertex -74.785 26.8803 3.2
    endloop
  endfacet
  facet normal 0.751966 0.659202 0
    outer loop
      vertex -74.785 26.8803 0
      vertex -74.591 26.659 3.2
      vertex -74.591 26.659 0
    endloop
  endfacet
  facet normal 0.99787 -0.0652336 0
    outer loop
      vertex -75.25 33.75 3.2
      vertex -75.2308 34.0437 0
      vertex -75.2308 34.0437 3.2
    endloop
  endfacet
  facet normal 0.99787 -0.0652336 0
    outer loop
      vertex -75.2308 34.0437 0
      vertex -75.25 33.75 3.2
      vertex -75.25 33.75 0
    endloop
  endfacet
  facet normal 0.0652336 -0.99787 0
    outer loop
      vertex -73.2937 35.9808 0
      vertex -73 36 3.2
      vertex -73.2937 35.9808 3.2
    endloop
  endfacet
  facet normal 0.0652336 -0.99787 0
    outer loop
      vertex -73 36 3.2
      vertex -73.2937 35.9808 0
      vertex -73 36 0
    endloop
  endfacet
  facet normal 0.442042 0.896995 -0
    outer loop
      vertex -73.861 26.1713 0
      vertex -74.125 26.3014 3.2
      vertex -73.861 26.1713 3.2
    endloop
  endfacet
  facet normal 0.442042 0.896995 0
    outer loop
      vertex -74.125 26.3014 3.2
      vertex -73.861 26.1713 0
      vertex -74.125 26.3014 0
    endloop
  endfacet
  facet normal -0.980724 0.195397 0
    outer loop
      vertex -70.8267 27.6677 0
      vertex -70.7692 27.9563 3.2
      vertex -70.7692 27.9563 0
    endloop
  endfacet
  facet normal -0.980724 0.195397 0
    outer loop
      vertex -70.7692 27.9563 3.2
      vertex -70.8267 27.6677 0
      vertex -70.8267 27.6677 3.2
    endloop
  endfacet
  facet normal 0.946936 -0.321421 0
    outer loop
      vertex -75.1733 34.3323 3.2
      vertex -75.0787 34.611 0
      vertex -75.0787 34.611 3.2
    endloop
  endfacet
  facet normal 0.946936 -0.321421 0
    outer loop
      vertex -75.0787 34.611 0
      vertex -75.1733 34.3323 3.2
      vertex -75.1733 34.3323 0
    endloop
  endfacet
  facet normal 0.442042 -0.896995 0
    outer loop
      vertex -74.125 35.6986 0
      vertex -73.861 35.8287 3.2
      vertex -74.125 35.6986 3.2
    endloop
  endfacet
  facet normal 0.442042 -0.896995 0
    outer loop
      vertex -73.861 35.8287 3.2
      vertex -74.125 35.6986 0
      vertex -73.861 35.8287 0
    endloop
  endfacet
  facet normal -1 0 0
    outer loop
      vertex -70.75 28.25 0
      vertex -70.75 33.75 3.2
      vertex -70.75 33.75 0
    endloop
  endfacet
  facet normal -1 -0 0
    outer loop
      vertex -70.75 33.75 3.2
      vertex -70.75 28.25 0
      vertex -70.75 28.25 3.2
    endloop
  endfacet
  facet normal -0.980724 -0.195397 0
    outer loop
      vertex -70.7692 34.0437 0
      vertex -70.8267 34.3323 3.2
      vertex -70.8267 34.3323 0
    endloop
  endfacet
  facet normal -0.980724 -0.195397 0
    outer loop
      vertex -70.8267 34.3323 3.2
      vertex -70.7692 34.0437 0
      vertex -70.7692 34.0437 3.2
    endloop
  endfacet
  facet normal 0.831318 0.555797 0
    outer loop
      vertex -74.785 26.8803 3.2
      vertex -74.9486 27.125 0
      vertex -74.9486 27.125 3.2
    endloop
  endfacet
  facet normal 0.831318 0.555797 0
    outer loop
      vertex -74.9486 27.125 0
      vertex -74.785 26.8803 3.2
      vertex -74.785 26.8803 0
    endloop
  endfacet
  facet normal 0.751966 -0.659202 0
    outer loop
      vertex -74.785 35.1197 3.2
      vertex -74.591 35.341 0
      vertex -74.591 35.341 3.2
    endloop
  endfacet
  facet normal 0.751966 -0.659202 0
    outer loop
      vertex -74.591 35.341 0
      vertex -74.785 35.1197 3.2
      vertex -74.785 35.1197 0
    endloop
  endfacet
  facet normal 0.896995 0.442042 0
    outer loop
      vertex -74.9486 27.125 3.2
      vertex -75.0787 27.389 0
      vertex -75.0787 27.389 3.2
    endloop
  endfacet
  facet normal 0.896995 0.442042 0
    outer loop
      vertex -75.0787 27.389 0
      vertex -74.9486 27.125 3.2
      vertex -74.9486 27.125 0
    endloop
  endfacet
  facet normal 0.980724 0.195397 0
    outer loop
      vertex -75.1733 27.6677 3.2
      vertex -75.2308 27.9563 0
      vertex -75.2308 27.9563 3.2
    endloop
  endfacet
  facet normal 0.980724 0.195397 0
    outer loop
      vertex -75.2308 27.9563 0
      vertex -75.1733 27.6677 3.2
      vertex -75.1733 27.6677 0
    endloop
  endfacet
  facet normal -0.896995 -0.442042 0
    outer loop
      vertex -70.9213 34.611 0
      vertex -71.0514 34.875 3.2
      vertex -71.0514 34.875 0
    endloop
  endfacet
  facet normal -0.896995 -0.442042 0
    outer loop
      vertex -71.0514 34.875 3.2
      vertex -70.9213 34.611 0
      vertex -70.9213 34.611 3.2
    endloop
  endfacet
  facet normal 0.659202 -0.751966 0
    outer loop
      vertex -74.591 35.341 0
      vertex -74.3697 35.535 3.2
      vertex -74.591 35.341 3.2
    endloop
  endfacet
  facet normal 0.659202 -0.751966 0
    outer loop
      vertex -74.3697 35.535 3.2
      vertex -74.591 35.341 0
      vertex -74.3697 35.535 0
    endloop
  endfacet
  facet normal -0.0652336 -0.99787 0
    outer loop
      vertex -73 36 0
      vertex -72.7063 35.9808 3.2
      vertex -73 36 3.2
    endloop
  endfacet
  facet normal -0.0652336 -0.99787 -0
    outer loop
      vertex -72.7063 35.9808 3.2
      vertex -73 36 0
      vertex -72.7063 35.9808 0
    endloop
  endfacet
  facet normal 0.321421 -0.946936 0
    outer loop
      vertex -73.861 35.8287 0
      vertex -73.5823 35.9233 3.2
      vertex -73.861 35.8287 3.2
    endloop
  endfacet
  facet normal 0.321421 -0.946936 0
    outer loop
      vertex -73.5823 35.9233 3.2
      vertex -73.861 35.8287 0
      vertex -73.5823 35.9233 0
    endloop
  endfacet
  facet normal 0.195397 -0.980724 0
    outer loop
      vertex -73.5823 35.9233 0
      vertex -73.2937 35.9808 3.2
      vertex -73.5823 35.9233 3.2
    endloop
  endfacet
  facet normal 0.195397 -0.980724 0
    outer loop
      vertex -73.2937 35.9808 3.2
      vertex -73.5823 35.9233 0
      vertex -73.2937 35.9808 0
    endloop
  endfacet
  facet normal 0.321421 0.946936 -0
    outer loop
      vertex -73.5823 26.0767 0
      vertex -73.861 26.1713 3.2
      vertex -73.5823 26.0767 3.2
    endloop
  endfacet
  facet normal 0.321421 0.946936 0
    outer loop
      vertex -73.861 26.1713 3.2
      vertex -73.5823 26.0767 0
      vertex -73.861 26.1713 0
    endloop
  endfacet
  facet normal 0.195397 0.980724 -0
    outer loop
      vertex -73.2937 26.0192 0
      vertex -73.5823 26.0767 3.2
      vertex -73.2937 26.0192 3.2
    endloop
  endfacet
  facet normal 0.195397 0.980724 0
    outer loop
      vertex -73.5823 26.0767 3.2
      vertex -73.2937 26.0192 0
      vertex -73.5823 26.0767 0
    endloop
  endfacet
  facet normal 0.831318 -0.555797 0
    outer loop
      vertex -74.9486 34.875 3.2
      vertex -74.785 35.1197 0
      vertex -74.785 35.1197 3.2
    endloop
  endfacet
  facet normal 0.831318 -0.555797 0
    outer loop
      vertex -74.785 35.1197 0
      vertex -74.9486 34.875 3.2
      vertex -74.9486 34.875 0
    endloop
  endfacet
  facet normal -0.751966 0.659202 0
    outer loop
      vertex -71.409 26.659 0
      vertex -71.215 26.8803 3.2
      vertex -71.215 26.8803 0
    endloop
  endfacet
  facet normal -0.751966 0.659202 0
    outer loop
      vertex -71.215 26.8803 3.2
      vertex -71.409 26.659 0
      vertex -71.409 26.659 3.2
    endloop
  endfacet
  facet normal -0.659202 0.751966 0
    outer loop
      vertex -71.409 26.659 0
      vertex -71.6303 26.465 3.2
      vertex -71.409 26.659 3.2
    endloop
  endfacet
  facet normal -0.659202 0.751966 0
    outer loop
      vertex -71.6303 26.465 3.2
      vertex -71.409 26.659 0
      vertex -71.6303 26.465 0
    endloop
  endfacet
  facet normal -0.195397 -0.980724 0
    outer loop
      vertex -72.7063 35.9808 0
      vertex -72.4177 35.9233 3.2
      vertex -72.7063 35.9808 3.2
    endloop
  endfacet
  facet normal -0.195397 -0.980724 -0
    outer loop
      vertex -72.4177 35.9233 3.2
      vertex -72.7063 35.9808 0
      vertex -72.4177 35.9233 0
    endloop
  endfacet
  facet normal -0.99787 -0.0652336 0
    outer loop
      vertex -70.75 33.75 0
      vertex -70.7692 34.0437 3.2
      vertex -70.7692 34.0437 0
    endloop
  endfacet
  facet normal -0.99787 -0.0652336 0
    outer loop
      vertex -70.7692 34.0437 3.2
      vertex -70.75 33.75 0
      vertex -70.75 33.75 3.2
    endloop
  endfacet
  facet normal -0.831318 0.555797 0
    outer loop
      vertex -71.215 26.8803 0
      vertex -71.0514 27.125 3.2
      vertex -71.0514 27.125 0
    endloop
  endfacet
  facet normal -0.831318 0.555797 0
    outer loop
      vertex -71.0514 27.125 3.2
      vertex -71.215 26.8803 0
      vertex -71.215 26.8803 3.2
    endloop
  endfacet
  facet normal -0.659202 -0.751966 0
    outer loop
      vertex -71.6303 35.535 0
      vertex -71.409 35.341 3.2
      vertex -71.6303 35.535 3.2
    endloop
  endfacet
  facet normal -0.659202 -0.751966 -0
    outer loop
      vertex -71.409 35.341 3.2
      vertex -71.6303 35.535 0
      vertex -71.409 35.341 0
    endloop
  endfacet
  facet normal -0.896995 0.442042 0
    outer loop
      vertex -71.0514 27.125 0
      vertex -70.9213 27.389 3.2
      vertex -70.9213 27.389 0
    endloop
  endfacet
  facet normal -0.896995 0.442042 0
    outer loop
      vertex -70.9213 27.389 3.2
      vertex -71.0514 27.125 0
      vertex -71.0514 27.125 3.2
    endloop
  endfacet
  facet normal -0.442042 -0.896995 0
    outer loop
      vertex -72.139 35.8287 0
      vertex -71.875 35.6986 3.2
      vertex -72.139 35.8287 3.2
    endloop
  endfacet
  facet normal -0.442042 -0.896995 -0
    outer loop
      vertex -71.875 35.6986 3.2
      vertex -72.139 35.8287 0
      vertex -71.875 35.6986 0
    endloop
  endfacet
  facet normal -0.946936 -0.321421 0
    outer loop
      vertex -70.8267 34.3323 0
      vertex -70.9213 34.611 3.2
      vertex -70.9213 34.611 0
    endloop
  endfacet
  facet normal -0.946936 -0.321421 0
    outer loop
      vertex -70.9213 34.611 3.2
      vertex -70.8267 34.3323 0
      vertex -70.8267 34.3323 3.2
    endloop
  endfacet
  facet normal -0.831318 -0.555797 0
    outer loop
      vertex -71.0514 34.875 0
      vertex -71.215 35.1197 3.2
      vertex -71.215 35.1197 0
    endloop
  endfacet
  facet normal -0.831318 -0.555797 0
    outer loop
      vertex -71.215 35.1197 3.2
      vertex -71.0514 34.875 0
      vertex -71.0514 34.875 3.2
    endloop
  endfacet
  facet normal -0.555797 0.831318 0
    outer loop
      vertex -71.6303 26.465 0
      vertex -71.875 26.3014 3.2
      vertex -71.6303 26.465 3.2
    endloop
  endfacet
  facet normal -0.555797 0.831318 0
    outer loop
      vertex -71.875 26.3014 3.2
      vertex -71.6303 26.465 0
      vertex -71.875 26.3014 0
    endloop
  endfacet
  facet normal -0.751966 -0.659202 0
    outer loop
      vertex -71.215 35.1197 0
      vertex -71.409 35.341 3.2
      vertex -71.409 35.341 0
    endloop
  endfacet
  facet normal -0.751966 -0.659202 0
    outer loop
      vertex -71.409 35.341 3.2
      vertex -71.215 35.1197 0
      vertex -71.215 35.1197 3.2
    endloop
  endfacet
  facet normal -0.946936 0.321421 0
    outer loop
      vertex -70.9213 27.389 0
      vertex -70.8267 27.6677 3.2
      vertex -70.8267 27.6677 0
    endloop
  endfacet
  facet normal -0.946936 0.321421 0
    outer loop
      vertex -70.8267 27.6677 3.2
      vertex -70.9213 27.389 0
      vertex -70.9213 27.389 3.2
    endloop
  endfacet
  facet normal -0.321421 0.946936 0
    outer loop
      vertex -72.139 26.1713 0
      vertex -72.4177 26.0767 3.2
      vertex -72.139 26.1713 3.2
    endloop
  endfacet
  facet normal -0.321421 0.946936 0
    outer loop
      vertex -72.4177 26.0767 3.2
      vertex -72.139 26.1713 0
      vertex -72.4177 26.0767 0
    endloop
  endfacet
  facet normal -1 0 0
    outer loop
      vertex 75.25 -33.75 0
      vertex 75.25 -28.25 3.2
      vertex 75.25 -28.25 0
    endloop
  endfacet
  facet normal -1 -0 0
    outer loop
      vertex 75.25 -28.25 3.2
      vertex 75.25 -33.75 0
      vertex 75.25 -33.75 3.2
    endloop
  endfacet
  facet normal -0.195397 0.980724 0
    outer loop
      vertex 73.5823 -35.9233 0
      vertex 73.2937 -35.9808 3.2
      vertex 73.5823 -35.9233 3.2
    endloop
  endfacet
  facet normal -0.195397 0.980724 0
    outer loop
      vertex 73.2937 -35.9808 3.2
      vertex 73.5823 -35.9233 0
      vertex 73.2937 -35.9808 0
    endloop
  endfacet
  facet normal -0.751966 0.659202 0
    outer loop
      vertex 74.591 -35.341 0
      vertex 74.785 -35.1197 3.2
      vertex 74.785 -35.1197 0
    endloop
  endfacet
  facet normal -0.751966 0.659202 0
    outer loop
      vertex 74.785 -35.1197 3.2
      vertex 74.591 -35.341 0
      vertex 74.591 -35.341 3.2
    endloop
  endfacet
  facet normal -0.0652336 0.99787 0
    outer loop
      vertex 73.2937 -35.9808 0
      vertex 73 -36 3.2
      vertex 73.2937 -35.9808 3.2
    endloop
  endfacet
  facet normal -0.0652336 0.99787 0
    outer loop
      vertex 73 -36 3.2
      vertex 73.2937 -35.9808 0
      vertex 73 -36 0
    endloop
  endfacet
  facet normal 0.896995 0.442042 0
    outer loop
      vertex 71.0514 -34.875 3.2
      vertex 70.9213 -34.611 0
      vertex 70.9213 -34.611 3.2
    endloop
  endfacet
  facet normal 0.896995 0.442042 0
    outer loop
      vertex 70.9213 -34.611 0
      vertex 71.0514 -34.875 3.2
      vertex 71.0514 -34.875 0
    endloop
  endfacet
  facet normal 0.321421 0.946936 -0
    outer loop
      vertex 72.4177 -35.9233 0
      vertex 72.139 -35.8287 3.2
      vertex 72.4177 -35.9233 3.2
    endloop
  endfacet
  facet normal 0.321421 0.946936 0
    outer loop
      vertex 72.139 -35.8287 3.2
      vertex 72.4177 -35.9233 0
      vertex 72.139 -35.8287 0
    endloop
  endfacet
  facet normal 0.980724 -0.195397 0
    outer loop
      vertex 70.7692 -27.9563 3.2
      vertex 70.8267 -27.6677 0
      vertex 70.8267 -27.6677 3.2
    endloop
  endfacet
  facet normal 0.980724 -0.195397 0
    outer loop
      vertex 70.8267 -27.6677 0
      vertex 70.7692 -27.9563 3.2
      vertex 70.7692 -27.9563 0
    endloop
  endfacet
  facet normal -0.99787 -0.0652336 0
    outer loop
      vertex 75.25 -28.25 0
      vertex 75.2308 -27.9563 3.2
      vertex 75.2308 -27.9563 0
    endloop
  endfacet
  facet normal -0.99787 -0.0652336 0
    outer loop
      vertex 75.2308 -27.9563 3.2
      vertex 75.25 -28.25 0
      vertex 75.25 -28.25 3.2
    endloop
  endfacet
  facet normal 0.751966 0.659202 0
    outer loop
      vertex 71.409 -35.341 3.2
      vertex 71.215 -35.1197 0
      vertex 71.215 -35.1197 3.2
    endloop
  endfacet
  facet normal 0.751966 0.659202 0
    outer loop
      vertex 71.215 -35.1197 0
      vertex 71.409 -35.341 3.2
      vertex 71.409 -35.341 0
    endloop
  endfacet
  facet normal 0.321421 -0.946936 0
    outer loop
      vertex 72.139 -26.1713 0
      vertex 72.4177 -26.0767 3.2
      vertex 72.139 -26.1713 3.2
    endloop
  endfacet
  facet normal 0.321421 -0.946936 0
    outer loop
      vertex 72.4177 -26.0767 3.2
      vertex 72.139 -26.1713 0
      vertex 72.4177 -26.0767 0
    endloop
  endfacet
  facet normal -0.980724 0.195397 0
    outer loop
      vertex 75.1733 -34.3323 0
      vertex 75.2308 -34.0437 3.2
      vertex 75.2308 -34.0437 0
    endloop
  endfacet
  facet normal -0.980724 0.195397 0
    outer loop
      vertex 75.2308 -34.0437 3.2
      vertex 75.1733 -34.3323 0
      vertex 75.1733 -34.3323 3.2
    endloop
  endfacet
  facet normal 0.555797 0.831318 -0
    outer loop
      vertex 71.875 -35.6986 0
      vertex 71.6303 -35.535 3.2
      vertex 71.875 -35.6986 3.2
    endloop
  endfacet
  facet normal 0.555797 0.831318 0
    outer loop
      vertex 71.6303 -35.535 3.2
      vertex 71.875 -35.6986 0
      vertex 71.6303 -35.535 0
    endloop
  endfacet
  facet normal 0.0652336 0.99787 -0
    outer loop
      vertex 73 -36 0
      vertex 72.7063 -35.9808 3.2
      vertex 73 -36 3.2
    endloop
  endfacet
  facet normal 0.0652336 0.99787 0
    outer loop
      vertex 72.7063 -35.9808 3.2
      vertex 73 -36 0
      vertex 72.7063 -35.9808 0
    endloop
  endfacet
  facet normal 0.946936 0.321421 0
    outer loop
      vertex 70.9213 -34.611 3.2
      vertex 70.8267 -34.3323 0
      vertex 70.8267 -34.3323 3.2
    endloop
  endfacet
  facet normal 0.946936 0.321421 0
    outer loop
      vertex 70.8267 -34.3323 0
      vertex 70.9213 -34.611 3.2
      vertex 70.9213 -34.611 0
    endloop
  endfacet
  facet normal -0.659202 -0.751966 0
    outer loop
      vertex 74.3697 -26.465 0
      vertex 74.591 -26.659 3.2
      vertex 74.3697 -26.465 3.2
    endloop
  endfacet
  facet normal -0.659202 -0.751966 -0
    outer loop
      vertex 74.591 -26.659 3.2
      vertex 74.3697 -26.465 0
      vertex 74.591 -26.659 0
    endloop
  endfacet
  facet normal -0.321421 -0.946936 0
    outer loop
      vertex 73.5823 -26.0767 0
      vertex 73.861 -26.1713 3.2
      vertex 73.5823 -26.0767 3.2
    endloop
  endfacet
  facet normal -0.321421 -0.946936 -0
    outer loop
      vertex 73.861 -26.1713 3.2
      vertex 73.5823 -26.0767 0
      vertex 73.861 -26.1713 0
    endloop
  endfacet
  facet normal 0.99787 0.0652336 0
    outer loop
      vertex 70.7692 -34.0437 3.2
      vertex 70.75 -33.75 0
      vertex 70.75 -33.75 3.2
    endloop
  endfacet
  facet normal 0.99787 0.0652336 0
    outer loop
      vertex 70.75 -33.75 0
      vertex 70.7692 -34.0437 3.2
      vertex 70.7692 -34.0437 0
    endloop
  endfacet
  facet normal -0.195397 -0.980724 0
    outer loop
      vertex 73.2937 -26.0192 0
      vertex 73.5823 -26.0767 3.2
      vertex 73.2937 -26.0192 3.2
    endloop
  endfacet
  facet normal -0.195397 -0.980724 -0
    outer loop
      vertex 73.5823 -26.0767 3.2
      vertex 73.2937 -26.0192 0
      vertex 73.5823 -26.0767 0
    endloop
  endfacet
  facet normal 1 -0 0
    outer loop
      vertex 70.75 -33.75 3.2
      vertex 70.75 -28.25 0
      vertex 70.75 -28.25 3.2
    endloop
  endfacet
  facet normal 1 0 0
    outer loop
      vertex 70.75 -28.25 0
      vertex 70.75 -33.75 3.2
      vertex 70.75 -33.75 0
    endloop
  endfacet
  facet normal -0.946936 -0.321421 0
    outer loop
      vertex 75.1733 -27.6677 0
      vertex 75.0787 -27.389 3.2
      vertex 75.0787 -27.389 0
    endloop
  endfacet
  facet normal -0.946936 -0.321421 0
    outer loop
      vertex 75.0787 -27.389 3.2
      vertex 75.1733 -27.6677 0
      vertex 75.1733 -27.6677 3.2
    endloop
  endfacet
  facet normal -0.99787 0.0652336 0
    outer loop
      vertex 75.2308 -34.0437 0
      vertex 75.25 -33.75 3.2
      vertex 75.25 -33.75 0
    endloop
  endfacet
  facet normal -0.99787 0.0652336 0
    outer loop
      vertex 75.25 -33.75 3.2
      vertex 75.2308 -34.0437 0
      vertex 75.2308 -34.0437 3.2
    endloop
  endfacet
  facet normal 0.195397 -0.980724 0
    outer loop
      vertex 72.4177 -26.0767 0
      vertex 72.7063 -26.0192 3.2
      vertex 72.4177 -26.0767 3.2
    endloop
  endfacet
  facet normal 0.195397 -0.980724 0
    outer loop
      vertex 72.7063 -26.0192 3.2
      vertex 72.4177 -26.0767 0
      vertex 72.7063 -26.0192 0
    endloop
  endfacet
  facet normal -0.946936 0.321421 0
    outer loop
      vertex 75.0787 -34.611 0
      vertex 75.1733 -34.3323 3.2
      vertex 75.1733 -34.3323 0
    endloop
  endfacet
  facet normal -0.946936 0.321421 0
    outer loop
      vertex 75.1733 -34.3323 3.2
      vertex 75.0787 -34.611 0
      vertex 75.0787 -34.611 3.2
    endloop
  endfacet
  facet normal 0.99787 -0.0652336 0
    outer loop
      vertex 70.75 -28.25 3.2
      vertex 70.7692 -27.9563 0
      vertex 70.7692 -27.9563 3.2
    endloop
  endfacet
  facet normal 0.99787 -0.0652336 0
    outer loop
      vertex 70.7692 -27.9563 0
      vertex 70.75 -28.25 3.2
      vertex 70.75 -28.25 0
    endloop
  endfacet
  facet normal 0.555797 -0.831318 0
    outer loop
      vertex 71.6303 -26.465 0
      vertex 71.875 -26.3014 3.2
      vertex 71.6303 -26.465 3.2
    endloop
  endfacet
  facet normal 0.555797 -0.831318 0
    outer loop
      vertex 71.875 -26.3014 3.2
      vertex 71.6303 -26.465 0
      vertex 71.875 -26.3014 0
    endloop
  endfacet
  facet normal -0.831318 0.555797 0
    outer loop
      vertex 74.785 -35.1197 0
      vertex 74.9486 -34.875 3.2
      vertex 74.9486 -34.875 0
    endloop
  endfacet
  facet normal -0.831318 0.555797 0
    outer loop
      vertex 74.9486 -34.875 3.2
      vertex 74.785 -35.1197 0
      vertex 74.785 -35.1197 3.2
    endloop
  endfacet
  facet normal 0.0652336 -0.99787 0
    outer loop
      vertex 72.7063 -26.0192 0
      vertex 73 -26 3.2
      vertex 72.7063 -26.0192 3.2
    endloop
  endfacet
  facet normal 0.0652336 -0.99787 0
    outer loop
      vertex 73 -26 3.2
      vertex 72.7063 -26.0192 0
      vertex 73 -26 0
    endloop
  endfacet
  facet normal 0.946936 -0.321421 0
    outer loop
      vertex 70.8267 -27.6677 3.2
      vertex 70.9213 -27.389 0
      vertex 70.9213 -27.389 3.2
    endloop
  endfacet
  facet normal 0.946936 -0.321421 0
    outer loop
      vertex 70.9213 -27.389 0
      vertex 70.8267 -27.6677 3.2
      vertex 70.8267 -27.6677 0
    endloop
  endfacet
  facet normal 0.659202 0.751966 -0
    outer loop
      vertex 71.6303 -35.535 0
      vertex 71.409 -35.341 3.2
      vertex 71.6303 -35.535 3.2
    endloop
  endfacet
  facet normal 0.659202 0.751966 0
    outer loop
      vertex 71.409 -35.341 3.2
      vertex 71.6303 -35.535 0
      vertex 71.409 -35.341 0
    endloop
  endfacet
  facet normal 0.195397 0.980724 -0
    outer loop
      vertex 72.7063 -35.9808 0
      vertex 72.4177 -35.9233 3.2
      vertex 72.7063 -35.9808 3.2
    endloop
  endfacet
  facet normal 0.195397 0.980724 0
    outer loop
      vertex 72.4177 -35.9233 3.2
      vertex 72.7063 -35.9808 0
      vertex 72.4177 -35.9233 0
    endloop
  endfacet
  facet normal -0.321421 0.946936 0
    outer loop
      vertex 73.861 -35.8287 0
      vertex 73.5823 -35.9233 3.2
      vertex 73.861 -35.8287 3.2
    endloop
  endfacet
  facet normal -0.321421 0.946936 0
    outer loop
      vertex 73.5823 -35.9233 3.2
      vertex 73.861 -35.8287 0
      vertex 73.5823 -35.9233 0
    endloop
  endfacet
  facet normal -0.980724 -0.195397 0
    outer loop
      vertex 75.2308 -27.9563 0
      vertex 75.1733 -27.6677 3.2
      vertex 75.1733 -27.6677 0
    endloop
  endfacet
  facet normal -0.980724 -0.195397 0
    outer loop
      vertex 75.1733 -27.6677 3.2
      vertex 75.2308 -27.9563 0
      vertex 75.2308 -27.9563 3.2
    endloop
  endfacet
  facet normal 0.980724 0.195397 0
    outer loop
      vertex 70.8267 -34.3323 3.2
      vertex 70.7692 -34.0437 0
      vertex 70.7692 -34.0437 3.2
    endloop
  endfacet
  facet normal 0.980724 0.195397 0
    outer loop
      vertex 70.7692 -34.0437 0
      vertex 70.8267 -34.3323 3.2
      vertex 70.8267 -34.3323 0
    endloop
  endfacet
  facet normal 0.831318 -0.555797 0
    outer loop
      vertex 71.0514 -27.125 3.2
      vertex 71.215 -26.8803 0
      vertex 71.215 -26.8803 3.2
    endloop
  endfacet
  facet normal 0.831318 -0.555797 0
    outer loop
      vertex 71.215 -26.8803 0
      vertex 71.0514 -27.125 3.2
      vertex 71.0514 -27.125 0
    endloop
  endfacet
  facet normal -0.555797 0.831318 0
    outer loop
      vertex 74.3697 -35.535 0
      vertex 74.125 -35.6986 3.2
      vertex 74.3697 -35.535 3.2
    endloop
  endfacet
  facet normal -0.555797 0.831318 0
    outer loop
      vertex 74.125 -35.6986 3.2
      vertex 74.3697 -35.535 0
      vertex 74.125 -35.6986 0
    endloop
  endfacet
  facet normal -0.751966 -0.659202 0
    outer loop
      vertex 74.785 -26.8803 0
      vertex 74.591 -26.659 3.2
      vertex 74.591 -26.659 0
    endloop
  endfacet
  facet normal -0.751966 -0.659202 0
    outer loop
      vertex 74.591 -26.659 3.2
      vertex 74.785 -26.8803 0
      vertex 74.785 -26.8803 3.2
    endloop
  endfacet
  facet normal -0.555797 -0.831318 0
    outer loop
      vertex 74.125 -26.3014 0
      vertex 74.3697 -26.465 3.2
      vertex 74.125 -26.3014 3.2
    endloop
  endfacet
  facet normal -0.555797 -0.831318 -0
    outer loop
      vertex 74.3697 -26.465 3.2
      vertex 74.125 -26.3014 0
      vertex 74.3697 -26.465 0
    endloop
  endfacet
  facet normal 0.442042 0.896995 -0
    outer loop
      vertex 72.139 -35.8287 0
      vertex 71.875 -35.6986 3.2
      vertex 72.139 -35.8287 3.2
    endloop
  endfacet
  facet normal 0.442042 0.896995 0
    outer loop
      vertex 71.875 -35.6986 3.2
      vertex 72.139 -35.8287 0
      vertex 71.875 -35.6986 0
    endloop
  endfacet
  facet normal 0.442042 -0.896995 0
    outer loop
      vertex 71.875 -26.3014 0
      vertex 72.139 -26.1713 3.2
      vertex 71.875 -26.3014 3.2
    endloop
  endfacet
  facet normal 0.442042 -0.896995 0
    outer loop
      vertex 72.139 -26.1713 3.2
      vertex 71.875 -26.3014 0
      vertex 72.139 -26.1713 0
    endloop
  endfacet
  facet normal -0.659202 0.751966 0
    outer loop
      vertex 74.591 -35.341 0
      vertex 74.3697 -35.535 3.2
      vertex 74.591 -35.341 3.2
    endloop
  endfacet
  facet normal -0.659202 0.751966 0
    outer loop
      vertex 74.3697 -35.535 3.2
      vertex 74.591 -35.341 0
      vertex 74.3697 -35.535 0
    endloop
  endfacet
  facet normal -0.896995 0.442042 0
    outer loop
      vertex 74.9486 -34.875 0
      vertex 75.0787 -34.611 3.2
      vertex 75.0787 -34.611 0
    endloop
  endfacet
  facet normal -0.896995 0.442042 0
    outer loop
      vertex 75.0787 -34.611 3.2
      vertex 74.9486 -34.875 0
      vertex 74.9486 -34.875 3.2
    endloop
  endfacet
  facet normal 0.896995 -0.442042 0
    outer loop
      vertex 70.9213 -27.389 3.2
      vertex 71.0514 -27.125 0
      vertex 71.0514 -27.125 3.2
    endloop
  endfacet
  facet normal 0.896995 -0.442042 0
    outer loop
      vertex 71.0514 -27.125 0
      vertex 70.9213 -27.389 3.2
      vertex 70.9213 -27.389 0
    endloop
  endfacet
  facet normal 0.659202 -0.751966 0
    outer loop
      vertex 71.409 -26.659 0
      vertex 71.6303 -26.465 3.2
      vertex 71.409 -26.659 3.2
    endloop
  endfacet
  facet normal 0.659202 -0.751966 0
    outer loop
      vertex 71.6303 -26.465 3.2
      vertex 71.409 -26.659 0
      vertex 71.6303 -26.465 0
    endloop
  endfacet
  facet normal -0.0652336 -0.99787 0
    outer loop
      vertex 73 -26 0
      vertex 73.2937 -26.0192 3.2
      vertex 73 -26 3.2
    endloop
  endfacet
  facet normal -0.0652336 -0.99787 -0
    outer loop
      vertex 73.2937 -26.0192 3.2
      vertex 73 -26 0
      vertex 73.2937 -26.0192 0
    endloop
  endfacet
  facet normal 0.831318 0.555797 0
    outer loop
      vertex 71.215 -35.1197 3.2
      vertex 71.0514 -34.875 0
      vertex 71.0514 -34.875 3.2
    endloop
  endfacet
  facet normal 0.831318 0.555797 0
    outer loop
      vertex 71.0514 -34.875 0
      vertex 71.215 -35.1197 3.2
      vertex 71.215 -35.1197 0
    endloop
  endfacet
  facet normal 0.751966 -0.659202 0
    outer loop
      vertex 71.215 -26.8803 3.2
      vertex 71.409 -26.659 0
      vertex 71.409 -26.659 3.2
    endloop
  endfacet
  facet normal 0.751966 -0.659202 0
    outer loop
      vertex 71.409 -26.659 0
      vertex 71.215 -26.8803 3.2
      vertex 71.215 -26.8803 0
    endloop
  endfacet
  facet normal -0.442042 0.896995 0
    outer loop
      vertex 74.125 -35.6986 0
      vertex 73.861 -35.8287 3.2
      vertex 74.125 -35.6986 3.2
    endloop
  endfacet
  facet normal -0.442042 0.896995 0
    outer loop
      vertex 73.861 -35.8287 3.2
      vertex 74.125 -35.6986 0
      vertex 73.861 -35.8287 0
    endloop
  endfacet
  facet normal -0.896995 -0.442042 0
    outer loop
      vertex 75.0787 -27.389 0
      vertex 74.9486 -27.125 3.2
      vertex 74.9486 -27.125 0
    endloop
  endfacet
  facet normal -0.896995 -0.442042 0
    outer loop
      vertex 74.9486 -27.125 3.2
      vertex 75.0787 -27.389 0
      vertex 75.0787 -27.389 3.2
    endloop
  endfacet
  facet normal -0.831318 -0.555797 0
    outer loop
      vertex 74.9486 -27.125 0
      vertex 74.785 -26.8803 3.2
      vertex 74.785 -26.8803 0
    endloop
  endfacet
  facet normal -0.831318 -0.555797 0
    outer loop
      vertex 74.785 -26.8803 3.2
      vertex 74.9486 -27.125 0
      vertex 74.9486 -27.125 3.2
    endloop
  endfacet
  facet normal -0.442042 -0.896995 0
    outer loop
      vertex 73.861 -26.1713 0
      vertex 74.125 -26.3014 3.2
      vertex 73.861 -26.1713 3.2
    endloop
  endfacet
  facet normal -0.442042 -0.896995 -0
    outer loop
      vertex 74.125 -26.3014 3.2
      vertex 73.861 -26.1713 0
      vertex 74.125 -26.3014 0
    endloop
  endfacet
  facet normal -0.321421 -0.946936 0
    outer loop
      vertex 73.5823 35.9233 0
      vertex 73.861 35.8287 3.2
      vertex 73.5823 35.9233 3.2
    endloop
  endfacet
  facet normal -0.321421 -0.946936 -0
    outer loop
      vertex 73.861 35.8287 3.2
      vertex 73.5823 35.9233 0
      vertex 73.861 35.8287 0
    endloop
  endfacet
  facet normal -0.195397 0.980724 0
    outer loop
      vertex 73.5823 26.0767 0
      vertex 73.2937 26.0192 3.2
      vertex 73.5823 26.0767 3.2
    endloop
  endfacet
  facet normal -0.195397 0.980724 0
    outer loop
      vertex 73.2937 26.0192 3.2
      vertex 73.5823 26.0767 0
      vertex 73.2937 26.0192 0
    endloop
  endfacet
  facet normal -0.99787 0.0652336 0
    outer loop
      vertex 75.2308 27.9563 0
      vertex 75.25 28.25 3.2
      vertex 75.25 28.25 0
    endloop
  endfacet
  facet normal -0.99787 0.0652336 0
    outer loop
      vertex 75.25 28.25 3.2
      vertex 75.2308 27.9563 0
      vertex 75.2308 27.9563 3.2
    endloop
  endfacet
  facet normal -0.0652336 0.99787 0
    outer loop
      vertex 73.2937 26.0192 0
      vertex 73 26 3.2
      vertex 73.2937 26.0192 3.2
    endloop
  endfacet
  facet normal -0.0652336 0.99787 0
    outer loop
      vertex 73 26 3.2
      vertex 73.2937 26.0192 0
      vertex 73 26 0
    endloop
  endfacet
  facet normal -0.831318 -0.555797 0
    outer loop
      vertex 74.9486 34.875 0
      vertex 74.785 35.1197 3.2
      vertex 74.785 35.1197 0
    endloop
  endfacet
  facet normal -0.831318 -0.555797 0
    outer loop
      vertex 74.785 35.1197 3.2
      vertex 74.9486 34.875 0
      vertex 74.9486 34.875 3.2
    endloop
  endfacet
  facet normal 0.0652336 0.99787 -0
    outer loop
      vertex 73 26 0
      vertex 72.7063 26.0192 3.2
      vertex 73 26 3.2
    endloop
  endfacet
  facet normal 0.0652336 0.99787 0
    outer loop
      vertex 72.7063 26.0192 3.2
      vertex 73 26 0
      vertex 72.7063 26.0192 0
    endloop
  endfacet
  facet normal 0.896995 -0.442042 0
    outer loop
      vertex 70.9213 34.611 3.2
      vertex 71.0514 34.875 0
      vertex 71.0514 34.875 3.2
    endloop
  endfacet
  facet normal 0.896995 -0.442042 0
    outer loop
      vertex 71.0514 34.875 0
      vertex 70.9213 34.611 3.2
      vertex 70.9213 34.611 0
    endloop
  endfacet
  facet normal 1 -0 0
    outer loop
      vertex 70.75 28.25 3.2
      vertex 70.75 33.75 0
      vertex 70.75 33.75 3.2
    endloop
  endfacet
  facet normal 1 0 0
    outer loop
      vertex 70.75 33.75 0
      vertex 70.75 28.25 3.2
      vertex 70.75 28.25 0
    endloop
  endfacet
  facet normal 0.555797 0.831318 -0
    outer loop
      vertex 71.875 26.3014 0
      vertex 71.6303 26.465 3.2
      vertex 71.875 26.3014 3.2
    endloop
  endfacet
  facet normal 0.555797 0.831318 0
    outer loop
      vertex 71.6303 26.465 3.2
      vertex 71.875 26.3014 0
      vertex 71.6303 26.465 0
    endloop
  endfacet
  facet normal 0.831318 0.555797 0
    outer loop
      vertex 71.215 26.8803 3.2
      vertex 71.0514 27.125 0
      vertex 71.0514 27.125 3.2
    endloop
  endfacet
  facet normal 0.831318 0.555797 0
    outer loop
      vertex 71.0514 27.125 0
      vertex 71.215 26.8803 3.2
      vertex 71.215 26.8803 0
    endloop
  endfacet
  facet normal -0.896995 -0.442042 0
    outer loop
      vertex 75.0787 34.611 0
      vertex 74.9486 34.875 3.2
      vertex 74.9486 34.875 0
    endloop
  endfacet
  facet normal -0.896995 -0.442042 0
    outer loop
      vertex 74.9486 34.875 3.2
      vertex 75.0787 34.611 0
      vertex 75.0787 34.611 3.2
    endloop
  endfacet
  facet normal 0.99787 0.0652336 0
    outer loop
      vertex 70.7692 27.9563 3.2
      vertex 70.75 28.25 0
      vertex 70.75 28.25 3.2
    endloop
  endfacet
  facet normal 0.99787 0.0652336 0
    outer loop
      vertex 70.75 28.25 0
      vertex 70.7692 27.9563 3.2
      vertex 70.7692 27.9563 0
    endloop
  endfacet
  facet normal 0.980724 -0.195397 0
    outer loop
      vertex 70.7692 34.0437 3.2
      vertex 70.8267 34.3323 0
      vertex 70.8267 34.3323 3.2
    endloop
  endfacet
  facet normal 0.980724 -0.195397 0
    outer loop
      vertex 70.8267 34.3323 0
      vertex 70.7692 34.0437 3.2
      vertex 70.7692 34.0437 0
    endloop
  endfacet
  facet normal 0.321421 0.946936 -0
    outer loop
      vertex 72.4177 26.0767 0
      vertex 72.139 26.1713 3.2
      vertex 72.4177 26.0767 3.2
    endloop
  endfacet
  facet normal 0.321421 0.946936 0
    outer loop
      vertex 72.139 26.1713 3.2
      vertex 72.4177 26.0767 0
      vertex 72.139 26.1713 0
    endloop
  endfacet
  facet normal -0.980724 0.195397 0
    outer loop
      vertex 75.1733 27.6677 0
      vertex 75.2308 27.9563 3.2
      vertex 75.2308 27.9563 0
    endloop
  endfacet
  facet normal -0.980724 0.195397 0
    outer loop
      vertex 75.2308 27.9563 3.2
      vertex 75.1733 27.6677 0
      vertex 75.1733 27.6677 3.2
    endloop
  endfacet
  facet normal -0.659202 -0.751966 0
    outer loop
      vertex 74.3697 35.535 0
      vertex 74.591 35.341 3.2
      vertex 74.3697 35.535 3.2
    endloop
  endfacet
  facet normal -0.659202 -0.751966 -0
    outer loop
      vertex 74.591 35.341 3.2
      vertex 74.3697 35.535 0
      vertex 74.591 35.341 0
    endloop
  endfacet
  facet normal 0.831318 -0.555797 0
    outer loop
      vertex 71.0514 34.875 3.2
      vertex 71.215 35.1197 0
      vertex 71.215 35.1197 3.2
    endloop
  endfacet
  facet normal 0.831318 -0.555797 0
    outer loop
      vertex 71.215 35.1197 0
      vertex 71.0514 34.875 3.2
      vertex 71.0514 34.875 0
    endloop
  endfacet
  facet normal -0.659202 0.751966 0
    outer loop
      vertex 74.591 26.659 0
      vertex 74.3697 26.465 3.2
      vertex 74.591 26.659 3.2
    endloop
  endfacet
  facet normal -0.659202 0.751966 0
    outer loop
      vertex 74.3697 26.465 3.2
      vertex 74.591 26.659 0
      vertex 74.3697 26.465 0
    endloop
  endfacet
  facet normal -0.442042 -0.896995 0
    outer loop
      vertex 73.861 35.8287 0
      vertex 74.125 35.6986 3.2
      vertex 73.861 35.8287 3.2
    endloop
  endfacet
  facet normal -0.442042 -0.896995 -0
    outer loop
      vertex 74.125 35.6986 3.2
      vertex 73.861 35.8287 0
      vertex 74.125 35.6986 0
    endloop
  endfacet
  facet normal 0.321421 -0.946936 0
    outer loop
      vertex 72.139 35.8287 0
      vertex 72.4177 35.9233 3.2
      vertex 72.139 35.8287 3.2
    endloop
  endfacet
  facet normal 0.321421 -0.946936 0
    outer loop
      vertex 72.4177 35.9233 3.2
      vertex 72.139 35.8287 0
      vertex 72.4177 35.9233 0
    endloop
  endfacet
  facet normal 0.195397 0.980724 -0
    outer loop
      vertex 72.7063 26.0192 0
      vertex 72.4177 26.0767 3.2
      vertex 72.7063 26.0192 3.2
    endloop
  endfacet
  facet normal 0.195397 0.980724 0
    outer loop
      vertex 72.4177 26.0767 3.2
      vertex 72.7063 26.0192 0
      vertex 72.4177 26.0767 0
    endloop
  endfacet
  facet normal 0.0652336 -0.99787 0
    outer loop
      vertex 72.7063 35.9808 0
      vertex 73 36 3.2
      vertex 72.7063 35.9808 3.2
    endloop
  endfacet
  facet normal 0.0652336 -0.99787 0
    outer loop
      vertex 73 36 3.2
      vertex 72.7063 35.9808 0
      vertex 73 36 0
    endloop
  endfacet
  facet normal 0.751966 -0.659202 0
    outer loop
      vertex 71.215 35.1197 3.2
      vertex 71.409 35.341 0
      vertex 71.409 35.341 3.2
    endloop
  endfacet
  facet normal 0.751966 -0.659202 0
    outer loop
      vertex 71.409 35.341 0
      vertex 71.215 35.1197 3.2
      vertex 71.215 35.1197 0
    endloop
  endfacet
  facet normal 0.442042 -0.896995 0
    outer loop
      vertex 71.875 35.6986 0
      vertex 72.139 35.8287 3.2
      vertex 71.875 35.6986 3.2
    endloop
  endfacet
  facet normal 0.442042 -0.896995 0
    outer loop
      vertex 72.139 35.8287 3.2
      vertex 71.875 35.6986 0
      vertex 72.139 35.8287 0
    endloop
  endfacet
  facet normal 0.555797 -0.831318 0
    outer loop
      vertex 71.6303 35.535 0
      vertex 71.875 35.6986 3.2
      vertex 71.6303 35.535 3.2
    endloop
  endfacet
  facet normal 0.555797 -0.831318 0
    outer loop
      vertex 71.875 35.6986 3.2
      vertex 71.6303 35.535 0
      vertex 71.875 35.6986 0
    endloop
  endfacet
  facet normal -0.0652336 -0.99787 0
    outer loop
      vertex 73 36 0
      vertex 73.2937 35.9808 3.2
      vertex 73 36 3.2
    endloop
  endfacet
  facet normal -0.0652336 -0.99787 -0
    outer loop
      vertex 73.2937 35.9808 3.2
      vertex 73 36 0
      vertex 73.2937 35.9808 0
    endloop
  endfacet
  facet normal -0.980724 -0.195397 0
    outer loop
      vertex 75.2308 34.0437 0
      vertex 75.1733 34.3323 3.2
      vertex 75.1733 34.3323 0
    endloop
  endfacet
  facet normal -0.980724 -0.195397 0
    outer loop
      vertex 75.1733 34.3323 3.2
      vertex 75.2308 34.0437 0
      vertex 75.2308 34.0437 3.2
    endloop
  endfacet
  facet normal 0.99787 -0.0652336 0
    outer loop
      vertex 70.75 33.75 3.2
      vertex 70.7692 34.0437 0
      vertex 70.7692 34.0437 3.2
    endloop
  endfacet
  facet normal 0.99787 -0.0652336 0
    outer loop
      vertex 70.7692 34.0437 0
      vertex 70.75 33.75 3.2
      vertex 70.75 33.75 0
    endloop
  endfacet
  facet normal 0.659202 0.751966 -0
    outer loop
      vertex 71.6303 26.465 0
      vertex 71.409 26.659 3.2
      vertex 71.6303 26.465 3.2
    endloop
  endfacet
  facet normal 0.659202 0.751966 0
    outer loop
      vertex 71.409 26.659 3.2
      vertex 71.6303 26.465 0
      vertex 71.409 26.659 0
    endloop
  endfacet
  facet normal -1 0 0
    outer loop
      vertex 75.25 28.25 0
      vertex 75.25 33.75 3.2
      vertex 75.25 33.75 0
    endloop
  endfacet
  facet normal -1 -0 0
    outer loop
      vertex 75.25 33.75 3.2
      vertex 75.25 28.25 0
      vertex 75.25 28.25 3.2
    endloop
  endfacet
  facet normal 0.659202 -0.751966 0
    outer loop
      vertex 71.409 35.341 0
      vertex 71.6303 35.535 3.2
      vertex 71.409 35.341 3.2
    endloop
  endfacet
  facet normal 0.659202 -0.751966 0
    outer loop
      vertex 71.6303 35.535 3.2
      vertex 71.409 35.341 0
      vertex 71.6303 35.535 0
    endloop
  endfacet
  facet normal -0.831318 0.555797 0
    outer loop
      vertex 74.785 26.8803 0
      vertex 74.9486 27.125 3.2
      vertex 74.9486 27.125 0
    endloop
  endfacet
  facet normal -0.831318 0.555797 0
    outer loop
      vertex 74.9486 27.125 3.2
      vertex 74.785 26.8803 0
      vertex 74.785 26.8803 3.2
    endloop
  endfacet
  facet normal 0.751966 0.659202 0
    outer loop
      vertex 71.409 26.659 3.2
      vertex 71.215 26.8803 0
      vertex 71.215 26.8803 3.2
    endloop
  endfacet
  facet normal 0.751966 0.659202 0
    outer loop
      vertex 71.215 26.8803 0
      vertex 71.409 26.659 3.2
      vertex 71.409 26.659 0
    endloop
  endfacet
  facet normal 0.195397 -0.980724 0
    outer loop
      vertex 72.4177 35.9233 0
      vertex 72.7063 35.9808 3.2
      vertex 72.4177 35.9233 3.2
    endloop
  endfacet
  facet normal 0.195397 -0.980724 0
    outer loop
      vertex 72.7063 35.9808 3.2
      vertex 72.4177 35.9233 0
      vertex 72.7063 35.9808 0
    endloop
  endfacet
  facet normal 0.896995 0.442042 0
    outer loop
      vertex 71.0514 27.125 3.2
      vertex 70.9213 27.389 0
      vertex 70.9213 27.389 3.2
    endloop
  endfacet
  facet normal 0.896995 0.442042 0
    outer loop
      vertex 70.9213 27.389 0
      vertex 71.0514 27.125 3.2
      vertex 71.0514 27.125 0
    endloop
  endfacet
  facet normal 0.442042 0.896995 -0
    outer loop
      vertex 72.139 26.1713 0
      vertex 71.875 26.3014 3.2
      vertex 72.139 26.1713 3.2
    endloop
  endfacet
  facet normal 0.442042 0.896995 0
    outer loop
      vertex 71.875 26.3014 3.2
      vertex 72.139 26.1713 0
      vertex 71.875 26.3014 0
    endloop
  endfacet
  facet normal -0.946936 -0.321421 0
    outer loop
      vertex 75.1733 34.3323 0
      vertex 75.0787 34.611 3.2
      vertex 75.0787 34.611 0
    endloop
  endfacet
  facet normal -0.946936 -0.321421 0
    outer loop
      vertex 75.0787 34.611 3.2
      vertex 75.1733 34.3323 0
      vertex 75.1733 34.3323 3.2
    endloop
  endfacet
  facet normal -0.195397 -0.980724 0
    outer loop
      vertex 73.2937 35.9808 0
      vertex 73.5823 35.9233 3.2
      vertex 73.2937 35.9808 3.2
    endloop
  endfacet
  facet normal -0.195397 -0.980724 -0
    outer loop
      vertex 73.5823 35.9233 3.2
      vertex 73.2937 35.9808 0
      vertex 73.5823 35.9233 0
    endloop
  endfacet
  facet normal -0.555797 -0.831318 0
    outer loop
      vertex 74.125 35.6986 0
      vertex 74.3697 35.535 3.2
      vertex 74.125 35.6986 3.2
    endloop
  endfacet
  facet normal -0.555797 -0.831318 -0
    outer loop
      vertex 74.3697 35.535 3.2
      vertex 74.125 35.6986 0
      vertex 74.3697 35.535 0
    endloop
  endfacet
  facet normal 0.946936 -0.321421 0
    outer loop
      vertex 70.8267 34.3323 3.2
      vertex 70.9213 34.611 0
      vertex 70.9213 34.611 3.2
    endloop
  endfacet
  facet normal 0.946936 -0.321421 0
    outer loop
      vertex 70.9213 34.611 0
      vertex 70.8267 34.3323 3.2
      vertex 70.8267 34.3323 0
    endloop
  endfacet
  facet normal 0.946936 0.321421 0
    outer loop
      vertex 70.9213 27.389 3.2
      vertex 70.8267 27.6677 0
      vertex 70.8267 27.6677 3.2
    endloop
  endfacet
  facet normal 0.946936 0.321421 0
    outer loop
      vertex 70.8267 27.6677 0
      vertex 70.9213 27.389 3.2
      vertex 70.9213 27.389 0
    endloop
  endfacet
  facet normal -0.99787 -0.0652336 0
    outer loop
      vertex 75.25 33.75 0
      vertex 75.2308 34.0437 3.2
      vertex 75.2308 34.0437 0
    endloop
  endfacet
  facet normal -0.99787 -0.0652336 0
    outer loop
      vertex 75.2308 34.0437 3.2
      vertex 75.25 33.75 0
      vertex 75.25 33.75 3.2
    endloop
  endfacet
  facet normal 0.980724 0.195397 0
    outer loop
      vertex 70.8267 27.6677 3.2
      vertex 70.7692 27.9563 0
      vertex 70.7692 27.9563 3.2
    endloop
  endfacet
  facet normal 0.980724 0.195397 0
    outer loop
      vertex 70.7692 27.9563 0
      vertex 70.8267 27.6677 3.2
      vertex 70.8267 27.6677 0
    endloop
  endfacet
  facet normal -0.751966 -0.659202 0
    outer loop
      vertex 74.785 35.1197 0
      vertex 74.591 35.341 3.2
      vertex 74.591 35.341 0
    endloop
  endfacet
  facet normal -0.751966 -0.659202 0
    outer loop
      vertex 74.591 35.341 3.2
      vertex 74.785 35.1197 0
      vertex 74.785 35.1197 3.2
    endloop
  endfacet
  facet normal -0.896995 0.442042 0
    outer loop
      vertex 74.9486 27.125 0
      vertex 75.0787 27.389 3.2
      vertex 75.0787 27.389 0
    endloop
  endfacet
  facet normal -0.896995 0.442042 0
    outer loop
      vertex 75.0787 27.389 3.2
      vertex 74.9486 27.125 0
      vertex 74.9486 27.125 3.2
    endloop
  endfacet
  facet normal -0.321421 0.946936 0
    outer loop
      vertex 73.861 26.1713 0
      vertex 73.5823 26.0767 3.2
      vertex 73.861 26.1713 3.2
    endloop
  endfacet
  facet normal -0.321421 0.946936 0
    outer loop
      vertex 73.5823 26.0767 3.2
      vertex 73.861 26.1713 0
      vertex 73.5823 26.0767 0
    endloop
  endfacet
  facet normal -0.442042 0.896995 0
    outer loop
      vertex 74.125 26.3014 0
      vertex 73.861 26.1713 3.2
      vertex 74.125 26.3014 3.2
    endloop
  endfacet
  facet normal -0.442042 0.896995 0
    outer loop
      vertex 73.861 26.1713 3.2
      vertex 74.125 26.3014 0
      vertex 73.861 26.1713 0
    endloop
  endfacet
  facet normal -0.946936 0.321421 0
    outer loop
      vertex 75.0787 27.389 0
      vertex 75.1733 27.6677 3.2
      vertex 75.1733 27.6677 0
    endloop
  endfacet
  facet normal -0.946936 0.321421 0
    outer loop
      vertex 75.1733 27.6677 3.2
      vertex 75.0787 27.389 0
      vertex 75.0787 27.389 3.2
    endloop
  endfacet
  facet normal -0.555797 0.831318 0
    outer loop
      vertex 74.3697 26.465 0
      vertex 74.125 26.3014 3.2
      vertex 74.3697 26.465 3.2
    endloop
  endfacet
  facet normal -0.555797 0.831318 0
    outer loop
      vertex 74.125 26.3014 3.2
      vertex 74.3697 26.465 0
      vertex 74.125 26.3014 0
    endloop
  endfacet
  facet normal -0.751966 0.659202 0
    outer loop
      vertex 74.591 26.659 0
      vertex 74.785 26.8803 3.2
      vertex 74.785 26.8803 0
    endloop
  endfacet
  facet normal -0.751966 0.659202 0
    outer loop
      vertex 74.785 26.8803 3.2
      vertex 74.591 26.659 0
      vertex 74.591 26.659 3.2
    endloop
  endfacet
  facet normal 0.980801 0.195013 0
    outer loop
      vertex -50.9319 -55.5176 3.2
      vertex -50.9829 -55.2611 0
      vertex -50.9829 -55.2611 3.2
    endloop
  endfacet
  facet normal 0.980801 0.195013 0
    outer loop
      vertex -50.9829 -55.2611 0
      vertex -50.9319 -55.5176 3.2
      vertex -50.9319 -55.5176 0
    endloop
  endfacet
  facet normal -0.89686 0.442314 0
    outer loop
      vertex -37.2679 -56 0
      vertex -37.1522 -55.7654 3.2
      vertex -37.1522 -55.7654 0
    endloop
  endfacet
  facet normal -0.89686 0.442314 0
    outer loop
      vertex -37.1522 -55.7654 3.2
      vertex -37.2679 -56 0
      vertex -37.2679 -56 3.2
    endloop
  endfacet
  facet normal -0.195013 0.980801 0
    outer loop
      vertex -38.4824 -56.9319 0
      vertex -38.7389 -56.9829 3.2
      vertex -38.4824 -56.9319 3.2
    endloop
  endfacet
  facet normal -0.195013 0.980801 0
    outer loop
      vertex -38.7389 -56.9829 3.2
      vertex -38.4824 -56.9319 0
      vertex -38.7389 -56.9829 0
    endloop
  endfacet
  facet normal 0.997862 0.0653521 0
    outer loop
      vertex -50.9829 -55.2611 3.2
      vertex -51 -55 0
      vertex -51 -55 3.2
    endloop
  endfacet
  facet normal 0.997862 0.0653521 0
    outer loop
      vertex -51 -55 0
      vertex -50.9829 -55.2611 3.2
      vertex -50.9829 -55.2611 0
    endloop
  endfacet
  facet normal 0 -1 0
    outer loop
      vertex -49 -53 0
      vertex -39 -53 3.2
      vertex -49 -53 3.2
    endloop
  endfacet
  facet normal 0 -1 -0
    outer loop
      vertex -39 -53 3.2
      vertex -49 -53 0
      vertex -39 -53 0
    endloop
  endfacet
  facet normal 0.751842 -0.659343 0
    outer loop
      vertex -50.5867 -53.7825 3.2
      vertex -50.4142 -53.5858 0
      vertex -50.4142 -53.5858 3.2
    endloop
  endfacet
  facet normal 0.751842 -0.659343 0
    outer loop
      vertex -50.4142 -53.5858 0
      vertex -50.5867 -53.7825 3.2
      vertex -50.5867 -53.7825 0
    endloop
  endfacet
  facet normal -0.195013 -0.980801 0
    outer loop
      vertex -38.7389 -53.0171 0
      vertex -38.4824 -53.0681 3.2
      vertex -38.7389 -53.0171 3.2
    endloop
  endfacet
  facet normal -0.195013 -0.980801 -0
    outer loop
      vertex -38.4824 -53.0681 3.2
      vertex -38.7389 -53.0171 0
      vertex -38.4824 -53.0681 0
    endloop
  endfacet
  facet normal -0.94695 -0.321382 0
    outer loop
      vertex -37.0681 -54.4824 0
      vertex -37.1522 -54.2346 3.2
      vertex -37.1522 -54.2346 0
    endloop
  endfacet
  facet normal -0.94695 -0.321382 0
    outer loop
      vertex -37.1522 -54.2346 3.2
      vertex -37.0681 -54.4824 0
      vertex -37.0681 -54.4824 3.2
    endloop
  endfacet
  facet normal -0.831344 0.555758 0
    outer loop
      vertex -37.4133 -56.2175 0
      vertex -37.2679 -56 3.2
      vertex -37.2679 -56 0
    endloop
  endfacet
  facet normal -0.831344 0.555758 0
    outer loop
      vertex -37.2679 -56 3.2
      vertex -37.4133 -56.2175 0
      vertex -37.4133 -56.2175 3.2
    endloop
  endfacet
  facet normal 0.442621 0.896709 -0
    outer loop
      vertex -49.7654 -56.8478 0
      vertex -50 -56.732 3.2
      vertex -49.7654 -56.8478 3.2
    endloop
  endfacet
  facet normal 0.442621 0.896709 0
    outer loop
      vertex -50 -56.732 3.2
      vertex -49.7654 -56.8478 0
      vertex -50 -56.732 0
    endloop
  endfacet
  facet normal 0.0653521 -0.997862 0
    outer loop
      vertex -49.2611 -53.0171 0
      vertex -49 -53 3.2
      vertex -49.2611 -53.0171 3.2
    endloop
  endfacet
  facet normal 0.0653521 -0.997862 0
    outer loop
      vertex -49 -53 3.2
      vertex -49.2611 -53.0171 0
      vertex -49 -53 0
    endloop
  endfacet
  facet normal 0.321382 -0.94695 0
    outer loop
      vertex -49.7654 -53.1522 0
      vertex -49.5176 -53.0681 3.2
      vertex -49.7654 -53.1522 3.2
    endloop
  endfacet
  facet normal 0.321382 -0.94695 0
    outer loop
      vertex -49.5176 -53.0681 3.2
      vertex -49.7654 -53.1522 0
      vertex -49.5176 -53.0681 0
    endloop
  endfacet
  facet normal -0.0653521 0.997862 0
    outer loop
      vertex -38.7389 -56.9829 0
      vertex -39 -57 3.2
      vertex -38.7389 -56.9829 3.2
    endloop
  endfacet
  facet normal -0.0653521 0.997862 0
    outer loop
      vertex -39 -57 3.2
      vertex -38.7389 -56.9829 0
      vertex -39 -57 0
    endloop
  endfacet
  facet normal -0.831344 -0.555758 0
    outer loop
      vertex -37.2679 -54 0
      vertex -37.4133 -53.7825 3.2
      vertex -37.4133 -53.7825 0
    endloop
  endfacet
  facet normal -0.831344 -0.555758 0
    outer loop
      vertex -37.4133 -53.7825 3.2
      vertex -37.2679 -54 0
      vertex -37.2679 -54 3.2
    endloop
  endfacet
  facet normal -0.555758 -0.831344 0
    outer loop
      vertex -38 -53.2679 0
      vertex -37.7825 -53.4133 3.2
      vertex -38 -53.2679 3.2
    endloop
  endfacet
  facet normal -0.555758 -0.831344 -0
    outer loop
      vertex -37.7825 -53.4133 3.2
      vertex -38 -53.2679 0
      vertex -37.7825 -53.4133 0
    endloop
  endfacet
  facet normal 0.0653521 0.997862 -0
    outer loop
      vertex -49 -57 0
      vertex -49.2611 -56.9829 3.2
      vertex -49 -57 3.2
    endloop
  endfacet
  facet normal 0.0653521 0.997862 0
    outer loop
      vertex -49.2611 -56.9829 3.2
      vertex -49 -57 0
      vertex -49.2611 -56.9829 0
    endloop
  endfacet
  facet normal 0.659343 -0.751842 0
    outer loop
      vertex -50.4142 -53.5858 0
      vertex -50.2175 -53.4133 3.2
      vertex -50.4142 -53.5858 3.2
    endloop
  endfacet
  facet normal 0.659343 -0.751842 0
    outer loop
      vertex -50.2175 -53.4133 3.2
      vertex -50.4142 -53.5858 0
      vertex -50.2175 -53.4133 0
    endloop
  endfacet
  facet normal -0.980801 0.195013 0
    outer loop
      vertex -37.0681 -55.5176 0
      vertex -37.0171 -55.2611 3.2
      vertex -37.0171 -55.2611 0
    endloop
  endfacet
  facet normal -0.980801 0.195013 0
    outer loop
      vertex -37.0171 -55.2611 3.2
      vertex -37.0681 -55.5176 0
      vertex -37.0681 -55.5176 3.2
    endloop
  endfacet
  facet normal 0.94695 -0.321382 0
    outer loop
      vertex -50.9319 -54.4824 3.2
      vertex -50.8478 -54.2346 0
      vertex -50.8478 -54.2346 3.2
    endloop
  endfacet
  facet normal 0.94695 -0.321382 0
    outer loop
      vertex -50.8478 -54.2346 0
      vertex -50.9319 -54.4824 3.2
      vertex -50.9319 -54.4824 0
    endloop
  endfacet
  facet normal -0.0653521 -0.997862 0
    outer loop
      vertex -39 -53 0
      vertex -38.7389 -53.0171 3.2
      vertex -39 -53 3.2
    endloop
  endfacet
  facet normal -0.0653521 -0.997862 -0
    outer loop
      vertex -38.7389 -53.0171 3.2
      vertex -39 -53 0
      vertex -38.7389 -53.0171 0
    endloop
  endfacet
  facet normal -0.321382 0.94695 0
    outer loop
      vertex -38.2346 -56.8478 0
      vertex -38.4824 -56.9319 3.2
      vertex -38.2346 -56.8478 3.2
    endloop
  endfacet
  facet normal -0.321382 0.94695 0
    outer loop
      vertex -38.4824 -56.9319 3.2
      vertex -38.2346 -56.8478 0
      vertex -38.4824 -56.9319 0
    endloop
  endfacet
  facet normal 0.831521 -0.555494 0
    outer loop
      vertex -50.732 -54 3.2
      vertex -50.5867 -53.7825 0
      vertex -50.5867 -53.7825 3.2
    endloop
  endfacet
  facet normal 0.831521 -0.555494 0
    outer loop
      vertex -50.5867 -53.7825 0
      vertex -50.732 -54 3.2
      vertex -50.732 -54 0
    endloop
  endfacet
  facet normal -0.751842 -0.659343 0
    outer loop
      vertex -37.4133 -53.7825 0
      vertex -37.5858 -53.5858 3.2
      vertex -37.5858 -53.5858 0
    endloop
  endfacet
  facet normal -0.751842 -0.659343 0
    outer loop
      vertex -37.5858 -53.5858 3.2
      vertex -37.4133 -53.7825 0
      vertex -37.4133 -53.7825 3.2
    endloop
  endfacet
  facet normal 0 1 -0
    outer loop
      vertex -39 -57 0
      vertex -49 -57 3.2
      vertex -39 -57 3.2
    endloop
  endfacet
  facet normal 0 1 0
    outer loop
      vertex -49 -57 3.2
      vertex -39 -57 0
      vertex -49 -57 0
    endloop
  endfacet
  facet normal -0.89686 -0.442314 0
    outer loop
      vertex -37.1522 -54.2346 0
      vertex -37.2679 -54 3.2
      vertex -37.2679 -54 0
    endloop
  endfacet
  facet normal -0.89686 -0.442314 0
    outer loop
      vertex -37.2679 -54 3.2
      vertex -37.1522 -54.2346 0
      vertex -37.1522 -54.2346 3.2
    endloop
  endfacet
  facet normal -0.980801 -0.195013 0
    outer loop
      vertex -37.0171 -54.7389 0
      vertex -37.0681 -54.4824 3.2
      vertex -37.0681 -54.4824 0
    endloop
  endfacet
  facet normal -0.980801 -0.195013 0
    outer loop
      vertex -37.0681 -54.4824 3.2
      vertex -37.0171 -54.7389 0
      vertex -37.0171 -54.7389 3.2
    endloop
  endfacet
  facet normal 0.195013 -0.980801 0
    outer loop
      vertex -49.5176 -53.0681 0
      vertex -49.2611 -53.0171 3.2
      vertex -49.5176 -53.0681 3.2
    endloop
  endfacet
  facet normal 0.195013 -0.980801 0
    outer loop
      vertex -49.2611 -53.0171 3.2
      vertex -49.5176 -53.0681 0
      vertex -49.2611 -53.0171 0
    endloop
  endfacet
  facet normal -0.997862 -0.0653521 0
    outer loop
      vertex -37 -55 0
      vertex -37.0171 -54.7389 3.2
      vertex -37.0171 -54.7389 0
    endloop
  endfacet
  facet normal -0.997862 -0.0653521 0
    outer loop
      vertex -37.0171 -54.7389 3.2
      vertex -37 -55 0
      vertex -37 -55 3.2
    endloop
  endfacet
  facet normal -0.659343 0.751842 0
    outer loop
      vertex -37.5858 -56.4142 0
      vertex -37.7825 -56.5867 3.2
      vertex -37.5858 -56.4142 3.2
    endloop
  endfacet
  facet normal -0.659343 0.751842 0
    outer loop
      vertex -37.7825 -56.5867 3.2
      vertex -37.5858 -56.4142 0
      vertex -37.7825 -56.5867 0
    endloop
  endfacet
  facet normal -0.321382 -0.94695 0
    outer loop
      vertex -38.4824 -53.0681 0
      vertex -38.2346 -53.1522 3.2
      vertex -38.4824 -53.0681 3.2
    endloop
  endfacet
  facet normal -0.321382 -0.94695 -0
    outer loop
      vertex -38.2346 -53.1522 3.2
      vertex -38.4824 -53.0681 0
      vertex -38.2346 -53.1522 0
    endloop
  endfacet
  facet normal 0.980801 -0.195013 0
    outer loop
      vertex -50.9829 -54.7389 3.2
      vertex -50.9319 -54.4824 0
      vertex -50.9319 -54.4824 3.2
    endloop
  endfacet
  facet normal 0.980801 -0.195013 0
    outer loop
      vertex -50.9319 -54.4824 0
      vertex -50.9829 -54.7389 3.2
      vertex -50.9829 -54.7389 0
    endloop
  endfacet
  facet normal 0.997862 -0.0653521 0
    outer loop
      vertex -51 -55 3.2
      vertex -50.9829 -54.7389 0
      vertex -50.9829 -54.7389 3.2
    endloop
  endfacet
  facet normal 0.997862 -0.0653521 0
    outer loop
      vertex -50.9829 -54.7389 0
      vertex -51 -55 3.2
      vertex -51 -55 0
    endloop
  endfacet
  facet normal -0.997862 0.0653521 0
    outer loop
      vertex -37.0171 -55.2611 0
      vertex -37 -55 3.2
      vertex -37 -55 0
    endloop
  endfacet
  facet normal -0.997862 0.0653521 0
    outer loop
      vertex -37 -55 3.2
      vertex -37.0171 -55.2611 0
      vertex -37.0171 -55.2611 3.2
    endloop
  endfacet
  facet normal 0.442314 -0.89686 0
    outer loop
      vertex -50 -53.2679 0
      vertex -49.7654 -53.1522 3.2
      vertex -50 -53.2679 3.2
    endloop
  endfacet
  facet normal 0.442314 -0.89686 0
    outer loop
      vertex -49.7654 -53.1522 3.2
      vertex -50 -53.2679 0
      vertex -49.7654 -53.1522 0
    endloop
  endfacet
  facet normal -0.751842 0.659343 0
    outer loop
      vertex -37.5858 -56.4142 0
      vertex -37.4133 -56.2175 3.2
      vertex -37.4133 -56.2175 0
    endloop
  endfacet
  facet normal -0.751842 0.659343 0
    outer loop
      vertex -37.4133 -56.2175 3.2
      vertex -37.5858 -56.4142 0
      vertex -37.5858 -56.4142 3.2
    endloop
  endfacet
  facet normal 0.896709 -0.442621 0
    outer loop
      vertex -50.8478 -54.2346 3.2
      vertex -50.732 -54 0
      vertex -50.732 -54 3.2
    endloop
  endfacet
  facet normal 0.896709 -0.442621 0
    outer loop
      vertex -50.732 -54 0
      vertex -50.8478 -54.2346 3.2
      vertex -50.8478 -54.2346 0
    endloop
  endfacet
  facet normal 0.555758 -0.831344 0
    outer loop
      vertex -50.2175 -53.4133 0
      vertex -50 -53.2679 3.2
      vertex -50.2175 -53.4133 3.2
    endloop
  endfacet
  facet normal 0.555758 -0.831344 0
    outer loop
      vertex -50 -53.2679 3.2
      vertex -50.2175 -53.4133 0
      vertex -50 -53.2679 0
    endloop
  endfacet
  facet normal -0.659343 -0.751842 0
    outer loop
      vertex -37.7825 -53.4133 0
      vertex -37.5858 -53.5858 3.2
      vertex -37.7825 -53.4133 3.2
    endloop
  endfacet
  facet normal -0.659343 -0.751842 -0
    outer loop
      vertex -37.5858 -53.5858 3.2
      vertex -37.7825 -53.4133 0
      vertex -37.5858 -53.5858 0
    endloop
  endfacet
  facet normal -0.94695 0.321382 0
    outer loop
      vertex -37.1522 -55.7654 0
      vertex -37.0681 -55.5176 3.2
      vertex -37.0681 -55.5176 0
    endloop
  endfacet
  facet normal -0.94695 0.321382 0
    outer loop
      vertex -37.0681 -55.5176 3.2
      vertex -37.1522 -55.7654 0
      vertex -37.1522 -55.7654 3.2
    endloop
  endfacet
  facet normal -0.442314 -0.89686 0
    outer loop
      vertex -38.2346 -53.1522 0
      vertex -38 -53.2679 3.2
      vertex -38.2346 -53.1522 3.2
    endloop
  endfacet
  facet normal -0.442314 -0.89686 -0
    outer loop
      vertex -38 -53.2679 3.2
      vertex -38.2346 -53.1522 0
      vertex -38 -53.2679 0
    endloop
  endfacet
  facet normal 0.896709 0.442621 0
    outer loop
      vertex -50.732 -56 3.2
      vertex -50.8478 -55.7654 0
      vertex -50.8478 -55.7654 3.2
    endloop
  endfacet
  facet normal 0.896709 0.442621 0
    outer loop
      vertex -50.8478 -55.7654 0
      vertex -50.732 -56 3.2
      vertex -50.732 -56 0
    endloop
  endfacet
  facet normal -0.555494 0.831521 0
    outer loop
      vertex -37.7825 -56.5867 0
      vertex -38 -56.732 3.2
      vertex -37.7825 -56.5867 3.2
    endloop
  endfacet
  facet normal -0.555494 0.831521 0
    outer loop
      vertex -38 -56.732 3.2
      vertex -37.7825 -56.5867 0
      vertex -38 -56.732 0
    endloop
  endfacet
  facet normal -0.442621 0.896709 0
    outer loop
      vertex -38 -56.732 0
      vertex -38.2346 -56.8478 3.2
      vertex -38 -56.732 3.2
    endloop
  endfacet
  facet normal -0.442621 0.896709 0
    outer loop
      vertex -38.2346 -56.8478 3.2
      vertex -38 -56.732 0
      vertex -38.2346 -56.8478 0
    endloop
  endfacet
  facet normal 0.831521 0.555494 0
    outer loop
      vertex -50.5867 -56.2175 3.2
      vertex -50.732 -56 0
      vertex -50.732 -56 3.2
    endloop
  endfacet
  facet normal 0.831521 0.555494 0
    outer loop
      vertex -50.732 -56 0
      vertex -50.5867 -56.2175 3.2
      vertex -50.5867 -56.2175 0
    endloop
  endfacet
  facet normal 0.659343 0.751842 -0
    outer loop
      vertex -50.2175 -56.5867 0
      vertex -50.4142 -56.4142 3.2
      vertex -50.2175 -56.5867 3.2
    endloop
  endfacet
  facet normal 0.659343 0.751842 0
    outer loop
      vertex -50.4142 -56.4142 3.2
      vertex -50.2175 -56.5867 0
      vertex -50.4142 -56.4142 0
    endloop
  endfacet
  facet normal 0.751842 0.659343 0
    outer loop
      vertex -50.4142 -56.4142 3.2
      vertex -50.5867 -56.2175 0
      vertex -50.5867 -56.2175 3.2
    endloop
  endfacet
  facet normal 0.751842 0.659343 0
    outer loop
      vertex -50.5867 -56.2175 0
      vertex -50.4142 -56.4142 3.2
      vertex -50.4142 -56.4142 0
    endloop
  endfacet
  facet normal 0.555494 0.831521 -0
    outer loop
      vertex -50 -56.732 0
      vertex -50.2175 -56.5867 3.2
      vertex -50 -56.732 3.2
    endloop
  endfacet
  facet normal 0.555494 0.831521 0
    outer loop
      vertex -50.2175 -56.5867 3.2
      vertex -50 -56.732 0
      vertex -50.2175 -56.5867 0
    endloop
  endfacet
  facet normal 0.195013 0.980801 -0
    outer loop
      vertex -49.2611 -56.9829 0
      vertex -49.5176 -56.9319 3.2
      vertex -49.2611 -56.9829 3.2
    endloop
  endfacet
  facet normal 0.195013 0.980801 0
    outer loop
      vertex -49.5176 -56.9319 3.2
      vertex -49.2611 -56.9829 0
      vertex -49.5176 -56.9319 0
    endloop
  endfacet
  facet normal 0.321382 0.94695 -0
    outer loop
      vertex -49.5176 -56.9319 0
      vertex -49.7654 -56.8478 3.2
      vertex -49.5176 -56.9319 3.2
    endloop
  endfacet
  facet normal 0.321382 0.94695 0
    outer loop
      vertex -49.7654 -56.8478 3.2
      vertex -49.5176 -56.9319 0
      vertex -49.7654 -56.8478 0
    endloop
  endfacet
  facet normal 0.94695 0.321382 0
    outer loop
      vertex -50.8478 -55.7654 3.2
      vertex -50.9319 -55.5176 0
      vertex -50.9319 -55.5176 3.2
    endloop
  endfacet
  facet normal 0.94695 0.321382 0
    outer loop
      vertex -50.9319 -55.5176 0
      vertex -50.8478 -55.7654 3.2
      vertex -50.8478 -55.7654 0
    endloop
  endfacet
  facet normal 0.980771 0.19516 0
    outer loop
      vertex -6.93185 -55.5176 3.2
      vertex -6.98289 -55.2611 0
      vertex -6.98289 -55.2611 3.2
    endloop
  endfacet
  facet normal 0.980771 0.19516 0
    outer loop
      vertex -6.98289 -55.2611 0
      vertex -6.93185 -55.5176 3.2
      vertex -6.93185 -55.5176 0
    endloop
  endfacet
  facet normal 0.99786 0.0653902 0
    outer loop
      vertex -6.98289 -55.2611 3.2
      vertex -7 -55 0
      vertex -7 -55 3.2
    endloop
  endfacet
  facet normal 0.99786 0.0653902 0
    outer loop
      vertex -7 -55 0
      vertex -6.98289 -55.2611 3.2
      vertex -6.98289 -55.2611 0
    endloop
  endfacet
  facet normal 0 -1 0
    outer loop
      vertex -5 -53 0
      vertex 5 -53 3.2
      vertex -5 -53 3.2
    endloop
  endfacet
  facet normal 0 -1 -0
    outer loop
      vertex 5 -53 3.2
      vertex -5 -53 0
      vertex 5 -53 0
    endloop
  endfacet
  facet normal 0.751842 -0.659343 0
    outer loop
      vertex -6.58671 -53.7825 3.2
      vertex -6.41421 -53.5858 0
      vertex -6.41421 -53.5858 3.2
    endloop
  endfacet
  facet normal 0.751842 -0.659343 0
    outer loop
      vertex -6.41421 -53.5858 0
      vertex -6.58671 -53.7825 3.2
      vertex -6.58671 -53.7825 0
    endloop
  endfacet
  facet normal -0.946961 -0.321348 0
    outer loop
      vertex 6.93185 -54.4824 0
      vertex 6.84776 -54.2346 3.2
      vertex 6.84776 -54.2346 0
    endloop
  endfacet
  facet normal -0.946961 -0.321348 0
    outer loop
      vertex 6.84776 -54.2346 3.2
      vertex 6.93185 -54.4824 0
      vertex 6.93185 -54.4824 3.2
    endloop
  endfacet
  facet normal -0.83145 0.5556 0
    outer loop
      vertex 6.58671 -56.2175 0
      vertex 6.73205 -56 3.2
      vertex 6.73205 -56 0
    endloop
  endfacet
  facet normal -0.83145 0.5556 0
    outer loop
      vertex 6.73205 -56 3.2
      vertex 6.58671 -56.2175 0
      vertex 6.58671 -56.2175 3.2
    endloop
  endfacet
  facet normal -0.321463 -0.946922 0
    outer loop
      vertex 5.51764 -53.0681 0
      vertex 5.76537 -53.1522 3.2
      vertex 5.51764 -53.0681 3.2
    endloop
  endfacet
  facet normal -0.321463 -0.946922 -0
    outer loop
      vertex 5.76537 -53.1522 3.2
      vertex 5.51764 -53.0681 0
      vertex 5.76537 -53.1522 0
    endloop
  endfacet
  facet normal 0.0653646 -0.997861 0
    outer loop
      vertex -5.26105 -53.0171 0
      vertex -5 -53 3.2
      vertex -5.26105 -53.0171 3.2
    endloop
  endfacet
  facet normal 0.0653646 -0.997861 0
    outer loop
      vertex -5 -53 3.2
      vertex -5.26105 -53.0171 0
      vertex -5 -53 0
    endloop
  endfacet
  facet normal 0.321463 -0.946922 0
    outer loop
      vertex -5.76537 -53.1522 0
      vertex -5.51764 -53.0681 3.2
      vertex -5.76537 -53.1522 3.2
    endloop
  endfacet
  facet normal 0.321463 -0.946922 0
    outer loop
      vertex -5.51764 -53.0681 3.2
      vertex -5.76537 -53.1522 0
      vertex -5.51764 -53.0681 0
    endloop
  endfacet
  facet normal -0.896845 -0.442344 0
    outer loop
      vertex 6.84776 -54.2346 0
      vertex 6.73205 -54 3.2
      vertex 6.73205 -54 0
    endloop
  endfacet
  facet normal -0.896845 -0.442344 0
    outer loop
      vertex 6.73205 -54 3.2
      vertex 6.84776 -54.2346 0
      vertex 6.84776 -54.2346 3.2
    endloop
  endfacet
  facet normal -0.946961 0.321348 0
    outer loop
      vertex 6.84776 -55.7654 0
      vertex 6.93185 -55.5176 3.2
      vertex 6.93185 -55.5176 0
    endloop
  endfacet
  facet normal -0.946961 0.321348 0
    outer loop
      vertex 6.93185 -55.5176 3.2
      vertex 6.84776 -55.7654 0
      vertex 6.84776 -55.7654 3.2
    endloop
  endfacet
  facet normal -0.83145 -0.5556 0
    outer loop
      vertex 6.73205 -54 0
      vertex 6.58671 -53.7825 3.2
      vertex 6.58671 -53.7825 0
    endloop
  endfacet
  facet normal -0.83145 -0.5556 0
    outer loop
      vertex 6.58671 -53.7825 3.2
      vertex 6.73205 -54 0
      vertex 6.73205 -54 3.2
    endloop
  endfacet
  facet normal 0.0653646 0.997861 -0
    outer loop
      vertex -5 -57 0
      vertex -5.26105 -56.9829 3.2
      vertex -5 -57 3.2
    endloop
  endfacet
  facet normal 0.0653646 0.997861 0
    outer loop
      vertex -5.26105 -56.9829 3.2
      vertex -5 -57 0
      vertex -5.26105 -56.9829 0
    endloop
  endfacet
  facet normal 0.659362 -0.751826 0
    outer loop
      vertex -6.41421 -53.5858 0
      vertex -6.21752 -53.4133 3.2
      vertex -6.41421 -53.5858 3.2
    endloop
  endfacet
  facet normal 0.659362 -0.751826 0
    outer loop
      vertex -6.21752 -53.4133 3.2
      vertex -6.41421 -53.5858 0
      vertex -6.21752 -53.4133 0
    endloop
  endfacet
  facet normal -0.980771 0.19516 0
    outer loop
      vertex 6.93185 -55.5176 0
      vertex 6.98289 -55.2611 3.2
      vertex 6.98289 -55.2611 0
    endloop
  endfacet
  facet normal -0.980771 0.19516 0
    outer loop
      vertex 6.98289 -55.2611 3.2
      vertex 6.93185 -55.5176 0
      vertex 6.93185 -55.5176 3.2
    endloop
  endfacet
  facet normal 0.555459 0.831544 -0
    outer loop
      vertex -6 -56.732 0
      vertex -6.21752 -56.5867 3.2
      vertex -6 -56.732 3.2
    endloop
  endfacet
  facet normal 0.555459 0.831544 0
    outer loop
      vertex -6.21752 -56.5867 3.2
      vertex -6 -56.732 0
      vertex -6.21752 -56.5867 0
    endloop
  endfacet
  facet normal -0.99786 -0.0653902 0
    outer loop
      vertex 7 -55 0
      vertex 6.98289 -54.7389 3.2
      vertex 6.98289 -54.7389 0
    endloop
  endfacet
  facet normal -0.99786 -0.0653902 0
    outer loop
      vertex 6.98289 -54.7389 3.2
      vertex 7 -55 0
      vertex 7 -55 3.2
    endloop
  endfacet
  facet normal 0.946961 -0.321348 0
    outer loop
      vertex -6.93185 -54.4824 3.2
      vertex -6.84776 -54.2346 0
      vertex -6.84776 -54.2346 3.2
    endloop
  endfacet
  facet normal 0.946961 -0.321348 0
    outer loop
      vertex -6.84776 -54.2346 0
      vertex -6.93185 -54.4824 3.2
      vertex -6.93185 -54.4824 0
    endloop
  endfacet
  facet normal -0.0653646 -0.997861 0
    outer loop
      vertex 5 -53 0
      vertex 5.26105 -53.0171 3.2
      vertex 5 -53 3.2
    endloop
  endfacet
  facet normal -0.0653646 -0.997861 -0
    outer loop
      vertex 5.26105 -53.0171 3.2
      vertex 5 -53 0
      vertex 5.26105 -53.0171 0
    endloop
  endfacet
  facet normal 0.83145 -0.5556 0
    outer loop
      vertex -6.73205 -54 3.2
      vertex -6.58671 -53.7825 0
      vertex -6.58671 -53.7825 3.2
    endloop
  endfacet
  facet normal 0.83145 -0.5556 0
    outer loop
      vertex -6.58671 -53.7825 0
      vertex -6.73205 -54 3.2
      vertex -6.73205 -54 0
    endloop
  endfacet
  facet normal -0.442575 0.896731 0
    outer loop
      vertex 6 -56.732 0
      vertex 5.76537 -56.8478 3.2
      vertex 6 -56.732 3.2
    endloop
  endfacet
  facet normal -0.442575 0.896731 0
    outer loop
      vertex 5.76537 -56.8478 3.2
      vertex 6 -56.732 0
      vertex 5.76537 -56.8478 0
    endloop
  endfacet
  facet normal 0.896845 0.442344 0
    outer loop
      vertex -6.73205 -56 3.2
      vertex -6.84776 -55.7654 0
      vertex -6.84776 -55.7654 3.2
    endloop
  endfacet
  facet normal 0.896845 0.442344 0
    outer loop
      vertex -6.84776 -55.7654 0
      vertex -6.73205 -56 3.2
      vertex -6.73205 -56 0
    endloop
  endfacet
  facet normal -0.194947 -0.980814 0
    outer loop
      vertex 5.26105 -53.0171 0
      vertex 5.51764 -53.0681 3.2
      vertex 5.26105 -53.0171 3.2
    endloop
  endfacet
  facet normal -0.194947 -0.980814 -0
    outer loop
      vertex 5.51764 -53.0681 3.2
      vertex 5.26105 -53.0171 0
      vertex 5.51764 -53.0681 0
    endloop
  endfacet
  facet normal -0.659362 0.751826 0
    outer loop
      vertex 6.41421 -56.4142 0
      vertex 6.21752 -56.5867 3.2
      vertex 6.41421 -56.4142 3.2
    endloop
  endfacet
  facet normal -0.659362 0.751826 0
    outer loop
      vertex 6.21752 -56.5867 3.2
      vertex 6.41421 -56.4142 0
      vertex 6.21752 -56.5867 0
    endloop
  endfacet
  facet normal -0.194947 0.980814 0
    outer loop
      vertex 5.51764 -56.9319 0
      vertex 5.26105 -56.9829 3.2
      vertex 5.51764 -56.9319 3.2
    endloop
  endfacet
  facet normal -0.194947 0.980814 0
    outer loop
      vertex 5.26105 -56.9829 3.2
      vertex 5.51764 -56.9319 0
      vertex 5.26105 -56.9829 0
    endloop
  endfacet
  facet normal 0.99786 -0.0653902 0
    outer loop
      vertex -7 -55 3.2
      vertex -6.98289 -54.7389 0
      vertex -6.98289 -54.7389 3.2
    endloop
  endfacet
  facet normal 0.99786 -0.0653902 0
    outer loop
      vertex -6.98289 -54.7389 0
      vertex -7 -55 3.2
      vertex -7 -55 0
    endloop
  endfacet
  facet normal 0 1 -0
    outer loop
      vertex 5 -57 0
      vertex -5 -57 3.2
      vertex 5 -57 3.2
    endloop
  endfacet
  facet normal 0 1 0
    outer loop
      vertex -5 -57 3.2
      vertex 5 -57 0
      vertex -5 -57 0
    endloop
  endfacet
  facet normal -0.751842 0.659343 0
    outer loop
      vertex 6.41421 -56.4142 0
      vertex 6.58671 -56.2175 3.2
      vertex 6.58671 -56.2175 0
    endloop
  endfacet
  facet normal -0.751842 0.659343 0
    outer loop
      vertex 6.58671 -56.2175 3.2
      vertex 6.41421 -56.4142 0
      vertex 6.41421 -56.4142 3.2
    endloop
  endfacet
  facet normal -0.555723 -0.831368 0
    outer loop
      vertex 6 -53.2679 0
      vertex 6.21752 -53.4133 3.2
      vertex 6 -53.2679 3.2
    endloop
  endfacet
  facet normal -0.555723 -0.831368 -0
    outer loop
      vertex 6.21752 -53.4133 3.2
      vertex 6 -53.2679 0
      vertex 6.21752 -53.4133 0
    endloop
  endfacet
  facet normal -0.980771 -0.19516 0
    outer loop
      vertex 6.98289 -54.7389 0
      vertex 6.93185 -54.4824 3.2
      vertex 6.93185 -54.4824 0
    endloop
  endfacet
  facet normal -0.980771 -0.19516 0
    outer loop
      vertex 6.93185 -54.4824 3.2
      vertex 6.98289 -54.7389 0
      vertex 6.98289 -54.7389 3.2
    endloop
  endfacet
  facet normal 0.194947 -0.980814 0
    outer loop
      vertex -5.51764 -53.0681 0
      vertex -5.26105 -53.0171 3.2
      vertex -5.51764 -53.0681 3.2
    endloop
  endfacet
  facet normal 0.194947 -0.980814 0
    outer loop
      vertex -5.26105 -53.0171 3.2
      vertex -5.51764 -53.0681 0
      vertex -5.26105 -53.0171 0
    endloop
  endfacet
  facet normal 0.751842 0.659343 0
    outer loop
      vertex -6.41421 -56.4142 3.2
      vertex -6.58671 -56.2175 0
      vertex -6.58671 -56.2175 3.2
    endloop
  endfacet
  facet normal 0.751842 0.659343 0
    outer loop
      vertex -6.58671 -56.2175 0
      vertex -6.41421 -56.4142 3.2
      vertex -6.41421 -56.4142 0
    endloop
  endfacet
  facet normal 0.980771 -0.19516 0
    outer loop
      vertex -6.98289 -54.7389 3.2
      vertex -6.93185 -54.4824 0
      vertex -6.93185 -54.4824 3.2
    endloop
  endfacet
  facet normal 0.980771 -0.19516 0
    outer loop
      vertex -6.93185 -54.4824 0
      vertex -6.98289 -54.7389 3.2
      vertex -6.98289 -54.7389 0
    endloop
  endfacet
  facet normal -0.751842 -0.659343 0
    outer loop
      vertex 6.58671 -53.7825 0
      vertex 6.41421 -53.5858 3.2
      vertex 6.41421 -53.5858 0
    endloop
  endfacet
  facet normal -0.751842 -0.659343 0
    outer loop
      vertex 6.41421 -53.5858 3.2
      vertex 6.58671 -53.7825 0
      vertex 6.58671 -53.7825 3.2
    endloop
  endfacet
  facet normal 0.659362 0.751826 -0
    outer loop
      vertex -6.21752 -56.5867 0
      vertex -6.41421 -56.4142 3.2
      vertex -6.21752 -56.5867 3.2
    endloop
  endfacet
  facet normal 0.659362 0.751826 0
    outer loop
      vertex -6.41421 -56.4142 3.2
      vertex -6.21752 -56.5867 0
      vertex -6.41421 -56.4142 0
    endloop
  endfacet
  facet normal -0.321463 0.946922 0
    outer loop
      vertex 5.76537 -56.8478 0
      vertex 5.51764 -56.9319 3.2
      vertex 5.76537 -56.8478 3.2
    endloop
  endfacet
  facet normal -0.321463 0.946922 0
    outer loop
      vertex 5.51764 -56.9319 3.2
      vertex 5.76537 -56.8478 0
      vertex 5.51764 -56.9319 0
    endloop
  endfacet
  facet normal 0.896845 -0.442344 0
    outer loop
      vertex -6.84776 -54.2346 3.2
      vertex -6.73205 -54 0
      vertex -6.73205 -54 3.2
    endloop
  endfacet
  facet normal 0.896845 -0.442344 0
    outer loop
      vertex -6.73205 -54 0
      vertex -6.84776 -54.2346 3.2
      vertex -6.84776 -54.2346 0
    endloop
  endfacet
  facet normal 0.555723 -0.831368 0
    outer loop
      vertex -6.21752 -53.4133 0
      vertex -6 -53.2679 3.2
      vertex -6.21752 -53.4133 3.2
    endloop
  endfacet
  facet normal 0.555723 -0.831368 0
    outer loop
      vertex -6 -53.2679 3.2
      vertex -6.21752 -53.4133 0
      vertex -6 -53.2679 0
    endloop
  endfacet
  facet normal 0.442268 -0.896883 0
    outer loop
      vertex -6 -53.2679 0
      vertex -5.76537 -53.1522 3.2
      vertex -6 -53.2679 3.2
    endloop
  endfacet
  facet normal 0.442268 -0.896883 0
    outer loop
      vertex -5.76537 -53.1522 3.2
      vertex -6 -53.2679 0
      vertex -5.76537 -53.1522 0
    endloop
  endfacet
  facet normal -0.659362 -0.751826 0
    outer loop
      vertex 6.21752 -53.4133 0
      vertex 6.41421 -53.5858 3.2
      vertex 6.21752 -53.4133 3.2
    endloop
  endfacet
  facet normal -0.659362 -0.751826 -0
    outer loop
      vertex 6.41421 -53.5858 3.2
      vertex 6.21752 -53.4133 0
      vertex 6.41421 -53.5858 0
    endloop
  endfacet
  facet normal -0.99786 0.0653902 0
    outer loop
      vertex 6.98289 -55.2611 0
      vertex 7 -55 3.2
      vertex 7 -55 0
    endloop
  endfacet
  facet normal -0.99786 0.0653902 0
    outer loop
      vertex 7 -55 3.2
      vertex 6.98289 -55.2611 0
      vertex 6.98289 -55.2611 3.2
    endloop
  endfacet
  facet normal -0.896845 0.442344 0
    outer loop
      vertex 6.73205 -56 0
      vertex 6.84776 -55.7654 3.2
      vertex 6.84776 -55.7654 0
    endloop
  endfacet
  facet normal -0.896845 0.442344 0
    outer loop
      vertex 6.84776 -55.7654 3.2
      vertex 6.73205 -56 0
      vertex 6.73205 -56 3.2
    endloop
  endfacet
  facet normal -0.555459 0.831544 0
    outer loop
      vertex 6.21752 -56.5867 0
      vertex 6 -56.732 3.2
      vertex 6.21752 -56.5867 3.2
    endloop
  endfacet
  facet normal -0.555459 0.831544 0
    outer loop
      vertex 6 -56.732 3.2
      vertex 6.21752 -56.5867 0
      vertex 6 -56.732 0
    endloop
  endfacet
  facet normal -0.0653646 0.997861 0
    outer loop
      vertex 5.26105 -56.9829 0
      vertex 5 -57 3.2
      vertex 5.26105 -56.9829 3.2
    endloop
  endfacet
  facet normal -0.0653646 0.997861 0
    outer loop
      vertex 5 -57 3.2
      vertex 5.26105 -56.9829 0
      vertex 5 -57 0
    endloop
  endfacet
  facet normal 0.83145 0.5556 0
    outer loop
      vertex -6.58671 -56.2175 3.2
      vertex -6.73205 -56 0
      vertex -6.73205 -56 3.2
    endloop
  endfacet
  facet normal 0.83145 0.5556 0
    outer loop
      vertex -6.73205 -56 0
      vertex -6.58671 -56.2175 3.2
      vertex -6.58671 -56.2175 0
    endloop
  endfacet
  facet normal -0.442268 -0.896883 0
    outer loop
      vertex 5.76537 -53.1522 0
      vertex 6 -53.2679 3.2
      vertex 5.76537 -53.1522 3.2
    endloop
  endfacet
  facet normal -0.442268 -0.896883 -0
    outer loop
      vertex 6 -53.2679 3.2
      vertex 5.76537 -53.1522 0
      vertex 6 -53.2679 0
    endloop
  endfacet
  facet normal 0.442575 0.896731 -0
    outer loop
      vertex -5.76537 -56.8478 0
      vertex -6 -56.732 3.2
      vertex -5.76537 -56.8478 3.2
    endloop
  endfacet
  facet normal 0.442575 0.896731 0
    outer loop
      vertex -6 -56.732 3.2
      vertex -5.76537 -56.8478 0
      vertex -6 -56.732 0
    endloop
  endfacet
  facet normal 0.194947 0.980814 -0
    outer loop
      vertex -5.26105 -56.9829 0
      vertex -5.51764 -56.9319 3.2
      vertex -5.26105 -56.9829 3.2
    endloop
  endfacet
  facet normal 0.194947 0.980814 0
    outer loop
      vertex -5.51764 -56.9319 3.2
      vertex -5.26105 -56.9829 0
      vertex -5.51764 -56.9319 0
    endloop
  endfacet
  facet normal 0.321463 0.946922 -0
    outer loop
      vertex -5.51764 -56.9319 0
      vertex -5.76537 -56.8478 3.2
      vertex -5.51764 -56.9319 3.2
    endloop
  endfacet
  facet normal 0.321463 0.946922 0
    outer loop
      vertex -5.76537 -56.8478 3.2
      vertex -5.51764 -56.9319 0
      vertex -5.76537 -56.8478 0
    endloop
  endfacet
  facet normal 0.946961 0.321348 0
    outer loop
      vertex -6.84776 -55.7654 3.2
      vertex -6.93185 -55.5176 0
      vertex -6.93185 -55.5176 3.2
    endloop
  endfacet
  facet normal 0.946961 0.321348 0
    outer loop
      vertex -6.93185 -55.5176 0
      vertex -6.84776 -55.7654 3.2
      vertex -6.84776 -55.7654 0
    endloop
  endfacet
  facet normal 0.831344 0.555758 0
    outer loop
      vertex 37.4133 -56.2175 3.2
      vertex 37.2679 -56 0
      vertex 37.2679 -56 3.2
    endloop
  endfacet
  facet normal 0.831344 0.555758 0
    outer loop
      vertex 37.2679 -56 0
      vertex 37.4133 -56.2175 3.2
      vertex 37.4133 -56.2175 0
    endloop
  endfacet
  facet normal 0.980801 0.195013 0
    outer loop
      vertex 37.0681 -55.5176 3.2
      vertex 37.0171 -55.2611 0
      vertex 37.0171 -55.2611 3.2
    endloop
  endfacet
  facet normal 0.980801 0.195013 0
    outer loop
      vertex 37.0171 -55.2611 0
      vertex 37.0681 -55.5176 3.2
      vertex 37.0681 -55.5176 0
    endloop
  endfacet
  facet normal 0.997862 -0.0653521 0
    outer loop
      vertex 37 -55 3.2
      vertex 37.0171 -54.7389 0
      vertex 37.0171 -54.7389 3.2
    endloop
  endfacet
  facet normal 0.997862 -0.0653521 0
    outer loop
      vertex 37.0171 -54.7389 0
      vertex 37 -55 3.2
      vertex 37 -55 0
    endloop
  endfacet
  facet normal 0.997862 0.0653521 0
    outer loop
      vertex 37.0171 -55.2611 3.2
      vertex 37 -55 0
      vertex 37 -55 3.2
    endloop
  endfacet
  facet normal 0.997862 0.0653521 0
    outer loop
      vertex 37 -55 0
      vertex 37.0171 -55.2611 3.2
      vertex 37.0171 -55.2611 0
    endloop
  endfacet
  facet normal -0.195013 0.980801 0
    outer loop
      vertex 49.5176 -56.9319 0
      vertex 49.2611 -56.9829 3.2
      vertex 49.5176 -56.9319 3.2
    endloop
  endfacet
  facet normal -0.195013 0.980801 0
    outer loop
      vertex 49.2611 -56.9829 3.2
      vertex 49.5176 -56.9319 0
      vertex 49.2611 -56.9829 0
    endloop
  endfacet
  facet normal 0.980801 -0.195013 0
    outer loop
      vertex 37.0171 -54.7389 3.2
      vertex 37.0681 -54.4824 0
      vertex 37.0681 -54.4824 3.2
    endloop
  endfacet
  facet normal 0.980801 -0.195013 0
    outer loop
      vertex 37.0681 -54.4824 0
      vertex 37.0171 -54.7389 3.2
      vertex 37.0171 -54.7389 0
    endloop
  endfacet
  facet normal 0 1 -0
    outer loop
      vertex 49 -57 0
      vertex 39 -57 3.2
      vertex 49 -57 3.2
    endloop
  endfacet
  facet normal 0 1 0
    outer loop
      vertex 39 -57 3.2
      vertex 49 -57 0
      vertex 39 -57 0
    endloop
  endfacet
  facet normal 0.831344 -0.555758 0
    outer loop
      vertex 37.2679 -54 3.2
      vertex 37.4133 -53.7825 0
      vertex 37.4133 -53.7825 3.2
    endloop
  endfacet
  facet normal 0.831344 -0.555758 0
    outer loop
      vertex 37.4133 -53.7825 0
      vertex 37.2679 -54 3.2
      vertex 37.2679 -54 0
    endloop
  endfacet
  facet normal -0.0653521 -0.997862 0
    outer loop
      vertex 49 -53 0
      vertex 49.2611 -53.0171 3.2
      vertex 49 -53 3.2
    endloop
  endfacet
  facet normal -0.0653521 -0.997862 -0
    outer loop
      vertex 49.2611 -53.0171 3.2
      vertex 49 -53 0
      vertex 49.2611 -53.0171 0
    endloop
  endfacet
  facet normal 0.659343 0.751842 -0
    outer loop
      vertex 37.7825 -56.5867 0
      vertex 37.5858 -56.4142 3.2
      vertex 37.7825 -56.5867 3.2
    endloop
  endfacet
  facet normal 0.659343 0.751842 0
    outer loop
      vertex 37.5858 -56.4142 3.2
      vertex 37.7825 -56.5867 0
      vertex 37.5858 -56.4142 0
    endloop
  endfacet
  facet normal -0.94695 0.321382 0
    outer loop
      vertex 50.8478 -55.7654 0
      vertex 50.9319 -55.5176 3.2
      vertex 50.9319 -55.5176 0
    endloop
  endfacet
  facet normal -0.94695 0.321382 0
    outer loop
      vertex 50.9319 -55.5176 3.2
      vertex 50.8478 -55.7654 0
      vertex 50.8478 -55.7654 3.2
    endloop
  endfacet
  facet normal 0.94695 -0.321382 0
    outer loop
      vertex 37.0681 -54.4824 3.2
      vertex 37.1522 -54.2346 0
      vertex 37.1522 -54.2346 3.2
    endloop
  endfacet
  facet normal 0.94695 -0.321382 0
    outer loop
      vertex 37.1522 -54.2346 0
      vertex 37.0681 -54.4824 3.2
      vertex 37.0681 -54.4824 0
    endloop
  endfacet
  facet normal 0.555758 -0.831344 0
    outer loop
      vertex 37.7825 -53.4133 0
      vertex 38 -53.2679 3.2
      vertex 37.7825 -53.4133 3.2
    endloop
  endfacet
  facet normal 0.555758 -0.831344 0
    outer loop
      vertex 38 -53.2679 3.2
      vertex 37.7825 -53.4133 0
      vertex 38 -53.2679 0
    endloop
  endfacet
  facet normal 0.195013 -0.980801 0
    outer loop
      vertex 38.4824 -53.0681 0
      vertex 38.7389 -53.0171 3.2
      vertex 38.4824 -53.0681 3.2
    endloop
  endfacet
  facet normal 0.195013 -0.980801 0
    outer loop
      vertex 38.7389 -53.0171 3.2
      vertex 38.4824 -53.0681 0
      vertex 38.7389 -53.0171 0
    endloop
  endfacet
  facet normal -0.442314 -0.89686 0
    outer loop
      vertex 49.7654 -53.1522 0
      vertex 50 -53.2679 3.2
      vertex 49.7654 -53.1522 3.2
    endloop
  endfacet
  facet normal -0.442314 -0.89686 -0
    outer loop
      vertex 50 -53.2679 3.2
      vertex 49.7654 -53.1522 0
      vertex 50 -53.2679 0
    endloop
  endfacet
  facet normal -0.980801 -0.195013 0
    outer loop
      vertex 50.9829 -54.7389 0
      vertex 50.9319 -54.4824 3.2
      vertex 50.9319 -54.4824 0
    endloop
  endfacet
  facet normal -0.980801 -0.195013 0
    outer loop
      vertex 50.9319 -54.4824 3.2
      vertex 50.9829 -54.7389 0
      vertex 50.9829 -54.7389 3.2
    endloop
  endfacet
  facet normal 0.659343 -0.751842 0
    outer loop
      vertex 37.5858 -53.5858 0
      vertex 37.7825 -53.4133 3.2
      vertex 37.5858 -53.5858 3.2
    endloop
  endfacet
  facet normal 0.659343 -0.751842 0
    outer loop
      vertex 37.7825 -53.4133 3.2
      vertex 37.5858 -53.5858 0
      vertex 37.7825 -53.4133 0
    endloop
  endfacet
  facet normal -0.555494 0.831521 0
    outer loop
      vertex 50.2175 -56.5867 0
      vertex 50 -56.732 3.2
      vertex 50.2175 -56.5867 3.2
    endloop
  endfacet
  facet normal -0.555494 0.831521 0
    outer loop
      vertex 50 -56.732 3.2
      vertex 50.2175 -56.5867 0
      vertex 50 -56.732 0
    endloop
  endfacet
  facet normal 0.94695 0.321382 0
    outer loop
      vertex 37.1522 -55.7654 3.2
      vertex 37.0681 -55.5176 0
      vertex 37.0681 -55.5176 3.2
    endloop
  endfacet
  facet normal 0.94695 0.321382 0
    outer loop
      vertex 37.0681 -55.5176 0
      vertex 37.1522 -55.7654 3.2
      vertex 37.1522 -55.7654 0
    endloop
  endfacet
  facet normal 0.751842 -0.659343 0
    outer loop
      vertex 37.4133 -53.7825 3.2
      vertex 37.5858 -53.5858 0
      vertex 37.5858 -53.5858 3.2
    endloop
  endfacet
  facet normal 0.751842 -0.659343 0
    outer loop
      vertex 37.5858 -53.5858 0
      vertex 37.4133 -53.7825 3.2
      vertex 37.4133 -53.7825 0
    endloop
  endfacet
  facet normal -0.997862 -0.0653521 0
    outer loop
      vertex 51 -55 0
      vertex 50.9829 -54.7389 3.2
      vertex 50.9829 -54.7389 0
    endloop
  endfacet
  facet normal -0.997862 -0.0653521 0
    outer loop
      vertex 50.9829 -54.7389 3.2
      vertex 51 -55 0
      vertex 51 -55 3.2
    endloop
  endfacet
  facet normal 0.321382 -0.94695 0
    outer loop
      vertex 38.2346 -53.1522 0
      vertex 38.4824 -53.0681 3.2
      vertex 38.2346 -53.1522 3.2
    endloop
  endfacet
  facet normal 0.321382 -0.94695 0
    outer loop
      vertex 38.4824 -53.0681 3.2
      vertex 38.2346 -53.1522 0
      vertex 38.4824 -53.0681 0
    endloop
  endfacet
  facet normal 0.751842 0.659343 0
    outer loop
      vertex 37.5858 -56.4142 3.2
      vertex 37.4133 -56.2175 0
      vertex 37.4133 -56.2175 3.2
    endloop
  endfacet
  facet normal 0.751842 0.659343 0
    outer loop
      vertex 37.4133 -56.2175 0
      vertex 37.5858 -56.4142 3.2
      vertex 37.5858 -56.4142 0
    endloop
  endfacet
  facet normal 0 -1 0
    outer loop
      vertex 39 -53 0
      vertex 49 -53 3.2
      vertex 39 -53 3.2
    endloop
  endfacet
  facet normal 0 -1 -0
    outer loop
      vertex 49 -53 3.2
      vertex 39 -53 0
      vertex 49 -53 0
    endloop
  endfacet
  facet normal 0.555494 0.831521 -0
    outer loop
      vertex 38 -56.732 0
      vertex 37.7825 -56.5867 3.2
      vertex 38 -56.732 3.2
    endloop
  endfacet
  facet normal 0.555494 0.831521 0
    outer loop
      vertex 37.7825 -56.5867 3.2
      vertex 38 -56.732 0
      vertex 37.7825 -56.5867 0
    endloop
  endfacet
  facet normal 0.89686 -0.442314 0
    outer loop
      vertex 37.1522 -54.2346 3.2
      vertex 37.2679 -54 0
      vertex 37.2679 -54 3.2
    endloop
  endfacet
  facet normal 0.89686 -0.442314 0
    outer loop
      vertex 37.2679 -54 0
      vertex 37.1522 -54.2346 3.2
      vertex 37.1522 -54.2346 0
    endloop
  endfacet
  facet normal -0.659343 0.751842 0
    outer loop
      vertex 50.4142 -56.4142 0
      vertex 50.2175 -56.5867 3.2
      vertex 50.4142 -56.4142 3.2
    endloop
  endfacet
  facet normal -0.659343 0.751842 0
    outer loop
      vertex 50.2175 -56.5867 3.2
      vertex 50.4142 -56.4142 0
      vertex 50.2175 -56.5867 0
    endloop
  endfacet
  facet normal -0.980801 0.195013 0
    outer loop
      vertex 50.9319 -55.5176 0
      vertex 50.9829 -55.2611 3.2
      vertex 50.9829 -55.2611 0
    endloop
  endfacet
  facet normal -0.980801 0.195013 0
    outer loop
      vertex 50.9829 -55.2611 3.2
      vertex 50.9319 -55.5176 0
      vertex 50.9319 -55.5176 3.2
    endloop
  endfacet
  facet normal -0.896709 0.442621 0
    outer loop
      vertex 50.732 -56 0
      vertex 50.8478 -55.7654 3.2
      vertex 50.8478 -55.7654 0
    endloop
  endfacet
  facet normal -0.896709 0.442621 0
    outer loop
      vertex 50.8478 -55.7654 3.2
      vertex 50.732 -56 0
      vertex 50.732 -56 3.2
    endloop
  endfacet
  facet normal 0.0653521 0.997862 -0
    outer loop
      vertex 39 -57 0
      vertex 38.7389 -56.9829 3.2
      vertex 39 -57 3.2
    endloop
  endfacet
  facet normal 0.0653521 0.997862 0
    outer loop
      vertex 38.7389 -56.9829 3.2
      vertex 39 -57 0
      vertex 38.7389 -56.9829 0
    endloop
  endfacet
  facet normal -0.751842 0.659343 0
    outer loop
      vertex 50.4142 -56.4142 0
      vertex 50.5867 -56.2175 3.2
      vertex 50.5867 -56.2175 0
    endloop
  endfacet
  facet normal -0.751842 0.659343 0
    outer loop
      vertex 50.5867 -56.2175 3.2
      vertex 50.4142 -56.4142 0
      vertex 50.4142 -56.4142 3.2
    endloop
  endfacet
  facet normal -0.555758 -0.831344 0
    outer loop
      vertex 50 -53.2679 0
      vertex 50.2175 -53.4133 3.2
      vertex 50 -53.2679 3.2
    endloop
  endfacet
  facet normal -0.555758 -0.831344 -0
    outer loop
      vertex 50.2175 -53.4133 3.2
      vertex 50 -53.2679 0
      vertex 50.2175 -53.4133 0
    endloop
  endfacet
  facet normal -0.751842 -0.659343 0
    outer loop
      vertex 50.5867 -53.7825 0
      vertex 50.4142 -53.5858 3.2
      vertex 50.4142 -53.5858 0
    endloop
  endfacet
  facet normal -0.751842 -0.659343 0
    outer loop
      vertex 50.4142 -53.5858 3.2
      vertex 50.5867 -53.7825 0
      vertex 50.5867 -53.7825 3.2
    endloop
  endfacet
  facet normal -0.831521 0.555494 0
    outer loop
      vertex 50.5867 -56.2175 0
      vertex 50.732 -56 3.2
      vertex 50.732 -56 0
    endloop
  endfacet
  facet normal -0.831521 0.555494 0
    outer loop
      vertex 50.732 -56 3.2
      vertex 50.5867 -56.2175 0
      vertex 50.5867 -56.2175 3.2
    endloop
  endfacet
  facet normal 0.0653521 -0.997862 0
    outer loop
      vertex 38.7389 -53.0171 0
      vertex 39 -53 3.2
      vertex 38.7389 -53.0171 3.2
    endloop
  endfacet
  facet normal 0.0653521 -0.997862 0
    outer loop
      vertex 39 -53 3.2
      vertex 38.7389 -53.0171 0
      vertex 39 -53 0
    endloop
  endfacet
  facet normal 0.195013 0.980801 -0
    outer loop
      vertex 38.7389 -56.9829 0
      vertex 38.4824 -56.9319 3.2
      vertex 38.7389 -56.9829 3.2
    endloop
  endfacet
  facet normal 0.195013 0.980801 0
    outer loop
      vertex 38.4824 -56.9319 3.2
      vertex 38.7389 -56.9829 0
      vertex 38.4824 -56.9319 0
    endloop
  endfacet
  facet normal 0.321382 0.94695 -0
    outer loop
      vertex 38.4824 -56.9319 0
      vertex 38.2346 -56.8478 3.2
      vertex 38.4824 -56.9319 3.2
    endloop
  endfacet
  facet normal 0.321382 0.94695 0
    outer loop
      vertex 38.2346 -56.8478 3.2
      vertex 38.4824 -56.9319 0
      vertex 38.2346 -56.8478 0
    endloop
  endfacet
  facet normal 0.442314 -0.89686 0
    outer loop
      vertex 38 -53.2679 0
      vertex 38.2346 -53.1522 3.2
      vertex 38 -53.2679 3.2
    endloop
  endfacet
  facet normal 0.442314 -0.89686 0
    outer loop
      vertex 38.2346 -53.1522 3.2
      vertex 38 -53.2679 0
      vertex 38.2346 -53.1522 0
    endloop
  endfacet
  facet normal -0.997862 0.0653521 0
    outer loop
      vertex 50.9829 -55.2611 0
      vertex 51 -55 3.2
      vertex 51 -55 0
    endloop
  endfacet
  facet normal -0.997862 0.0653521 0
    outer loop
      vertex 51 -55 3.2
      vertex 50.9829 -55.2611 0
      vertex 50.9829 -55.2611 3.2
    endloop
  endfacet
  facet normal -0.195013 -0.980801 0
    outer loop
      vertex 49.2611 -53.0171 0
      vertex 49.5176 -53.0681 3.2
      vertex 49.2611 -53.0171 3.2
    endloop
  endfacet
  facet normal -0.195013 -0.980801 -0
    outer loop
      vertex 49.5176 -53.0681 3.2
      vertex 49.2611 -53.0171 0
      vertex 49.5176 -53.0681 0
    endloop
  endfacet
  facet normal -0.659343 -0.751842 0
    outer loop
      vertex 50.2175 -53.4133 0
      vertex 50.4142 -53.5858 3.2
      vertex 50.2175 -53.4133 3.2
    endloop
  endfacet
  facet normal -0.659343 -0.751842 -0
    outer loop
      vertex 50.4142 -53.5858 3.2
      vertex 50.2175 -53.4133 0
      vertex 50.4142 -53.5858 0
    endloop
  endfacet
  facet normal -0.831521 -0.555494 0
    outer loop
      vertex 50.732 -54 0
      vertex 50.5867 -53.7825 3.2
      vertex 50.5867 -53.7825 0
    endloop
  endfacet
  facet normal -0.831521 -0.555494 0
    outer loop
      vertex 50.5867 -53.7825 3.2
      vertex 50.732 -54 0
      vertex 50.732 -54 3.2
    endloop
  endfacet
  facet normal -0.94695 -0.321382 0
    outer loop
      vertex 50.9319 -54.4824 0
      vertex 50.8478 -54.2346 3.2
      vertex 50.8478 -54.2346 0
    endloop
  endfacet
  facet normal -0.94695 -0.321382 0
    outer loop
      vertex 50.8478 -54.2346 3.2
      vertex 50.9319 -54.4824 0
      vertex 50.9319 -54.4824 3.2
    endloop
  endfacet
  facet normal -0.896709 -0.442621 0
    outer loop
      vertex 50.8478 -54.2346 0
      vertex 50.732 -54 3.2
      vertex 50.732 -54 0
    endloop
  endfacet
  facet normal -0.896709 -0.442621 0
    outer loop
      vertex 50.732 -54 3.2
      vertex 50.8478 -54.2346 0
      vertex 50.8478 -54.2346 3.2
    endloop
  endfacet
  facet normal 0.442621 0.896709 -0
    outer loop
      vertex 38.2346 -56.8478 0
      vertex 38 -56.732 3.2
      vertex 38.2346 -56.8478 3.2
    endloop
  endfacet
  facet normal 0.442621 0.896709 0
    outer loop
      vertex 38 -56.732 3.2
      vertex 38.2346 -56.8478 0
      vertex 38 -56.732 0
    endloop
  endfacet
  facet normal 0.89686 0.442314 0
    outer loop
      vertex 37.2679 -56 3.2
      vertex 37.1522 -55.7654 0
      vertex 37.1522 -55.7654 3.2
    endloop
  endfacet
  facet normal 0.89686 0.442314 0
    outer loop
      vertex 37.1522 -55.7654 0
      vertex 37.2679 -56 3.2
      vertex 37.2679 -56 0
    endloop
  endfacet
  facet normal -0.0653521 0.997862 0
    outer loop
      vertex 49.2611 -56.9829 0
      vertex 49 -57 3.2
      vertex 49.2611 -56.9829 3.2
    endloop
  endfacet
  facet normal -0.0653521 0.997862 0
    outer loop
      vertex 49 -57 3.2
      vertex 49.2611 -56.9829 0
      vertex 49 -57 0
    endloop
  endfacet
  facet normal -0.321382 0.94695 0
    outer loop
      vertex 49.7654 -56.8478 0
      vertex 49.5176 -56.9319 3.2
      vertex 49.7654 -56.8478 3.2
    endloop
  endfacet
  facet normal -0.321382 0.94695 0
    outer loop
      vertex 49.5176 -56.9319 3.2
      vertex 49.7654 -56.8478 0
      vertex 49.5176 -56.9319 0
    endloop
  endfacet
  facet normal -0.321382 -0.94695 0
    outer loop
      vertex 49.5176 -53.0681 0
      vertex 49.7654 -53.1522 3.2
      vertex 49.5176 -53.0681 3.2
    endloop
  endfacet
  facet normal -0.321382 -0.94695 -0
    outer loop
      vertex 49.7654 -53.1522 3.2
      vertex 49.5176 -53.0681 0
      vertex 49.7654 -53.1522 0
    endloop
  endfacet
  facet normal -0.442621 0.896709 0
    outer loop
      vertex 50 -56.732 0
      vertex 49.7654 -56.8478 3.2
      vertex 50 -56.732 3.2
    endloop
  endfacet
  facet normal -0.442621 0.896709 0
    outer loop
      vertex 49.7654 -56.8478 3.2
      vertex 50 -56.732 0
      vertex 49.7654 -56.8478 0
    endloop
  endfacet
  facet normal 0.321498 -0.94691 0
    outer loop
      vertex 82.0353 -64.3637 0
      vertex 82.5307 -64.1955 3.2
      vertex 82.0353 -64.3637 3.2
    endloop
  endfacet
  facet normal 0.321498 -0.94691 0
    outer loop
      vertex 82.5307 -64.1955 3.2
      vertex 82.0353 -64.3637 0
      vertex 82.5307 -64.1955 0
    endloop
  endfacet
  facet normal 0 -1 0
    outer loop
      vertex -81 -64.5 0
      vertex 81 -64.5 3.2
      vertex -81 -64.5 3.2
    endloop
  endfacet
  facet normal 0 -1 -0
    outer loop
      vertex 81 -64.5 3.2
      vertex -81 -64.5 0
      vertex 81 -64.5 0
    endloop
  endfacet
  facet normal 0.195124 -0.980779 0
    outer loop
      vertex 81.5221 -64.4658 0
      vertex 82.0353 -64.3637 3.2
      vertex 81.5221 -64.4658 3.2
    endloop
  endfacet
  facet normal 0.195124 -0.980779 0
    outer loop
      vertex 82.0353 -64.3637 3.2
      vertex 81.5221 -64.4658 0
      vertex 82.0353 -64.3637 0
    endloop
  endfacet
  facet normal -0.896898 -0.442238 0
    outer loop
      vertex -84.4641 -62.5 0
      vertex -84.6955 -62.0307 3.2
      vertex -84.6955 -62.0307 0
    endloop
  endfacet
  facet normal -0.896898 -0.442238 0
    outer loop
      vertex -84.6955 -62.0307 3.2
      vertex -84.4641 -62.5 0
      vertex -84.4641 -62.5 3.2
    endloop
  endfacet
  facet normal -0.980779 0.195124 0
    outer loop
      vertex -84.9658 61.0221 0
      vertex -84.8637 61.5353 3.2
      vertex -84.8637 61.5353 0
    endloop
  endfacet
  facet normal -0.980779 0.195124 0
    outer loop
      vertex -84.8637 61.5353 3.2
      vertex -84.9658 61.0221 0
      vertex -84.9658 61.0221 3.2
    endloop
  endfacet
  facet normal -0.659343 -0.751842 0
    outer loop
      vertex -83.8284 -63.3284 0
      vertex -83.435 -63.6734 3.2
      vertex -83.8284 -63.3284 3.2
    endloop
  endfacet
  facet normal -0.659343 -0.751842 -0
    outer loop
      vertex -83.435 -63.6734 3.2
      vertex -83.8284 -63.3284 0
      vertex -83.435 -63.6734 0
    endloop
  endfacet
  facet normal 0.0653646 -0.997861 0
    outer loop
      vertex 81 -64.5 0
      vertex 81.5221 -64.4658 3.2
      vertex 81 -64.5 3.2
    endloop
  endfacet
  facet normal 0.0653646 -0.997861 0
    outer loop
      vertex 81.5221 -64.4658 3.2
      vertex 81 -64.5 0
      vertex 81.5221 -64.4658 0
    endloop
  endfacet
  facet normal -0.195124 -0.980779 0
    outer loop
      vertex -82.0353 -64.3637 0
      vertex -81.5221 -64.4658 3.2
      vertex -82.0353 -64.3637 3.2
    endloop
  endfacet
  facet normal -0.195124 -0.980779 -0
    outer loop
      vertex -81.5221 -64.4658 3.2
      vertex -82.0353 -64.3637 0
      vertex -81.5221 -64.4658 0
    endloop
  endfacet
  facet normal -0.321498 -0.94691 0
    outer loop
      vertex -82.5307 -64.1955 0
      vertex -82.0353 -64.3637 3.2
      vertex -82.5307 -64.1955 3.2
    endloop
  endfacet
  facet normal -0.321498 -0.94691 -0
    outer loop
      vertex -82.0353 -64.3637 3.2
      vertex -82.5307 -64.1955 0
      vertex -82.0353 -64.3637 0
    endloop
  endfacet
  facet normal -0.555626 0.831432 0
    outer loop
      vertex -83 63.9641 0
      vertex -83.435 63.6734 3.2
      vertex -83 63.9641 3.2
    endloop
  endfacet
  facet normal -0.555626 0.831432 0
    outer loop
      vertex -83.435 63.6734 3.2
      vertex -83 63.9641 0
      vertex -83.435 63.6734 0
    endloop
  endfacet
  facet normal -0.0653646 0.997861 0
    outer loop
      vertex -81 64.5 0
      vertex -81.5221 64.4658 3.2
      vertex -81 64.5 3.2
    endloop
  endfacet
  facet normal -0.0653646 0.997861 0
    outer loop
      vertex -81.5221 64.4658 3.2
      vertex -81 64.5 0
      vertex -81.5221 64.4658 0
    endloop
  endfacet
  facet normal 0.831432 -0.555626 0
    outer loop
      vertex 84.1734 -62.935 3.2
      vertex 84.4641 -62.5 0
      vertex 84.4641 -62.5 3.2
    endloop
  endfacet
  facet normal 0.831432 -0.555626 0
    outer loop
      vertex 84.4641 -62.5 0
      vertex 84.1734 -62.935 3.2
      vertex 84.1734 -62.935 0
    endloop
  endfacet
  facet normal 1 -0 0
    outer loop
      vertex 85 -60.5 3.2
      vertex 85 60.5 0
      vertex 85 60.5 3.2
    endloop
  endfacet
  facet normal 1 0 0
    outer loop
      vertex 85 60.5 0
      vertex 85 -60.5 3.2
      vertex 85 -60.5 0
    endloop
  endfacet
  facet normal -1 0 0
    outer loop
      vertex -85 -60.5 0
      vertex -85 60.5 3.2
      vertex -85 60.5 0
    endloop
  endfacet
  facet normal -1 -0 0
    outer loop
      vertex -85 60.5 3.2
      vertex -85 -60.5 0
      vertex -85 -60.5 3.2
    endloop
  endfacet
  facet normal -0.997861 -0.0653646 0
    outer loop
      vertex -84.9658 -61.0221 0
      vertex -85 -60.5 3.2
      vertex -85 -60.5 0
    endloop
  endfacet
  facet normal -0.997861 -0.0653646 0
    outer loop
      vertex -85 -60.5 3.2
      vertex -84.9658 -61.0221 0
      vertex -84.9658 -61.0221 3.2
    endloop
  endfacet
  facet normal 0 0 1
    outer loop
      vertex -50.9829 -55.2611 3.2
      vertex -71.4654 -57.2451 3.2
      vertex -71.45 -57.48 3.2
    endloop
  endfacet
  facet normal 0 0 1
    outer loop
      vertex -66.8296 -41.7941 3.2
      vertex -71.5113 -57.0141 3.2
      vertex -71.4654 -57.2451 3.2
    endloop
  endfacet
  facet normal 0 0 1
    outer loop
      vertex -66.8296 -41.7941 3.2
      vertex -71.587 -56.7912 3.2
      vertex -71.5113 -57.0141 3.2
    endloop
  endfacet
  facet normal -0 0 1
    outer loop
      vertex -72.4177 -35.9233 3.2
      vertex -67 -40.5 3.2
      vertex -72.139 -35.8287 3.2
    endloop
  endfacet
  facet normal 0 0 1
    outer loop
      vertex -66.8296 -41.7941 3.2
      vertex -71.6912 -56.58 3.2
      vertex -71.587 -56.7912 3.2
    endloop
  endfacet
  facet normal 0 0 1
    outer loop
      vertex -66.8296 -41.7941 3.2
      vertex -71.822 -56.3842 3.2
      vertex -71.6912 -56.58 3.2
    endloop
  endfacet
  facet normal -0 0 1
    outer loop
      vertex -72.7063 -35.9808 3.2
      vertex -67 -40.5 3.2
      vertex -72.4177 -35.9233 3.2
    endloop
  endfacet
  facet normal 0 0 1
    outer loop
      vertex -66.8296 -41.7941 3.2
      vertex -71.9772 -56.2072 3.2
      vertex -71.822 -56.3842 3.2
    endloop
  endfacet
  facet normal 0 0 1
    outer loop
      vertex -67 -40.5 3.2
      vertex -72.7063 -35.9808 3.2
      vertex -66.9572 -41.1526 3.2
    endloop
  endfacet
  facet normal 0 0 1
    outer loop
      vertex -66.8296 -41.7941 3.2
      vertex -72.1542 -56.052 3.2
      vertex -71.9772 -56.2072 3.2
    endloop
  endfacet
  facet normal 0 0 1
    outer loop
      vertex -66.8296 -41.7941 3.2
      vertex -72.35 -55.9212 3.2
      vertex -72.1542 -56.052 3.2
    endloop
  endfacet
  facet normal -0 0 1
    outer loop
      vertex -73 -36 3.2
      vertex -66.9572 -41.1526 3.2
      vertex -72.7063 -35.9808 3.2
    endloop
  endfacet
  facet normal 0 0 1
    outer loop
      vertex -66.8296 -41.7941 3.2
      vertex -72.5612 -55.817 3.2
      vertex -72.35 -55.9212 3.2
    endloop
  endfacet
  facet normal 0 0 1
    outer loop
      vertex -66.9572 -41.1526 3.2
      vertex -73 -36 3.2
      vertex -66.8296 -41.7941 3.2
    endloop
  endfacet
  facet normal 0 0 1
    outer loop
      vertex -66.8296 -41.7941 3.2
      vertex -72.7841 -55.7413 3.2
      vertex -72.5612 -55.817 3.2
    endloop
  endfacet
  facet normal 0 0 1
    outer loop
      vertex -73.2937 -35.9808 3.2
      vertex -66.8296 -41.7941 3.2
      vertex -73 -36 3.2
    endloop
  endfacet
  facet normal 0 0 1
    outer loop
      vertex -66.8296 -41.7941 3.2
      vertex -73.0151 -55.6954 3.2
      vertex -72.7841 -55.7413 3.2
    endloop
  endfacet
  facet normal 0 0 1
    outer loop
      vertex -66.8296 -41.7941 3.2
      vertex -73.25 -55.68 3.2
      vertex -73.0151 -55.6954 3.2
    endloop
  endfacet
  facet normal 0 0 1
    outer loop
      vertex -73.5823 -35.9233 3.2
      vertex -66.8296 -41.7941 3.2
      vertex -73.2937 -35.9808 3.2
    endloop
  endfacet
  facet normal 0 0 1
    outer loop
      vertex -66.8296 -41.7941 3.2
      vertex -73.5823 -35.9233 3.2
      vertex -75.65 -55.68 3.2
    endloop
  endfacet
  facet normal 0 0 1
    outer loop
      vertex -75.65 -55.68 3.2
      vertex -73.5823 -35.9233 3.2
      vertex -73.861 -35.8287 3.2
    endloop
  endfacet
  facet normal 0 0 1
    outer loop
      vertex -75.65 -55.68 3.2
      vertex -73.861 -35.8287 3.2
      vertex -74.125 -35.6986 3.2
    endloop
  endfacet
  facet normal 0 0 1
    outer loop
      vertex -75.65 -55.68 3.2
      vertex -74.125 -35.6986 3.2
      vertex -74.3697 -35.535 3.2
    endloop
  endfacet
  facet normal 0 0 1
    outer loop
      vertex -75.65 -55.68 3.2
      vertex -74.3697 -35.535 3.2
      vertex -74.591 -35.341 3.2
    endloop
  endfacet
  facet normal 0 0 1
    outer loop
      vertex -75.65 -55.68 3.2
      vertex -74.591 -35.341 3.2
      vertex -74.785 -35.1197 3.2
    endloop
  endfacet
  facet normal 0 0 1
    outer loop
      vertex -75.65 -55.68 3.2
      vertex -74.785 -35.1197 3.2
      vertex -74.9486 -34.875 3.2
    endloop
  endfacet
  facet normal 0 0 1
    outer loop
      vertex -75.65 -55.68 3.2
      vertex -74.9486 -34.875 3.2
      vertex -75.0787 -34.611 3.2
    endloop
  endfacet
  facet normal 0 0 1
    outer loop
      vertex -75.65 -55.68 3.2
      vertex -75.0787 -34.611 3.2
      vertex -75.1733 -34.3323 3.2
    endloop
  endfacet
  facet normal 0 0 1
    outer loop
      vertex -75.65 -55.68 3.2
      vertex -75.1733 -34.3323 3.2
      vertex -75.2308 -34.0437 3.2
    endloop
  endfacet
  facet normal 0 0 1
    outer loop
      vertex -66.8296 -41.7941 3.2
      vertex -75.65 -55.68 3.2
      vertex -73.25 -55.68 3.2
    endloop
  endfacet
  facet normal 0 0 1
    outer loop
      vertex -75.25 -33.75 3.2
      vertex -75.65 -55.68 3.2
      vertex -75.2308 -34.0437 3.2
    endloop
  endfacet
  facet normal 0 0 1
    outer loop
      vertex -75.25 -28.25 3.2
      vertex -75.65 -55.68 3.2
      vertex -75.25 -33.75 3.2
    endloop
  endfacet
  facet normal 0 0 1
    outer loop
      vertex -74.9486 34.875 3.2
      vertex -85 60.5 3.2
      vertex -75.0787 34.611 3.2
    endloop
  endfacet
  facet normal 0 0 1
    outer loop
      vertex -75.25 -28.25 3.2
      vertex -75.8849 -55.6954 3.2
      vertex -75.65 -55.68 3.2
    endloop
  endfacet
  facet normal 0 0 1
    outer loop
      vertex -75.0787 34.611 3.2
      vertex -85 60.5 3.2
      vertex -75.1733 34.3323 3.2
    endloop
  endfacet
  facet normal 0 0 1
    outer loop
      vertex -75.25 -28.25 3.2
      vertex -76.1159 -55.7413 3.2
      vertex -75.8849 -55.6954 3.2
    endloop
  endfacet
  facet normal 0 0 1
    outer loop
      vertex -75.1733 34.3323 3.2
      vertex -85 60.5 3.2
      vertex -75.2308 34.0437 3.2
    endloop
  endfacet
  facet normal 0 0 1
    outer loop
      vertex -75.25 -28.25 3.2
      vertex -76.3388 -55.817 3.2
      vertex -76.1159 -55.7413 3.2
    endloop
  endfacet
  facet normal 0 0 1
    outer loop
      vertex -75.25 28.25 3.2
      vertex -85 60.5 3.2
      vertex -75.25 -28.25 3.2
    endloop
  endfacet
  facet normal 0 0 1
    outer loop
      vertex -75.25 -28.25 3.2
      vertex -76.55 -55.9212 3.2
      vertex -76.3388 -55.817 3.2
    endloop
  endfacet
  facet normal 0 0 1
    outer loop
      vertex -75.25 33.75 3.2
      vertex -85 60.5 3.2
      vertex -75.25 28.25 3.2
    endloop
  endfacet
  facet normal 0 0 1
    outer loop
      vertex -85 -60.5 3.2
      vertex -75.25 -28.25 3.2
      vertex -85 60.5 3.2
    endloop
  endfacet
  facet normal 0 0 1
    outer loop
      vertex -75.2308 34.0437 3.2
      vertex -85 60.5 3.2
      vertex -75.25 33.75 3.2
    endloop
  endfacet
  facet normal 0 -0 1
    outer loop
      vertex -76.7458 -56.052 3.2
      vertex -75.25 -28.25 3.2
      vertex -85 -60.5 3.2
    endloop
  endfacet
  facet normal 0 0 1
    outer loop
      vertex -85 60.5 3.2
      vertex -76.9228 56.2072 3.2
      vertex -77.078 56.3842 3.2
    endloop
  endfacet
  facet normal 0 0 1
    outer loop
      vertex -75.25 -28.25 3.2
      vertex -76.7458 -56.052 3.2
      vertex -76.55 -55.9212 3.2
    endloop
  endfacet
  facet normal 0 0 1
    outer loop
      vertex -85 60.5 3.2
      vertex -77.078 56.3842 3.2
      vertex -77.2088 56.58 3.2
    endloop
  endfacet
  facet normal 0 0 1
    outer loop
      vertex -76.7458 -56.052 3.2
      vertex -85 -60.5 3.2
      vertex -76.9228 -56.2072 3.2
    endloop
  endfacet
  facet normal 0 0 1
    outer loop
      vertex -85 60.5 3.2
      vertex -77.2088 56.58 3.2
      vertex -77.313 56.7912 3.2
    endloop
  endfacet
  facet normal 0 0 1
    outer loop
      vertex -76.9228 -56.2072 3.2
      vertex -85 -60.5 3.2
      vertex -77.078 -56.3842 3.2
    endloop
  endfacet
  facet normal 0 0 1
    outer loop
      vertex -85 60.5 3.2
      vertex -77.313 56.7912 3.2
      vertex -77.3887 57.0141 3.2
    endloop
  endfacet
  facet normal 0 0 1
    outer loop
      vertex -77.078 -56.3842 3.2
      vertex -85 -60.5 3.2
      vertex -77.2088 -56.58 3.2
    endloop
  endfacet
  facet normal 0 0 1
    outer loop
      vertex -85 60.5 3.2
      vertex -77.3887 57.0141 3.2
      vertex -77.4346 57.2451 3.2
    endloop
  endfacet
  facet normal 0 0 1
    outer loop
      vertex -77.2088 -56.58 3.2
      vertex -85 -60.5 3.2
      vertex -77.313 -56.7912 3.2
    endloop
  endfacet
  facet normal 0 0 1
    outer loop
      vertex -85 60.5 3.2
      vertex -77.4346 57.2451 3.2
      vertex -77.45 57.48 3.2
    endloop
  endfacet
  facet normal 0 0 1
    outer loop
      vertex -77.313 -56.7912 3.2
      vertex -85 -60.5 3.2
      vertex -77.3887 -57.0141 3.2
    endloop
  endfacet
  facet normal 0 0 1
    outer loop
      vertex -67 40.5 3.2
      vertex -70.8267 27.6677 3.2
      vertex -67 -40.5 3.2
    endloop
  endfacet
  facet normal 0 0 1
    outer loop
      vertex -67 -40.5 3.2
      vertex -70.7692 -27.9563 3.2
      vertex -70.75 -28.25 3.2
    endloop
  endfacet
  facet normal -0 0 1
    outer loop
      vertex -70.8267 -27.6677 3.2
      vertex -67 -40.5 3.2
      vertex -70.8267 27.6677 3.2
    endloop
  endfacet
  facet normal 0 0 1
    outer loop
      vertex -67 -40.5 3.2
      vertex -70.8267 -27.6677 3.2
      vertex -70.7692 -27.9563 3.2
    endloop
  endfacet
  facet normal -0 0 1
    outer loop
      vertex -70.9213 27.389 3.2
      vertex -70.8267 -27.6677 3.2
      vertex -70.8267 27.6677 3.2
    endloop
  endfacet
  facet normal 0 0 1
    outer loop
      vertex -70.9213 27.389 3.2
      vertex -70.9213 -27.389 3.2
      vertex -70.8267 -27.6677 3.2
    endloop
  endfacet
  facet normal -0 0 1
    outer loop
      vertex -71.0514 27.125 3.2
      vertex -70.9213 -27.389 3.2
      vertex -70.9213 27.389 3.2
    endloop
  endfacet
  facet normal 0 0 1
    outer loop
      vertex -71.0514 27.125 3.2
      vertex -71.0514 -27.125 3.2
      vertex -70.9213 -27.389 3.2
    endloop
  endfacet
  facet normal -0 0 1
    outer loop
      vertex -71.215 26.8803 3.2
      vertex -71.0514 -27.125 3.2
      vertex -71.0514 27.125 3.2
    endloop
  endfacet
  facet normal 0 0 1
    outer loop
      vertex -71.215 26.8803 3.2
      vertex -71.215 -26.8803 3.2
      vertex -71.0514 -27.125 3.2
    endloop
  endfacet
  facet normal -0 0 1
    outer loop
      vertex -71.409 26.659 3.2
      vertex -71.215 -26.8803 3.2
      vertex -71.215 26.8803 3.2
    endloop
  endfacet
  facet normal 0 0 1
    outer loop
      vertex -71.409 26.659 3.2
      vertex -71.409 -26.659 3.2
      vertex -71.215 -26.8803 3.2
    endloop
  endfacet
  facet normal -0 0 1
    outer loop
      vertex -71.6303 26.465 3.2
      vertex -71.409 -26.659 3.2
      vertex -71.409 26.659 3.2
    endloop
  endfacet
  facet normal 0 0 1
    outer loop
      vertex -71.6303 26.465 3.2
      vertex -71.6303 -26.465 3.2
      vertex -71.409 -26.659 3.2
    endloop
  endfacet
  facet normal -0 0 1
    outer loop
      vertex -71.875 26.3014 3.2
      vertex -71.6303 -26.465 3.2
      vertex -71.6303 26.465 3.2
    endloop
  endfacet
  facet normal 0 0 1
    outer loop
      vertex -71.875 26.3014 3.2
      vertex -71.875 -26.3014 3.2
      vertex -71.6303 -26.465 3.2
    endloop
  endfacet
  facet normal -0 0 1
    outer loop
      vertex -72.139 26.1713 3.2
      vertex -71.875 -26.3014 3.2
      vertex -71.875 26.3014 3.2
    endloop
  endfacet
  facet normal 0 0 1
    outer loop
      vertex -72.139 26.1713 3.2
      vertex -72.139 -26.1713 3.2
      vertex -71.875 -26.3014 3.2
    endloop
  endfacet
  facet normal -0 0 1
    outer loop
      vertex -72.4177 26.0767 3.2
      vertex -72.139 -26.1713 3.2
      vertex -72.139 26.1713 3.2
    endloop
  endfacet
  facet normal 0 0 1
    outer loop
      vertex -72.4177 26.0767 3.2
      vertex -72.4177 -26.0767 3.2
      vertex -72.139 -26.1713 3.2
    endloop
  endfacet
  facet normal -0 0 1
    outer loop
      vertex -72.7063 26.0192 3.2
      vertex -72.4177 -26.0767 3.2
      vertex -72.4177 26.0767 3.2
    endloop
  endfacet
  facet normal 0 0 1
    outer loop
      vertex -72.7063 26.0192 3.2
      vertex -72.7063 -26.0192 3.2
      vertex -72.4177 -26.0767 3.2
    endloop
  endfacet
  facet normal -0 0 1
    outer loop
      vertex -73 26 3.2
      vertex -72.7063 -26.0192 3.2
      vertex -72.7063 26.0192 3.2
    endloop
  endfacet
  facet normal 0 0 1
    outer loop
      vertex -73 26 3.2
      vertex -73 -26 3.2
      vertex -72.7063 -26.0192 3.2
    endloop
  endfacet
  facet normal 0 0 1
    outer loop
      vertex -73.2937 26.0192 3.2
      vertex -73 -26 3.2
      vertex -73 26 3.2
    endloop
  endfacet
  facet normal 0 0 1
    outer loop
      vertex -73.2937 26.0192 3.2
      vertex -73.2937 -26.0192 3.2
      vertex -73 -26 3.2
    endloop
  endfacet
  facet normal 0 0 1
    outer loop
      vertex -73.5823 26.0767 3.2
      vertex -73.2937 -26.0192 3.2
      vertex -73.2937 26.0192 3.2
    endloop
  endfacet
  facet normal 0 0 1
    outer loop
      vertex -73.5823 26.0767 3.2
      vertex -73.5823 -26.0767 3.2
      vertex -73.2937 -26.0192 3.2
    endloop
  endfacet
  facet normal 0 0 1
    outer loop
      vertex -73.861 26.1713 3.2
      vertex -73.5823 -26.0767 3.2
      vertex -73.5823 26.0767 3.2
    endloop
  endfacet
  facet normal 0 0 1
    outer loop
      vertex -73.861 26.1713 3.2
      vertex -73.861 -26.1713 3.2
      vertex -73.5823 -26.0767 3.2
    endloop
  endfacet
  facet normal 0 0 1
    outer loop
      vertex -74.125 26.3014 3.2
      vertex -73.861 -26.1713 3.2
      vertex -73.861 26.1713 3.2
    endloop
  endfacet
  facet normal 0 0 1
    outer loop
      vertex -74.125 26.3014 3.2
      vertex -74.125 -26.3014 3.2
      vertex -73.861 -26.1713 3.2
    endloop
  endfacet
  facet normal 0 0 1
    outer loop
      vertex -74.3697 26.465 3.2
      vertex -74.125 -26.3014 3.2
      vertex -74.125 26.3014 3.2
    endloop
  endfacet
  facet normal 0 0 1
    outer loop
      vertex -74.3697 26.465 3.2
      vertex -74.3697 -26.465 3.2
      vertex -74.125 -26.3014 3.2
    endloop
  endfacet
  facet normal 0 0 1
    outer loop
      vertex -74.591 26.659 3.2
      vertex -74.3697 -26.465 3.2
      vertex -74.3697 26.465 3.2
    endloop
  endfacet
  facet normal 0 0 1
    outer loop
      vertex -74.591 26.659 3.2
      vertex -74.591 -26.659 3.2
      vertex -74.3697 -26.465 3.2
    endloop
  endfacet
  facet normal 0 0 1
    outer loop
      vertex -74.785 26.8803 3.2
      vertex -74.591 -26.659 3.2
      vertex -74.591 26.659 3.2
    endloop
  endfacet
  facet normal 0 0 1
    outer loop
      vertex -74.785 26.8803 3.2
      vertex -74.785 -26.8803 3.2
      vertex -74.591 -26.659 3.2
    endloop
  endfacet
  facet normal 0 0 1
    outer loop
      vertex -74.9486 27.125 3.2
      vertex -74.785 -26.8803 3.2
      vertex -74.785 26.8803 3.2
    endloop
  endfacet
  facet normal 0 0 1
    outer loop
      vertex -74.9486 27.125 3.2
      vertex -74.9486 -27.125 3.2
      vertex -74.785 -26.8803 3.2
    endloop
  endfacet
  facet normal 0 0 1
    outer loop
      vertex -75.0787 27.389 3.2
      vertex -74.9486 -27.125 3.2
      vertex -74.9486 27.125 3.2
    endloop
  endfacet
  facet normal 0 0 1
    outer loop
      vertex -75.0787 27.389 3.2
      vertex -75.0787 -27.389 3.2
      vertex -74.9486 -27.125 3.2
    endloop
  endfacet
  facet normal 0 0 1
    outer loop
      vertex -75.1733 27.6677 3.2
      vertex -75.0787 -27.389 3.2
      vertex -75.0787 27.389 3.2
    endloop
  endfacet
  facet normal 0 0 1
    outer loop
      vertex -75.1733 27.6677 3.2
      vertex -75.1733 -27.6677 3.2
      vertex -75.0787 -27.389 3.2
    endloop
  endfacet
  facet normal 0 0 1
    outer loop
      vertex -75.2308 27.9563 3.2
      vertex -75.1733 -27.6677 3.2
      vertex -75.1733 27.6677 3.2
    endloop
  endfacet
  facet normal 0 0 1
    outer loop
      vertex -75.2308 27.9563 3.2
      vertex -75.2308 -27.9563 3.2
      vertex -75.1733 -27.6677 3.2
    endloop
  endfacet
  facet normal 0 0 1
    outer loop
      vertex -75.25 28.25 3.2
      vertex -75.2308 -27.9563 3.2
      vertex -75.2308 27.9563 3.2
    endloop
  endfacet
  facet normal 0 0 1
    outer loop
      vertex -75.2308 -27.9563 3.2
      vertex -75.25 28.25 3.2
      vertex -75.25 -28.25 3.2
    endloop
  endfacet
  facet normal -0 0 1
    outer loop
      vertex -72.35 55.9212 3.2
      vertex -64.5 44.8301 3.2
      vertex -72.1542 56.052 3.2
    endloop
  endfacet
  facet normal 0 0 1
    outer loop
      vertex -64.5 44.8301 3.2
      vertex -72.35 55.9212 3.2
      vertex -65.0438 44.4668 3.2
    endloop
  endfacet
  facet normal -0 0 1
    outer loop
      vertex -72.5612 55.817 3.2
      vertex -65.0438 44.4668 3.2
      vertex -72.35 55.9212 3.2
    endloop
  endfacet
  facet normal 0 0 1
    outer loop
      vertex -65.0438 44.4668 3.2
      vertex -72.5612 55.817 3.2
      vertex -65.5355 44.0355 3.2
    endloop
  endfacet
  facet normal -0 0 1
    outer loop
      vertex -72.7841 55.7413 3.2
      vertex -65.5355 44.0355 3.2
      vertex -72.5612 55.817 3.2
    endloop
  endfacet
  facet normal 0 0 1
    outer loop
      vertex -65.5355 44.0355 3.2
      vertex -72.7841 55.7413 3.2
      vertex -65.9668 43.5438 3.2
    endloop
  endfacet
  facet normal 0 0 1
    outer loop
      vertex -66.8296 41.7941 3.2
      vertex -71.6303 35.535 3.2
      vertex -71.409 35.341 3.2
    endloop
  endfacet
  facet normal -0 0 1
    outer loop
      vertex -73.0151 55.6954 3.2
      vertex -65.9668 43.5438 3.2
      vertex -72.7841 55.7413 3.2
    endloop
  endfacet
  facet normal 0 0 1
    outer loop
      vertex -66.8296 41.7941 3.2
      vertex -71.875 35.6986 3.2
      vertex -71.6303 35.535 3.2
    endloop
  endfacet
  facet normal -0 0 1
    outer loop
      vertex -73.25 55.68 3.2
      vertex -65.9668 43.5438 3.2
      vertex -73.0151 55.6954 3.2
    endloop
  endfacet
  facet normal 0 0 1
    outer loop
      vertex -66.8296 41.7941 3.2
      vertex -72.139 35.8287 3.2
      vertex -71.875 35.6986 3.2
    endloop
  endfacet
  facet normal 0 0 1
    outer loop
      vertex -65.9668 43.5438 3.2
      vertex -73.25 55.68 3.2
      vertex -66.3301 43 3.2
    endloop
  endfacet
  facet normal 0 0 1
    outer loop
      vertex -66.8296 41.7941 3.2
      vertex -72.4177 35.9233 3.2
      vertex -72.139 35.8287 3.2
    endloop
  endfacet
  facet normal -0 0 1
    outer loop
      vertex -75.65 55.68 3.2
      vertex -66.3301 43 3.2
      vertex -73.25 55.68 3.2
    endloop
  endfacet
  facet normal 0 0 1
    outer loop
      vertex -66.8296 41.7941 3.2
      vertex -72.7063 35.9808 3.2
      vertex -72.4177 35.9233 3.2
    endloop
  endfacet
  facet normal 0 0 1
    outer loop
      vertex -66.3301 43 3.2
      vertex -75.65 55.68 3.2
      vertex -66.6194 42.4134 3.2
    endloop
  endfacet
  facet normal 0 0 1
    outer loop
      vertex -66.8296 41.7941 3.2
      vertex -73 36 3.2
      vertex -72.7063 35.9808 3.2
    endloop
  endfacet
  facet normal 0 -0 1
    outer loop
      vertex -73.5823 35.9233 3.2
      vertex -66.6194 42.4134 3.2
      vertex -75.65 55.68 3.2
    endloop
  endfacet
  facet normal 0 0 1
    outer loop
      vertex -66.8296 41.7941 3.2
      vertex -73.2937 35.9808 3.2
      vertex -73 36 3.2
    endloop
  endfacet
  facet normal 0 0 1
    outer loop
      vertex -66.6194 42.4134 3.2
      vertex -73.5823 35.9233 3.2
      vertex -66.8296 41.7941 3.2
    endloop
  endfacet
  facet normal 0 0 1
    outer loop
      vertex -66.8296 41.7941 3.2
      vertex -73.5823 35.9233 3.2
      vertex -73.2937 35.9808 3.2
    endloop
  endfacet
  facet normal 0 0 1
    outer loop
      vertex -75.8849 55.6954 3.2
      vertex -73.5823 35.9233 3.2
      vertex -75.65 55.68 3.2
    endloop
  endfacet
  facet normal 0 0 1
    outer loop
      vertex -73.5823 35.9233 3.2
      vertex -75.8849 55.6954 3.2
      vertex -73.861 35.8287 3.2
    endloop
  endfacet
  facet normal 0 0 1
    outer loop
      vertex -76.1159 55.7413 3.2
      vertex -73.861 35.8287 3.2
      vertex -75.8849 55.6954 3.2
    endloop
  endfacet
  facet normal 0 0 1
    outer loop
      vertex -73.861 35.8287 3.2
      vertex -76.1159 55.7413 3.2
      vertex -74.125 35.6986 3.2
    endloop
  endfacet
  facet normal 0 0 1
    outer loop
      vertex -76.3388 55.817 3.2
      vertex -74.125 35.6986 3.2
      vertex -76.1159 55.7413 3.2
    endloop
  endfacet
  facet normal 0 0 1
    outer loop
      vertex -74.125 35.6986 3.2
      vertex -76.3388 55.817 3.2
      vertex -74.3697 35.535 3.2
    endloop
  endfacet
  facet normal 0 0 1
    outer loop
      vertex -76.55 55.9212 3.2
      vertex -74.3697 35.535 3.2
      vertex -76.3388 55.817 3.2
    endloop
  endfacet
  facet normal 0 0 1
    outer loop
      vertex -74.3697 35.535 3.2
      vertex -76.55 55.9212 3.2
      vertex -74.591 35.341 3.2
    endloop
  endfacet
  facet normal 0 0 1
    outer loop
      vertex -76.9228 56.2072 3.2
      vertex -74.785 35.1197 3.2
      vertex -76.7458 56.052 3.2
    endloop
  endfacet
  facet normal 0 0 1
    outer loop
      vertex -85 60.5 3.2
      vertex -74.785 35.1197 3.2
      vertex -76.9228 56.2072 3.2
    endloop
  endfacet
  facet normal 0 0 1
    outer loop
      vertex -74.785 35.1197 3.2
      vertex -85 60.5 3.2
      vertex -74.9486 34.875 3.2
    endloop
  endfacet
  facet normal 0 0 1
    outer loop
      vertex -74.591 35.341 3.2
      vertex -76.7458 56.052 3.2
      vertex -74.785 35.1197 3.2
    endloop
  endfacet
  facet normal 0 0 1
    outer loop
      vertex -76.7458 56.052 3.2
      vertex -74.591 35.341 3.2
      vertex -76.55 55.9212 3.2
    endloop
  endfacet
  facet normal 0 0 1
    outer loop
      vertex 62 -45.5 3.2
      vertex 50.9829 -54.7389 3.2
      vertex 51 -55 3.2
    endloop
  endfacet
  facet normal 0 0 1
    outer loop
      vertex 62 -45.5 3.2
      vertex 50.9319 -54.4824 3.2
      vertex 50.9829 -54.7389 3.2
    endloop
  endfacet
  facet normal 0 0 1
    outer loop
      vertex 62 -45.5 3.2
      vertex 50.8478 -54.2346 3.2
      vertex 50.9319 -54.4824 3.2
    endloop
  endfacet
  facet normal 0 0 1
    outer loop
      vertex 62 -45.5 3.2
      vertex 50.732 -54 3.2
      vertex 50.8478 -54.2346 3.2
    endloop
  endfacet
  facet normal 0 0 1
    outer loop
      vertex 62 -45.5 3.2
      vertex 50.5867 -53.7825 3.2
      vertex 50.732 -54 3.2
    endloop
  endfacet
  facet normal 0 0 1
    outer loop
      vertex 62 -45.5 3.2
      vertex 50.4142 -53.5858 3.2
      vertex 50.5867 -53.7825 3.2
    endloop
  endfacet
  facet normal 0 0 1
    outer loop
      vertex 62 -45.5 3.2
      vertex 50.2175 -53.4133 3.2
      vertex 50.4142 -53.5858 3.2
    endloop
  endfacet
  facet normal 0 0 1
    outer loop
      vertex 62 -45.5 3.2
      vertex 50 -53.2679 3.2
      vertex 50.2175 -53.4133 3.2
    endloop
  endfacet
  facet normal 0 0 1
    outer loop
      vertex 62 -45.5 3.2
      vertex 49.7654 -53.1522 3.2
      vertex 50 -53.2679 3.2
    endloop
  endfacet
  facet normal 0 0 1
    outer loop
      vertex 62 -45.5 3.2
      vertex 49.5176 -53.0681 3.2
      vertex 49.7654 -53.1522 3.2
    endloop
  endfacet
  facet normal 0 0 1
    outer loop
      vertex 62 -45.5 3.2
      vertex 49.2611 -53.0171 3.2
      vertex 49.5176 -53.0681 3.2
    endloop
  endfacet
  facet normal 0 0 1
    outer loop
      vertex 62 -45.5 3.2
      vertex 49 -53 3.2
      vertex 49.2611 -53.0171 3.2
    endloop
  endfacet
  facet normal 0 0 1
    outer loop
      vertex 62 -45.5 3.2
      vertex 39 -53 3.2
      vertex 49 -53 3.2
    endloop
  endfacet
  facet normal 0 0 1
    outer loop
      vertex 62 -45.5 3.2
      vertex 38.7389 -53.0171 3.2
      vertex 39 -53 3.2
    endloop
  endfacet
  facet normal 0 0 1
    outer loop
      vertex 5.26105 -53.0171 3.2
      vertex 38.7389 -53.0171 3.2
      vertex 62 -45.5 3.2
    endloop
  endfacet
  facet normal 0 0 1
    outer loop
      vertex 37.0171 -54.7389 3.2
      vertex 7 -55 3.2
      vertex 37 -55 3.2
    endloop
  endfacet
  facet normal 0 0 1
    outer loop
      vertex 6.98289 -54.7389 3.2
      vertex 37.0171 -54.7389 3.2
      vertex 37.0681 -54.4824 3.2
    endloop
  endfacet
  facet normal 0 0 1
    outer loop
      vertex 6.93185 -54.4824 3.2
      vertex 37.0681 -54.4824 3.2
      vertex 37.1522 -54.2346 3.2
    endloop
  endfacet
  facet normal 0 0 1
    outer loop
      vertex 6.84776 -54.2346 3.2
      vertex 37.1522 -54.2346 3.2
      vertex 37.2679 -54 3.2
    endloop
  endfacet
  facet normal 0 0 1
    outer loop
      vertex 6.73205 -54 3.2
      vertex 37.2679 -54 3.2
      vertex 37.4133 -53.7825 3.2
    endloop
  endfacet
  facet normal 0 0 1
    outer loop
      vertex 6.58671 -53.7825 3.2
      vertex 37.4133 -53.7825 3.2
      vertex 37.5858 -53.5858 3.2
    endloop
  endfacet
  facet normal 0 0 1
    outer loop
      vertex 6.41421 -53.5858 3.2
      vertex 37.5858 -53.5858 3.2
      vertex 37.7825 -53.4133 3.2
    endloop
  endfacet
  facet normal 0 0 1
    outer loop
      vertex 6.21752 -53.4133 3.2
      vertex 37.7825 -53.4133 3.2
      vertex 38 -53.2679 3.2
    endloop
  endfacet
  facet normal 0 0 1
    outer loop
      vertex 6 -53.2679 3.2
      vertex 38 -53.2679 3.2
      vertex 38.2346 -53.1522 3.2
    endloop
  endfacet
  facet normal 0 0 1
    outer loop
      vertex 5.76537 -53.1522 3.2
      vertex 38.2346 -53.1522 3.2
      vertex 38.4824 -53.0681 3.2
    endloop
  endfacet
  facet normal 0 0 1
    outer loop
      vertex 38.7389 -53.0171 3.2
      vertex 5.26105 -53.0171 3.2
      vertex 38.4824 -53.0681 3.2
    endloop
  endfacet
  facet normal 0 0 1
    outer loop
      vertex 37.0171 -54.7389 3.2
      vertex 6.98289 -54.7389 3.2
      vertex 7 -55 3.2
    endloop
  endfacet
  facet normal 0 0 1
    outer loop
      vertex 37.0681 -54.4824 3.2
      vertex 6.93185 -54.4824 3.2
      vertex 6.98289 -54.7389 3.2
    endloop
  endfacet
  facet normal 0 0 1
    outer loop
      vertex 37.1522 -54.2346 3.2
      vertex 6.84776 -54.2346 3.2
      vertex 6.93185 -54.4824 3.2
    endloop
  endfacet
  facet normal 0 0 1
    outer loop
      vertex 37.2679 -54 3.2
      vertex 6.73205 -54 3.2
      vertex 6.84776 -54.2346 3.2
    endloop
  endfacet
  facet normal 0 0 1
    outer loop
      vertex 37.4133 -53.7825 3.2
      vertex 6.58671 -53.7825 3.2
      vertex 6.73205 -54 3.2
    endloop
  endfacet
  facet normal 0 0 1
    outer loop
      vertex 37.5858 -53.5858 3.2
      vertex 6.41421 -53.5858 3.2
      vertex 6.58671 -53.7825 3.2
    endloop
  endfacet
  facet normal 0 0 1
    outer loop
      vertex 37.7825 -53.4133 3.2
      vertex 6.21752 -53.4133 3.2
      vertex 6.41421 -53.5858 3.2
    endloop
  endfacet
  facet normal 0 0 1
    outer loop
      vertex 38 -53.2679 3.2
      vertex 6 -53.2679 3.2
      vertex 6.21752 -53.4133 3.2
    endloop
  endfacet
  facet normal 0 0 1
    outer loop
      vertex 38.2346 -53.1522 3.2
      vertex 5.76537 -53.1522 3.2
      vertex 6 -53.2679 3.2
    endloop
  endfacet
  facet normal 0 0 1
    outer loop
      vertex 38.4824 -53.0681 3.2
      vertex 5.51764 -53.0681 3.2
      vertex 5.76537 -53.1522 3.2
    endloop
  endfacet
  facet normal 0 0 1
    outer loop
      vertex 38.4824 -53.0681 3.2
      vertex 5.26105 -53.0171 3.2
      vertex 5.51764 -53.0681 3.2
    endloop
  endfacet
  facet normal 0 0 1
    outer loop
      vertex 62 -45.5 3.2
      vertex 5 -53 3.2
      vertex 5.26105 -53.0171 3.2
    endloop
  endfacet
  facet normal 0 0 1
    outer loop
      vertex 62 -45.5 3.2
      vertex -5 -53 3.2
      vertex 5 -53 3.2
    endloop
  endfacet
  facet normal -0 0 1
    outer loop
      vertex -62 -45.5 3.2
      vertex -5 -53 3.2
      vertex 62 -45.5 3.2
    endloop
  endfacet
  facet normal 0 0 1
    outer loop
      vertex -6.98289 -54.7389 3.2
      vertex -37 -55 3.2
      vertex -7 -55 3.2
    endloop
  endfacet
  facet normal 0 0 1
    outer loop
      vertex -37.0171 -54.7389 3.2
      vertex -6.98289 -54.7389 3.2
      vertex -6.93185 -54.4824 3.2
    endloop
  endfacet
  facet normal 0 0 1
    outer loop
      vertex -37.0681 -54.4824 3.2
      vertex -6.93185 -54.4824 3.2
      vertex -6.84776 -54.2346 3.2
    endloop
  endfacet
  facet normal 0 0 1
    outer loop
      vertex -37.1522 -54.2346 3.2
      vertex -6.84776 -54.2346 3.2
      vertex -6.73205 -54 3.2
    endloop
  endfacet
  facet normal 0 0 1
    outer loop
      vertex -37.2679 -54 3.2
      vertex -6.73205 -54 3.2
      vertex -6.58671 -53.7825 3.2
    endloop
  endfacet
  facet normal 0 0 1
    outer loop
      vertex -37.4133 -53.7825 3.2
      vertex -6.58671 -53.7825 3.2
      vertex -6.41421 -53.5858 3.2
    endloop
  endfacet
  facet normal 0 0 1
    outer loop
      vertex -37.5858 -53.5858 3.2
      vertex -6.41421 -53.5858 3.2
      vertex -6.21752 -53.4133 3.2
    endloop
  endfacet
  facet normal 0 0 1
    outer loop
      vertex -37.7825 -53.4133 3.2
      vertex -6.21752 -53.4133 3.2
      vertex -6 -53.2679 3.2
    endloop
  endfacet
  facet normal 0 0 1
    outer loop
      vertex -38 -53.2679 3.2
      vertex -6 -53.2679 3.2
      vertex -5.76537 -53.1522 3.2
    endloop
  endfacet
  facet normal 0 0 1
    outer loop
      vertex -38.2346 -53.1522 3.2
      vertex -5.76537 -53.1522 3.2
      vertex -5.51764 -53.0681 3.2
    endloop
  endfacet
  facet normal 0 0 1
    outer loop
      vertex -38.4824 -53.0681 3.2
      vertex -5.51764 -53.0681 3.2
      vertex -5.26105 -53.0171 3.2
    endloop
  endfacet
  facet normal 0 0 1
    outer loop
      vertex -5 -53 3.2
      vertex -62 -45.5 3.2
      vertex -5.26105 -53.0171 3.2
    endloop
  endfacet
  facet normal 0 0 1
    outer loop
      vertex -6.98289 -54.7389 3.2
      vertex -37.0171 -54.7389 3.2
      vertex -37 -55 3.2
    endloop
  endfacet
  facet normal 0 0 1
    outer loop
      vertex -6.93185 -54.4824 3.2
      vertex -37.0681 -54.4824 3.2
      vertex -37.0171 -54.7389 3.2
    endloop
  endfacet
  facet normal 0 0 1
    outer loop
      vertex -6.84776 -54.2346 3.2
      vertex -37.1522 -54.2346 3.2
      vertex -37.0681 -54.4824 3.2
    endloop
  endfacet
  facet normal 0 0 1
    outer loop
      vertex -6.73205 -54 3.2
      vertex -37.2679 -54 3.2
      vertex -37.1522 -54.2346 3.2
    endloop
  endfacet
  facet normal 0 0 1
    outer loop
      vertex -6.58671 -53.7825 3.2
      vertex -37.4133 -53.7825 3.2
      vertex -37.2679 -54 3.2
    endloop
  endfacet
  facet normal 0 0 1
    outer loop
      vertex -6.41421 -53.5858 3.2
      vertex -37.5858 -53.5858 3.2
      vertex -37.4133 -53.7825 3.2
    endloop
  endfacet
  facet normal 0 0 1
    outer loop
      vertex -6.21752 -53.4133 3.2
      vertex -37.7825 -53.4133 3.2
      vertex -37.5858 -53.5858 3.2
    endloop
  endfacet
  facet normal 0 0 1
    outer loop
      vertex -6 -53.2679 3.2
      vertex -38 -53.2679 3.2
      vertex -37.7825 -53.4133 3.2
    endloop
  endfacet
  facet normal 0 0 1
    outer loop
      vertex -5.76537 -53.1522 3.2
      vertex -38.2346 -53.1522 3.2
      vertex -38 -53.2679 3.2
    endloop
  endfacet
  facet normal 0 0 1
    outer loop
      vertex -5.51764 -53.0681 3.2
      vertex -38.4824 -53.0681 3.2
      vertex -38.2346 -53.1522 3.2
    endloop
  endfacet
  facet normal 0 -0 1
    outer loop
      vertex -38.7389 -53.0171 3.2
      vertex -5.26105 -53.0171 3.2
      vertex -62 -45.5 3.2
    endloop
  endfacet
  facet normal 0 0 1
    outer loop
      vertex -5.26105 -53.0171 3.2
      vertex -38.7389 -53.0171 3.2
      vertex -38.4824 -53.0681 3.2
    endloop
  endfacet
  facet normal 0 0 1
    outer loop
      vertex -38.7389 -53.0171 3.2
      vertex -62 -45.5 3.2
      vertex -39 -53 3.2
    endloop
  endfacet
  facet normal 0 0 1
    outer loop
      vertex -39 -53 3.2
      vertex -62 -45.5 3.2
      vertex -49 -53 3.2
    endloop
  endfacet
  facet normal 0 0 1
    outer loop
      vertex -50.9829 -54.7389 3.2
      vertex -62 -45.5 3.2
      vertex -51 -55 3.2
    endloop
  endfacet
  facet normal 0 0 1
    outer loop
      vertex -50.9319 -54.4824 3.2
      vertex -62 -45.5 3.2
      vertex -50.9829 -54.7389 3.2
    endloop
  endfacet
  facet normal 0 0 1
    outer loop
      vertex -50.8478 -54.2346 3.2
      vertex -62 -45.5 3.2
      vertex -50.9319 -54.4824 3.2
    endloop
  endfacet
  facet normal 0 0 1
    outer loop
      vertex -50.732 -54 3.2
      vertex -62 -45.5 3.2
      vertex -50.8478 -54.2346 3.2
    endloop
  endfacet
  facet normal 0 0 1
    outer loop
      vertex -50.5867 -53.7825 3.2
      vertex -62 -45.5 3.2
      vertex -50.732 -54 3.2
    endloop
  endfacet
  facet normal 0 0 1
    outer loop
      vertex -50.4142 -53.5858 3.2
      vertex -62 -45.5 3.2
      vertex -50.5867 -53.7825 3.2
    endloop
  endfacet
  facet normal 0 0 1
    outer loop
      vertex -50.2175 -53.4133 3.2
      vertex -62 -45.5 3.2
      vertex -50.4142 -53.5858 3.2
    endloop
  endfacet
  facet normal 0 0 1
    outer loop
      vertex -50 -53.2679 3.2
      vertex -62 -45.5 3.2
      vertex -50.2175 -53.4133 3.2
    endloop
  endfacet
  facet normal 0 0 1
    outer loop
      vertex -49.7654 -53.1522 3.2
      vertex -62 -45.5 3.2
      vertex -50 -53.2679 3.2
    endloop
  endfacet
  facet normal 0 0 1
    outer loop
      vertex -49.5176 -53.0681 3.2
      vertex -62 -45.5 3.2
      vertex -49.7654 -53.1522 3.2
    endloop
  endfacet
  facet normal 0 0 1
    outer loop
      vertex -49.2611 -53.0171 3.2
      vertex -62 -45.5 3.2
      vertex -49.5176 -53.0681 3.2
    endloop
  endfacet
  facet normal 0 0 1
    outer loop
      vertex -49 -53 3.2
      vertex -62 -45.5 3.2
      vertex -49.2611 -53.0171 3.2
    endloop
  endfacet
  facet normal -0 0 1
    outer loop
      vertex 75.2308 -27.9563 3.2
      vertex 85 -60.5 3.2
      vertex 75.2308 27.9563 3.2
    endloop
  endfacet
  facet normal 0 0 1
    outer loop
      vertex 85 -60.5 3.2
      vertex 75.2308 -27.9563 3.2
      vertex 75.25 -28.25 3.2
    endloop
  endfacet
  facet normal -0 0 1
    outer loop
      vertex 75.1733 27.6677 3.2
      vertex 75.2308 -27.9563 3.2
      vertex 75.2308 27.9563 3.2
    endloop
  endfacet
  facet normal 0 0 1
    outer loop
      vertex 75.1733 27.6677 3.2
      vertex 75.1733 -27.6677 3.2
      vertex 75.2308 -27.9563 3.2
    endloop
  endfacet
  facet normal -0 0 1
    outer loop
      vertex 75.0787 27.389 3.2
      vertex 75.1733 -27.6677 3.2
      vertex 75.1733 27.6677 3.2
    endloop
  endfacet
  facet normal 0 0 1
    outer loop
      vertex 75.0787 27.389 3.2
      vertex 75.0787 -27.389 3.2
      vertex 75.1733 -27.6677 3.2
    endloop
  endfacet
  facet normal -0 0 1
    outer loop
      vertex 74.9486 27.125 3.2
      vertex 75.0787 -27.389 3.2
      vertex 75.0787 27.389 3.2
    endloop
  endfacet
  facet normal 0 0 1
    outer loop
      vertex 74.9486 27.125 3.2
      vertex 74.9486 -27.125 3.2
      vertex 75.0787 -27.389 3.2
    endloop
  endfacet
  facet normal -0 0 1
    outer loop
      vertex 74.785 26.8803 3.2
      vertex 74.9486 -27.125 3.2
      vertex 74.9486 27.125 3.2
    endloop
  endfacet
  facet normal 0 0 1
    outer loop
      vertex 74.785 26.8803 3.2
      vertex 74.785 -26.8803 3.2
      vertex 74.9486 -27.125 3.2
    endloop
  endfacet
  facet normal -0 0 1
    outer loop
      vertex 74.591 26.659 3.2
      vertex 74.785 -26.8803 3.2
      vertex 74.785 26.8803 3.2
    endloop
  endfacet
  facet normal 0 0 1
    outer loop
      vertex 74.591 26.659 3.2
      vertex 74.591 -26.659 3.2
      vertex 74.785 -26.8803 3.2
    endloop
  endfacet
  facet normal -0 0 1
    outer loop
      vertex 74.3697 26.465 3.2
      vertex 74.591 -26.659 3.2
      vertex 74.591 26.659 3.2
    endloop
  endfacet
  facet normal 0 0 1
    outer loop
      vertex 74.3697 26.465 3.2
      vertex 74.3697 -26.465 3.2
      vertex 74.591 -26.659 3.2
    endloop
  endfacet
  facet normal -0 0 1
    outer loop
      vertex 74.125 26.3014 3.2
      vertex 74.3697 -26.465 3.2
      vertex 74.3697 26.465 3.2
    endloop
  endfacet
  facet normal 0 0 1
    outer loop
      vertex 74.125 26.3014 3.2
      vertex 74.125 -26.3014 3.2
      vertex 74.3697 -26.465 3.2
    endloop
  endfacet
  facet normal -0 0 1
    outer loop
      vertex 73.861 26.1713 3.2
      vertex 74.125 -26.3014 3.2
      vertex 74.125 26.3014 3.2
    endloop
  endfacet
  facet normal 0 0 1
    outer loop
      vertex 73.861 26.1713 3.2
      vertex 73.861 -26.1713 3.2
      vertex 74.125 -26.3014 3.2
    endloop
  endfacet
  facet normal -0 0 1
    outer loop
      vertex 73.5823 26.0767 3.2
      vertex 73.861 -26.1713 3.2
      vertex 73.861 26.1713 3.2
    endloop
  endfacet
  facet normal 0 0 1
    outer loop
      vertex 73.5823 26.0767 3.2
      vertex 73.5823 -26.0767 3.2
      vertex 73.861 -26.1713 3.2
    endloop
  endfacet
  facet normal -0 0 1
    outer loop
      vertex 73.2937 26.0192 3.2
      vertex 73.5823 -26.0767 3.2
      vertex 73.5823 26.0767 3.2
    endloop
  endfacet
  facet normal 0 0 1
    outer loop
      vertex 73.2937 26.0192 3.2
      vertex 73.2937 -26.0192 3.2
      vertex 73.5823 -26.0767 3.2
    endloop
  endfacet
  facet normal -0 0 1
    outer loop
      vertex 73 26 3.2
      vertex 73.2937 -26.0192 3.2
      vertex 73.2937 26.0192 3.2
    endloop
  endfacet
  facet normal 0 0 1
    outer loop
      vertex 73 26 3.2
      vertex 73 -26 3.2
      vertex 73.2937 -26.0192 3.2
    endloop
  endfacet
  facet normal 0 0 1
    outer loop
      vertex 72.7063 26.0192 3.2
      vertex 73 -26 3.2
      vertex 73 26 3.2
    endloop
  endfacet
  facet normal 0 0 1
    outer loop
      vertex 72.7063 26.0192 3.2
      vertex 72.7063 -26.0192 3.2
      vertex 73 -26 3.2
    endloop
  endfacet
  facet normal 0 0 1
    outer loop
      vertex 72.4177 26.0767 3.2
      vertex 72.7063 -26.0192 3.2
      vertex 72.7063 26.0192 3.2
    endloop
  endfacet
  facet normal 0 0 1
    outer loop
      vertex 72.4177 26.0767 3.2
      vertex 72.4177 -26.0767 3.2
      vertex 72.7063 -26.0192 3.2
    endloop
  endfacet
  facet normal 0 0 1
    outer loop
      vertex 72.139 26.1713 3.2
      vertex 72.4177 -26.0767 3.2
      vertex 72.4177 26.0767 3.2
    endloop
  endfacet
  facet normal 0 0 1
    outer loop
      vertex 72.139 26.1713 3.2
      vertex 72.139 -26.1713 3.2
      vertex 72.4177 -26.0767 3.2
    endloop
  endfacet
  facet normal 0 0 1
    outer loop
      vertex 71.875 26.3014 3.2
      vertex 72.139 -26.1713 3.2
      vertex 72.139 26.1713 3.2
    endloop
  endfacet
  facet normal 0 0 1
    outer loop
      vertex 71.875 26.3014 3.2
      vertex 71.875 -26.3014 3.2
      vertex 72.139 -26.1713 3.2
    endloop
  endfacet
  facet normal 0 0 1
    outer loop
      vertex 71.6303 26.465 3.2
      vertex 71.875 -26.3014 3.2
      vertex 71.875 26.3014 3.2
    endloop
  endfacet
  facet normal 0 0 1
    outer loop
      vertex 71.6303 26.465 3.2
      vertex 71.6303 -26.465 3.2
      vertex 71.875 -26.3014 3.2
    endloop
  endfacet
  facet normal 0 0 1
    outer loop
      vertex 71.409 26.659 3.2
      vertex 71.6303 -26.465 3.2
      vertex 71.6303 26.465 3.2
    endloop
  endfacet
  facet normal 0 0 1
    outer loop
      vertex 71.409 26.659 3.2
      vertex 71.409 -26.659 3.2
      vertex 71.6303 -26.465 3.2
    endloop
  endfacet
  facet normal 0 0 1
    outer loop
      vertex 71.215 26.8803 3.2
      vertex 71.409 -26.659 3.2
      vertex 71.409 26.659 3.2
    endloop
  endfacet
  facet normal 0 0 1
    outer loop
      vertex 71.215 26.8803 3.2
      vertex 71.215 -26.8803 3.2
      vertex 71.409 -26.659 3.2
    endloop
  endfacet
  facet normal 0 0 1
    outer loop
      vertex 71.0514 27.125 3.2
      vertex 71.215 -26.8803 3.2
      vertex 71.215 26.8803 3.2
    endloop
  endfacet
  facet normal 0 0 1
    outer loop
      vertex 71.0514 27.125 3.2
      vertex 71.0514 -27.125 3.2
      vertex 71.215 -26.8803 3.2
    endloop
  endfacet
  facet normal 0 0 1
    outer loop
      vertex 70.9213 27.389 3.2
      vertex 71.0514 -27.125 3.2
      vertex 71.0514 27.125 3.2
    endloop
  endfacet
  facet normal 0 0 1
    outer loop
      vertex 70.9213 27.389 3.2
      vertex 70.9213 -27.389 3.2
      vertex 71.0514 -27.125 3.2
    endloop
  endfacet
  facet normal 0 0 1
    outer loop
      vertex 70.8267 27.6677 3.2
      vertex 70.9213 -27.389 3.2
      vertex 70.9213 27.389 3.2
    endloop
  endfacet
  facet normal 0 0 1
    outer loop
      vertex 70.8267 27.6677 3.2
      vertex 70.8267 -27.6677 3.2
      vertex 70.9213 -27.389 3.2
    endloop
  endfacet
  facet normal 0 0 1
    outer loop
      vertex 67 40.5 3.2
      vertex 70.8267 27.6677 3.2
      vertex 70.7692 27.9563 3.2
    endloop
  endfacet
  facet normal 0 0 1
    outer loop
      vertex 70.8267 27.6677 3.2
      vertex 67 40.5 3.2
      vertex 70.8267 -27.6677 3.2
    endloop
  endfacet
  facet normal 0 0 1
    outer loop
      vertex 67 40.5 3.2
      vertex 70.7692 27.9563 3.2
      vertex 70.75 28.25 3.2
    endloop
  endfacet
  facet normal 0 0 1
    outer loop
      vertex 67 -40.5 3.2
      vertex 70.8267 -27.6677 3.2
      vertex 67 40.5 3.2
    endloop
  endfacet
  facet normal 0 0 1
    outer loop
      vertex 75.2308 27.9563 3.2
      vertex 85 60.5 3.2
      vertex 75.25 28.25 3.2
    endloop
  endfacet
  facet normal 0 0 1
    outer loop
      vertex 85 -60.5 3.2
      vertex 77.4346 -57.2451 3.2
      vertex 77.45 -57.48 3.2
    endloop
  endfacet
  facet normal 0 0 1
    outer loop
      vertex 75.25 33.75 3.2
      vertex 77.4346 57.2451 3.2
      vertex 77.3887 57.0141 3.2
    endloop
  endfacet
  facet normal 0 0 1
    outer loop
      vertex 85 60.5 3.2
      vertex 75.2308 27.9563 3.2
      vertex 85 -60.5 3.2
    endloop
  endfacet
  facet normal 0 0 1
    outer loop
      vertex 75.2308 34.0437 3.2
      vertex 77.3887 57.0141 3.2
      vertex 77.313 56.7912 3.2
    endloop
  endfacet
  facet normal -0 0 1
    outer loop
      vertex 75.25 -33.75 3.2
      vertex 85 -60.5 3.2
      vertex 75.25 -28.25 3.2
    endloop
  endfacet
  facet normal 0 0 1
    outer loop
      vertex 75.1733 34.3323 3.2
      vertex 77.313 56.7912 3.2
      vertex 77.2088 56.58 3.2
    endloop
  endfacet
  facet normal -0 0 1
    outer loop
      vertex 75.2308 -34.0437 3.2
      vertex 85 -60.5 3.2
      vertex 75.25 -33.75 3.2
    endloop
  endfacet
  facet normal 0 0 1
    outer loop
      vertex 75.0787 34.611 3.2
      vertex 77.2088 56.58 3.2
      vertex 77.078 56.3842 3.2
    endloop
  endfacet
  facet normal 0 0 1
    outer loop
      vertex 85 -60.5 3.2
      vertex 77.3887 -57.0141 3.2
      vertex 77.4346 -57.2451 3.2
    endloop
  endfacet
  facet normal 0 0 1
    outer loop
      vertex 74.9486 34.875 3.2
      vertex 77.078 56.3842 3.2
      vertex 76.9228 56.2072 3.2
    endloop
  endfacet
  facet normal -0 0 1
    outer loop
      vertex 75.1733 -34.3323 3.2
      vertex 85 -60.5 3.2
      vertex 75.2308 -34.0437 3.2
    endloop
  endfacet
  facet normal 0 0 1
    outer loop
      vertex 74.785 35.1197 3.2
      vertex 76.9228 56.2072 3.2
      vertex 76.7458 56.052 3.2
    endloop
  endfacet
  facet normal 0 0 1
    outer loop
      vertex 85 -60.5 3.2
      vertex 77.313 -56.7912 3.2
      vertex 77.3887 -57.0141 3.2
    endloop
  endfacet
  facet normal 0 0 1
    outer loop
      vertex 74.591 35.341 3.2
      vertex 76.7458 56.052 3.2
      vertex 76.55 55.9212 3.2
    endloop
  endfacet
  facet normal -0 0 1
    outer loop
      vertex 75.0787 -34.611 3.2
      vertex 85 -60.5 3.2
      vertex 75.1733 -34.3323 3.2
    endloop
  endfacet
  facet normal 0 0 1
    outer loop
      vertex 74.3697 35.535 3.2
      vertex 76.55 55.9212 3.2
      vertex 76.3388 55.817 3.2
    endloop
  endfacet
  facet normal 0 0 1
    outer loop
      vertex 85 -60.5 3.2
      vertex 77.2088 -56.58 3.2
      vertex 77.313 -56.7912 3.2
    endloop
  endfacet
  facet normal 0 0 1
    outer loop
      vertex 74.125 35.6986 3.2
      vertex 76.3388 55.817 3.2
      vertex 76.1159 55.7413 3.2
    endloop
  endfacet
  facet normal -0 0 1
    outer loop
      vertex 74.9486 -34.875 3.2
      vertex 85 -60.5 3.2
      vertex 75.0787 -34.611 3.2
    endloop
  endfacet
  facet normal 0 0 1
    outer loop
      vertex 73.861 35.8287 3.2
      vertex 76.1159 55.7413 3.2
      vertex 75.8849 55.6954 3.2
    endloop
  endfacet
  facet normal 0 0 1
    outer loop
      vertex 85 -60.5 3.2
      vertex 77.078 -56.3842 3.2
      vertex 77.2088 -56.58 3.2
    endloop
  endfacet
  facet normal 0 0 1
    outer loop
      vertex 73.5823 35.9233 3.2
      vertex 75.8849 55.6954 3.2
      vertex 75.65 55.68 3.2
    endloop
  endfacet
  facet normal -0 0 1
    outer loop
      vertex 74.785 -35.1197 3.2
      vertex 85 -60.5 3.2
      vertex 74.9486 -34.875 3.2
    endloop
  endfacet
  facet normal 0 0 1
    outer loop
      vertex 77.4346 57.2451 3.2
      vertex 75.25 33.75 3.2
      vertex 75.25 28.25 3.2
    endloop
  endfacet
  facet normal 0 0 1
    outer loop
      vertex 77.3887 57.0141 3.2
      vertex 75.2308 34.0437 3.2
      vertex 75.25 33.75 3.2
    endloop
  endfacet
  facet normal 0 0 1
    outer loop
      vertex 77.313 56.7912 3.2
      vertex 75.1733 34.3323 3.2
      vertex 75.2308 34.0437 3.2
    endloop
  endfacet
  facet normal 0 0 1
    outer loop
      vertex 77.2088 56.58 3.2
      vertex 75.0787 34.611 3.2
      vertex 75.1733 34.3323 3.2
    endloop
  endfacet
  facet normal 0 0 1
    outer loop
      vertex 77.078 56.3842 3.2
      vertex 74.9486 34.875 3.2
      vertex 75.0787 34.611 3.2
    endloop
  endfacet
  facet normal 0 0 1
    outer loop
      vertex 76.9228 56.2072 3.2
      vertex 74.785 35.1197 3.2
      vertex 74.9486 34.875 3.2
    endloop
  endfacet
  facet normal 0 0 1
    outer loop
      vertex 76.7458 56.052 3.2
      vertex 74.591 35.341 3.2
      vertex 74.785 35.1197 3.2
    endloop
  endfacet
  facet normal 0 0 1
    outer loop
      vertex 76.55 55.9212 3.2
      vertex 74.3697 35.535 3.2
      vertex 74.591 35.341 3.2
    endloop
  endfacet
  facet normal 0 0 1
    outer loop
      vertex 76.3388 55.817 3.2
      vertex 74.125 35.6986 3.2
      vertex 74.3697 35.535 3.2
    endloop
  endfacet
  facet normal 0 0 1
    outer loop
      vertex 76.1159 55.7413 3.2
      vertex 73.861 35.8287 3.2
      vertex 74.125 35.6986 3.2
    endloop
  endfacet
  facet normal 0 0 1
    outer loop
      vertex 75.8849 55.6954 3.2
      vertex 73.5823 35.9233 3.2
      vertex 73.861 35.8287 3.2
    endloop
  endfacet
  facet normal -0 0 1
    outer loop
      vertex 66.6194 42.4134 3.2
      vertex 73.5823 35.9233 3.2
      vertex 75.65 55.68 3.2
    endloop
  endfacet
  facet normal 0 0 1
    outer loop
      vertex 66.3301 43 3.2
      vertex 75.65 55.68 3.2
      vertex 73.25 55.68 3.2
    endloop
  endfacet
  facet normal 0 0 1
    outer loop
      vertex 65.9668 43.5438 3.2
      vertex 73.25 55.68 3.2
      vertex 73.0151 55.6954 3.2
    endloop
  endfacet
  facet normal -0 -0 1
    outer loop
      vertex 66.8296 41.7941 3.2
      vertex 73.5823 35.9233 3.2
      vertex 66.6194 42.4134 3.2
    endloop
  endfacet
  facet normal 0 0 1
    outer loop
      vertex 65.9668 43.5438 3.2
      vertex 73.0151 55.6954 3.2
      vertex 72.7841 55.7413 3.2
    endloop
  endfacet
  facet normal 0 0 1
    outer loop
      vertex 73.5823 35.9233 3.2
      vertex 66.8296 41.7941 3.2
      vertex 73.2937 35.9808 3.2
    endloop
  endfacet
  facet normal 0 0 1
    outer loop
      vertex 65.5355 44.0355 3.2
      vertex 72.7841 55.7413 3.2
      vertex 72.5612 55.817 3.2
    endloop
  endfacet
  facet normal 0 0 1
    outer loop
      vertex 73.2937 35.9808 3.2
      vertex 66.8296 41.7941 3.2
      vertex 73 36 3.2
    endloop
  endfacet
  facet normal 0 0 1
    outer loop
      vertex 65.0438 44.4668 3.2
      vertex 72.5612 55.817 3.2
      vertex 72.35 55.9212 3.2
    endloop
  endfacet
  facet normal 0 0 1
    outer loop
      vertex 64.5 44.8301 3.2
      vertex 72.35 55.9212 3.2
      vertex 72.1542 56.052 3.2
    endloop
  endfacet
  facet normal -0 -0 1
    outer loop
      vertex 66.9572 41.1526 3.2
      vertex 73 36 3.2
      vertex 66.8296 41.7941 3.2
    endloop
  endfacet
  facet normal 0 0 1
    outer loop
      vertex 64.5 44.8301 3.2
      vertex 72.1542 56.052 3.2
      vertex 71.9772 56.2072 3.2
    endloop
  endfacet
  facet normal 0 0 1
    outer loop
      vertex 73 36 3.2
      vertex 66.9572 41.1526 3.2
      vertex 72.7063 35.9808 3.2
    endloop
  endfacet
  facet normal 0 0 1
    outer loop
      vertex 63.9134 45.1194 3.2
      vertex 71.9772 56.2072 3.2
      vertex 71.822 56.3842 3.2
    endloop
  endfacet
  facet normal 0 0 1
    outer loop
      vertex 63.2941 45.3296 3.2
      vertex 71.822 56.3842 3.2
      vertex 71.6912 56.58 3.2
    endloop
  endfacet
  facet normal -0 -0 1
    outer loop
      vertex 67 40.5 3.2
      vertex 72.7063 35.9808 3.2
      vertex 66.9572 41.1526 3.2
    endloop
  endfacet
  facet normal 0 0 1
    outer loop
      vertex 63.2941 45.3296 3.2
      vertex 71.6912 56.58 3.2
      vertex 71.587 56.7912 3.2
    endloop
  endfacet
  facet normal 0 0 1
    outer loop
      vertex 62.6526 45.4572 3.2
      vertex 71.587 56.7912 3.2
      vertex 71.5113 57.0141 3.2
    endloop
  endfacet
  facet normal 0 0 1
    outer loop
      vertex 62 45.5 3.2
      vertex 71.5113 57.0141 3.2
      vertex 71.4654 57.2451 3.2
    endloop
  endfacet
  facet normal 0 0 1
    outer loop
      vertex 62 45.5 3.2
      vertex 71.4654 57.2451 3.2
      vertex 71.45 57.48 3.2
    endloop
  endfacet
  facet normal 0 0 1
    outer loop
      vertex 72.4177 35.9233 3.2
      vertex 67 40.5 3.2
      vertex 72.139 35.8287 3.2
    endloop
  endfacet
  facet normal 0 0 1
    outer loop
      vertex 77.2088 58.38 3.2
      vertex 85 60.5 3.2
      vertex 84.9658 61.0221 3.2
    endloop
  endfacet
  facet normal 0 0 1
    outer loop
      vertex 77.4346 57.2451 3.2
      vertex 85 60.5 3.2
      vertex 77.45 57.48 3.2
    endloop
  endfacet
  facet normal 0 0 1
    outer loop
      vertex 77.2088 58.38 3.2
      vertex 84.9658 61.0221 3.2
      vertex 84.8637 61.5353 3.2
    endloop
  endfacet
  facet normal 0 0 1
    outer loop
      vertex 75.25 28.25 3.2
      vertex 85 60.5 3.2
      vertex 77.4346 57.2451 3.2
    endloop
  endfacet
  facet normal 0 0 1
    outer loop
      vertex 77.2088 58.38 3.2
      vertex 84.8637 61.5353 3.2
      vertex 84.6955 62.0307 3.2
    endloop
  endfacet
  facet normal -0 0 1
    outer loop
      vertex 77.4346 -57.7149 3.2
      vertex 85 -60.5 3.2
      vertex 77.45 -57.48 3.2
    endloop
  endfacet
  facet normal 0 0 1
    outer loop
      vertex 77.2088 58.38 3.2
      vertex 84.6955 62.0307 3.2
      vertex 84.4641 62.5 3.2
    endloop
  endfacet
  facet normal -0 0 1
    outer loop
      vertex 77.3887 -57.9459 3.2
      vertex 85 -60.5 3.2
      vertex 77.4346 -57.7149 3.2
    endloop
  endfacet
  facet normal 0 0 1
    outer loop
      vertex 77.2088 58.38 3.2
      vertex 84.4641 62.5 3.2
      vertex 84.1734 62.935 3.2
    endloop
  endfacet
  facet normal -0 0 1
    outer loop
      vertex 77.313 -58.1688 3.2
      vertex 85 -60.5 3.2
      vertex 77.3887 -57.9459 3.2
    endloop
  endfacet
  facet normal 0 0 1
    outer loop
      vertex 77.2088 58.38 3.2
      vertex 84.1734 62.935 3.2
      vertex 83.8284 63.3284 3.2
    endloop
  endfacet
  facet normal -0 0 1
    outer loop
      vertex 77.2088 -58.38 3.2
      vertex 85 -60.5 3.2
      vertex 77.313 -58.1688 3.2
    endloop
  endfacet
  facet normal 0 0 1
    outer loop
      vertex 77.2088 58.38 3.2
      vertex 83.8284 63.3284 3.2
      vertex 83.435 63.6734 3.2
    endloop
  endfacet
  facet normal 0 0 1
    outer loop
      vertex 85 -60.5 3.2
      vertex 77.2088 -58.38 3.2
      vertex 84.9658 -61.0221 3.2
    endloop
  endfacet
  facet normal 0 0 1
    outer loop
      vertex 77.2088 58.38 3.2
      vertex 83.435 63.6734 3.2
      vertex 83 63.9641 3.2
    endloop
  endfacet
  facet normal 0 0 1
    outer loop
      vertex 84.9658 -61.0221 3.2
      vertex 77.2088 -58.38 3.2
      vertex 84.8637 -61.5353 3.2
    endloop
  endfacet
  facet normal 0 0 1
    outer loop
      vertex 77.2088 58.38 3.2
      vertex 83 63.9641 3.2
      vertex 82.5307 64.1955 3.2
    endloop
  endfacet
  facet normal 0 0 1
    outer loop
      vertex 84.8637 -61.5353 3.2
      vertex 77.2088 -58.38 3.2
      vertex 84.6955 -62.0307 3.2
    endloop
  endfacet
  facet normal 0 0 1
    outer loop
      vertex 77.2088 58.38 3.2
      vertex 82.5307 64.1955 3.2
      vertex 82.0353 64.3637 3.2
    endloop
  endfacet
  facet normal 0 0 1
    outer loop
      vertex 84.6955 -62.0307 3.2
      vertex 77.2088 -58.38 3.2
      vertex 84.4641 -62.5 3.2
    endloop
  endfacet
  facet normal 0 0 1
    outer loop
      vertex 77.2088 58.38 3.2
      vertex 82.0353 64.3637 3.2
      vertex 81.5221 64.4658 3.2
    endloop
  endfacet
  facet normal 0 0 1
    outer loop
      vertex 84.4641 -62.5 3.2
      vertex 77.2088 -58.38 3.2
      vertex 84.1734 -62.935 3.2
    endloop
  endfacet
  facet normal 0 0 1
    outer loop
      vertex 77.2088 58.38 3.2
      vertex 81.5221 64.4658 3.2
      vertex 81 64.5 3.2
    endloop
  endfacet
  facet normal 0 0 1
    outer loop
      vertex 84.1734 -62.935 3.2
      vertex 77.2088 -58.38 3.2
      vertex 83.8284 -63.3284 3.2
    endloop
  endfacet
  facet normal 0 0 1
    outer loop
      vertex 83.8284 -63.3284 3.2
      vertex 77.2088 -58.38 3.2
      vertex 83.435 -63.6734 3.2
    endloop
  endfacet
  facet normal 0 0 1
    outer loop
      vertex 85 60.5 3.2
      vertex 77.4346 57.7149 3.2
      vertex 77.45 57.48 3.2
    endloop
  endfacet
  facet normal 0 0 1
    outer loop
      vertex 85 60.5 3.2
      vertex 77.3887 57.9459 3.2
      vertex 77.4346 57.7149 3.2
    endloop
  endfacet
  facet normal 0 0 1
    outer loop
      vertex 85 60.5 3.2
      vertex 77.313 58.1688 3.2
      vertex 77.3887 57.9459 3.2
    endloop
  endfacet
  facet normal 0 0 1
    outer loop
      vertex 85 60.5 3.2
      vertex 77.2088 58.38 3.2
      vertex 77.313 58.1688 3.2
    endloop
  endfacet
  facet normal 0 0 1
    outer loop
      vertex 81 64.5 3.2
      vertex 77.078 58.5758 3.2
      vertex 77.2088 58.38 3.2
    endloop
  endfacet
  facet normal 0 0 1
    outer loop
      vertex 81 64.5 3.2
      vertex 76.9228 58.7528 3.2
      vertex 77.078 58.5758 3.2
    endloop
  endfacet
  facet normal 0 0 1
    outer loop
      vertex 81 64.5 3.2
      vertex 76.7458 58.908 3.2
      vertex 76.9228 58.7528 3.2
    endloop
  endfacet
  facet normal 0 0 1
    outer loop
      vertex 81 64.5 3.2
      vertex 76.55 59.0388 3.2
      vertex 76.7458 58.908 3.2
    endloop
  endfacet
  facet normal 0 0 1
    outer loop
      vertex 81 64.5 3.2
      vertex 76.3388 59.143 3.2
      vertex 76.55 59.0388 3.2
    endloop
  endfacet
  facet normal 0 0 1
    outer loop
      vertex 81 64.5 3.2
      vertex 76.1159 59.2187 3.2
      vertex 76.3388 59.143 3.2
    endloop
  endfacet
  facet normal 0 0 1
    outer loop
      vertex 81 64.5 3.2
      vertex 75.8849 59.2646 3.2
      vertex 76.1159 59.2187 3.2
    endloop
  endfacet
  facet normal 0 0 1
    outer loop
      vertex 81 64.5 3.2
      vertex 75.65 59.28 3.2
      vertex 75.8849 59.2646 3.2
    endloop
  endfacet
  facet normal 0 0 1
    outer loop
      vertex 81 64.5 3.2
      vertex 73.25 59.28 3.2
      vertex 75.65 59.28 3.2
    endloop
  endfacet
  facet normal 0 0 1
    outer loop
      vertex 81 64.5 3.2
      vertex 73.0151 59.2646 3.2
      vertex 73.25 59.28 3.2
    endloop
  endfacet
  facet normal 0 0 1
    outer loop
      vertex 81 64.5 3.2
      vertex 72.7841 59.2187 3.2
      vertex 73.0151 59.2646 3.2
    endloop
  endfacet
  facet normal 0 0 1
    outer loop
      vertex 81 64.5 3.2
      vertex 72.5612 59.143 3.2
      vertex 72.7841 59.2187 3.2
    endloop
  endfacet
  facet normal 0 0 1
    outer loop
      vertex 81 64.5 3.2
      vertex 72.35 59.0388 3.2
      vertex 72.5612 59.143 3.2
    endloop
  endfacet
  facet normal 0 0 1
    outer loop
      vertex 72.139 35.8287 3.2
      vertex 67 40.5 3.2
      vertex 71.875 35.6986 3.2
    endloop
  endfacet
  facet normal 0 0 1
    outer loop
      vertex 71.875 35.6986 3.2
      vertex 67 40.5 3.2
      vertex 71.6303 35.535 3.2
    endloop
  endfacet
  facet normal 0 0 1
    outer loop
      vertex 71.6303 35.535 3.2
      vertex 67 40.5 3.2
      vertex 71.409 35.341 3.2
    endloop
  endfacet
  facet normal 0 0 1
    outer loop
      vertex 71.409 35.341 3.2
      vertex 67 40.5 3.2
      vertex 71.215 35.1197 3.2
    endloop
  endfacet
  facet normal 0 0 1
    outer loop
      vertex 71.215 35.1197 3.2
      vertex 67 40.5 3.2
      vertex 71.0514 34.875 3.2
    endloop
  endfacet
  facet normal 0 0 1
    outer loop
      vertex 71.0514 34.875 3.2
      vertex 67 40.5 3.2
      vertex 70.9213 34.611 3.2
    endloop
  endfacet
  facet normal 0 0 1
    outer loop
      vertex 67 40.5 3.2
      vertex 70.75 28.25 3.2
      vertex 70.75 33.75 3.2
    endloop
  endfacet
  facet normal 0 0 1
    outer loop
      vertex 70.8267 -27.6677 3.2
      vertex 67 -40.5 3.2
      vertex 70.7692 -27.9563 3.2
    endloop
  endfacet
  facet normal 0 0 1
    outer loop
      vertex 70.7692 -27.9563 3.2
      vertex 67 -40.5 3.2
      vertex 70.75 -28.25 3.2
    endloop
  endfacet
  facet normal 0 0 1
    outer loop
      vertex 70.9213 34.611 3.2
      vertex 67 40.5 3.2
      vertex 70.8267 34.3323 3.2
    endloop
  endfacet
  facet normal 0 0 1
    outer loop
      vertex 62 45.5 3.2
      vertex 71.45 57.48 3.2
      vertex 71.4654 57.7149 3.2
    endloop
  endfacet
  facet normal 0 0 1
    outer loop
      vertex 62 45.5 3.2
      vertex 71.4654 57.7149 3.2
      vertex 71.5113 57.9459 3.2
    endloop
  endfacet
  facet normal 0 0 1
    outer loop
      vertex 70.7692 34.0437 3.2
      vertex 67 40.5 3.2
      vertex 70.75 33.75 3.2
    endloop
  endfacet
  facet normal 0 0 1
    outer loop
      vertex 70.8267 34.3323 3.2
      vertex 67 40.5 3.2
      vertex 70.7692 34.0437 3.2
    endloop
  endfacet
  facet normal 0 0 1
    outer loop
      vertex 72.7063 35.9808 3.2
      vertex 67 40.5 3.2
      vertex 72.4177 35.9233 3.2
    endloop
  endfacet
  facet normal 0 0 1
    outer loop
      vertex 75.65 55.68 3.2
      vertex 66.3301 43 3.2
      vertex 66.6194 42.4134 3.2
    endloop
  endfacet
  facet normal 0 0 1
    outer loop
      vertex 62 45.5 3.2
      vertex 71.5113 57.9459 3.2
      vertex 71.587 58.1688 3.2
    endloop
  endfacet
  facet normal 0 0 1
    outer loop
      vertex 73.25 55.68 3.2
      vertex 65.9668 43.5438 3.2
      vertex 66.3301 43 3.2
    endloop
  endfacet
  facet normal 0 0 1
    outer loop
      vertex 72.7841 55.7413 3.2
      vertex 65.5355 44.0355 3.2
      vertex 65.9668 43.5438 3.2
    endloop
  endfacet
  facet normal 0 0 1
    outer loop
      vertex 72.5612 55.817 3.2
      vertex 65.0438 44.4668 3.2
      vertex 65.5355 44.0355 3.2
    endloop
  endfacet
  facet normal 0 0 1
    outer loop
      vertex 72.35 55.9212 3.2
      vertex 64.5 44.8301 3.2
      vertex 65.0438 44.4668 3.2
    endloop
  endfacet
  facet normal 0 0 1
    outer loop
      vertex 62 45.5 3.2
      vertex 71.587 58.1688 3.2
      vertex 71.6912 58.38 3.2
    endloop
  endfacet
  facet normal 0 0 1
    outer loop
      vertex 71.9772 56.2072 3.2
      vertex 63.9134 45.1194 3.2
      vertex 64.5 44.8301 3.2
    endloop
  endfacet
  facet normal 0 0 1
    outer loop
      vertex 71.822 56.3842 3.2
      vertex 63.2941 45.3296 3.2
      vertex 63.9134 45.1194 3.2
    endloop
  endfacet
  facet normal 0 0 1
    outer loop
      vertex 71.587 56.7912 3.2
      vertex 62.6526 45.4572 3.2
      vertex 63.2941 45.3296 3.2
    endloop
  endfacet
  facet normal 0 0 1
    outer loop
      vertex -71.6912 58.38 3.2
      vertex 71.6912 58.38 3.2
      vertex 71.822 58.5758 3.2
    endloop
  endfacet
  facet normal 0 0 1
    outer loop
      vertex 71.5113 57.0141 3.2
      vertex 62 45.5 3.2
      vertex 62.6526 45.4572 3.2
    endloop
  endfacet
  facet normal 0 0 1
    outer loop
      vertex 71.6912 58.38 3.2
      vertex -62 45.5 3.2
      vertex 62 45.5 3.2
    endloop
  endfacet
  facet normal 0 0 1
    outer loop
      vertex -71.822 58.5758 3.2
      vertex 71.822 58.5758 3.2
      vertex 71.9772 58.7528 3.2
    endloop
  endfacet
  facet normal 0 0 1
    outer loop
      vertex -71.9772 58.7528 3.2
      vertex 71.9772 58.7528 3.2
      vertex 72.1542 58.908 3.2
    endloop
  endfacet
  facet normal 0 0 1
    outer loop
      vertex -72.1542 58.908 3.2
      vertex 72.1542 58.908 3.2
      vertex 72.35 59.0388 3.2
    endloop
  endfacet
  facet normal 0 0 1
    outer loop
      vertex -72.35 59.0388 3.2
      vertex 72.35 59.0388 3.2
      vertex 81 64.5 3.2
    endloop
  endfacet
  facet normal 0 0 1
    outer loop
      vertex 71.6912 58.38 3.2
      vertex -71.6912 58.38 3.2
      vertex -62 45.5 3.2
    endloop
  endfacet
  facet normal 0 0 1
    outer loop
      vertex -70.75 28.25 3.2
      vertex -67 40.5 3.2
      vertex -70.75 33.75 3.2
    endloop
  endfacet
  facet normal 0 0 1
    outer loop
      vertex -71.409 35.341 3.2
      vertex -67 40.5 3.2
      vertex -66.9572 41.1526 3.2
    endloop
  endfacet
  facet normal 0 0 1
    outer loop
      vertex -71.409 35.341 3.2
      vertex -66.9572 41.1526 3.2
      vertex -66.8296 41.7941 3.2
    endloop
  endfacet
  facet normal 0 0 1
    outer loop
      vertex -63.9134 45.1194 3.2
      vertex -71.9772 56.2072 3.2
      vertex -64.5 44.8301 3.2
    endloop
  endfacet
  facet normal 0 0 1
    outer loop
      vertex -67 40.5 3.2
      vertex -70.7692 34.0437 3.2
      vertex -70.75 33.75 3.2
    endloop
  endfacet
  facet normal -0 0 1
    outer loop
      vertex -71.9772 56.2072 3.2
      vertex -63.9134 45.1194 3.2
      vertex -71.822 56.3842 3.2
    endloop
  endfacet
  facet normal 0 0 1
    outer loop
      vertex -67 40.5 3.2
      vertex -70.8267 34.3323 3.2
      vertex -70.7692 34.0437 3.2
    endloop
  endfacet
  facet normal 0 0 1
    outer loop
      vertex -67 40.5 3.2
      vertex -70.9213 34.611 3.2
      vertex -70.8267 34.3323 3.2
    endloop
  endfacet
  facet normal 0 0 1
    outer loop
      vertex -67 40.5 3.2
      vertex -71.0514 34.875 3.2
      vertex -70.9213 34.611 3.2
    endloop
  endfacet
  facet normal 0 0 1
    outer loop
      vertex -67 40.5 3.2
      vertex -71.215 35.1197 3.2
      vertex -71.0514 34.875 3.2
    endloop
  endfacet
  facet normal 0 0 1
    outer loop
      vertex -67 40.5 3.2
      vertex -71.409 35.341 3.2
      vertex -71.215 35.1197 3.2
    endloop
  endfacet
  facet normal -0 0 1
    outer loop
      vertex -72.1542 56.052 3.2
      vertex -64.5 44.8301 3.2
      vertex -71.9772 56.2072 3.2
    endloop
  endfacet
  facet normal 0 0 1
    outer loop
      vertex -63.2941 45.3296 3.2
      vertex -71.822 56.3842 3.2
      vertex -63.9134 45.1194 3.2
    endloop
  endfacet
  facet normal -0 0 1
    outer loop
      vertex -71.822 56.3842 3.2
      vertex -63.2941 45.3296 3.2
      vertex -71.6912 56.58 3.2
    endloop
  endfacet
  facet normal -0 0 1
    outer loop
      vertex -71.6912 56.58 3.2
      vertex -63.2941 45.3296 3.2
      vertex -71.587 56.7912 3.2
    endloop
  endfacet
  facet normal 0 0 1
    outer loop
      vertex -62.6526 45.4572 3.2
      vertex -71.587 56.7912 3.2
      vertex -63.2941 45.3296 3.2
    endloop
  endfacet
  facet normal -0 0 1
    outer loop
      vertex -71.587 56.7912 3.2
      vertex -62.6526 45.4572 3.2
      vertex -71.5113 57.0141 3.2
    endloop
  endfacet
  facet normal 0 0 1
    outer loop
      vertex -62 45.5 3.2
      vertex -71.5113 57.0141 3.2
      vertex -62.6526 45.4572 3.2
    endloop
  endfacet
  facet normal -0 0 1
    outer loop
      vertex -71.5113 57.0141 3.2
      vertex -62 45.5 3.2
      vertex -71.4654 57.2451 3.2
    endloop
  endfacet
  facet normal -0 -0 1
    outer loop
      vertex -71.587 58.1688 3.2
      vertex -62 45.5 3.2
      vertex -71.6912 58.38 3.2
    endloop
  endfacet
  facet normal -0 0 1
    outer loop
      vertex -71.4654 57.2451 3.2
      vertex -62 45.5 3.2
      vertex -71.45 57.48 3.2
    endloop
  endfacet
  facet normal -0 -0 1
    outer loop
      vertex -71.45 57.48 3.2
      vertex -62 45.5 3.2
      vertex -71.4654 57.7149 3.2
    endloop
  endfacet
  facet normal -0 -0 1
    outer loop
      vertex -71.4654 57.7149 3.2
      vertex -62 45.5 3.2
      vertex -71.5113 57.9459 3.2
    endloop
  endfacet
  facet normal -0 -0 1
    outer loop
      vertex -71.5113 57.9459 3.2
      vertex -62 45.5 3.2
      vertex -71.587 58.1688 3.2
    endloop
  endfacet
  facet normal 0 0 1
    outer loop
      vertex 71.822 58.5758 3.2
      vertex -71.822 58.5758 3.2
      vertex -71.6912 58.38 3.2
    endloop
  endfacet
  facet normal 0 0 1
    outer loop
      vertex 71.9772 58.7528 3.2
      vertex -71.9772 58.7528 3.2
      vertex -71.822 58.5758 3.2
    endloop
  endfacet
  facet normal 0 0 1
    outer loop
      vertex 72.1542 58.908 3.2
      vertex -72.1542 58.908 3.2
      vertex -71.9772 58.7528 3.2
    endloop
  endfacet
  facet normal 0 0 1
    outer loop
      vertex 72.35 59.0388 3.2
      vertex -72.35 59.0388 3.2
      vertex -72.1542 58.908 3.2
    endloop
  endfacet
  facet normal -0 0 1
    outer loop
      vertex -81 64.5 3.2
      vertex -72.35 59.0388 3.2
      vertex 81 64.5 3.2
    endloop
  endfacet
  facet normal 0 0 1
    outer loop
      vertex -72.35 59.0388 3.2
      vertex -81 64.5 3.2
      vertex -72.5612 59.143 3.2
    endloop
  endfacet
  facet normal 0 0 1
    outer loop
      vertex -72.5612 59.143 3.2
      vertex -81 64.5 3.2
      vertex -72.7841 59.2187 3.2
    endloop
  endfacet
  facet normal 0 0 1
    outer loop
      vertex -72.7841 59.2187 3.2
      vertex -81 64.5 3.2
      vertex -73.0151 59.2646 3.2
    endloop
  endfacet
  facet normal 0 0 1
    outer loop
      vertex -73.0151 59.2646 3.2
      vertex -81 64.5 3.2
      vertex -73.25 59.28 3.2
    endloop
  endfacet
  facet normal 0 0 1
    outer loop
      vertex -77.4346 57.7149 3.2
      vertex -85 60.5 3.2
      vertex -77.45 57.48 3.2
    endloop
  endfacet
  facet normal 0 0 1
    outer loop
      vertex -77.3887 57.9459 3.2
      vertex -85 60.5 3.2
      vertex -77.4346 57.7149 3.2
    endloop
  endfacet
  facet normal 0 0 1
    outer loop
      vertex -77.313 58.1688 3.2
      vertex -85 60.5 3.2
      vertex -77.3887 57.9459 3.2
    endloop
  endfacet
  facet normal 0 0 1
    outer loop
      vertex -77.2088 58.38 3.2
      vertex -85 60.5 3.2
      vertex -77.313 58.1688 3.2
    endloop
  endfacet
  facet normal -0 0 1
    outer loop
      vertex -85 60.5 3.2
      vertex -77.2088 58.38 3.2
      vertex -81 64.5 3.2
    endloop
  endfacet
  facet normal 0 0 1
    outer loop
      vertex -77.078 58.5758 3.2
      vertex -81 64.5 3.2
      vertex -77.2088 58.38 3.2
    endloop
  endfacet
  facet normal 0 0 1
    outer loop
      vertex -76.9228 58.7528 3.2
      vertex -81 64.5 3.2
      vertex -77.078 58.5758 3.2
    endloop
  endfacet
  facet normal 0 0 1
    outer loop
      vertex -76.7458 58.908 3.2
      vertex -81 64.5 3.2
      vertex -76.9228 58.7528 3.2
    endloop
  endfacet
  facet normal 0 0 1
    outer loop
      vertex -76.55 59.0388 3.2
      vertex -81 64.5 3.2
      vertex -76.7458 58.908 3.2
    endloop
  endfacet
  facet normal 0 0 1
    outer loop
      vertex -76.3388 59.143 3.2
      vertex -81 64.5 3.2
      vertex -76.55 59.0388 3.2
    endloop
  endfacet
  facet normal 0 0 1
    outer loop
      vertex -76.1159 59.2187 3.2
      vertex -81 64.5 3.2
      vertex -76.3388 59.143 3.2
    endloop
  endfacet
  facet normal 0 0 1
    outer loop
      vertex -75.8849 59.2646 3.2
      vertex -81 64.5 3.2
      vertex -76.1159 59.2187 3.2
    endloop
  endfacet
  facet normal 0 0 1
    outer loop
      vertex -75.65 59.28 3.2
      vertex -81 64.5 3.2
      vertex -75.8849 59.2646 3.2
    endloop
  endfacet
  facet normal 0 0 1
    outer loop
      vertex -73.25 59.28 3.2
      vertex -81 64.5 3.2
      vertex -75.65 59.28 3.2
    endloop
  endfacet
  facet normal 0 0 1
    outer loop
      vertex 83.435 -63.6734 3.2
      vertex 77.2088 -58.38 3.2
      vertex 83 -63.9641 3.2
    endloop
  endfacet
  facet normal 0 0 1
    outer loop
      vertex 83 -63.9641 3.2
      vertex 77.2088 -58.38 3.2
      vertex 82.5307 -64.1955 3.2
    endloop
  endfacet
  facet normal 0 0 1
    outer loop
      vertex 82.5307 -64.1955 3.2
      vertex 77.2088 -58.38 3.2
      vertex 82.0353 -64.3637 3.2
    endloop
  endfacet
  facet normal 0 0 1
    outer loop
      vertex 82.0353 -64.3637 3.2
      vertex 77.2088 -58.38 3.2
      vertex 81.5221 -64.4658 3.2
    endloop
  endfacet
  facet normal 0 0 1
    outer loop
      vertex 81.5221 -64.4658 3.2
      vertex 77.2088 -58.38 3.2
      vertex 81 -64.5 3.2
    endloop
  endfacet
  facet normal -0 0 1
    outer loop
      vertex 77.078 -58.5758 3.2
      vertex 81 -64.5 3.2
      vertex 77.2088 -58.38 3.2
    endloop
  endfacet
  facet normal -0 0 1
    outer loop
      vertex 76.9228 -58.7528 3.2
      vertex 81 -64.5 3.2
      vertex 77.078 -58.5758 3.2
    endloop
  endfacet
  facet normal -0 0 1
    outer loop
      vertex 76.7458 -58.908 3.2
      vertex 81 -64.5 3.2
      vertex 76.9228 -58.7528 3.2
    endloop
  endfacet
  facet normal -0 0 1
    outer loop
      vertex 76.55 -59.0388 3.2
      vertex 81 -64.5 3.2
      vertex 76.7458 -58.908 3.2
    endloop
  endfacet
  facet normal -0 0 1
    outer loop
      vertex 76.3388 -59.143 3.2
      vertex 81 -64.5 3.2
      vertex 76.55 -59.0388 3.2
    endloop
  endfacet
  facet normal -0 0 1
    outer loop
      vertex 76.1159 -59.2187 3.2
      vertex 81 -64.5 3.2
      vertex 76.3388 -59.143 3.2
    endloop
  endfacet
  facet normal -0 0 1
    outer loop
      vertex 75.8849 -59.2646 3.2
      vertex 81 -64.5 3.2
      vertex 76.1159 -59.2187 3.2
    endloop
  endfacet
  facet normal -0 0 1
    outer loop
      vertex 75.65 -59.28 3.2
      vertex 81 -64.5 3.2
      vertex 75.8849 -59.2646 3.2
    endloop
  endfacet
  facet normal -0 0 1
    outer loop
      vertex 73.25 -59.28 3.2
      vertex 81 -64.5 3.2
      vertex 75.65 -59.28 3.2
    endloop
  endfacet
  facet normal 0 0 1
    outer loop
      vertex 73.0151 -59.2646 3.2
      vertex 81 -64.5 3.2
      vertex 73.25 -59.28 3.2
    endloop
  endfacet
  facet normal 0 0 1
    outer loop
      vertex 72.7841 -59.2187 3.2
      vertex 81 -64.5 3.2
      vertex 73.0151 -59.2646 3.2
    endloop
  endfacet
  facet normal 0 0 1
    outer loop
      vertex 72.5612 -59.143 3.2
      vertex 81 -64.5 3.2
      vertex 72.7841 -59.2187 3.2
    endloop
  endfacet
  facet normal 0 0 1
    outer loop
      vertex 49.5176 -56.9319 3.2
      vertex 72.5612 -59.143 3.2
      vertex 72.35 -59.0388 3.2
    endloop
  endfacet
  facet normal 0 0 1
    outer loop
      vertex 72.35 -55.9212 3.2
      vertex 64.5 -44.8301 3.2
      vertex 72.1542 -56.052 3.2
    endloop
  endfacet
  facet normal 0 0 1
    outer loop
      vertex 67 -40.5 3.2
      vertex 71.215 -35.1197 3.2
      vertex 71.0514 -34.875 3.2
    endloop
  endfacet
  facet normal 0 0 1
    outer loop
      vertex 67 -40.5 3.2
      vertex 71.0514 -34.875 3.2
      vertex 70.9213 -34.611 3.2
    endloop
  endfacet
  facet normal 0 0 1
    outer loop
      vertex 67 -40.5 3.2
      vertex 70.9213 -34.611 3.2
      vertex 70.8267 -34.3323 3.2
    endloop
  endfacet
  facet normal 0 0 1
    outer loop
      vertex 67 -40.5 3.2
      vertex 70.8267 -34.3323 3.2
      vertex 70.7692 -34.0437 3.2
    endloop
  endfacet
  facet normal 0 0 1
    outer loop
      vertex 67 -40.5 3.2
      vertex 70.7692 -34.0437 3.2
      vertex 70.75 -33.75 3.2
    endloop
  endfacet
  facet normal 0 0 1
    outer loop
      vertex 70.75 -28.25 3.2
      vertex 67 -40.5 3.2
      vertex 70.75 -33.75 3.2
    endloop
  endfacet
  facet normal 0 0 1
    outer loop
      vertex 71.215 -35.1197 3.2
      vertex 67 -40.5 3.2
      vertex 66.9572 -41.1526 3.2
    endloop
  endfacet
  facet normal 0 0 1
    outer loop
      vertex 71.215 -35.1197 3.2
      vertex 66.9572 -41.1526 3.2
      vertex 66.8296 -41.7941 3.2
    endloop
  endfacet
  facet normal 0 0 1
    outer loop
      vertex 72.1542 -56.052 3.2
      vertex 64.5 -44.8301 3.2
      vertex 71.9772 -56.2072 3.2
    endloop
  endfacet
  facet normal -0 0 1
    outer loop
      vertex 63.9134 -45.1194 3.2
      vertex 71.9772 -56.2072 3.2
      vertex 64.5 -44.8301 3.2
    endloop
  endfacet
  facet normal 0 0 1
    outer loop
      vertex 71.9772 -56.2072 3.2
      vertex 63.9134 -45.1194 3.2
      vertex 71.822 -56.3842 3.2
    endloop
  endfacet
  facet normal -0 0 1
    outer loop
      vertex 63.2941 -45.3296 3.2
      vertex 71.822 -56.3842 3.2
      vertex 63.9134 -45.1194 3.2
    endloop
  endfacet
  facet normal 0 0 1
    outer loop
      vertex 71.822 -56.3842 3.2
      vertex 63.2941 -45.3296 3.2
      vertex 71.6912 -56.58 3.2
    endloop
  endfacet
  facet normal 0 0 1
    outer loop
      vertex 71.6912 -56.58 3.2
      vertex 63.2941 -45.3296 3.2
      vertex 71.587 -56.7912 3.2
    endloop
  endfacet
  facet normal -0 0 1
    outer loop
      vertex 62.6526 -45.4572 3.2
      vertex 71.587 -56.7912 3.2
      vertex 63.2941 -45.3296 3.2
    endloop
  endfacet
  facet normal 0 0 1
    outer loop
      vertex 71.587 -56.7912 3.2
      vertex 62.6526 -45.4572 3.2
      vertex 71.5113 -57.0141 3.2
    endloop
  endfacet
  facet normal -0 0 1
    outer loop
      vertex 62 -45.5 3.2
      vertex 71.5113 -57.0141 3.2
      vertex 62.6526 -45.4572 3.2
    endloop
  endfacet
  facet normal 0 0 1
    outer loop
      vertex 71.5113 -57.0141 3.2
      vertex 62 -45.5 3.2
      vertex 71.4654 -57.2451 3.2
    endloop
  endfacet
  facet normal -0 0 1
    outer loop
      vertex 50.9829 -55.2611 3.2
      vertex 71.4654 -57.2451 3.2
      vertex 62 -45.5 3.2
    endloop
  endfacet
  facet normal 0 0 1
    outer loop
      vertex 71.4654 -57.2451 3.2
      vertex 50.9829 -55.2611 3.2
      vertex 71.45 -57.48 3.2
    endloop
  endfacet
  facet normal -0 0 1
    outer loop
      vertex 50.9319 -55.5176 3.2
      vertex 71.45 -57.48 3.2
      vertex 50.9829 -55.2611 3.2
    endloop
  endfacet
  facet normal 0 0 1
    outer loop
      vertex 71.45 -57.48 3.2
      vertex 50.9319 -55.5176 3.2
      vertex 71.4654 -57.7149 3.2
    endloop
  endfacet
  facet normal -0 0 1
    outer loop
      vertex 50.8478 -55.7654 3.2
      vertex 71.4654 -57.7149 3.2
      vertex 50.9319 -55.5176 3.2
    endloop
  endfacet
  facet normal 0 0 1
    outer loop
      vertex 71.4654 -57.7149 3.2
      vertex 50.8478 -55.7654 3.2
      vertex 71.5113 -57.9459 3.2
    endloop
  endfacet
  facet normal 0 0 1
    outer loop
      vertex 50.9829 -55.2611 3.2
      vertex 62 -45.5 3.2
      vertex 51 -55 3.2
    endloop
  endfacet
  facet normal -0 0 1
    outer loop
      vertex 50.732 -56 3.2
      vertex 71.5113 -57.9459 3.2
      vertex 50.8478 -55.7654 3.2
    endloop
  endfacet
  facet normal 0 0 1
    outer loop
      vertex 71.5113 -57.9459 3.2
      vertex 50.732 -56 3.2
      vertex 71.587 -58.1688 3.2
    endloop
  endfacet
  facet normal -0 0 1
    outer loop
      vertex 50.5867 -56.2175 3.2
      vertex 71.587 -58.1688 3.2
      vertex 50.732 -56 3.2
    endloop
  endfacet
  facet normal 0 0 1
    outer loop
      vertex 71.587 -58.1688 3.2
      vertex 50.5867 -56.2175 3.2
      vertex 71.6912 -58.38 3.2
    endloop
  endfacet
  facet normal -0 0 1
    outer loop
      vertex 50.4142 -56.4142 3.2
      vertex 71.6912 -58.38 3.2
      vertex 50.5867 -56.2175 3.2
    endloop
  endfacet
  facet normal 0 0 1
    outer loop
      vertex 71.6912 -58.38 3.2
      vertex 50.4142 -56.4142 3.2
      vertex 71.822 -58.5758 3.2
    endloop
  endfacet
  facet normal -0 0 1
    outer loop
      vertex 50.2175 -56.5867 3.2
      vertex 71.822 -58.5758 3.2
      vertex 50.4142 -56.4142 3.2
    endloop
  endfacet
  facet normal 0 0 1
    outer loop
      vertex 71.822 -58.5758 3.2
      vertex 50.2175 -56.5867 3.2
      vertex 71.9772 -58.7528 3.2
    endloop
  endfacet
  facet normal -0 0 1
    outer loop
      vertex 50 -56.732 3.2
      vertex 71.9772 -58.7528 3.2
      vertex 50.2175 -56.5867 3.2
    endloop
  endfacet
  facet normal 0 0 1
    outer loop
      vertex 71.9772 -58.7528 3.2
      vertex 50 -56.732 3.2
      vertex 72.1542 -58.908 3.2
    endloop
  endfacet
  facet normal -0 0 1
    outer loop
      vertex 49.7654 -56.8478 3.2
      vertex 72.1542 -58.908 3.2
      vertex 50 -56.732 3.2
    endloop
  endfacet
  facet normal 0 0 1
    outer loop
      vertex 72.1542 -58.908 3.2
      vertex 49.7654 -56.8478 3.2
      vertex 72.35 -59.0388 3.2
    endloop
  endfacet
  facet normal -0 0 1
    outer loop
      vertex 49.5176 -56.9319 3.2
      vertex 72.35 -59.0388 3.2
      vertex 49.7654 -56.8478 3.2
    endloop
  endfacet
  facet normal 0 0 1
    outer loop
      vertex 72.5612 -59.143 3.2
      vertex 49.5176 -56.9319 3.2
      vertex 81 -64.5 3.2
    endloop
  endfacet
  facet normal -0 0 1
    outer loop
      vertex 49.2611 -56.9829 3.2
      vertex 81 -64.5 3.2
      vertex 49.5176 -56.9319 3.2
    endloop
  endfacet
  facet normal -0 0 1
    outer loop
      vertex 49 -57 3.2
      vertex 81 -64.5 3.2
      vertex 49.2611 -56.9829 3.2
    endloop
  endfacet
  facet normal -0 0 1
    outer loop
      vertex 39 -57 3.2
      vertex 81 -64.5 3.2
      vertex 49 -57 3.2
    endloop
  endfacet
  facet normal 0 0 1
    outer loop
      vertex 38.7389 -56.9829 3.2
      vertex 81 -64.5 3.2
      vertex 39 -57 3.2
    endloop
  endfacet
  facet normal -0 0 1
    outer loop
      vertex 7 -55 3.2
      vertex 37.0171 -55.2611 3.2
      vertex 37 -55 3.2
    endloop
  endfacet
  facet normal 0 0 1
    outer loop
      vertex 6.98289 -55.2611 3.2
      vertex 37.0171 -55.2611 3.2
      vertex 7 -55 3.2
    endloop
  endfacet
  facet normal 0 0 1
    outer loop
      vertex 37.0171 -55.2611 3.2
      vertex 6.98289 -55.2611 3.2
      vertex 37.0681 -55.5176 3.2
    endloop
  endfacet
  facet normal 0 0 1
    outer loop
      vertex 6.93185 -55.5176 3.2
      vertex 37.0681 -55.5176 3.2
      vertex 6.98289 -55.2611 3.2
    endloop
  endfacet
  facet normal 0 0 1
    outer loop
      vertex 37.0681 -55.5176 3.2
      vertex 6.93185 -55.5176 3.2
      vertex 37.1522 -55.7654 3.2
    endloop
  endfacet
  facet normal 0 0 1
    outer loop
      vertex 6.84776 -55.7654 3.2
      vertex 37.1522 -55.7654 3.2
      vertex 6.93185 -55.5176 3.2
    endloop
  endfacet
  facet normal 0 0 1
    outer loop
      vertex 37.1522 -55.7654 3.2
      vertex 6.84776 -55.7654 3.2
      vertex 37.2679 -56 3.2
    endloop
  endfacet
  facet normal 0 0 1
    outer loop
      vertex 6.73205 -56 3.2
      vertex 37.2679 -56 3.2
      vertex 6.84776 -55.7654 3.2
    endloop
  endfacet
  facet normal 0 0 1
    outer loop
      vertex 37.2679 -56 3.2
      vertex 6.73205 -56 3.2
      vertex 37.4133 -56.2175 3.2
    endloop
  endfacet
  facet normal 0 0 1
    outer loop
      vertex 6.58671 -56.2175 3.2
      vertex 37.4133 -56.2175 3.2
      vertex 6.73205 -56 3.2
    endloop
  endfacet
  facet normal 0 0 1
    outer loop
      vertex 37.4133 -56.2175 3.2
      vertex 6.58671 -56.2175 3.2
      vertex 37.5858 -56.4142 3.2
    endloop
  endfacet
  facet normal 0 0 1
    outer loop
      vertex 6.41421 -56.4142 3.2
      vertex 37.5858 -56.4142 3.2
      vertex 6.58671 -56.2175 3.2
    endloop
  endfacet
  facet normal 0 0 1
    outer loop
      vertex 37.5858 -56.4142 3.2
      vertex 6.41421 -56.4142 3.2
      vertex 37.7825 -56.5867 3.2
    endloop
  endfacet
  facet normal 0 0 1
    outer loop
      vertex 6.21752 -56.5867 3.2
      vertex 37.7825 -56.5867 3.2
      vertex 6.41421 -56.4142 3.2
    endloop
  endfacet
  facet normal 0 0 1
    outer loop
      vertex 37.7825 -56.5867 3.2
      vertex 6.21752 -56.5867 3.2
      vertex 38 -56.732 3.2
    endloop
  endfacet
  facet normal 0 0 1
    outer loop
      vertex 6 -56.732 3.2
      vertex 38 -56.732 3.2
      vertex 6.21752 -56.5867 3.2
    endloop
  endfacet
  facet normal 0 0 1
    outer loop
      vertex 38 -56.732 3.2
      vertex 6 -56.732 3.2
      vertex 38.2346 -56.8478 3.2
    endloop
  endfacet
  facet normal 0 0 1
    outer loop
      vertex 5.76537 -56.8478 3.2
      vertex 38.2346 -56.8478 3.2
      vertex 6 -56.732 3.2
    endloop
  endfacet
  facet normal 0 0 1
    outer loop
      vertex 38.2346 -56.8478 3.2
      vertex 5.76537 -56.8478 3.2
      vertex 38.4824 -56.9319 3.2
    endloop
  endfacet
  facet normal 0 0 1
    outer loop
      vertex 5.51764 -56.9319 3.2
      vertex 38.4824 -56.9319 3.2
      vertex 5.76537 -56.8478 3.2
    endloop
  endfacet
  facet normal 0 0 1
    outer loop
      vertex 38.4824 -56.9319 3.2
      vertex 5.51764 -56.9319 3.2
      vertex 38.7389 -56.9829 3.2
    endloop
  endfacet
  facet normal 0 0 1
    outer loop
      vertex 5.26105 -56.9829 3.2
      vertex 38.7389 -56.9829 3.2
      vertex 5.51764 -56.9319 3.2
    endloop
  endfacet
  facet normal 0 0 1
    outer loop
      vertex 38.7389 -56.9829 3.2
      vertex 5.26105 -56.9829 3.2
      vertex 81 -64.5 3.2
    endloop
  endfacet
  facet normal -0 0 1
    outer loop
      vertex 5 -57 3.2
      vertex 81 -64.5 3.2
      vertex 5.26105 -56.9829 3.2
    endloop
  endfacet
  facet normal -0 0 1
    outer loop
      vertex -5 -57 3.2
      vertex 81 -64.5 3.2
      vertex 5 -57 3.2
    endloop
  endfacet
  facet normal 0 0 1
    outer loop
      vertex -81 -64.5 3.2
      vertex -5 -57 3.2
      vertex -5.26105 -56.9829 3.2
    endloop
  endfacet
  facet normal -0 0 1
    outer loop
      vertex -37 -55 3.2
      vertex -6.98289 -55.2611 3.2
      vertex -7 -55 3.2
    endloop
  endfacet
  facet normal 0 0 1
    outer loop
      vertex -37.0171 -55.2611 3.2
      vertex -6.98289 -55.2611 3.2
      vertex -37 -55 3.2
    endloop
  endfacet
  facet normal 0 0 1
    outer loop
      vertex -6.98289 -55.2611 3.2
      vertex -37.0171 -55.2611 3.2
      vertex -6.93185 -55.5176 3.2
    endloop
  endfacet
  facet normal 0 0 1
    outer loop
      vertex -37.0681 -55.5176 3.2
      vertex -6.93185 -55.5176 3.2
      vertex -37.0171 -55.2611 3.2
    endloop
  endfacet
  facet normal 0 0 1
    outer loop
      vertex -6.93185 -55.5176 3.2
      vertex -37.0681 -55.5176 3.2
      vertex -6.84776 -55.7654 3.2
    endloop
  endfacet
  facet normal 0 0 1
    outer loop
      vertex -37.1522 -55.7654 3.2
      vertex -6.84776 -55.7654 3.2
      vertex -37.0681 -55.5176 3.2
    endloop
  endfacet
  facet normal 0 0 1
    outer loop
      vertex -6.84776 -55.7654 3.2
      vertex -37.1522 -55.7654 3.2
      vertex -6.73205 -56 3.2
    endloop
  endfacet
  facet normal 0 0 1
    outer loop
      vertex -37.2679 -56 3.2
      vertex -6.73205 -56 3.2
      vertex -37.1522 -55.7654 3.2
    endloop
  endfacet
  facet normal 0 0 1
    outer loop
      vertex -6.73205 -56 3.2
      vertex -37.2679 -56 3.2
      vertex -6.58671 -56.2175 3.2
    endloop
  endfacet
  facet normal 0 0 1
    outer loop
      vertex -37.4133 -56.2175 3.2
      vertex -6.58671 -56.2175 3.2
      vertex -37.2679 -56 3.2
    endloop
  endfacet
  facet normal 0 0 1
    outer loop
      vertex -6.58671 -56.2175 3.2
      vertex -37.4133 -56.2175 3.2
      vertex -6.41421 -56.4142 3.2
    endloop
  endfacet
  facet normal 0 0 1
    outer loop
      vertex -37.5858 -56.4142 3.2
      vertex -6.41421 -56.4142 3.2
      vertex -37.4133 -56.2175 3.2
    endloop
  endfacet
  facet normal 0 0 1
    outer loop
      vertex -6.41421 -56.4142 3.2
      vertex -37.5858 -56.4142 3.2
      vertex -6.21752 -56.5867 3.2
    endloop
  endfacet
  facet normal 0 0 1
    outer loop
      vertex -37.7825 -56.5867 3.2
      vertex -6.21752 -56.5867 3.2
      vertex -37.5858 -56.4142 3.2
    endloop
  endfacet
  facet normal 0 0 1
    outer loop
      vertex -6.21752 -56.5867 3.2
      vertex -37.7825 -56.5867 3.2
      vertex -6 -56.732 3.2
    endloop
  endfacet
  facet normal 0 0 1
    outer loop
      vertex -38 -56.732 3.2
      vertex -6 -56.732 3.2
      vertex -37.7825 -56.5867 3.2
    endloop
  endfacet
  facet normal 0 0 1
    outer loop
      vertex -6 -56.732 3.2
      vertex -38 -56.732 3.2
      vertex -5.76537 -56.8478 3.2
    endloop
  endfacet
  facet normal 0 0 1
    outer loop
      vertex -38.2346 -56.8478 3.2
      vertex -5.76537 -56.8478 3.2
      vertex -38 -56.732 3.2
    endloop
  endfacet
  facet normal 0 0 1
    outer loop
      vertex -5.76537 -56.8478 3.2
      vertex -38.2346 -56.8478 3.2
      vertex -5.51764 -56.9319 3.2
    endloop
  endfacet
  facet normal 0 0 1
    outer loop
      vertex -38.4824 -56.9319 3.2
      vertex -5.51764 -56.9319 3.2
      vertex -38.2346 -56.8478 3.2
    endloop
  endfacet
  facet normal 0 0 1
    outer loop
      vertex -5.51764 -56.9319 3.2
      vertex -38.4824 -56.9319 3.2
      vertex -5.26105 -56.9829 3.2
    endloop
  endfacet
  facet normal 0 0 1
    outer loop
      vertex -38.7389 -56.9829 3.2
      vertex -5.26105 -56.9829 3.2
      vertex -38.4824 -56.9319 3.2
    endloop
  endfacet
  facet normal 0 0 1
    outer loop
      vertex -81 -64.5 3.2
      vertex -5.26105 -56.9829 3.2
      vertex -38.7389 -56.9829 3.2
    endloop
  endfacet
  facet normal 0 0 1
    outer loop
      vertex -81 -64.5 3.2
      vertex -38.7389 -56.9829 3.2
      vertex -39 -57 3.2
    endloop
  endfacet
  facet normal 0 0 1
    outer loop
      vertex -81 -64.5 3.2
      vertex -39 -57 3.2
      vertex -49 -57 3.2
    endloop
  endfacet
  facet normal 0 0 1
    outer loop
      vertex -62 -45.5 3.2
      vertex -50.9829 -55.2611 3.2
      vertex -51 -55 3.2
    endloop
  endfacet
  facet normal 0 0 1
    outer loop
      vertex -71.4654 -57.2451 3.2
      vertex -50.9829 -55.2611 3.2
      vertex -62 -45.5 3.2
    endloop
  endfacet
  facet normal 0 0 1
    outer loop
      vertex -50.9829 -55.2611 3.2
      vertex -71.45 -57.48 3.2
      vertex -50.9319 -55.5176 3.2
    endloop
  endfacet
  facet normal 0 0 1
    outer loop
      vertex -71.4654 -57.7149 3.2
      vertex -50.9319 -55.5176 3.2
      vertex -71.45 -57.48 3.2
    endloop
  endfacet
  facet normal 0 0 1
    outer loop
      vertex -50.9319 -55.5176 3.2
      vertex -71.4654 -57.7149 3.2
      vertex -50.8478 -55.7654 3.2
    endloop
  endfacet
  facet normal 0 0 1
    outer loop
      vertex -71.5113 -57.9459 3.2
      vertex -50.8478 -55.7654 3.2
      vertex -71.4654 -57.7149 3.2
    endloop
  endfacet
  facet normal 0 0 1
    outer loop
      vertex -71.4654 -57.2451 3.2
      vertex -62 -45.5 3.2
      vertex -62.6526 -45.4572 3.2
    endloop
  endfacet
  facet normal 0 0 1
    outer loop
      vertex -71.4654 -57.2451 3.2
      vertex -62.6526 -45.4572 3.2
      vertex -63.2941 -45.3296 3.2
    endloop
  endfacet
  facet normal 0 0 1
    outer loop
      vertex -50.8478 -55.7654 3.2
      vertex -71.5113 -57.9459 3.2
      vertex -50.732 -56 3.2
    endloop
  endfacet
  facet normal 0 0 1
    outer loop
      vertex -71.4654 -57.2451 3.2
      vertex -63.2941 -45.3296 3.2
      vertex -63.9134 -45.1194 3.2
    endloop
  endfacet
  facet normal 0 0 1
    outer loop
      vertex -71.4654 -57.2451 3.2
      vertex -63.9134 -45.1194 3.2
      vertex -64.5 -44.8301 3.2
    endloop
  endfacet
  facet normal 0 0 1
    outer loop
      vertex -71.4654 -57.2451 3.2
      vertex -64.5 -44.8301 3.2
      vertex -65.0438 -44.4668 3.2
    endloop
  endfacet
  facet normal 0 0 1
    outer loop
      vertex -70.7692 27.9563 3.2
      vertex -67 40.5 3.2
      vertex -70.75 28.25 3.2
    endloop
  endfacet
  facet normal 0 0 1
    outer loop
      vertex -70.8267 27.6677 3.2
      vertex -67 40.5 3.2
      vertex -70.7692 27.9563 3.2
    endloop
  endfacet
  facet normal -0 0 1
    outer loop
      vertex -70.75 -33.75 3.2
      vertex -67 -40.5 3.2
      vertex -70.75 -28.25 3.2
    endloop
  endfacet
  facet normal -0 0 1
    outer loop
      vertex -70.7692 -34.0437 3.2
      vertex -67 -40.5 3.2
      vertex -70.75 -33.75 3.2
    endloop
  endfacet
  facet normal -0 0 1
    outer loop
      vertex -70.8267 -34.3323 3.2
      vertex -67 -40.5 3.2
      vertex -70.7692 -34.0437 3.2
    endloop
  endfacet
  facet normal -0 0 1
    outer loop
      vertex -70.9213 -34.611 3.2
      vertex -67 -40.5 3.2
      vertex -70.8267 -34.3323 3.2
    endloop
  endfacet
  facet normal -0 0 1
    outer loop
      vertex -71.0514 -34.875 3.2
      vertex -67 -40.5 3.2
      vertex -70.9213 -34.611 3.2
    endloop
  endfacet
  facet normal -0 0 1
    outer loop
      vertex -71.215 -35.1197 3.2
      vertex -67 -40.5 3.2
      vertex -71.0514 -34.875 3.2
    endloop
  endfacet
  facet normal -0 0 1
    outer loop
      vertex -71.409 -35.341 3.2
      vertex -67 -40.5 3.2
      vertex -71.215 -35.1197 3.2
    endloop
  endfacet
  facet normal -0 0 1
    outer loop
      vertex -71.6303 -35.535 3.2
      vertex -67 -40.5 3.2
      vertex -71.409 -35.341 3.2
    endloop
  endfacet
  facet normal -0 0 1
    outer loop
      vertex -71.875 -35.6986 3.2
      vertex -67 -40.5 3.2
      vertex -71.6303 -35.535 3.2
    endloop
  endfacet
  facet normal -0 0 1
    outer loop
      vertex -72.139 -35.8287 3.2
      vertex -67 -40.5 3.2
      vertex -71.875 -35.6986 3.2
    endloop
  endfacet
  facet normal 0 0 1
    outer loop
      vertex -71.4654 -57.2451 3.2
      vertex -66.6194 -42.4134 3.2
      vertex -66.8296 -41.7941 3.2
    endloop
  endfacet
  facet normal 0 0 1
    outer loop
      vertex -71.4654 -57.2451 3.2
      vertex -66.3301 -43 3.2
      vertex -66.6194 -42.4134 3.2
    endloop
  endfacet
  facet normal 0 0 1
    outer loop
      vertex -71.4654 -57.2451 3.2
      vertex -65.9668 -43.5438 3.2
      vertex -66.3301 -43 3.2
    endloop
  endfacet
  facet normal 0 0 1
    outer loop
      vertex -71.4654 -57.2451 3.2
      vertex -65.5355 -44.0355 3.2
      vertex -65.9668 -43.5438 3.2
    endloop
  endfacet
  facet normal 0 0 1
    outer loop
      vertex -71.4654 -57.2451 3.2
      vertex -65.0438 -44.4668 3.2
      vertex -65.5355 -44.0355 3.2
    endloop
  endfacet
  facet normal 0 0 1
    outer loop
      vertex -71.587 -58.1688 3.2
      vertex -50.732 -56 3.2
      vertex -71.5113 -57.9459 3.2
    endloop
  endfacet
  facet normal 0 0 1
    outer loop
      vertex -50.732 -56 3.2
      vertex -71.587 -58.1688 3.2
      vertex -50.5867 -56.2175 3.2
    endloop
  endfacet
  facet normal 0 0 1
    outer loop
      vertex -71.6912 -58.38 3.2
      vertex -50.5867 -56.2175 3.2
      vertex -71.587 -58.1688 3.2
    endloop
  endfacet
  facet normal 0 0 1
    outer loop
      vertex -50.5867 -56.2175 3.2
      vertex -71.6912 -58.38 3.2
      vertex -50.4142 -56.4142 3.2
    endloop
  endfacet
  facet normal 0 0 1
    outer loop
      vertex -71.822 -58.5758 3.2
      vertex -50.4142 -56.4142 3.2
      vertex -71.6912 -58.38 3.2
    endloop
  endfacet
  facet normal 0 0 1
    outer loop
      vertex -50.4142 -56.4142 3.2
      vertex -71.822 -58.5758 3.2
      vertex -50.2175 -56.5867 3.2
    endloop
  endfacet
  facet normal 0 0 1
    outer loop
      vertex -71.9772 -58.7528 3.2
      vertex -50.2175 -56.5867 3.2
      vertex -71.822 -58.5758 3.2
    endloop
  endfacet
  facet normal 0 0 1
    outer loop
      vertex -50.2175 -56.5867 3.2
      vertex -71.9772 -58.7528 3.2
      vertex -50 -56.732 3.2
    endloop
  endfacet
  facet normal 0 0 1
    outer loop
      vertex -72.1542 -58.908 3.2
      vertex -50 -56.732 3.2
      vertex -71.9772 -58.7528 3.2
    endloop
  endfacet
  facet normal 0 0 1
    outer loop
      vertex -50 -56.732 3.2
      vertex -72.1542 -58.908 3.2
      vertex -49.7654 -56.8478 3.2
    endloop
  endfacet
  facet normal 0 0 1
    outer loop
      vertex -72.35 -59.0388 3.2
      vertex -49.7654 -56.8478 3.2
      vertex -72.1542 -58.908 3.2
    endloop
  endfacet
  facet normal 0 0 1
    outer loop
      vertex -49.7654 -56.8478 3.2
      vertex -72.35 -59.0388 3.2
      vertex -49.5176 -56.9319 3.2
    endloop
  endfacet
  facet normal 0 0 1
    outer loop
      vertex -72.5612 -59.143 3.2
      vertex -49.5176 -56.9319 3.2
      vertex -72.35 -59.0388 3.2
    endloop
  endfacet
  facet normal 0 0 1
    outer loop
      vertex -81 -64.5 3.2
      vertex -49.5176 -56.9319 3.2
      vertex -72.5612 -59.143 3.2
    endloop
  endfacet
  facet normal 0 0 1
    outer loop
      vertex -49.5176 -56.9319 3.2
      vertex -81 -64.5 3.2
      vertex -49.2611 -56.9829 3.2
    endloop
  endfacet
  facet normal 0 0 1
    outer loop
      vertex -49.2611 -56.9829 3.2
      vertex -81 -64.5 3.2
      vertex -49 -57 3.2
    endloop
  endfacet
  facet normal 0 0 1
    outer loop
      vertex -81 -64.5 3.2
      vertex -72.5612 -59.143 3.2
      vertex -72.7841 -59.2187 3.2
    endloop
  endfacet
  facet normal 0 0 1
    outer loop
      vertex -81 -64.5 3.2
      vertex -72.7841 -59.2187 3.2
      vertex -73.0151 -59.2646 3.2
    endloop
  endfacet
  facet normal 0 0 1
    outer loop
      vertex -81 -64.5 3.2
      vertex -73.0151 -59.2646 3.2
      vertex -73.25 -59.28 3.2
    endloop
  endfacet
  facet normal 0 0 1
    outer loop
      vertex -81 -64.5 3.2
      vertex -73.25 -59.28 3.2
      vertex -75.65 -59.28 3.2
    endloop
  endfacet
  facet normal 0 0 1
    outer loop
      vertex -5 -57 3.2
      vertex -81 -64.5 3.2
      vertex 81 -64.5 3.2
    endloop
  endfacet
  facet normal 0 0 1
    outer loop
      vertex -75.8849 -59.2646 3.2
      vertex -81 -64.5 3.2
      vertex -75.65 -59.28 3.2
    endloop
  endfacet
  facet normal 0 0 1
    outer loop
      vertex -76.1159 -59.2187 3.2
      vertex -81 -64.5 3.2
      vertex -75.8849 -59.2646 3.2
    endloop
  endfacet
  facet normal 0 0 1
    outer loop
      vertex -76.3388 -59.143 3.2
      vertex -81 -64.5 3.2
      vertex -76.1159 -59.2187 3.2
    endloop
  endfacet
  facet normal 0 0 1
    outer loop
      vertex -76.55 -59.0388 3.2
      vertex -81 -64.5 3.2
      vertex -76.3388 -59.143 3.2
    endloop
  endfacet
  facet normal 0 0 1
    outer loop
      vertex -76.7458 -58.908 3.2
      vertex -81 -64.5 3.2
      vertex -76.55 -59.0388 3.2
    endloop
  endfacet
  facet normal 0 0 1
    outer loop
      vertex -76.9228 -58.7528 3.2
      vertex -81 -64.5 3.2
      vertex -76.7458 -58.908 3.2
    endloop
  endfacet
  facet normal 0 0 1
    outer loop
      vertex -77.078 -58.5758 3.2
      vertex -81 -64.5 3.2
      vertex -76.9228 -58.7528 3.2
    endloop
  endfacet
  facet normal 0 0 1
    outer loop
      vertex -77.2088 -58.38 3.2
      vertex -81 -64.5 3.2
      vertex -77.078 -58.5758 3.2
    endloop
  endfacet
  facet normal 0 0 1
    outer loop
      vertex -85 -60.5 3.2
      vertex -77.2088 -58.38 3.2
      vertex -77.313 -58.1688 3.2
    endloop
  endfacet
  facet normal 0 0 1
    outer loop
      vertex -85 -60.5 3.2
      vertex -77.313 -58.1688 3.2
      vertex -77.3887 -57.9459 3.2
    endloop
  endfacet
  facet normal 0 0 1
    outer loop
      vertex -85 -60.5 3.2
      vertex -77.3887 -57.9459 3.2
      vertex -77.4346 -57.7149 3.2
    endloop
  endfacet
  facet normal 0 0 1
    outer loop
      vertex -85 -60.5 3.2
      vertex -77.4346 -57.7149 3.2
      vertex -77.45 -57.48 3.2
    endloop
  endfacet
  facet normal 0 0 1
    outer loop
      vertex -77.3887 -57.0141 3.2
      vertex -85 -60.5 3.2
      vertex -77.4346 -57.2451 3.2
    endloop
  endfacet
  facet normal 0 0 1
    outer loop
      vertex -85 60.5 3.2
      vertex -81 64.5 3.2
      vertex -81.5221 64.4658 3.2
    endloop
  endfacet
  facet normal 0 0 1
    outer loop
      vertex -77.4346 -57.2451 3.2
      vertex -85 -60.5 3.2
      vertex -77.45 -57.48 3.2
    endloop
  endfacet
  facet normal 0 0 1
    outer loop
      vertex -85 60.5 3.2
      vertex -81.5221 64.4658 3.2
      vertex -82.0353 64.3637 3.2
    endloop
  endfacet
  facet normal 0 0 1
    outer loop
      vertex -77.2088 -58.38 3.2
      vertex -85 -60.5 3.2
      vertex -81 -64.5 3.2
    endloop
  endfacet
  facet normal 0 0 1
    outer loop
      vertex -85 60.5 3.2
      vertex -82.0353 64.3637 3.2
      vertex -82.5307 64.1955 3.2
    endloop
  endfacet
  facet normal 0 0 1
    outer loop
      vertex -81 -64.5 3.2
      vertex -85 -60.5 3.2
      vertex -81.5221 -64.4658 3.2
    endloop
  endfacet
  facet normal 0 0 1
    outer loop
      vertex -85 60.5 3.2
      vertex -82.5307 64.1955 3.2
      vertex -83 63.9641 3.2
    endloop
  endfacet
  facet normal 0 0 1
    outer loop
      vertex -81.5221 -64.4658 3.2
      vertex -85 -60.5 3.2
      vertex -82.0353 -64.3637 3.2
    endloop
  endfacet
  facet normal 0 0 1
    outer loop
      vertex -85 60.5 3.2
      vertex -83 63.9641 3.2
      vertex -83.435 63.6734 3.2
    endloop
  endfacet
  facet normal 0 0 1
    outer loop
      vertex -82.0353 -64.3637 3.2
      vertex -85 -60.5 3.2
      vertex -82.5307 -64.1955 3.2
    endloop
  endfacet
  facet normal 0 0 1
    outer loop
      vertex -85 60.5 3.2
      vertex -83.435 63.6734 3.2
      vertex -83.8284 63.3284 3.2
    endloop
  endfacet
  facet normal 0 0 1
    outer loop
      vertex -82.5307 -64.1955 3.2
      vertex -85 -60.5 3.2
      vertex -83 -63.9641 3.2
    endloop
  endfacet
  facet normal 0 0 1
    outer loop
      vertex -85 60.5 3.2
      vertex -83.8284 63.3284 3.2
      vertex -84.1734 62.935 3.2
    endloop
  endfacet
  facet normal 0 0 1
    outer loop
      vertex -83 -63.9641 3.2
      vertex -85 -60.5 3.2
      vertex -83.435 -63.6734 3.2
    endloop
  endfacet
  facet normal 0 0 1
    outer loop
      vertex -85 60.5 3.2
      vertex -84.1734 62.935 3.2
      vertex -84.4641 62.5 3.2
    endloop
  endfacet
  facet normal 0 0 1
    outer loop
      vertex -83.435 -63.6734 3.2
      vertex -85 -60.5 3.2
      vertex -83.8284 -63.3284 3.2
    endloop
  endfacet
  facet normal 0 0 1
    outer loop
      vertex -85 60.5 3.2
      vertex -84.4641 62.5 3.2
      vertex -84.6955 62.0307 3.2
    endloop
  endfacet
  facet normal 0 0 1
    outer loop
      vertex -83.8284 -63.3284 3.2
      vertex -85 -60.5 3.2
      vertex -84.1734 -62.935 3.2
    endloop
  endfacet
  facet normal 0 0 1
    outer loop
      vertex -85 60.5 3.2
      vertex -84.6955 62.0307 3.2
      vertex -84.8637 61.5353 3.2
    endloop
  endfacet
  facet normal 0 0 1
    outer loop
      vertex -84.1734 -62.935 3.2
      vertex -85 -60.5 3.2
      vertex -84.4641 -62.5 3.2
    endloop
  endfacet
  facet normal 0 0 1
    outer loop
      vertex -85 60.5 3.2
      vertex -84.8637 61.5353 3.2
      vertex -84.9658 61.0221 3.2
    endloop
  endfacet
  facet normal 0 0 1
    outer loop
      vertex -84.4641 -62.5 3.2
      vertex -85 -60.5 3.2
      vertex -84.6955 -62.0307 3.2
    endloop
  endfacet
  facet normal 0 0 1
    outer loop
      vertex -84.6955 -62.0307 3.2
      vertex -85 -60.5 3.2
      vertex -84.8637 -61.5353 3.2
    endloop
  endfacet
  facet normal 0 0 1
    outer loop
      vertex -84.8637 -61.5353 3.2
      vertex -85 -60.5 3.2
      vertex -84.9658 -61.0221 3.2
    endloop
  endfacet
  facet normal 0 0 1
    outer loop
      vertex 85 -60.5 3.2
      vertex 76.9228 -56.2072 3.2
      vertex 77.078 -56.3842 3.2
    endloop
  endfacet
  facet normal 0 0 1
    outer loop
      vertex 85 -60.5 3.2
      vertex 74.785 -35.1197 3.2
      vertex 76.9228 -56.2072 3.2
    endloop
  endfacet
  facet normal 0 0 1
    outer loop
      vertex 76.9228 -56.2072 3.2
      vertex 74.785 -35.1197 3.2
      vertex 76.7458 -56.052 3.2
    endloop
  endfacet
  facet normal -0 0 1
    outer loop
      vertex 74.591 -35.341 3.2
      vertex 76.7458 -56.052 3.2
      vertex 74.785 -35.1197 3.2
    endloop
  endfacet
  facet normal 0 0 1
    outer loop
      vertex 76.7458 -56.052 3.2
      vertex 74.591 -35.341 3.2
      vertex 76.55 -55.9212 3.2
    endloop
  endfacet
  facet normal -0 0 1
    outer loop
      vertex 74.3697 -35.535 3.2
      vertex 76.55 -55.9212 3.2
      vertex 74.591 -35.341 3.2
    endloop
  endfacet
  facet normal 0 0 1
    outer loop
      vertex 76.55 -55.9212 3.2
      vertex 74.3697 -35.535 3.2
      vertex 76.3388 -55.817 3.2
    endloop
  endfacet
  facet normal -0 0 1
    outer loop
      vertex 74.125 -35.6986 3.2
      vertex 76.3388 -55.817 3.2
      vertex 74.3697 -35.535 3.2
    endloop
  endfacet
  facet normal 0 0 1
    outer loop
      vertex 76.3388 -55.817 3.2
      vertex 74.125 -35.6986 3.2
      vertex 76.1159 -55.7413 3.2
    endloop
  endfacet
  facet normal -0 0 1
    outer loop
      vertex 73.861 -35.8287 3.2
      vertex 76.1159 -55.7413 3.2
      vertex 74.125 -35.6986 3.2
    endloop
  endfacet
  facet normal 0 0 1
    outer loop
      vertex 76.1159 -55.7413 3.2
      vertex 73.861 -35.8287 3.2
      vertex 75.8849 -55.6954 3.2
    endloop
  endfacet
  facet normal -0 0 1
    outer loop
      vertex 73.5823 -35.9233 3.2
      vertex 75.8849 -55.6954 3.2
      vertex 73.861 -35.8287 3.2
    endloop
  endfacet
  facet normal 0 0 1
    outer loop
      vertex 75.8849 -55.6954 3.2
      vertex 73.5823 -35.9233 3.2
      vertex 75.65 -55.68 3.2
    endloop
  endfacet
  facet normal 0 0 1
    outer loop
      vertex 66.8296 -41.7941 3.2
      vertex 73.5823 -35.9233 3.2
      vertex 73.2937 -35.9808 3.2
    endloop
  endfacet
  facet normal 0 0 1
    outer loop
      vertex 66.6194 -42.4134 3.2
      vertex 73.5823 -35.9233 3.2
      vertex 66.8296 -41.7941 3.2
    endloop
  endfacet
  facet normal 0 0 1
    outer loop
      vertex 66.8296 -41.7941 3.2
      vertex 73.2937 -35.9808 3.2
      vertex 73 -36 3.2
    endloop
  endfacet
  facet normal 0 0 1
    outer loop
      vertex 73.5823 -35.9233 3.2
      vertex 66.6194 -42.4134 3.2
      vertex 75.65 -55.68 3.2
    endloop
  endfacet
  facet normal 0 0 1
    outer loop
      vertex 66.8296 -41.7941 3.2
      vertex 73 -36 3.2
      vertex 72.7063 -35.9808 3.2
    endloop
  endfacet
  facet normal -0 0 1
    outer loop
      vertex 66.3301 -43 3.2
      vertex 75.65 -55.68 3.2
      vertex 66.6194 -42.4134 3.2
    endloop
  endfacet
  facet normal 0 0 1
    outer loop
      vertex 66.8296 -41.7941 3.2
      vertex 72.7063 -35.9808 3.2
      vertex 72.4177 -35.9233 3.2
    endloop
  endfacet
  facet normal 0 0 1
    outer loop
      vertex 75.65 -55.68 3.2
      vertex 66.3301 -43 3.2
      vertex 73.25 -55.68 3.2
    endloop
  endfacet
  facet normal 0 0 1
    outer loop
      vertex 66.8296 -41.7941 3.2
      vertex 72.4177 -35.9233 3.2
      vertex 72.139 -35.8287 3.2
    endloop
  endfacet
  facet normal -0 0 1
    outer loop
      vertex 65.9668 -43.5438 3.2
      vertex 73.25 -55.68 3.2
      vertex 66.3301 -43 3.2
    endloop
  endfacet
  facet normal 0 0 1
    outer loop
      vertex 66.8296 -41.7941 3.2
      vertex 72.139 -35.8287 3.2
      vertex 71.875 -35.6986 3.2
    endloop
  endfacet
  facet normal 0 0 1
    outer loop
      vertex 73.25 -55.68 3.2
      vertex 65.9668 -43.5438 3.2
      vertex 73.0151 -55.6954 3.2
    endloop
  endfacet
  facet normal 0 0 1
    outer loop
      vertex 66.8296 -41.7941 3.2
      vertex 71.875 -35.6986 3.2
      vertex 71.6303 -35.535 3.2
    endloop
  endfacet
  facet normal 0 0 1
    outer loop
      vertex 73.0151 -55.6954 3.2
      vertex 65.9668 -43.5438 3.2
      vertex 72.7841 -55.7413 3.2
    endloop
  endfacet
  facet normal 0 0 1
    outer loop
      vertex 66.8296 -41.7941 3.2
      vertex 71.6303 -35.535 3.2
      vertex 71.409 -35.341 3.2
    endloop
  endfacet
  facet normal -0 0 1
    outer loop
      vertex 65.5355 -44.0355 3.2
      vertex 72.7841 -55.7413 3.2
      vertex 65.9668 -43.5438 3.2
    endloop
  endfacet
  facet normal 0 0 1
    outer loop
      vertex 66.8296 -41.7941 3.2
      vertex 71.409 -35.341 3.2
      vertex 71.215 -35.1197 3.2
    endloop
  endfacet
  facet normal 0 0 1
    outer loop
      vertex 72.7841 -55.7413 3.2
      vertex 65.5355 -44.0355 3.2
      vertex 72.5612 -55.817 3.2
    endloop
  endfacet
  facet normal -0 0 1
    outer loop
      vertex 65.0438 -44.4668 3.2
      vertex 72.5612 -55.817 3.2
      vertex 65.5355 -44.0355 3.2
    endloop
  endfacet
  facet normal 0 0 1
    outer loop
      vertex 72.5612 -55.817 3.2
      vertex 65.0438 -44.4668 3.2
      vertex 72.35 -55.9212 3.2
    endloop
  endfacet
  facet normal -0 0 1
    outer loop
      vertex 64.5 -44.8301 3.2
      vertex 72.35 -55.9212 3.2
      vertex 65.0438 -44.4668 3.2
    endloop
  endfacet
  facet normal -0.0653646 -0.997861 0
    outer loop
      vertex -81.5221 -64.4658 0
      vertex -81 -64.5 3.2
      vertex -81.5221 -64.4658 3.2
    endloop
  endfacet
  facet normal -0.0653646 -0.997861 -0
    outer loop
      vertex -81 -64.5 3.2
      vertex -81.5221 -64.4658 0
      vertex -81 -64.5 0
    endloop
  endfacet
  facet normal 0.751842 -0.659343 0
    outer loop
      vertex 83.8284 -63.3284 3.2
      vertex 84.1734 -62.935 0
      vertex 84.1734 -62.935 3.2
    endloop
  endfacet
  facet normal 0.751842 -0.659343 0
    outer loop
      vertex 84.1734 -62.935 0
      vertex 83.8284 -63.3284 3.2
      vertex 83.8284 -63.3284 0
    endloop
  endfacet
  facet normal 0.94691 -0.321498 0
    outer loop
      vertex 84.6955 -62.0307 3.2
      vertex 84.8637 -61.5353 0
      vertex 84.8637 -61.5353 3.2
    endloop
  endfacet
  facet normal 0.94691 -0.321498 0
    outer loop
      vertex 84.8637 -61.5353 0
      vertex 84.6955 -62.0307 3.2
      vertex 84.6955 -62.0307 0
    endloop
  endfacet
  facet normal -0.555626 -0.831432 0
    outer loop
      vertex -83.435 -63.6734 0
      vertex -83 -63.9641 3.2
      vertex -83.435 -63.6734 3.2
    endloop
  endfacet
  facet normal -0.555626 -0.831432 -0
    outer loop
      vertex -83 -63.9641 3.2
      vertex -83.435 -63.6734 0
      vertex -83 -63.9641 0
    endloop
  endfacet
  facet normal 0 1 -0
    outer loop
      vertex 81 64.5 0
      vertex -81 64.5 3.2
      vertex 81 64.5 3.2
    endloop
  endfacet
  facet normal 0 1 0
    outer loop
      vertex -81 64.5 3.2
      vertex 81 64.5 0
      vertex -81 64.5 0
    endloop
  endfacet
  facet normal 0.442238 0.896898 -0
    outer loop
      vertex 83 63.9641 0
      vertex 82.5307 64.1955 3.2
      vertex 83 63.9641 3.2
    endloop
  endfacet
  facet normal 0.442238 0.896898 0
    outer loop
      vertex 82.5307 64.1955 3.2
      vertex 83 63.9641 0
      vertex 82.5307 64.1955 0
    endloop
  endfacet
  facet normal 0.751842 0.659343 0
    outer loop
      vertex 84.1734 62.935 3.2
      vertex 83.8284 63.3284 0
      vertex 83.8284 63.3284 3.2
    endloop
  endfacet
  facet normal 0.751842 0.659343 0
    outer loop
      vertex 83.8284 63.3284 0
      vertex 84.1734 62.935 3.2
      vertex 84.1734 62.935 0
    endloop
  endfacet
  facet normal -0.442238 0.896898 0
    outer loop
      vertex -82.5307 64.1955 0
      vertex -83 63.9641 3.2
      vertex -82.5307 64.1955 3.2
    endloop
  endfacet
  facet normal -0.442238 0.896898 0
    outer loop
      vertex -83 63.9641 3.2
      vertex -82.5307 64.1955 0
      vertex -83 63.9641 0
    endloop
  endfacet
  facet normal 0.980779 -0.195124 0
    outer loop
      vertex 84.8637 -61.5353 3.2
      vertex 84.9658 -61.0221 0
      vertex 84.9658 -61.0221 3.2
    endloop
  endfacet
  facet normal 0.980779 -0.195124 0
    outer loop
      vertex 84.9658 -61.0221 0
      vertex 84.8637 -61.5353 3.2
      vertex 84.8637 -61.5353 0
    endloop
  endfacet
  facet normal 0.195124 0.980779 -0
    outer loop
      vertex 82.0353 64.3637 0
      vertex 81.5221 64.4658 3.2
      vertex 82.0353 64.3637 3.2
    endloop
  endfacet
  facet normal 0.195124 0.980779 0
    outer loop
      vertex 81.5221 64.4658 3.2
      vertex 82.0353 64.3637 0
      vertex 81.5221 64.4658 0
    endloop
  endfacet
  facet normal 0.659343 0.751842 -0
    outer loop
      vertex 83.8284 63.3284 0
      vertex 83.435 63.6734 3.2
      vertex 83.8284 63.3284 3.2
    endloop
  endfacet
  facet normal 0.659343 0.751842 0
    outer loop
      vertex 83.435 63.6734 3.2
      vertex 83.8284 63.3284 0
      vertex 83.435 63.6734 0
    endloop
  endfacet
  facet normal -0.94691 -0.321498 0
    outer loop
      vertex -84.6955 -62.0307 0
      vertex -84.8637 -61.5353 3.2
      vertex -84.8637 -61.5353 0
    endloop
  endfacet
  facet normal -0.94691 -0.321498 0
    outer loop
      vertex -84.8637 -61.5353 3.2
      vertex -84.6955 -62.0307 0
      vertex -84.6955 -62.0307 3.2
    endloop
  endfacet
  facet normal -0.659343 0.751842 0
    outer loop
      vertex -83.435 63.6734 0
      vertex -83.8284 63.3284 3.2
      vertex -83.435 63.6734 3.2
    endloop
  endfacet
  facet normal -0.659343 0.751842 0
    outer loop
      vertex -83.8284 63.3284 3.2
      vertex -83.435 63.6734 0
      vertex -83.8284 63.3284 0
    endloop
  endfacet
  facet normal -0.896898 0.442238 0
    outer loop
      vertex -84.6955 62.0307 0
      vertex -84.4641 62.5 3.2
      vertex -84.4641 62.5 0
    endloop
  endfacet
  facet normal -0.896898 0.442238 0
    outer loop
      vertex -84.4641 62.5 3.2
      vertex -84.6955 62.0307 0
      vertex -84.6955 62.0307 3.2
    endloop
  endfacet
  facet normal -0.751842 0.659343 0
    outer loop
      vertex -84.1734 62.935 0
      vertex -83.8284 63.3284 3.2
      vertex -83.8284 63.3284 0
    endloop
  endfacet
  facet normal -0.751842 0.659343 0
    outer loop
      vertex -83.8284 63.3284 3.2
      vertex -84.1734 62.935 0
      vertex -84.1734 62.935 3.2
    endloop
  endfacet
  facet normal -0.195124 0.980779 0
    outer loop
      vertex -81.5221 64.4658 0
      vertex -82.0353 64.3637 3.2
      vertex -81.5221 64.4658 3.2
    endloop
  endfacet
  facet normal -0.195124 0.980779 0
    outer loop
      vertex -82.0353 64.3637 3.2
      vertex -81.5221 64.4658 0
      vertex -82.0353 64.3637 0
    endloop
  endfacet
  facet normal -0.321498 0.94691 0
    outer loop
      vertex -82.0353 64.3637 0
      vertex -82.5307 64.1955 3.2
      vertex -82.0353 64.3637 3.2
    endloop
  endfacet
  facet normal -0.321498 0.94691 0
    outer loop
      vertex -82.5307 64.1955 3.2
      vertex -82.0353 64.3637 0
      vertex -82.5307 64.1955 0
    endloop
  endfacet
  facet normal 0.896898 -0.442238 0
    outer loop
      vertex 84.4641 -62.5 3.2
      vertex 84.6955 -62.0307 0
      vertex 84.6955 -62.0307 3.2
    endloop
  endfacet
  facet normal 0.896898 -0.442238 0
    outer loop
      vertex 84.6955 -62.0307 0
      vertex 84.4641 -62.5 3.2
      vertex 84.4641 -62.5 0
    endloop
  endfacet
  facet normal -0.831432 0.555626 0
    outer loop
      vertex -84.4641 62.5 0
      vertex -84.1734 62.935 3.2
      vertex -84.1734 62.935 0
    endloop
  endfacet
  facet normal -0.831432 0.555626 0
    outer loop
      vertex -84.1734 62.935 3.2
      vertex -84.4641 62.5 0
      vertex -84.4641 62.5 3.2
    endloop
  endfacet
  facet normal -0.442238 -0.896898 0
    outer loop
      vertex -83 -63.9641 0
      vertex -82.5307 -64.1955 3.2
      vertex -83 -63.9641 3.2
    endloop
  endfacet
  facet normal -0.442238 -0.896898 -0
    outer loop
      vertex -82.5307 -64.1955 3.2
      vertex -83 -63.9641 0
      vertex -82.5307 -64.1955 0
    endloop
  endfacet
  facet normal 0.94691 0.321498 0
    outer loop
      vertex 84.8637 61.5353 3.2
      vertex 84.6955 62.0307 0
      vertex 84.6955 62.0307 3.2
    endloop
  endfacet
  facet normal 0.94691 0.321498 0
    outer loop
      vertex 84.6955 62.0307 0
      vertex 84.8637 61.5353 3.2
      vertex 84.8637 61.5353 0
    endloop
  endfacet
  facet normal 0.555626 -0.831432 0
    outer loop
      vertex 83 -63.9641 0
      vertex 83.435 -63.6734 3.2
      vertex 83 -63.9641 3.2
    endloop
  endfacet
  facet normal 0.555626 -0.831432 0
    outer loop
      vertex 83.435 -63.6734 3.2
      vertex 83 -63.9641 0
      vertex 83.435 -63.6734 0
    endloop
  endfacet
  facet normal 0.555626 0.831432 -0
    outer loop
      vertex 83.435 63.6734 0
      vertex 83 63.9641 3.2
      vertex 83.435 63.6734 3.2
    endloop
  endfacet
  facet normal 0.555626 0.831432 0
    outer loop
      vertex 83 63.9641 3.2
      vertex 83.435 63.6734 0
      vertex 83 63.9641 0
    endloop
  endfacet
  facet normal -0.94691 0.321498 0
    outer loop
      vertex -84.8637 61.5353 0
      vertex -84.6955 62.0307 3.2
      vertex -84.6955 62.0307 0
    endloop
  endfacet
  facet normal -0.94691 0.321498 0
    outer loop
      vertex -84.6955 62.0307 3.2
      vertex -84.8637 61.5353 0
      vertex -84.8637 61.5353 3.2
    endloop
  endfacet
  facet normal 0.659343 -0.751842 0
    outer loop
      vertex 83.435 -63.6734 0
      vertex 83.8284 -63.3284 3.2
      vertex 83.435 -63.6734 3.2
    endloop
  endfacet
  facet normal 0.659343 -0.751842 0
    outer loop
      vertex 83.8284 -63.3284 3.2
      vertex 83.435 -63.6734 0
      vertex 83.8284 -63.3284 0
    endloop
  endfacet
  facet normal 0.0653646 0.997861 -0
    outer loop
      vertex 81.5221 64.4658 0
      vertex 81 64.5 3.2
      vertex 81.5221 64.4658 3.2
    endloop
  endfacet
  facet normal 0.0653646 0.997861 0
    outer loop
      vertex 81 64.5 3.2
      vertex 81.5221 64.4658 0
      vertex 81 64.5 0
    endloop
  endfacet
  facet normal -0.997861 0.0653646 0
    outer loop
      vertex -85 60.5 0
      vertex -84.9658 61.0221 3.2
      vertex -84.9658 61.0221 0
    endloop
  endfacet
  facet normal -0.997861 0.0653646 0
    outer loop
      vertex -84.9658 61.0221 3.2
      vertex -85 60.5 0
      vertex -85 60.5 3.2
    endloop
  endfacet
  facet normal 0.997861 0.0653646 0
    outer loop
      vertex 85 60.5 3.2
      vertex 84.9658 61.0221 0
      vertex 84.9658 61.0221 3.2
    endloop
  endfacet
  facet normal 0.997861 0.0653646 0
    outer loop
      vertex 84.9658 61.0221 0
      vertex 85 60.5 3.2
      vertex 85 60.5 0
    endloop
  endfacet
  facet normal 0.831432 0.555626 0
    outer loop
      vertex 84.4641 62.5 3.2
      vertex 84.1734 62.935 0
      vertex 84.1734 62.935 3.2
    endloop
  endfacet
  facet normal 0.831432 0.555626 0
    outer loop
      vertex 84.1734 62.935 0
      vertex 84.4641 62.5 3.2
      vertex 84.4641 62.5 0
    endloop
  endfacet
  facet normal -0.751842 -0.659343 0
    outer loop
      vertex -83.8284 -63.3284 0
      vertex -84.1734 -62.935 3.2
      vertex -84.1734 -62.935 0
    endloop
  endfacet
  facet normal -0.751842 -0.659343 0
    outer loop
      vertex -84.1734 -62.935 3.2
      vertex -83.8284 -63.3284 0
      vertex -83.8284 -63.3284 3.2
    endloop
  endfacet
  facet normal 0.321498 0.94691 -0
    outer loop
      vertex 82.5307 64.1955 0
      vertex 82.0353 64.3637 3.2
      vertex 82.5307 64.1955 3.2
    endloop
  endfacet
  facet normal 0.321498 0.94691 0
    outer loop
      vertex 82.0353 64.3637 3.2
      vertex 82.5307 64.1955 0
      vertex 82.0353 64.3637 0
    endloop
  endfacet
  facet normal -0.831432 -0.555626 0
    outer loop
      vertex -84.1734 -62.935 0
      vertex -84.4641 -62.5 3.2
      vertex -84.4641 -62.5 0
    endloop
  endfacet
  facet normal -0.831432 -0.555626 0
    outer loop
      vertex -84.4641 -62.5 3.2
      vertex -84.1734 -62.935 0
      vertex -84.1734 -62.935 3.2
    endloop
  endfacet
  facet normal 0.896898 0.442238 0
    outer loop
      vertex 84.6955 62.0307 3.2
      vertex 84.4641 62.5 0
      vertex 84.4641 62.5 3.2
    endloop
  endfacet
  facet normal 0.896898 0.442238 0
    outer loop
      vertex 84.4641 62.5 0
      vertex 84.6955 62.0307 3.2
      vertex 84.6955 62.0307 0
    endloop
  endfacet
  facet normal 0.980779 0.195124 0
    outer loop
      vertex 84.9658 61.0221 3.2
      vertex 84.8637 61.5353 0
      vertex 84.8637 61.5353 3.2
    endloop
  endfacet
  facet normal 0.980779 0.195124 0
    outer loop
      vertex 84.8637 61.5353 0
      vertex 84.9658 61.0221 3.2
      vertex 84.9658 61.0221 0
    endloop
  endfacet
  facet normal -0.980779 -0.195124 0
    outer loop
      vertex -84.8637 -61.5353 0
      vertex -84.9658 -61.0221 3.2
      vertex -84.9658 -61.0221 0
    endloop
  endfacet
  facet normal -0.980779 -0.195124 0
    outer loop
      vertex -84.9658 -61.0221 3.2
      vertex -84.8637 -61.5353 0
      vertex -84.8637 -61.5353 3.2
    endloop
  endfacet
  facet normal 0 0 -1
    outer loop
      vertex -62 45.5 0
      vertex -71.4654 57.2451 0
      vertex -71.45 57.48 0
    endloop
  endfacet
  facet normal 0 0 -1
    outer loop
      vertex -66.8296 41.7941 0
      vertex -71.5113 57.0141 0
      vertex -71.4654 57.2451 0
    endloop
  endfacet
  facet normal 0 0 -1
    outer loop
      vertex -66.8296 41.7941 0
      vertex -71.587 56.7912 0
      vertex -71.5113 57.0141 0
    endloop
  endfacet
  facet normal 0 0 -1
    outer loop
      vertex -72.4177 35.9233 0
      vertex -67 40.5 0
      vertex -72.139 35.8287 0
    endloop
  endfacet
  facet normal 0 0 -1
    outer loop
      vertex -66.8296 41.7941 0
      vertex -71.6912 56.58 0
      vertex -71.587 56.7912 0
    endloop
  endfacet
  facet normal 0 0 -1
    outer loop
      vertex -66.8296 41.7941 0
      vertex -71.822 56.3842 0
      vertex -71.6912 56.58 0
    endloop
  endfacet
  facet normal 0 0 -1
    outer loop
      vertex -72.7063 35.9808 0
      vertex -67 40.5 0
      vertex -72.4177 35.9233 0
    endloop
  endfacet
  facet normal 0 0 -1
    outer loop
      vertex -66.8296 41.7941 0
      vertex -71.9772 56.2072 0
      vertex -71.822 56.3842 0
    endloop
  endfacet
  facet normal -0 0 -1
    outer loop
      vertex -67 40.5 0
      vertex -72.7063 35.9808 0
      vertex -66.9572 41.1526 0
    endloop
  endfacet
  facet normal 0 0 -1
    outer loop
      vertex -66.8296 41.7941 0
      vertex -72.1542 56.052 0
      vertex -71.9772 56.2072 0
    endloop
  endfacet
  facet normal 0 0 -1
    outer loop
      vertex -66.8296 41.7941 0
      vertex -72.35 55.9212 0
      vertex -72.1542 56.052 0
    endloop
  endfacet
  facet normal 0 0 -1
    outer loop
      vertex -73 36 0
      vertex -66.9572 41.1526 0
      vertex -72.7063 35.9808 0
    endloop
  endfacet
  facet normal 0 0 -1
    outer loop
      vertex -66.8296 41.7941 0
      vertex -72.5612 55.817 0
      vertex -72.35 55.9212 0
    endloop
  endfacet
  facet normal -0 0 -1
    outer loop
      vertex -66.9572 41.1526 0
      vertex -73 36 0
      vertex -66.8296 41.7941 0
    endloop
  endfacet
  facet normal 0 0 -1
    outer loop
      vertex -66.8296 41.7941 0
      vertex -72.7841 55.7413 0
      vertex -72.5612 55.817 0
    endloop
  endfacet
  facet normal 0 0 -1
    outer loop
      vertex -73.2937 35.9808 0
      vertex -66.8296 41.7941 0
      vertex -73 36 0
    endloop
  endfacet
  facet normal 0 0 -1
    outer loop
      vertex -66.8296 41.7941 0
      vertex -73.0151 55.6954 0
      vertex -72.7841 55.7413 0
    endloop
  endfacet
  facet normal 0 0 -1
    outer loop
      vertex -66.8296 41.7941 0
      vertex -73.25 55.68 0
      vertex -73.0151 55.6954 0
    endloop
  endfacet
  facet normal 0 0 -1
    outer loop
      vertex -73.5823 35.9233 0
      vertex -66.8296 41.7941 0
      vertex -73.2937 35.9808 0
    endloop
  endfacet
  facet normal -0 0 -1
    outer loop
      vertex -66.8296 41.7941 0
      vertex -73.5823 35.9233 0
      vertex -75.65 55.68 0
    endloop
  endfacet
  facet normal 0 0 -1
    outer loop
      vertex -75.65 55.68 0
      vertex -73.5823 35.9233 0
      vertex -73.861 35.8287 0
    endloop
  endfacet
  facet normal 0 0 -1
    outer loop
      vertex -75.65 55.68 0
      vertex -73.861 35.8287 0
      vertex -74.125 35.6986 0
    endloop
  endfacet
  facet normal 0 0 -1
    outer loop
      vertex -75.65 55.68 0
      vertex -74.125 35.6986 0
      vertex -74.3697 35.535 0
    endloop
  endfacet
  facet normal 0 0 -1
    outer loop
      vertex -75.65 55.68 0
      vertex -74.3697 35.535 0
      vertex -74.591 35.341 0
    endloop
  endfacet
  facet normal 0 0 -1
    outer loop
      vertex -75.65 55.68 0
      vertex -74.591 35.341 0
      vertex -74.785 35.1197 0
    endloop
  endfacet
  facet normal 0 0 -1
    outer loop
      vertex -75.65 55.68 0
      vertex -74.785 35.1197 0
      vertex -74.9486 34.875 0
    endloop
  endfacet
  facet normal 0 0 -1
    outer loop
      vertex -75.65 55.68 0
      vertex -74.9486 34.875 0
      vertex -75.0787 34.611 0
    endloop
  endfacet
  facet normal 0 0 -1
    outer loop
      vertex -75.65 55.68 0
      vertex -75.0787 34.611 0
      vertex -75.1733 34.3323 0
    endloop
  endfacet
  facet normal 0 0 -1
    outer loop
      vertex -75.65 55.68 0
      vertex -75.1733 34.3323 0
      vertex -75.2308 34.0437 0
    endloop
  endfacet
  facet normal 0 0 -1
    outer loop
      vertex -66.8296 41.7941 0
      vertex -75.65 55.68 0
      vertex -73.25 55.68 0
    endloop
  endfacet
  facet normal 0 0 -1
    outer loop
      vertex -75.25 33.75 0
      vertex -75.65 55.68 0
      vertex -75.2308 34.0437 0
    endloop
  endfacet
  facet normal 0 0 -1
    outer loop
      vertex -75.25 28.25 0
      vertex -75.65 55.68 0
      vertex -75.25 33.75 0
    endloop
  endfacet
  facet normal -0 0 -1
    outer loop
      vertex -74.9486 -34.875 0
      vertex -85 -60.5 0
      vertex -75.0787 -34.611 0
    endloop
  endfacet
  facet normal 0 0 -1
    outer loop
      vertex -75.25 28.25 0
      vertex -75.8849 55.6954 0
      vertex -75.65 55.68 0
    endloop
  endfacet
  facet normal -0 0 -1
    outer loop
      vertex -75.0787 -34.611 0
      vertex -85 -60.5 0
      vertex -75.1733 -34.3323 0
    endloop
  endfacet
  facet normal 0 0 -1
    outer loop
      vertex -75.25 28.25 0
      vertex -76.1159 55.7413 0
      vertex -75.8849 55.6954 0
    endloop
  endfacet
  facet normal -0 0 -1
    outer loop
      vertex -75.1733 -34.3323 0
      vertex -85 -60.5 0
      vertex -75.2308 -34.0437 0
    endloop
  endfacet
  facet normal 0 0 -1
    outer loop
      vertex -75.25 28.25 0
      vertex -76.3388 55.817 0
      vertex -76.1159 55.7413 0
    endloop
  endfacet
  facet normal -0 0 -1
    outer loop
      vertex -75.25 -28.25 0
      vertex -85 -60.5 0
      vertex -75.25 28.25 0
    endloop
  endfacet
  facet normal 0 0 -1
    outer loop
      vertex -75.25 28.25 0
      vertex -76.55 55.9212 0
      vertex -76.3388 55.817 0
    endloop
  endfacet
  facet normal -0 0 -1
    outer loop
      vertex -75.25 -33.75 0
      vertex -85 -60.5 0
      vertex -75.25 -28.25 0
    endloop
  endfacet
  facet normal 0 0 -1
    outer loop
      vertex -85 60.5 0
      vertex -75.25 28.25 0
      vertex -85 -60.5 0
    endloop
  endfacet
  facet normal -0 0 -1
    outer loop
      vertex -75.2308 -34.0437 0
      vertex -85 -60.5 0
      vertex -75.25 -33.75 0
    endloop
  endfacet
  facet normal -0 -0 -1
    outer loop
      vertex -76.7458 56.052 0
      vertex -75.25 28.25 0
      vertex -85 60.5 0
    endloop
  endfacet
  facet normal 0 0 -1
    outer loop
      vertex -85 -60.5 0
      vertex -76.9228 -56.2072 0
      vertex -77.078 -56.3842 0
    endloop
  endfacet
  facet normal 0 0 -1
    outer loop
      vertex -75.25 28.25 0
      vertex -76.7458 56.052 0
      vertex -76.55 55.9212 0
    endloop
  endfacet
  facet normal 0 0 -1
    outer loop
      vertex -85 -60.5 0
      vertex -77.078 -56.3842 0
      vertex -77.2088 -56.58 0
    endloop
  endfacet
  facet normal 0 0 -1
    outer loop
      vertex -76.7458 56.052 0
      vertex -85 60.5 0
      vertex -76.9228 56.2072 0
    endloop
  endfacet
  facet normal 0 0 -1
    outer loop
      vertex -85 -60.5 0
      vertex -77.2088 -56.58 0
      vertex -77.313 -56.7912 0
    endloop
  endfacet
  facet normal 0 0 -1
    outer loop
      vertex -76.9228 56.2072 0
      vertex -85 60.5 0
      vertex -77.078 56.3842 0
    endloop
  endfacet
  facet normal 0 0 -1
    outer loop
      vertex -85 -60.5 0
      vertex -77.313 -56.7912 0
      vertex -77.3887 -57.0141 0
    endloop
  endfacet
  facet normal 0 0 -1
    outer loop
      vertex -77.078 56.3842 0
      vertex -85 60.5 0
      vertex -77.2088 56.58 0
    endloop
  endfacet
  facet normal 0 0 -1
    outer loop
      vertex -85 -60.5 0
      vertex -77.3887 -57.0141 0
      vertex -77.4346 -57.2451 0
    endloop
  endfacet
  facet normal 0 0 -1
    outer loop
      vertex -77.2088 56.58 0
      vertex -85 60.5 0
      vertex -77.313 56.7912 0
    endloop
  endfacet
  facet normal 0 0 -1
    outer loop
      vertex -85 -60.5 0
      vertex -77.4346 -57.2451 0
      vertex -77.45 -57.48 0
    endloop
  endfacet
  facet normal 0 0 -1
    outer loop
      vertex -77.313 56.7912 0
      vertex -85 60.5 0
      vertex -77.3887 57.0141 0
    endloop
  endfacet
  facet normal 0 0 -1
    outer loop
      vertex -67 -40.5 0
      vertex -70.8267 -27.6677 0
      vertex -67 40.5 0
    endloop
  endfacet
  facet normal 0 0 -1
    outer loop
      vertex -67 40.5 0
      vertex -70.7692 27.9563 0
      vertex -70.75 28.25 0
    endloop
  endfacet
  facet normal 0 0 -1
    outer loop
      vertex -70.8267 27.6677 0
      vertex -67 40.5 0
      vertex -70.8267 -27.6677 0
    endloop
  endfacet
  facet normal 0 0 -1
    outer loop
      vertex -67 40.5 0
      vertex -70.8267 27.6677 0
      vertex -70.7692 27.9563 0
    endloop
  endfacet
  facet normal 0 0 -1
    outer loop
      vertex -70.9213 -27.389 0
      vertex -70.8267 27.6677 0
      vertex -70.8267 -27.6677 0
    endloop
  endfacet
  facet normal 0 0 -1
    outer loop
      vertex -70.9213 -27.389 0
      vertex -70.9213 27.389 0
      vertex -70.8267 27.6677 0
    endloop
  endfacet
  facet normal 0 0 -1
    outer loop
      vertex -71.0514 -27.125 0
      vertex -70.9213 27.389 0
      vertex -70.9213 -27.389 0
    endloop
  endfacet
  facet normal 0 0 -1
    outer loop
      vertex -71.0514 -27.125 0
      vertex -71.0514 27.125 0
      vertex -70.9213 27.389 0
    endloop
  endfacet
  facet normal 0 0 -1
    outer loop
      vertex -71.215 -26.8803 0
      vertex -71.0514 27.125 0
      vertex -71.0514 -27.125 0
    endloop
  endfacet
  facet normal 0 0 -1
    outer loop
      vertex -71.215 -26.8803 0
      vertex -71.215 26.8803 0
      vertex -71.0514 27.125 0
    endloop
  endfacet
  facet normal 0 0 -1
    outer loop
      vertex -71.409 -26.659 0
      vertex -71.215 26.8803 0
      vertex -71.215 -26.8803 0
    endloop
  endfacet
  facet normal 0 0 -1
    outer loop
      vertex -71.409 -26.659 0
      vertex -71.409 26.659 0
      vertex -71.215 26.8803 0
    endloop
  endfacet
  facet normal 0 0 -1
    outer loop
      vertex -71.6303 -26.465 0
      vertex -71.409 26.659 0
      vertex -71.409 -26.659 0
    endloop
  endfacet
  facet normal 0 0 -1
    outer loop
      vertex -71.6303 -26.465 0
      vertex -71.6303 26.465 0
      vertex -71.409 26.659 0
    endloop
  endfacet
  facet normal 0 0 -1
    outer loop
      vertex -71.875 -26.3014 0
      vertex -71.6303 26.465 0
      vertex -71.6303 -26.465 0
    endloop
  endfacet
  facet normal 0 0 -1
    outer loop
      vertex -71.875 -26.3014 0
      vertex -71.875 26.3014 0
      vertex -71.6303 26.465 0
    endloop
  endfacet
  facet normal 0 0 -1
    outer loop
      vertex -72.139 -26.1713 0
      vertex -71.875 26.3014 0
      vertex -71.875 -26.3014 0
    endloop
  endfacet
  facet normal 0 0 -1
    outer loop
      vertex -72.139 -26.1713 0
      vertex -72.139 26.1713 0
      vertex -71.875 26.3014 0
    endloop
  endfacet
  facet normal 0 0 -1
    outer loop
      vertex -72.4177 -26.0767 0
      vertex -72.139 26.1713 0
      vertex -72.139 -26.1713 0
    endloop
  endfacet
  facet normal 0 0 -1
    outer loop
      vertex -72.4177 -26.0767 0
      vertex -72.4177 26.0767 0
      vertex -72.139 26.1713 0
    endloop
  endfacet
  facet normal 0 0 -1
    outer loop
      vertex -72.7063 -26.0192 0
      vertex -72.4177 26.0767 0
      vertex -72.4177 -26.0767 0
    endloop
  endfacet
  facet normal 0 0 -1
    outer loop
      vertex -72.7063 -26.0192 0
      vertex -72.7063 26.0192 0
      vertex -72.4177 26.0767 0
    endloop
  endfacet
  facet normal 0 0 -1
    outer loop
      vertex -73 -26 0
      vertex -72.7063 26.0192 0
      vertex -72.7063 -26.0192 0
    endloop
  endfacet
  facet normal 0 0 -1
    outer loop
      vertex -73 -26 0
      vertex -73 26 0
      vertex -72.7063 26.0192 0
    endloop
  endfacet
  facet normal 0 0 -1
    outer loop
      vertex -73.2937 -26.0192 0
      vertex -73 26 0
      vertex -73 -26 0
    endloop
  endfacet
  facet normal 0 0 -1
    outer loop
      vertex -73.2937 -26.0192 0
      vertex -73.2937 26.0192 0
      vertex -73 26 0
    endloop
  endfacet
  facet normal 0 0 -1
    outer loop
      vertex -73.5823 -26.0767 0
      vertex -73.2937 26.0192 0
      vertex -73.2937 -26.0192 0
    endloop
  endfacet
  facet normal 0 0 -1
    outer loop
      vertex -73.5823 -26.0767 0
      vertex -73.5823 26.0767 0
      vertex -73.2937 26.0192 0
    endloop
  endfacet
  facet normal 0 0 -1
    outer loop
      vertex -73.861 -26.1713 0
      vertex -73.5823 26.0767 0
      vertex -73.5823 -26.0767 0
    endloop
  endfacet
  facet normal 0 0 -1
    outer loop
      vertex -73.861 -26.1713 0
      vertex -73.861 26.1713 0
      vertex -73.5823 26.0767 0
    endloop
  endfacet
  facet normal 0 0 -1
    outer loop
      vertex -74.125 -26.3014 0
      vertex -73.861 26.1713 0
      vertex -73.861 -26.1713 0
    endloop
  endfacet
  facet normal 0 0 -1
    outer loop
      vertex -74.125 -26.3014 0
      vertex -74.125 26.3014 0
      vertex -73.861 26.1713 0
    endloop
  endfacet
  facet normal 0 0 -1
    outer loop
      vertex -74.3697 -26.465 0
      vertex -74.125 26.3014 0
      vertex -74.125 -26.3014 0
    endloop
  endfacet
  facet normal 0 0 -1
    outer loop
      vertex -74.3697 -26.465 0
      vertex -74.3697 26.465 0
      vertex -74.125 26.3014 0
    endloop
  endfacet
  facet normal 0 0 -1
    outer loop
      vertex -74.591 -26.659 0
      vertex -74.3697 26.465 0
      vertex -74.3697 -26.465 0
    endloop
  endfacet
  facet normal 0 0 -1
    outer loop
      vertex -74.591 -26.659 0
      vertex -74.591 26.659 0
      vertex -74.3697 26.465 0
    endloop
  endfacet
  facet normal 0 0 -1
    outer loop
      vertex -74.785 -26.8803 0
      vertex -74.591 26.659 0
      vertex -74.591 -26.659 0
    endloop
  endfacet
  facet normal 0 0 -1
    outer loop
      vertex -74.785 -26.8803 0
      vertex -74.785 26.8803 0
      vertex -74.591 26.659 0
    endloop
  endfacet
  facet normal 0 0 -1
    outer loop
      vertex -74.9486 -27.125 0
      vertex -74.785 26.8803 0
      vertex -74.785 -26.8803 0
    endloop
  endfacet
  facet normal 0 0 -1
    outer loop
      vertex -74.9486 -27.125 0
      vertex -74.9486 27.125 0
      vertex -74.785 26.8803 0
    endloop
  endfacet
  facet normal 0 0 -1
    outer loop
      vertex -75.0787 -27.389 0
      vertex -74.9486 27.125 0
      vertex -74.9486 -27.125 0
    endloop
  endfacet
  facet normal 0 0 -1
    outer loop
      vertex -75.0787 -27.389 0
      vertex -75.0787 27.389 0
      vertex -74.9486 27.125 0
    endloop
  endfacet
  facet normal 0 0 -1
    outer loop
      vertex -75.1733 -27.6677 0
      vertex -75.0787 27.389 0
      vertex -75.0787 -27.389 0
    endloop
  endfacet
  facet normal 0 0 -1
    outer loop
      vertex -75.1733 -27.6677 0
      vertex -75.1733 27.6677 0
      vertex -75.0787 27.389 0
    endloop
  endfacet
  facet normal 0 0 -1
    outer loop
      vertex -75.2308 -27.9563 0
      vertex -75.1733 27.6677 0
      vertex -75.1733 -27.6677 0
    endloop
  endfacet
  facet normal 0 0 -1
    outer loop
      vertex -75.2308 -27.9563 0
      vertex -75.2308 27.9563 0
      vertex -75.1733 27.6677 0
    endloop
  endfacet
  facet normal 0 0 -1
    outer loop
      vertex -75.25 -28.25 0
      vertex -75.2308 27.9563 0
      vertex -75.2308 -27.9563 0
    endloop
  endfacet
  facet normal -0 0 -1
    outer loop
      vertex -75.2308 27.9563 0
      vertex -75.25 -28.25 0
      vertex -75.25 28.25 0
    endloop
  endfacet
  facet normal 0 0 -1
    outer loop
      vertex 50.9829 -54.7389 0
      vertex 62 -45.5 0
      vertex 51 -55 0
    endloop
  endfacet
  facet normal 0 0 -1
    outer loop
      vertex 50.9319 -54.4824 0
      vertex 62 -45.5 0
      vertex 50.9829 -54.7389 0
    endloop
  endfacet
  facet normal 0 0 -1
    outer loop
      vertex 50.8478 -54.2346 0
      vertex 62 -45.5 0
      vertex 50.9319 -54.4824 0
    endloop
  endfacet
  facet normal 0 0 -1
    outer loop
      vertex 50.732 -54 0
      vertex 62 -45.5 0
      vertex 50.8478 -54.2346 0
    endloop
  endfacet
  facet normal 0 0 -1
    outer loop
      vertex 50.5867 -53.7825 0
      vertex 62 -45.5 0
      vertex 50.732 -54 0
    endloop
  endfacet
  facet normal 0 0 -1
    outer loop
      vertex 50.4142 -53.5858 0
      vertex 62 -45.5 0
      vertex 50.5867 -53.7825 0
    endloop
  endfacet
  facet normal 0 0 -1
    outer loop
      vertex 50.2175 -53.4133 0
      vertex 62 -45.5 0
      vertex 50.4142 -53.5858 0
    endloop
  endfacet
  facet normal 0 0 -1
    outer loop
      vertex 50 -53.2679 0
      vertex 62 -45.5 0
      vertex 50.2175 -53.4133 0
    endloop
  endfacet
  facet normal 0 0 -1
    outer loop
      vertex 49.7654 -53.1522 0
      vertex 62 -45.5 0
      vertex 50 -53.2679 0
    endloop
  endfacet
  facet normal 0 0 -1
    outer loop
      vertex 49.5176 -53.0681 0
      vertex 62 -45.5 0
      vertex 49.7654 -53.1522 0
    endloop
  endfacet
  facet normal 0 0 -1
    outer loop
      vertex 49.2611 -53.0171 0
      vertex 62 -45.5 0
      vertex 49.5176 -53.0681 0
    endloop
  endfacet
  facet normal 0 0 -1
    outer loop
      vertex 49 -53 0
      vertex 62 -45.5 0
      vertex 49.2611 -53.0171 0
    endloop
  endfacet
  facet normal 0 0 -1
    outer loop
      vertex 39 -53 0
      vertex 62 -45.5 0
      vertex 49 -53 0
    endloop
  endfacet
  facet normal 0 0 -1
    outer loop
      vertex 38.7389 -53.0171 0
      vertex 62 -45.5 0
      vertex 39 -53 0
    endloop
  endfacet
  facet normal 0 0 -1
    outer loop
      vertex 5.26105 -53.0171 0
      vertex 38.7389 -53.0171 0
      vertex 38.4824 -53.0681 0
    endloop
  endfacet
  facet normal 0 0 -1
    outer loop
      vertex 7 -55 0
      vertex 37.0171 -54.7389 0
      vertex 37 -55 0
    endloop
  endfacet
  facet normal 0 0 -1
    outer loop
      vertex 6.98289 -54.7389 0
      vertex 37.0171 -54.7389 0
      vertex 7 -55 0
    endloop
  endfacet
  facet normal 0 0 -1
    outer loop
      vertex 37.0171 -54.7389 0
      vertex 6.98289 -54.7389 0
      vertex 37.0681 -54.4824 0
    endloop
  endfacet
  facet normal 0 0 -1
    outer loop
      vertex 6.93185 -54.4824 0
      vertex 37.0681 -54.4824 0
      vertex 6.98289 -54.7389 0
    endloop
  endfacet
  facet normal 0 0 -1
    outer loop
      vertex 37.0681 -54.4824 0
      vertex 6.93185 -54.4824 0
      vertex 37.1522 -54.2346 0
    endloop
  endfacet
  facet normal 0 0 -1
    outer loop
      vertex 6.84776 -54.2346 0
      vertex 37.1522 -54.2346 0
      vertex 6.93185 -54.4824 0
    endloop
  endfacet
  facet normal 0 0 -1
    outer loop
      vertex 37.1522 -54.2346 0
      vertex 6.84776 -54.2346 0
      vertex 37.2679 -54 0
    endloop
  endfacet
  facet normal 0 0 -1
    outer loop
      vertex 6.73205 -54 0
      vertex 37.2679 -54 0
      vertex 6.84776 -54.2346 0
    endloop
  endfacet
  facet normal 0 0 -1
    outer loop
      vertex 37.2679 -54 0
      vertex 6.73205 -54 0
      vertex 37.4133 -53.7825 0
    endloop
  endfacet
  facet normal 0 0 -1
    outer loop
      vertex 6.58671 -53.7825 0
      vertex 37.4133 -53.7825 0
      vertex 6.73205 -54 0
    endloop
  endfacet
  facet normal 0 0 -1
    outer loop
      vertex 37.4133 -53.7825 0
      vertex 6.58671 -53.7825 0
      vertex 37.5858 -53.5858 0
    endloop
  endfacet
  facet normal 0 0 -1
    outer loop
      vertex 6.41421 -53.5858 0
      vertex 37.5858 -53.5858 0
      vertex 6.58671 -53.7825 0
    endloop
  endfacet
  facet normal 0 0 -1
    outer loop
      vertex 37.5858 -53.5858 0
      vertex 6.41421 -53.5858 0
      vertex 37.7825 -53.4133 0
    endloop
  endfacet
  facet normal 0 0 -1
    outer loop
      vertex 6.21752 -53.4133 0
      vertex 37.7825 -53.4133 0
      vertex 6.41421 -53.5858 0
    endloop
  endfacet
  facet normal 0 0 -1
    outer loop
      vertex 37.7825 -53.4133 0
      vertex 6.21752 -53.4133 0
      vertex 38 -53.2679 0
    endloop
  endfacet
  facet normal 0 0 -1
    outer loop
      vertex 6 -53.2679 0
      vertex 38 -53.2679 0
      vertex 6.21752 -53.4133 0
    endloop
  endfacet
  facet normal 0 0 -1
    outer loop
      vertex 38 -53.2679 0
      vertex 6 -53.2679 0
      vertex 38.2346 -53.1522 0
    endloop
  endfacet
  facet normal 0 0 -1
    outer loop
      vertex 5.76537 -53.1522 0
      vertex 38.2346 -53.1522 0
      vertex 6 -53.2679 0
    endloop
  endfacet
  facet normal 0 0 -1
    outer loop
      vertex 38.2346 -53.1522 0
      vertex 5.76537 -53.1522 0
      vertex 38.4824 -53.0681 0
    endloop
  endfacet
  facet normal 0 0 -1
    outer loop
      vertex 5.51764 -53.0681 0
      vertex 38.4824 -53.0681 0
      vertex 5.76537 -53.1522 0
    endloop
  endfacet
  facet normal 0 0 -1
    outer loop
      vertex 5.26105 -53.0171 0
      vertex 38.4824 -53.0681 0
      vertex 5.51764 -53.0681 0
    endloop
  endfacet
  facet normal 0 0 -1
    outer loop
      vertex 38.7389 -53.0171 0
      vertex 5.26105 -53.0171 0
      vertex 62 -45.5 0
    endloop
  endfacet
  facet normal 0 0 -1
    outer loop
      vertex 5 -53 0
      vertex 62 -45.5 0
      vertex 5.26105 -53.0171 0
    endloop
  endfacet
  facet normal 0 0 -1
    outer loop
      vertex -5 -53 0
      vertex 62 -45.5 0
      vertex 5 -53 0
    endloop
  endfacet
  facet normal 0 0 -1
    outer loop
      vertex -62 -45.5 0
      vertex -5 -53 0
      vertex -5.26105 -53.0171 0
    endloop
  endfacet
  facet normal 0 0 -1
    outer loop
      vertex -37 -55 0
      vertex -6.98289 -54.7389 0
      vertex -7 -55 0
    endloop
  endfacet
  facet normal 0 0 -1
    outer loop
      vertex -37.0171 -54.7389 0
      vertex -6.98289 -54.7389 0
      vertex -37 -55 0
    endloop
  endfacet
  facet normal 0 0 -1
    outer loop
      vertex -6.98289 -54.7389 0
      vertex -37.0171 -54.7389 0
      vertex -6.93185 -54.4824 0
    endloop
  endfacet
  facet normal 0 0 -1
    outer loop
      vertex -37.0681 -54.4824 0
      vertex -6.93185 -54.4824 0
      vertex -37.0171 -54.7389 0
    endloop
  endfacet
  facet normal 0 0 -1
    outer loop
      vertex -6.93185 -54.4824 0
      vertex -37.0681 -54.4824 0
      vertex -6.84776 -54.2346 0
    endloop
  endfacet
  facet normal 0 0 -1
    outer loop
      vertex -37.1522 -54.2346 0
      vertex -6.84776 -54.2346 0
      vertex -37.0681 -54.4824 0
    endloop
  endfacet
  facet normal 0 0 -1
    outer loop
      vertex -6.84776 -54.2346 0
      vertex -37.1522 -54.2346 0
      vertex -6.73205 -54 0
    endloop
  endfacet
  facet normal 0 0 -1
    outer loop
      vertex -37.2679 -54 0
      vertex -6.73205 -54 0
      vertex -37.1522 -54.2346 0
    endloop
  endfacet
  facet normal 0 0 -1
    outer loop
      vertex -6.73205 -54 0
      vertex -37.2679 -54 0
      vertex -6.58671 -53.7825 0
    endloop
  endfacet
  facet normal 0 0 -1
    outer loop
      vertex -37.4133 -53.7825 0
      vertex -6.58671 -53.7825 0
      vertex -37.2679 -54 0
    endloop
  endfacet
  facet normal 0 0 -1
    outer loop
      vertex -6.58671 -53.7825 0
      vertex -37.4133 -53.7825 0
      vertex -6.41421 -53.5858 0
    endloop
  endfacet
  facet normal 0 0 -1
    outer loop
      vertex -37.5858 -53.5858 0
      vertex -6.41421 -53.5858 0
      vertex -37.4133 -53.7825 0
    endloop
  endfacet
  facet normal 0 0 -1
    outer loop
      vertex -6.41421 -53.5858 0
      vertex -37.5858 -53.5858 0
      vertex -6.21752 -53.4133 0
    endloop
  endfacet
  facet normal 0 0 -1
    outer loop
      vertex -37.7825 -53.4133 0
      vertex -6.21752 -53.4133 0
      vertex -37.5858 -53.5858 0
    endloop
  endfacet
  facet normal 0 0 -1
    outer loop
      vertex -6.21752 -53.4133 0
      vertex -37.7825 -53.4133 0
      vertex -6 -53.2679 0
    endloop
  endfacet
  facet normal 0 0 -1
    outer loop
      vertex -38 -53.2679 0
      vertex -6 -53.2679 0
      vertex -37.7825 -53.4133 0
    endloop
  endfacet
  facet normal 0 0 -1
    outer loop
      vertex -6 -53.2679 0
      vertex -38 -53.2679 0
      vertex -5.76537 -53.1522 0
    endloop
  endfacet
  facet normal 0 0 -1
    outer loop
      vertex -38.2346 -53.1522 0
      vertex -5.76537 -53.1522 0
      vertex -38 -53.2679 0
    endloop
  endfacet
  facet normal 0 0 -1
    outer loop
      vertex -5.76537 -53.1522 0
      vertex -38.2346 -53.1522 0
      vertex -5.51764 -53.0681 0
    endloop
  endfacet
  facet normal 0 0 -1
    outer loop
      vertex -38.4824 -53.0681 0
      vertex -5.51764 -53.0681 0
      vertex -38.2346 -53.1522 0
    endloop
  endfacet
  facet normal 0 0 -1
    outer loop
      vertex -5.51764 -53.0681 0
      vertex -38.4824 -53.0681 0
      vertex -5.26105 -53.0171 0
    endloop
  endfacet
  facet normal 0 0 -1
    outer loop
      vertex -38.7389 -53.0171 0
      vertex -5.26105 -53.0171 0
      vertex -38.4824 -53.0681 0
    endloop
  endfacet
  facet normal 0 0 -1
    outer loop
      vertex -5.26105 -53.0171 0
      vertex -38.7389 -53.0171 0
      vertex -62 -45.5 0
    endloop
  endfacet
  facet normal 0 0 -1
    outer loop
      vertex -62 -45.5 0
      vertex -38.7389 -53.0171 0
      vertex -39 -53 0
    endloop
  endfacet
  facet normal 0 0 -1
    outer loop
      vertex -62 -45.5 0
      vertex -39 -53 0
      vertex -49 -53 0
    endloop
  endfacet
  facet normal 0 0 -1
    outer loop
      vertex -62 -45.5 0
      vertex -49 -53 0
      vertex -49.2611 -53.0171 0
    endloop
  endfacet
  facet normal 0 0 -1
    outer loop
      vertex -5 -53 0
      vertex -62 -45.5 0
      vertex 62 -45.5 0
    endloop
  endfacet
  facet normal 0 0 -1
    outer loop
      vertex -49.5176 -53.0681 0
      vertex -62 -45.5 0
      vertex -49.2611 -53.0171 0
    endloop
  endfacet
  facet normal 0 0 -1
    outer loop
      vertex -49.7654 -53.1522 0
      vertex -62 -45.5 0
      vertex -49.5176 -53.0681 0
    endloop
  endfacet
  facet normal 0 0 -1
    outer loop
      vertex -50 -53.2679 0
      vertex -62 -45.5 0
      vertex -49.7654 -53.1522 0
    endloop
  endfacet
  facet normal 0 0 -1
    outer loop
      vertex -50.2175 -53.4133 0
      vertex -62 -45.5 0
      vertex -50 -53.2679 0
    endloop
  endfacet
  facet normal 0 0 -1
    outer loop
      vertex -50.4142 -53.5858 0
      vertex -62 -45.5 0
      vertex -50.2175 -53.4133 0
    endloop
  endfacet
  facet normal 0 0 -1
    outer loop
      vertex -50.5867 -53.7825 0
      vertex -62 -45.5 0
      vertex -50.4142 -53.5858 0
    endloop
  endfacet
  facet normal 0 0 -1
    outer loop
      vertex -50.732 -54 0
      vertex -62 -45.5 0
      vertex -50.5867 -53.7825 0
    endloop
  endfacet
  facet normal 0 0 -1
    outer loop
      vertex -50.8478 -54.2346 0
      vertex -62 -45.5 0
      vertex -50.732 -54 0
    endloop
  endfacet
  facet normal 0 0 -1
    outer loop
      vertex -50.9319 -54.4824 0
      vertex -62 -45.5 0
      vertex -50.8478 -54.2346 0
    endloop
  endfacet
  facet normal 0 0 -1
    outer loop
      vertex -50.9829 -54.7389 0
      vertex -62 -45.5 0
      vertex -50.9319 -54.4824 0
    endloop
  endfacet
  facet normal 0 0 -1
    outer loop
      vertex -62 -45.5 0
      vertex -50.9829 -54.7389 0
      vertex -51 -55 0
    endloop
  endfacet
  facet normal 0 0 -1
    outer loop
      vertex -72.35 -55.9212 0
      vertex -64.5 -44.8301 0
      vertex -72.1542 -56.052 0
    endloop
  endfacet
  facet normal -0 0 -1
    outer loop
      vertex -64.5 -44.8301 0
      vertex -72.35 -55.9212 0
      vertex -65.0438 -44.4668 0
    endloop
  endfacet
  facet normal 0 0 -1
    outer loop
      vertex -72.5612 -55.817 0
      vertex -65.0438 -44.4668 0
      vertex -72.35 -55.9212 0
    endloop
  endfacet
  facet normal -0 0 -1
    outer loop
      vertex -65.0438 -44.4668 0
      vertex -72.5612 -55.817 0
      vertex -65.5355 -44.0355 0
    endloop
  endfacet
  facet normal 0 0 -1
    outer loop
      vertex -72.7841 -55.7413 0
      vertex -65.5355 -44.0355 0
      vertex -72.5612 -55.817 0
    endloop
  endfacet
  facet normal -0 0 -1
    outer loop
      vertex -65.5355 -44.0355 0
      vertex -72.7841 -55.7413 0
      vertex -65.9668 -43.5438 0
    endloop
  endfacet
  facet normal 0 0 -1
    outer loop
      vertex -66.8296 -41.7941 0
      vertex -71.6303 -35.535 0
      vertex -71.409 -35.341 0
    endloop
  endfacet
  facet normal 0 0 -1
    outer loop
      vertex -73.0151 -55.6954 0
      vertex -65.9668 -43.5438 0
      vertex -72.7841 -55.7413 0
    endloop
  endfacet
  facet normal 0 0 -1
    outer loop
      vertex -66.8296 -41.7941 0
      vertex -71.875 -35.6986 0
      vertex -71.6303 -35.535 0
    endloop
  endfacet
  facet normal 0 0 -1
    outer loop
      vertex -73.25 -55.68 0
      vertex -65.9668 -43.5438 0
      vertex -73.0151 -55.6954 0
    endloop
  endfacet
  facet normal 0 0 -1
    outer loop
      vertex -66.8296 -41.7941 0
      vertex -72.139 -35.8287 0
      vertex -71.875 -35.6986 0
    endloop
  endfacet
  facet normal -0 0 -1
    outer loop
      vertex -65.9668 -43.5438 0
      vertex -73.25 -55.68 0
      vertex -66.3301 -43 0
    endloop
  endfacet
  facet normal 0 0 -1
    outer loop
      vertex -66.8296 -41.7941 0
      vertex -72.4177 -35.9233 0
      vertex -72.139 -35.8287 0
    endloop
  endfacet
  facet normal 0 0 -1
    outer loop
      vertex -75.65 -55.68 0
      vertex -66.3301 -43 0
      vertex -73.25 -55.68 0
    endloop
  endfacet
  facet normal 0 0 -1
    outer loop
      vertex -66.8296 -41.7941 0
      vertex -72.7063 -35.9808 0
      vertex -72.4177 -35.9233 0
    endloop
  endfacet
  facet normal -0 0 -1
    outer loop
      vertex -66.3301 -43 0
      vertex -75.65 -55.68 0
      vertex -66.6194 -42.4134 0
    endloop
  endfacet
  facet normal 0 0 -1
    outer loop
      vertex -66.8296 -41.7941 0
      vertex -73 -36 0
      vertex -72.7063 -35.9808 0
    endloop
  endfacet
  facet normal 0 -0 -1
    outer loop
      vertex -73.5823 -35.9233 0
      vertex -66.6194 -42.4134 0
      vertex -75.65 -55.68 0
    endloop
  endfacet
  facet normal 0 0 -1
    outer loop
      vertex -66.8296 -41.7941 0
      vertex -73.2937 -35.9808 0
      vertex -73 -36 0
    endloop
  endfacet
  facet normal 0 0 -1
    outer loop
      vertex -66.6194 -42.4134 0
      vertex -73.5823 -35.9233 0
      vertex -66.8296 -41.7941 0
    endloop
  endfacet
  facet normal 0 0 -1
    outer loop
      vertex -66.8296 -41.7941 0
      vertex -73.5823 -35.9233 0
      vertex -73.2937 -35.9808 0
    endloop
  endfacet
  facet normal 0 0 -1
    outer loop
      vertex -75.8849 -55.6954 0
      vertex -73.5823 -35.9233 0
      vertex -75.65 -55.68 0
    endloop
  endfacet
  facet normal -0 0 -1
    outer loop
      vertex -73.5823 -35.9233 0
      vertex -75.8849 -55.6954 0
      vertex -73.861 -35.8287 0
    endloop
  endfacet
  facet normal 0 0 -1
    outer loop
      vertex -76.1159 -55.7413 0
      vertex -73.861 -35.8287 0
      vertex -75.8849 -55.6954 0
    endloop
  endfacet
  facet normal -0 0 -1
    outer loop
      vertex -73.861 -35.8287 0
      vertex -76.1159 -55.7413 0
      vertex -74.125 -35.6986 0
    endloop
  endfacet
  facet normal 0 0 -1
    outer loop
      vertex -76.3388 -55.817 0
      vertex -74.125 -35.6986 0
      vertex -76.1159 -55.7413 0
    endloop
  endfacet
  facet normal -0 0 -1
    outer loop
      vertex -74.125 -35.6986 0
      vertex -76.3388 -55.817 0
      vertex -74.3697 -35.535 0
    endloop
  endfacet
  facet normal 0 0 -1
    outer loop
      vertex -76.55 -55.9212 0
      vertex -74.3697 -35.535 0
      vertex -76.3388 -55.817 0
    endloop
  endfacet
  facet normal -0 0 -1
    outer loop
      vertex -74.3697 -35.535 0
      vertex -76.55 -55.9212 0
      vertex -74.591 -35.341 0
    endloop
  endfacet
  facet normal 0 0 -1
    outer loop
      vertex -76.9228 -56.2072 0
      vertex -74.785 -35.1197 0
      vertex -76.7458 -56.052 0
    endloop
  endfacet
  facet normal 0 0 -1
    outer loop
      vertex -85 -60.5 0
      vertex -74.785 -35.1197 0
      vertex -76.9228 -56.2072 0
    endloop
  endfacet
  facet normal -0 0 -1
    outer loop
      vertex -74.785 -35.1197 0
      vertex -85 -60.5 0
      vertex -74.9486 -34.875 0
    endloop
  endfacet
  facet normal -0 0 -1
    outer loop
      vertex -74.591 -35.341 0
      vertex -76.7458 -56.052 0
      vertex -74.785 -35.1197 0
    endloop
  endfacet
  facet normal 0 0 -1
    outer loop
      vertex -76.7458 -56.052 0
      vertex -74.591 -35.341 0
      vertex -76.55 -55.9212 0
    endloop
  endfacet
  facet normal 0 0 -1
    outer loop
      vertex 75.2308 27.9563 0
      vertex 85 60.5 0
      vertex 75.2308 -27.9563 0
    endloop
  endfacet
  facet normal 0 0 -1
    outer loop
      vertex 85 60.5 0
      vertex 75.2308 27.9563 0
      vertex 75.25 28.25 0
    endloop
  endfacet
  facet normal 0 0 -1
    outer loop
      vertex 75.1733 -27.6677 0
      vertex 75.2308 27.9563 0
      vertex 75.2308 -27.9563 0
    endloop
  endfacet
  facet normal 0 0 -1
    outer loop
      vertex 75.1733 -27.6677 0
      vertex 75.1733 27.6677 0
      vertex 75.2308 27.9563 0
    endloop
  endfacet
  facet normal 0 0 -1
    outer loop
      vertex 75.0787 -27.389 0
      vertex 75.1733 27.6677 0
      vertex 75.1733 -27.6677 0
    endloop
  endfacet
  facet normal 0 0 -1
    outer loop
      vertex 75.0787 -27.389 0
      vertex 75.0787 27.389 0
      vertex 75.1733 27.6677 0
    endloop
  endfacet
  facet normal 0 0 -1
    outer loop
      vertex 74.9486 -27.125 0
      vertex 75.0787 27.389 0
      vertex 75.0787 -27.389 0
    endloop
  endfacet
  facet normal 0 0 -1
    outer loop
      vertex 74.9486 -27.125 0
      vertex 74.9486 27.125 0
      vertex 75.0787 27.389 0
    endloop
  endfacet
  facet normal 0 0 -1
    outer loop
      vertex 74.785 -26.8803 0
      vertex 74.9486 27.125 0
      vertex 74.9486 -27.125 0
    endloop
  endfacet
  facet normal 0 0 -1
    outer loop
      vertex 74.785 -26.8803 0
      vertex 74.785 26.8803 0
      vertex 74.9486 27.125 0
    endloop
  endfacet
  facet normal 0 0 -1
    outer loop
      vertex 74.591 -26.659 0
      vertex 74.785 26.8803 0
      vertex 74.785 -26.8803 0
    endloop
  endfacet
  facet normal 0 0 -1
    outer loop
      vertex 74.591 -26.659 0
      vertex 74.591 26.659 0
      vertex 74.785 26.8803 0
    endloop
  endfacet
  facet normal 0 0 -1
    outer loop
      vertex 74.3697 -26.465 0
      vertex 74.591 26.659 0
      vertex 74.591 -26.659 0
    endloop
  endfacet
  facet normal 0 0 -1
    outer loop
      vertex 74.3697 -26.465 0
      vertex 74.3697 26.465 0
      vertex 74.591 26.659 0
    endloop
  endfacet
  facet normal 0 0 -1
    outer loop
      vertex 74.125 -26.3014 0
      vertex 74.3697 26.465 0
      vertex 74.3697 -26.465 0
    endloop
  endfacet
  facet normal 0 0 -1
    outer loop
      vertex 74.125 -26.3014 0
      vertex 74.125 26.3014 0
      vertex 74.3697 26.465 0
    endloop
  endfacet
  facet normal 0 0 -1
    outer loop
      vertex 73.861 -26.1713 0
      vertex 74.125 26.3014 0
      vertex 74.125 -26.3014 0
    endloop
  endfacet
  facet normal 0 0 -1
    outer loop
      vertex 73.861 -26.1713 0
      vertex 73.861 26.1713 0
      vertex 74.125 26.3014 0
    endloop
  endfacet
  facet normal 0 0 -1
    outer loop
      vertex 73.5823 -26.0767 0
      vertex 73.861 26.1713 0
      vertex 73.861 -26.1713 0
    endloop
  endfacet
  facet normal 0 0 -1
    outer loop
      vertex 73.5823 -26.0767 0
      vertex 73.5823 26.0767 0
      vertex 73.861 26.1713 0
    endloop
  endfacet
  facet normal 0 0 -1
    outer loop
      vertex 73.2937 -26.0192 0
      vertex 73.5823 26.0767 0
      vertex 73.5823 -26.0767 0
    endloop
  endfacet
  facet normal 0 0 -1
    outer loop
      vertex 73.2937 -26.0192 0
      vertex 73.2937 26.0192 0
      vertex 73.5823 26.0767 0
    endloop
  endfacet
  facet normal 0 0 -1
    outer loop
      vertex 73 -26 0
      vertex 73.2937 26.0192 0
      vertex 73.2937 -26.0192 0
    endloop
  endfacet
  facet normal 0 0 -1
    outer loop
      vertex 73 -26 0
      vertex 73 26 0
      vertex 73.2937 26.0192 0
    endloop
  endfacet
  facet normal 0 0 -1
    outer loop
      vertex 72.7063 -26.0192 0
      vertex 73 26 0
      vertex 73 -26 0
    endloop
  endfacet
  facet normal 0 0 -1
    outer loop
      vertex 72.7063 -26.0192 0
      vertex 72.7063 26.0192 0
      vertex 73 26 0
    endloop
  endfacet
  facet normal 0 0 -1
    outer loop
      vertex 72.4177 -26.0767 0
      vertex 72.7063 26.0192 0
      vertex 72.7063 -26.0192 0
    endloop
  endfacet
  facet normal 0 0 -1
    outer loop
      vertex 72.4177 -26.0767 0
      vertex 72.4177 26.0767 0
      vertex 72.7063 26.0192 0
    endloop
  endfacet
  facet normal 0 0 -1
    outer loop
      vertex 72.139 -26.1713 0
      vertex 72.4177 26.0767 0
      vertex 72.4177 -26.0767 0
    endloop
  endfacet
  facet normal 0 0 -1
    outer loop
      vertex 72.139 -26.1713 0
      vertex 72.139 26.1713 0
      vertex 72.4177 26.0767 0
    endloop
  endfacet
  facet normal 0 0 -1
    outer loop
      vertex 71.875 -26.3014 0
      vertex 72.139 26.1713 0
      vertex 72.139 -26.1713 0
    endloop
  endfacet
  facet normal 0 0 -1
    outer loop
      vertex 71.875 -26.3014 0
      vertex 71.875 26.3014 0
      vertex 72.139 26.1713 0
    endloop
  endfacet
  facet normal 0 0 -1
    outer loop
      vertex 71.6303 -26.465 0
      vertex 71.875 26.3014 0
      vertex 71.875 -26.3014 0
    endloop
  endfacet
  facet normal 0 0 -1
    outer loop
      vertex 71.6303 -26.465 0
      vertex 71.6303 26.465 0
      vertex 71.875 26.3014 0
    endloop
  endfacet
  facet normal 0 0 -1
    outer loop
      vertex 71.409 -26.659 0
      vertex 71.6303 26.465 0
      vertex 71.6303 -26.465 0
    endloop
  endfacet
  facet normal 0 0 -1
    outer loop
      vertex 71.409 -26.659 0
      vertex 71.409 26.659 0
      vertex 71.6303 26.465 0
    endloop
  endfacet
  facet normal 0 0 -1
    outer loop
      vertex 71.215 -26.8803 0
      vertex 71.409 26.659 0
      vertex 71.409 -26.659 0
    endloop
  endfacet
  facet normal 0 0 -1
    outer loop
      vertex 71.215 -26.8803 0
      vertex 71.215 26.8803 0
      vertex 71.409 26.659 0
    endloop
  endfacet
  facet normal 0 0 -1
    outer loop
      vertex 71.0514 -27.125 0
      vertex 71.215 26.8803 0
      vertex 71.215 -26.8803 0
    endloop
  endfacet
  facet normal 0 0 -1
    outer loop
      vertex 71.0514 -27.125 0
      vertex 71.0514 27.125 0
      vertex 71.215 26.8803 0
    endloop
  endfacet
  facet normal 0 0 -1
    outer loop
      vertex 70.9213 -27.389 0
      vertex 71.0514 27.125 0
      vertex 71.0514 -27.125 0
    endloop
  endfacet
  facet normal 0 0 -1
    outer loop
      vertex 70.9213 -27.389 0
      vertex 70.9213 27.389 0
      vertex 71.0514 27.125 0
    endloop
  endfacet
  facet normal 0 0 -1
    outer loop
      vertex 70.8267 -27.6677 0
      vertex 70.9213 27.389 0
      vertex 70.9213 -27.389 0
    endloop
  endfacet
  facet normal 0 0 -1
    outer loop
      vertex 70.8267 -27.6677 0
      vertex 70.8267 27.6677 0
      vertex 70.9213 27.389 0
    endloop
  endfacet
  facet normal 0 0 -1
    outer loop
      vertex 67 -40.5 0
      vertex 70.8267 -27.6677 0
      vertex 70.7692 -27.9563 0
    endloop
  endfacet
  facet normal -0 0 -1
    outer loop
      vertex 70.8267 -27.6677 0
      vertex 67 -40.5 0
      vertex 70.8267 27.6677 0
    endloop
  endfacet
  facet normal 0 0 -1
    outer loop
      vertex 67 -40.5 0
      vertex 70.7692 -27.9563 0
      vertex 70.75 -28.25 0
    endloop
  endfacet
  facet normal 0 0 -1
    outer loop
      vertex 67 40.5 0
      vertex 70.8267 27.6677 0
      vertex 67 -40.5 0
    endloop
  endfacet
  facet normal 0 0 -1
    outer loop
      vertex 75.2308 -27.9563 0
      vertex 85 -60.5 0
      vertex 75.25 -28.25 0
    endloop
  endfacet
  facet normal 0 0 -1
    outer loop
      vertex 85 60.5 0
      vertex 77.4346 57.2451 0
      vertex 77.45 57.48 0
    endloop
  endfacet
  facet normal 0 0 -1
    outer loop
      vertex 75.25 -33.75 0
      vertex 77.4346 -57.2451 0
      vertex 77.3887 -57.0141 0
    endloop
  endfacet
  facet normal 0 0 -1
    outer loop
      vertex 85 -60.5 0
      vertex 75.2308 -27.9563 0
      vertex 85 60.5 0
    endloop
  endfacet
  facet normal 0 0 -1
    outer loop
      vertex 75.2308 -34.0437 0
      vertex 77.3887 -57.0141 0
      vertex 77.313 -56.7912 0
    endloop
  endfacet
  facet normal 0 0 -1
    outer loop
      vertex 75.25 33.75 0
      vertex 85 60.5 0
      vertex 75.25 28.25 0
    endloop
  endfacet
  facet normal 0 0 -1
    outer loop
      vertex 75.1733 -34.3323 0
      vertex 77.313 -56.7912 0
      vertex 77.2088 -56.58 0
    endloop
  endfacet
  facet normal 0 0 -1
    outer loop
      vertex 75.2308 34.0437 0
      vertex 85 60.5 0
      vertex 75.25 33.75 0
    endloop
  endfacet
  facet normal 0 0 -1
    outer loop
      vertex 75.0787 -34.611 0
      vertex 77.2088 -56.58 0
      vertex 77.078 -56.3842 0
    endloop
  endfacet
  facet normal 0 0 -1
    outer loop
      vertex 85 60.5 0
      vertex 77.3887 57.0141 0
      vertex 77.4346 57.2451 0
    endloop
  endfacet
  facet normal 0 0 -1
    outer loop
      vertex 74.9486 -34.875 0
      vertex 77.078 -56.3842 0
      vertex 76.9228 -56.2072 0
    endloop
  endfacet
  facet normal 0 0 -1
    outer loop
      vertex 75.1733 34.3323 0
      vertex 85 60.5 0
      vertex 75.2308 34.0437 0
    endloop
  endfacet
  facet normal 0 0 -1
    outer loop
      vertex 74.785 -35.1197 0
      vertex 76.9228 -56.2072 0
      vertex 76.7458 -56.052 0
    endloop
  endfacet
  facet normal 0 0 -1
    outer loop
      vertex 85 60.5 0
      vertex 77.313 56.7912 0
      vertex 77.3887 57.0141 0
    endloop
  endfacet
  facet normal 0 0 -1
    outer loop
      vertex 74.591 -35.341 0
      vertex 76.7458 -56.052 0
      vertex 76.55 -55.9212 0
    endloop
  endfacet
  facet normal 0 0 -1
    outer loop
      vertex 75.0787 34.611 0
      vertex 85 60.5 0
      vertex 75.1733 34.3323 0
    endloop
  endfacet
  facet normal 0 0 -1
    outer loop
      vertex 74.3697 -35.535 0
      vertex 76.55 -55.9212 0
      vertex 76.3388 -55.817 0
    endloop
  endfacet
  facet normal 0 0 -1
    outer loop
      vertex 85 60.5 0
      vertex 77.2088 56.58 0
      vertex 77.313 56.7912 0
    endloop
  endfacet
  facet normal 0 0 -1
    outer loop
      vertex 74.125 -35.6986 0
      vertex 76.3388 -55.817 0
      vertex 76.1159 -55.7413 0
    endloop
  endfacet
  facet normal 0 0 -1
    outer loop
      vertex 74.9486 34.875 0
      vertex 85 60.5 0
      vertex 75.0787 34.611 0
    endloop
  endfacet
  facet normal 0 0 -1
    outer loop
      vertex 73.861 -35.8287 0
      vertex 76.1159 -55.7413 0
      vertex 75.8849 -55.6954 0
    endloop
  endfacet
  facet normal 0 0 -1
    outer loop
      vertex 85 60.5 0
      vertex 77.078 56.3842 0
      vertex 77.2088 56.58 0
    endloop
  endfacet
  facet normal 0 0 -1
    outer loop
      vertex 73.5823 -35.9233 0
      vertex 75.8849 -55.6954 0
      vertex 75.65 -55.68 0
    endloop
  endfacet
  facet normal 0 0 -1
    outer loop
      vertex 74.785 35.1197 0
      vertex 85 60.5 0
      vertex 74.9486 34.875 0
    endloop
  endfacet
  facet normal 0 0 -1
    outer loop
      vertex 77.4346 -57.2451 0
      vertex 75.25 -33.75 0
      vertex 75.25 -28.25 0
    endloop
  endfacet
  facet normal 0 0 -1
    outer loop
      vertex 77.3887 -57.0141 0
      vertex 75.2308 -34.0437 0
      vertex 75.25 -33.75 0
    endloop
  endfacet
  facet normal 0 0 -1
    outer loop
      vertex 77.313 -56.7912 0
      vertex 75.1733 -34.3323 0
      vertex 75.2308 -34.0437 0
    endloop
  endfacet
  facet normal 0 0 -1
    outer loop
      vertex 77.2088 -56.58 0
      vertex 75.0787 -34.611 0
      vertex 75.1733 -34.3323 0
    endloop
  endfacet
  facet normal 0 0 -1
    outer loop
      vertex 77.078 -56.3842 0
      vertex 74.9486 -34.875 0
      vertex 75.0787 -34.611 0
    endloop
  endfacet
  facet normal 0 0 -1
    outer loop
      vertex 76.9228 -56.2072 0
      vertex 74.785 -35.1197 0
      vertex 74.9486 -34.875 0
    endloop
  endfacet
  facet normal 0 0 -1
    outer loop
      vertex 76.7458 -56.052 0
      vertex 74.591 -35.341 0
      vertex 74.785 -35.1197 0
    endloop
  endfacet
  facet normal 0 0 -1
    outer loop
      vertex 76.55 -55.9212 0
      vertex 74.3697 -35.535 0
      vertex 74.591 -35.341 0
    endloop
  endfacet
  facet normal 0 0 -1
    outer loop
      vertex 76.3388 -55.817 0
      vertex 74.125 -35.6986 0
      vertex 74.3697 -35.535 0
    endloop
  endfacet
  facet normal 0 0 -1
    outer loop
      vertex 76.1159 -55.7413 0
      vertex 73.861 -35.8287 0
      vertex 74.125 -35.6986 0
    endloop
  endfacet
  facet normal 0 0 -1
    outer loop
      vertex 75.8849 -55.6954 0
      vertex 73.5823 -35.9233 0
      vertex 73.861 -35.8287 0
    endloop
  endfacet
  facet normal 0 0 -1
    outer loop
      vertex 66.6194 -42.4134 0
      vertex 73.5823 -35.9233 0
      vertex 75.65 -55.68 0
    endloop
  endfacet
  facet normal 0 0 -1
    outer loop
      vertex 66.3301 -43 0
      vertex 75.65 -55.68 0
      vertex 73.25 -55.68 0
    endloop
  endfacet
  facet normal 0 0 -1
    outer loop
      vertex 65.9668 -43.5438 0
      vertex 73.25 -55.68 0
      vertex 73.0151 -55.6954 0
    endloop
  endfacet
  facet normal 0 -0 -1
    outer loop
      vertex 66.8296 -41.7941 0
      vertex 73.5823 -35.9233 0
      vertex 66.6194 -42.4134 0
    endloop
  endfacet
  facet normal 0 0 -1
    outer loop
      vertex 65.9668 -43.5438 0
      vertex 73.0151 -55.6954 0
      vertex 72.7841 -55.7413 0
    endloop
  endfacet
  facet normal 0 0 -1
    outer loop
      vertex 73.5823 -35.9233 0
      vertex 66.8296 -41.7941 0
      vertex 73.2937 -35.9808 0
    endloop
  endfacet
  facet normal 0 0 -1
    outer loop
      vertex 65.5355 -44.0355 0
      vertex 72.7841 -55.7413 0
      vertex 72.5612 -55.817 0
    endloop
  endfacet
  facet normal 0 0 -1
    outer loop
      vertex 73.2937 -35.9808 0
      vertex 66.8296 -41.7941 0
      vertex 73 -36 0
    endloop
  endfacet
  facet normal 0 0 -1
    outer loop
      vertex 65.0438 -44.4668 0
      vertex 72.5612 -55.817 0
      vertex 72.35 -55.9212 0
    endloop
  endfacet
  facet normal 0 0 -1
    outer loop
      vertex 64.5 -44.8301 0
      vertex 72.35 -55.9212 0
      vertex 72.1542 -56.052 0
    endloop
  endfacet
  facet normal 0 -0 -1
    outer loop
      vertex 66.9572 -41.1526 0
      vertex 73 -36 0
      vertex 66.8296 -41.7941 0
    endloop
  endfacet
  facet normal 0 0 -1
    outer loop
      vertex 64.5 -44.8301 0
      vertex 72.1542 -56.052 0
      vertex 71.9772 -56.2072 0
    endloop
  endfacet
  facet normal -0 0 -1
    outer loop
      vertex 73 -36 0
      vertex 66.9572 -41.1526 0
      vertex 72.7063 -35.9808 0
    endloop
  endfacet
  facet normal 0 0 -1
    outer loop
      vertex 63.9134 -45.1194 0
      vertex 71.9772 -56.2072 0
      vertex 71.822 -56.3842 0
    endloop
  endfacet
  facet normal 0 0 -1
    outer loop
      vertex 63.2941 -45.3296 0
      vertex 71.822 -56.3842 0
      vertex 71.6912 -56.58 0
    endloop
  endfacet
  facet normal 0 -0 -1
    outer loop
      vertex 67 -40.5 0
      vertex 72.7063 -35.9808 0
      vertex 66.9572 -41.1526 0
    endloop
  endfacet
  facet normal 0 0 -1
    outer loop
      vertex 63.2941 -45.3296 0
      vertex 71.6912 -56.58 0
      vertex 71.587 -56.7912 0
    endloop
  endfacet
  facet normal 0 0 -1
    outer loop
      vertex 62.6526 -45.4572 0
      vertex 71.587 -56.7912 0
      vertex 71.5113 -57.0141 0
    endloop
  endfacet
  facet normal 0 0 -1
    outer loop
      vertex 62 -45.5 0
      vertex 71.5113 -57.0141 0
      vertex 71.4654 -57.2451 0
    endloop
  endfacet
  facet normal 0 0 -1
    outer loop
      vertex 50.9829 -55.2611 0
      vertex 71.4654 -57.2451 0
      vertex 71.45 -57.48 0
    endloop
  endfacet
  facet normal -0 0 -1
    outer loop
      vertex 72.4177 -35.9233 0
      vertex 67 -40.5 0
      vertex 72.139 -35.8287 0
    endloop
  endfacet
  facet normal 0 0 -1
    outer loop
      vertex 77.2088 -58.38 0
      vertex 85 -60.5 0
      vertex 84.9658 -61.0221 0
    endloop
  endfacet
  facet normal 0 0 -1
    outer loop
      vertex 77.4346 -57.2451 0
      vertex 85 -60.5 0
      vertex 77.45 -57.48 0
    endloop
  endfacet
  facet normal 0 0 -1
    outer loop
      vertex 77.2088 -58.38 0
      vertex 84.9658 -61.0221 0
      vertex 84.8637 -61.5353 0
    endloop
  endfacet
  facet normal 0 0 -1
    outer loop
      vertex 75.25 -28.25 0
      vertex 85 -60.5 0
      vertex 77.4346 -57.2451 0
    endloop
  endfacet
  facet normal 0 0 -1
    outer loop
      vertex 77.2088 -58.38 0
      vertex 84.8637 -61.5353 0
      vertex 84.6955 -62.0307 0
    endloop
  endfacet
  facet normal 0 0 -1
    outer loop
      vertex 77.4346 57.7149 0
      vertex 85 60.5 0
      vertex 77.45 57.48 0
    endloop
  endfacet
  facet normal 0 0 -1
    outer loop
      vertex 77.2088 -58.38 0
      vertex 84.6955 -62.0307 0
      vertex 84.4641 -62.5 0
    endloop
  endfacet
  facet normal 0 0 -1
    outer loop
      vertex 77.3887 57.9459 0
      vertex 85 60.5 0
      vertex 77.4346 57.7149 0
    endloop
  endfacet
  facet normal 0 0 -1
    outer loop
      vertex 77.2088 -58.38 0
      vertex 84.4641 -62.5 0
      vertex 84.1734 -62.935 0
    endloop
  endfacet
  facet normal 0 0 -1
    outer loop
      vertex 77.313 58.1688 0
      vertex 85 60.5 0
      vertex 77.3887 57.9459 0
    endloop
  endfacet
  facet normal 0 0 -1
    outer loop
      vertex 77.2088 -58.38 0
      vertex 84.1734 -62.935 0
      vertex 83.8284 -63.3284 0
    endloop
  endfacet
  facet normal 0 0 -1
    outer loop
      vertex 77.2088 58.38 0
      vertex 85 60.5 0
      vertex 77.313 58.1688 0
    endloop
  endfacet
  facet normal 0 0 -1
    outer loop
      vertex 77.2088 -58.38 0
      vertex 83.8284 -63.3284 0
      vertex 83.435 -63.6734 0
    endloop
  endfacet
  facet normal -0 0 -1
    outer loop
      vertex 85 60.5 0
      vertex 77.2088 58.38 0
      vertex 84.9658 61.0221 0
    endloop
  endfacet
  facet normal 0 0 -1
    outer loop
      vertex 77.2088 -58.38 0
      vertex 83.435 -63.6734 0
      vertex 83 -63.9641 0
    endloop
  endfacet
  facet normal -0 0 -1
    outer loop
      vertex 84.9658 61.0221 0
      vertex 77.2088 58.38 0
      vertex 84.8637 61.5353 0
    endloop
  endfacet
  facet normal 0 0 -1
    outer loop
      vertex 77.2088 -58.38 0
      vertex 83 -63.9641 0
      vertex 82.5307 -64.1955 0
    endloop
  endfacet
  facet normal -0 0 -1
    outer loop
      vertex 84.8637 61.5353 0
      vertex 77.2088 58.38 0
      vertex 84.6955 62.0307 0
    endloop
  endfacet
  facet normal 0 0 -1
    outer loop
      vertex 77.2088 -58.38 0
      vertex 82.5307 -64.1955 0
      vertex 82.0353 -64.3637 0
    endloop
  endfacet
  facet normal -0 0 -1
    outer loop
      vertex 84.6955 62.0307 0
      vertex 77.2088 58.38 0
      vertex 84.4641 62.5 0
    endloop
  endfacet
  facet normal 0 0 -1
    outer loop
      vertex 77.2088 -58.38 0
      vertex 82.0353 -64.3637 0
      vertex 81.5221 -64.4658 0
    endloop
  endfacet
  facet normal -0 0 -1
    outer loop
      vertex 84.4641 62.5 0
      vertex 77.2088 58.38 0
      vertex 84.1734 62.935 0
    endloop
  endfacet
  facet normal 0 0 -1
    outer loop
      vertex 77.2088 -58.38 0
      vertex 81.5221 -64.4658 0
      vertex 81 -64.5 0
    endloop
  endfacet
  facet normal -0 0 -1
    outer loop
      vertex 84.1734 62.935 0
      vertex 77.2088 58.38 0
      vertex 83.8284 63.3284 0
    endloop
  endfacet
  facet normal -0 0 -1
    outer loop
      vertex 83.8284 63.3284 0
      vertex 77.2088 58.38 0
      vertex 83.435 63.6734 0
    endloop
  endfacet
  facet normal 0 0 -1
    outer loop
      vertex 85 -60.5 0
      vertex 77.4346 -57.7149 0
      vertex 77.45 -57.48 0
    endloop
  endfacet
  facet normal 0 0 -1
    outer loop
      vertex 85 -60.5 0
      vertex 77.3887 -57.9459 0
      vertex 77.4346 -57.7149 0
    endloop
  endfacet
  facet normal 0 0 -1
    outer loop
      vertex 85 -60.5 0
      vertex 77.313 -58.1688 0
      vertex 77.3887 -57.9459 0
    endloop
  endfacet
  facet normal 0 0 -1
    outer loop
      vertex 85 -60.5 0
      vertex 77.2088 -58.38 0
      vertex 77.313 -58.1688 0
    endloop
  endfacet
  facet normal 0 0 -1
    outer loop
      vertex 81 -64.5 0
      vertex 77.078 -58.5758 0
      vertex 77.2088 -58.38 0
    endloop
  endfacet
  facet normal 0 0 -1
    outer loop
      vertex 81 -64.5 0
      vertex 76.9228 -58.7528 0
      vertex 77.078 -58.5758 0
    endloop
  endfacet
  facet normal 0 0 -1
    outer loop
      vertex 81 -64.5 0
      vertex 76.7458 -58.908 0
      vertex 76.9228 -58.7528 0
    endloop
  endfacet
  facet normal 0 0 -1
    outer loop
      vertex 81 -64.5 0
      vertex 76.55 -59.0388 0
      vertex 76.7458 -58.908 0
    endloop
  endfacet
  facet normal 0 0 -1
    outer loop
      vertex 81 -64.5 0
      vertex 76.3388 -59.143 0
      vertex 76.55 -59.0388 0
    endloop
  endfacet
  facet normal 0 0 -1
    outer loop
      vertex 81 -64.5 0
      vertex 76.1159 -59.2187 0
      vertex 76.3388 -59.143 0
    endloop
  endfacet
  facet normal 0 0 -1
    outer loop
      vertex 81 -64.5 0
      vertex 75.8849 -59.2646 0
      vertex 76.1159 -59.2187 0
    endloop
  endfacet
  facet normal 0 0 -1
    outer loop
      vertex 81 -64.5 0
      vertex 75.65 -59.28 0
      vertex 75.8849 -59.2646 0
    endloop
  endfacet
  facet normal 0 0 -1
    outer loop
      vertex 81 -64.5 0
      vertex 73.25 -59.28 0
      vertex 75.65 -59.28 0
    endloop
  endfacet
  facet normal 0 0 -1
    outer loop
      vertex 81 -64.5 0
      vertex 73.0151 -59.2646 0
      vertex 73.25 -59.28 0
    endloop
  endfacet
  facet normal 0 0 -1
    outer loop
      vertex 81 -64.5 0
      vertex 72.7841 -59.2187 0
      vertex 73.0151 -59.2646 0
    endloop
  endfacet
  facet normal 0 0 -1
    outer loop
      vertex 81 -64.5 0
      vertex 72.5612 -59.143 0
      vertex 72.7841 -59.2187 0
    endloop
  endfacet
  facet normal 0 0 -1
    outer loop
      vertex 49.5176 -56.9319 0
      vertex 72.5612 -59.143 0
      vertex 81 -64.5 0
    endloop
  endfacet
  facet normal -0 0 -1
    outer loop
      vertex 72.139 -35.8287 0
      vertex 67 -40.5 0
      vertex 71.875 -35.6986 0
    endloop
  endfacet
  facet normal -0 0 -1
    outer loop
      vertex 71.875 -35.6986 0
      vertex 67 -40.5 0
      vertex 71.6303 -35.535 0
    endloop
  endfacet
  facet normal -0 0 -1
    outer loop
      vertex 71.6303 -35.535 0
      vertex 67 -40.5 0
      vertex 71.409 -35.341 0
    endloop
  endfacet
  facet normal -0 0 -1
    outer loop
      vertex 71.409 -35.341 0
      vertex 67 -40.5 0
      vertex 71.215 -35.1197 0
    endloop
  endfacet
  facet normal -0 0 -1
    outer loop
      vertex 71.215 -35.1197 0
      vertex 67 -40.5 0
      vertex 71.0514 -34.875 0
    endloop
  endfacet
  facet normal -0 0 -1
    outer loop
      vertex 71.0514 -34.875 0
      vertex 67 -40.5 0
      vertex 70.9213 -34.611 0
    endloop
  endfacet
  facet normal 0 0 -1
    outer loop
      vertex 67 -40.5 0
      vertex 70.75 -28.25 0
      vertex 70.75 -33.75 0
    endloop
  endfacet
  facet normal 0 0 -1
    outer loop
      vertex 70.8267 27.6677 0
      vertex 67 40.5 0
      vertex 70.7692 27.9563 0
    endloop
  endfacet
  facet normal 0 0 -1
    outer loop
      vertex 70.7692 27.9563 0
      vertex 67 40.5 0
      vertex 70.75 28.25 0
    endloop
  endfacet
  facet normal -0 0 -1
    outer loop
      vertex 70.9213 -34.611 0
      vertex 67 -40.5 0
      vertex 70.8267 -34.3323 0
    endloop
  endfacet
  facet normal 0 0 -1
    outer loop
      vertex 50.9319 -55.5176 0
      vertex 71.45 -57.48 0
      vertex 71.4654 -57.7149 0
    endloop
  endfacet
  facet normal 0 0 -1
    outer loop
      vertex 50.8478 -55.7654 0
      vertex 71.4654 -57.7149 0
      vertex 71.5113 -57.9459 0
    endloop
  endfacet
  facet normal -0 0 -1
    outer loop
      vertex 70.7692 -34.0437 0
      vertex 67 -40.5 0
      vertex 70.75 -33.75 0
    endloop
  endfacet
  facet normal -0 0 -1
    outer loop
      vertex 70.8267 -34.3323 0
      vertex 67 -40.5 0
      vertex 70.7692 -34.0437 0
    endloop
  endfacet
  facet normal -0 0 -1
    outer loop
      vertex 72.7063 -35.9808 0
      vertex 67 -40.5 0
      vertex 72.4177 -35.9233 0
    endloop
  endfacet
  facet normal 0 0 -1
    outer loop
      vertex 75.65 -55.68 0
      vertex 66.3301 -43 0
      vertex 66.6194 -42.4134 0
    endloop
  endfacet
  facet normal 0 0 -1
    outer loop
      vertex 50.732 -56 0
      vertex 71.5113 -57.9459 0
      vertex 71.587 -58.1688 0
    endloop
  endfacet
  facet normal 0 0 -1
    outer loop
      vertex 73.25 -55.68 0
      vertex 65.9668 -43.5438 0
      vertex 66.3301 -43 0
    endloop
  endfacet
  facet normal 0 0 -1
    outer loop
      vertex 72.7841 -55.7413 0
      vertex 65.5355 -44.0355 0
      vertex 65.9668 -43.5438 0
    endloop
  endfacet
  facet normal 0 0 -1
    outer loop
      vertex 72.5612 -55.817 0
      vertex 65.0438 -44.4668 0
      vertex 65.5355 -44.0355 0
    endloop
  endfacet
  facet normal 0 0 -1
    outer loop
      vertex 72.35 -55.9212 0
      vertex 64.5 -44.8301 0
      vertex 65.0438 -44.4668 0
    endloop
  endfacet
  facet normal 0 0 -1
    outer loop
      vertex 50.5867 -56.2175 0
      vertex 71.587 -58.1688 0
      vertex 71.6912 -58.38 0
    endloop
  endfacet
  facet normal 0 0 -1
    outer loop
      vertex 71.9772 -56.2072 0
      vertex 63.9134 -45.1194 0
      vertex 64.5 -44.8301 0
    endloop
  endfacet
  facet normal 0 0 -1
    outer loop
      vertex 71.822 -56.3842 0
      vertex 63.2941 -45.3296 0
      vertex 63.9134 -45.1194 0
    endloop
  endfacet
  facet normal 0 0 -1
    outer loop
      vertex 71.587 -56.7912 0
      vertex 62.6526 -45.4572 0
      vertex 63.2941 -45.3296 0
    endloop
  endfacet
  facet normal 0 0 -1
    outer loop
      vertex 50.4142 -56.4142 0
      vertex 71.6912 -58.38 0
      vertex 71.822 -58.5758 0
    endloop
  endfacet
  facet normal 0 0 -1
    outer loop
      vertex 71.5113 -57.0141 0
      vertex 62 -45.5 0
      vertex 62.6526 -45.4572 0
    endloop
  endfacet
  facet normal 0 0 -1
    outer loop
      vertex 71.4654 -57.2451 0
      vertex 50.9829 -55.2611 0
      vertex 62 -45.5 0
    endloop
  endfacet
  facet normal 0 0 -1
    outer loop
      vertex 50.2175 -56.5867 0
      vertex 71.822 -58.5758 0
      vertex 71.9772 -58.7528 0
    endloop
  endfacet
  facet normal 0 0 -1
    outer loop
      vertex 50 -56.732 0
      vertex 71.9772 -58.7528 0
      vertex 72.1542 -58.908 0
    endloop
  endfacet
  facet normal 0 0 -1
    outer loop
      vertex 49.7654 -56.8478 0
      vertex 72.1542 -58.908 0
      vertex 72.35 -59.0388 0
    endloop
  endfacet
  facet normal 0 0 -1
    outer loop
      vertex 72.5612 -59.143 0
      vertex 49.5176 -56.9319 0
      vertex 72.35 -59.0388 0
    endloop
  endfacet
  facet normal 0 0 -1
    outer loop
      vertex 62 -45.5 0
      vertex 50.9829 -55.2611 0
      vertex 51 -55 0
    endloop
  endfacet
  facet normal 0 0 -1
    outer loop
      vertex 71.45 -57.48 0
      vertex 50.9319 -55.5176 0
      vertex 50.9829 -55.2611 0
    endloop
  endfacet
  facet normal 0 0 -1
    outer loop
      vertex 71.4654 -57.7149 0
      vertex 50.8478 -55.7654 0
      vertex 50.9319 -55.5176 0
    endloop
  endfacet
  facet normal 0 0 -1
    outer loop
      vertex 71.5113 -57.9459 0
      vertex 50.732 -56 0
      vertex 50.8478 -55.7654 0
    endloop
  endfacet
  facet normal 0 0 -1
    outer loop
      vertex 71.587 -58.1688 0
      vertex 50.5867 -56.2175 0
      vertex 50.732 -56 0
    endloop
  endfacet
  facet normal 0 0 -1
    outer loop
      vertex 71.6912 -58.38 0
      vertex 50.4142 -56.4142 0
      vertex 50.5867 -56.2175 0
    endloop
  endfacet
  facet normal 0 0 -1
    outer loop
      vertex 71.822 -58.5758 0
      vertex 50.2175 -56.5867 0
      vertex 50.4142 -56.4142 0
    endloop
  endfacet
  facet normal 0 0 -1
    outer loop
      vertex 71.9772 -58.7528 0
      vertex 50 -56.732 0
      vertex 50.2175 -56.5867 0
    endloop
  endfacet
  facet normal 0 0 -1
    outer loop
      vertex 72.1542 -58.908 0
      vertex 49.7654 -56.8478 0
      vertex 50 -56.732 0
    endloop
  endfacet
  facet normal 0 0 -1
    outer loop
      vertex 72.35 -59.0388 0
      vertex 49.5176 -56.9319 0
      vertex 49.7654 -56.8478 0
    endloop
  endfacet
  facet normal 0 0 -1
    outer loop
      vertex 81 -64.5 0
      vertex 49.2611 -56.9829 0
      vertex 49.5176 -56.9319 0
    endloop
  endfacet
  facet normal 0 0 -1
    outer loop
      vertex 81 -64.5 0
      vertex 49 -57 0
      vertex 49.2611 -56.9829 0
    endloop
  endfacet
  facet normal 0 0 -1
    outer loop
      vertex 81 -64.5 0
      vertex 39 -57 0
      vertex 49 -57 0
    endloop
  endfacet
  facet normal 0 0 -1
    outer loop
      vertex 81 -64.5 0
      vertex 38.7389 -56.9829 0
      vertex 39 -57 0
    endloop
  endfacet
  facet normal 0 0 -1
    outer loop
      vertex 37.0171 -55.2611 0
      vertex 7 -55 0
      vertex 37 -55 0
    endloop
  endfacet
  facet normal 0 0 -1
    outer loop
      vertex 6.98289 -55.2611 0
      vertex 37.0171 -55.2611 0
      vertex 37.0681 -55.5176 0
    endloop
  endfacet
  facet normal 0 0 -1
    outer loop
      vertex 6.93185 -55.5176 0
      vertex 37.0681 -55.5176 0
      vertex 37.1522 -55.7654 0
    endloop
  endfacet
  facet normal 0 0 -1
    outer loop
      vertex 6.84776 -55.7654 0
      vertex 37.1522 -55.7654 0
      vertex 37.2679 -56 0
    endloop
  endfacet
  facet normal 0 0 -1
    outer loop
      vertex 6.73205 -56 0
      vertex 37.2679 -56 0
      vertex 37.4133 -56.2175 0
    endloop
  endfacet
  facet normal 0 0 -1
    outer loop
      vertex 6.58671 -56.2175 0
      vertex 37.4133 -56.2175 0
      vertex 37.5858 -56.4142 0
    endloop
  endfacet
  facet normal 0 0 -1
    outer loop
      vertex 6.41421 -56.4142 0
      vertex 37.5858 -56.4142 0
      vertex 37.7825 -56.5867 0
    endloop
  endfacet
  facet normal 0 0 -1
    outer loop
      vertex 6.21752 -56.5867 0
      vertex 37.7825 -56.5867 0
      vertex 38 -56.732 0
    endloop
  endfacet
  facet normal 0 0 -1
    outer loop
      vertex 6 -56.732 0
      vertex 38 -56.732 0
      vertex 38.2346 -56.8478 0
    endloop
  endfacet
  facet normal 0 0 -1
    outer loop
      vertex 5.76537 -56.8478 0
      vertex 38.2346 -56.8478 0
      vertex 38.4824 -56.9319 0
    endloop
  endfacet
  facet normal 0 0 -1
    outer loop
      vertex 5.51764 -56.9319 0
      vertex 38.4824 -56.9319 0
      vertex 38.7389 -56.9829 0
    endloop
  endfacet
  facet normal 0 0 -1
    outer loop
      vertex 5.26105 -56.9829 0
      vertex 38.7389 -56.9829 0
      vertex 81 -64.5 0
    endloop
  endfacet
  facet normal 0 0 -1
    outer loop
      vertex 37.0171 -55.2611 0
      vertex 6.98289 -55.2611 0
      vertex 7 -55 0
    endloop
  endfacet
  facet normal 0 0 -1
    outer loop
      vertex 37.0681 -55.5176 0
      vertex 6.93185 -55.5176 0
      vertex 6.98289 -55.2611 0
    endloop
  endfacet
  facet normal 0 0 -1
    outer loop
      vertex 37.1522 -55.7654 0
      vertex 6.84776 -55.7654 0
      vertex 6.93185 -55.5176 0
    endloop
  endfacet
  facet normal 0 0 -1
    outer loop
      vertex 37.2679 -56 0
      vertex 6.73205 -56 0
      vertex 6.84776 -55.7654 0
    endloop
  endfacet
  facet normal 0 0 -1
    outer loop
      vertex 37.4133 -56.2175 0
      vertex 6.58671 -56.2175 0
      vertex 6.73205 -56 0
    endloop
  endfacet
  facet normal 0 0 -1
    outer loop
      vertex 37.5858 -56.4142 0
      vertex 6.41421 -56.4142 0
      vertex 6.58671 -56.2175 0
    endloop
  endfacet
  facet normal 0 0 -1
    outer loop
      vertex 37.7825 -56.5867 0
      vertex 6.21752 -56.5867 0
      vertex 6.41421 -56.4142 0
    endloop
  endfacet
  facet normal 0 0 -1
    outer loop
      vertex 38 -56.732 0
      vertex 6 -56.732 0
      vertex 6.21752 -56.5867 0
    endloop
  endfacet
  facet normal 0 0 -1
    outer loop
      vertex 38.2346 -56.8478 0
      vertex 5.76537 -56.8478 0
      vertex 6 -56.732 0
    endloop
  endfacet
  facet normal 0 0 -1
    outer loop
      vertex 38.4824 -56.9319 0
      vertex 5.51764 -56.9319 0
      vertex 5.76537 -56.8478 0
    endloop
  endfacet
  facet normal 0 0 -1
    outer loop
      vertex 38.7389 -56.9829 0
      vertex 5.26105 -56.9829 0
      vertex 5.51764 -56.9319 0
    endloop
  endfacet
  facet normal 0 0 -1
    outer loop
      vertex 81 -64.5 0
      vertex 5 -57 0
      vertex 5.26105 -56.9829 0
    endloop
  endfacet
  facet normal 0 0 -1
    outer loop
      vertex 81 -64.5 0
      vertex -5 -57 0
      vertex 5 -57 0
    endloop
  endfacet
  facet normal 0 0 -1
    outer loop
      vertex -81 -64.5 0
      vertex -5 -57 0
      vertex 81 -64.5 0
    endloop
  endfacet
  facet normal 0 0 -1
    outer loop
      vertex -6.98289 -55.2611 0
      vertex -37 -55 0
      vertex -7 -55 0
    endloop
  endfacet
  facet normal 0 0 -1
    outer loop
      vertex -37.0171 -55.2611 0
      vertex -6.98289 -55.2611 0
      vertex -6.93185 -55.5176 0
    endloop
  endfacet
  facet normal 0 0 -1
    outer loop
      vertex -37.0681 -55.5176 0
      vertex -6.93185 -55.5176 0
      vertex -6.84776 -55.7654 0
    endloop
  endfacet
  facet normal 0 0 -1
    outer loop
      vertex -37.1522 -55.7654 0
      vertex -6.84776 -55.7654 0
      vertex -6.73205 -56 0
    endloop
  endfacet
  facet normal 0 0 -1
    outer loop
      vertex -37.2679 -56 0
      vertex -6.73205 -56 0
      vertex -6.58671 -56.2175 0
    endloop
  endfacet
  facet normal 0 0 -1
    outer loop
      vertex -37.4133 -56.2175 0
      vertex -6.58671 -56.2175 0
      vertex -6.41421 -56.4142 0
    endloop
  endfacet
  facet normal 0 0 -1
    outer loop
      vertex -37.5858 -56.4142 0
      vertex -6.41421 -56.4142 0
      vertex -6.21752 -56.5867 0
    endloop
  endfacet
  facet normal 0 0 -1
    outer loop
      vertex -37.7825 -56.5867 0
      vertex -6.21752 -56.5867 0
      vertex -6 -56.732 0
    endloop
  endfacet
  facet normal 0 0 -1
    outer loop
      vertex -38 -56.732 0
      vertex -6 -56.732 0
      vertex -5.76537 -56.8478 0
    endloop
  endfacet
  facet normal 0 0 -1
    outer loop
      vertex -38.2346 -56.8478 0
      vertex -5.76537 -56.8478 0
      vertex -5.51764 -56.9319 0
    endloop
  endfacet
  facet normal 0 0 -1
    outer loop
      vertex -38.4824 -56.9319 0
      vertex -5.51764 -56.9319 0
      vertex -5.26105 -56.9829 0
    endloop
  endfacet
  facet normal -0 0 -1
    outer loop
      vertex -5 -57 0
      vertex -81 -64.5 0
      vertex -5.26105 -56.9829 0
    endloop
  endfacet
  facet normal 0 0 -1
    outer loop
      vertex -6.98289 -55.2611 0
      vertex -37.0171 -55.2611 0
      vertex -37 -55 0
    endloop
  endfacet
  facet normal 0 0 -1
    outer loop
      vertex -6.93185 -55.5176 0
      vertex -37.0681 -55.5176 0
      vertex -37.0171 -55.2611 0
    endloop
  endfacet
  facet normal 0 0 -1
    outer loop
      vertex -6.84776 -55.7654 0
      vertex -37.1522 -55.7654 0
      vertex -37.0681 -55.5176 0
    endloop
  endfacet
  facet normal 0 0 -1
    outer loop
      vertex -6.73205 -56 0
      vertex -37.2679 -56 0
      vertex -37.1522 -55.7654 0
    endloop
  endfacet
  facet normal 0 0 -1
    outer loop
      vertex -6.58671 -56.2175 0
      vertex -37.4133 -56.2175 0
      vertex -37.2679 -56 0
    endloop
  endfacet
  facet normal 0 0 -1
    outer loop
      vertex -6.41421 -56.4142 0
      vertex -37.5858 -56.4142 0
      vertex -37.4133 -56.2175 0
    endloop
  endfacet
  facet normal 0 0 -1
    outer loop
      vertex -6.21752 -56.5867 0
      vertex -37.7825 -56.5867 0
      vertex -37.5858 -56.4142 0
    endloop
  endfacet
  facet normal 0 0 -1
    outer loop
      vertex -6 -56.732 0
      vertex -38 -56.732 0
      vertex -37.7825 -56.5867 0
    endloop
  endfacet
  facet normal 0 0 -1
    outer loop
      vertex -5.76537 -56.8478 0
      vertex -38.2346 -56.8478 0
      vertex -38 -56.732 0
    endloop
  endfacet
  facet normal 0 0 -1
    outer loop
      vertex -5.51764 -56.9319 0
      vertex -38.4824 -56.9319 0
      vertex -38.2346 -56.8478 0
    endloop
  endfacet
  facet normal 0 0 -1
    outer loop
      vertex -5.26105 -56.9829 0
      vertex -38.7389 -56.9829 0
      vertex -38.4824 -56.9319 0
    endloop
  endfacet
  facet normal -0 0 -1
    outer loop
      vertex -5.26105 -56.9829 0
      vertex -81 -64.5 0
      vertex -38.7389 -56.9829 0
    endloop
  endfacet
  facet normal 0 0 -1
    outer loop
      vertex -38.7389 -56.9829 0
      vertex -81 -64.5 0
      vertex -39 -57 0
    endloop
  endfacet
  facet normal 0 0 -1
    outer loop
      vertex -50.9829 -55.2611 0
      vertex -62 -45.5 0
      vertex -51 -55 0
    endloop
  endfacet
  facet normal 0 0 -1
    outer loop
      vertex -71.45 -57.48 0
      vertex -50.9829 -55.2611 0
      vertex -50.9319 -55.5176 0
    endloop
  endfacet
  facet normal 0 0 -1
    outer loop
      vertex -71.4654 -57.7149 0
      vertex -50.9319 -55.5176 0
      vertex -50.8478 -55.7654 0
    endloop
  endfacet
  facet normal 0 0 -1
    outer loop
      vertex -71.5113 -57.9459 0
      vertex -50.8478 -55.7654 0
      vertex -50.732 -56 0
    endloop
  endfacet
  facet normal 0 0 -1
    outer loop
      vertex -71.587 -58.1688 0
      vertex -50.732 -56 0
      vertex -50.5867 -56.2175 0
    endloop
  endfacet
  facet normal 0 0 -1
    outer loop
      vertex -71.6912 -58.38 0
      vertex -50.5867 -56.2175 0
      vertex -50.4142 -56.4142 0
    endloop
  endfacet
  facet normal 0 0 -1
    outer loop
      vertex -71.4654 -57.2451 0
      vertex -50.9829 -55.2611 0
      vertex -71.45 -57.48 0
    endloop
  endfacet
  facet normal -0 0 -1
    outer loop
      vertex -50.9829 -55.2611 0
      vertex -71.4654 -57.2451 0
      vertex -62 -45.5 0
    endloop
  endfacet
  facet normal 0 0 -1
    outer loop
      vertex -71.822 -58.5758 0
      vertex -50.4142 -56.4142 0
      vertex -50.2175 -56.5867 0
    endloop
  endfacet
  facet normal 0 0 -1
    outer loop
      vertex -71.5113 -57.0141 0
      vertex -62 -45.5 0
      vertex -71.4654 -57.2451 0
    endloop
  endfacet
  facet normal -0 0 -1
    outer loop
      vertex -62 -45.5 0
      vertex -71.5113 -57.0141 0
      vertex -62.6526 -45.4572 0
    endloop
  endfacet
  facet normal 0 0 -1
    outer loop
      vertex -71.587 -56.7912 0
      vertex -62.6526 -45.4572 0
      vertex -71.5113 -57.0141 0
    endloop
  endfacet
  facet normal 0 0 -1
    outer loop
      vertex -70.75 -28.25 0
      vertex -67 -40.5 0
      vertex -70.75 -33.75 0
    endloop
  endfacet
  facet normal 0 0 -1
    outer loop
      vertex -71.409 -35.341 0
      vertex -67 -40.5 0
      vertex -66.9572 -41.1526 0
    endloop
  endfacet
  facet normal 0 0 -1
    outer loop
      vertex -71.409 -35.341 0
      vertex -66.9572 -41.1526 0
      vertex -66.8296 -41.7941 0
    endloop
  endfacet
  facet normal -0 0 -1
    outer loop
      vertex -63.9134 -45.1194 0
      vertex -71.9772 -56.2072 0
      vertex -64.5 -44.8301 0
    endloop
  endfacet
  facet normal 0 0 -1
    outer loop
      vertex -67 -40.5 0
      vertex -70.7692 -34.0437 0
      vertex -70.75 -33.75 0
    endloop
  endfacet
  facet normal 0 0 -1
    outer loop
      vertex -71.9772 -56.2072 0
      vertex -63.9134 -45.1194 0
      vertex -71.822 -56.3842 0
    endloop
  endfacet
  facet normal 0 0 -1
    outer loop
      vertex -67 -40.5 0
      vertex -70.8267 -34.3323 0
      vertex -70.7692 -34.0437 0
    endloop
  endfacet
  facet normal 0 0 -1
    outer loop
      vertex -67 -40.5 0
      vertex -70.9213 -34.611 0
      vertex -70.8267 -34.3323 0
    endloop
  endfacet
  facet normal 0 0 -1
    outer loop
      vertex -67 -40.5 0
      vertex -71.0514 -34.875 0
      vertex -70.9213 -34.611 0
    endloop
  endfacet
  facet normal 0 0 -1
    outer loop
      vertex -67 -40.5 0
      vertex -71.215 -35.1197 0
      vertex -71.0514 -34.875 0
    endloop
  endfacet
  facet normal 0 0 -1
    outer loop
      vertex -67 -40.5 0
      vertex -71.409 -35.341 0
      vertex -71.215 -35.1197 0
    endloop
  endfacet
  facet normal 0 0 -1
    outer loop
      vertex -72.1542 -56.052 0
      vertex -64.5 -44.8301 0
      vertex -71.9772 -56.2072 0
    endloop
  endfacet
  facet normal -0 0 -1
    outer loop
      vertex -63.2941 -45.3296 0
      vertex -71.822 -56.3842 0
      vertex -63.9134 -45.1194 0
    endloop
  endfacet
  facet normal 0 0 -1
    outer loop
      vertex -71.822 -56.3842 0
      vertex -63.2941 -45.3296 0
      vertex -71.6912 -56.58 0
    endloop
  endfacet
  facet normal 0 0 -1
    outer loop
      vertex -71.6912 -56.58 0
      vertex -63.2941 -45.3296 0
      vertex -71.587 -56.7912 0
    endloop
  endfacet
  facet normal -0 0 -1
    outer loop
      vertex -62.6526 -45.4572 0
      vertex -71.587 -56.7912 0
      vertex -63.2941 -45.3296 0
    endloop
  endfacet
  facet normal 0 0 -1
    outer loop
      vertex -71.9772 -58.7528 0
      vertex -50.2175 -56.5867 0
      vertex -50 -56.732 0
    endloop
  endfacet
  facet normal 0 0 -1
    outer loop
      vertex -72.1542 -58.908 0
      vertex -50 -56.732 0
      vertex -49.7654 -56.8478 0
    endloop
  endfacet
  facet normal 0 0 -1
    outer loop
      vertex -72.35 -59.0388 0
      vertex -49.7654 -56.8478 0
      vertex -49.5176 -56.9319 0
    endloop
  endfacet
  facet normal 0 0 -1
    outer loop
      vertex -81 -64.5 0
      vertex -49.5176 -56.9319 0
      vertex -49.2611 -56.9829 0
    endloop
  endfacet
  facet normal 0 0 -1
    outer loop
      vertex -81 -64.5 0
      vertex -49.2611 -56.9829 0
      vertex -49 -57 0
    endloop
  endfacet
  facet normal -0 0 -1
    outer loop
      vertex -39 -57 0
      vertex -81 -64.5 0
      vertex -49 -57 0
    endloop
  endfacet
  facet normal 0 0 -1
    outer loop
      vertex -50.9319 -55.5176 0
      vertex -71.4654 -57.7149 0
      vertex -71.45 -57.48 0
    endloop
  endfacet
  facet normal 0 0 -1
    outer loop
      vertex -50.8478 -55.7654 0
      vertex -71.5113 -57.9459 0
      vertex -71.4654 -57.7149 0
    endloop
  endfacet
  facet normal 0 0 -1
    outer loop
      vertex -50.732 -56 0
      vertex -71.587 -58.1688 0
      vertex -71.5113 -57.9459 0
    endloop
  endfacet
  facet normal 0 0 -1
    outer loop
      vertex -50.5867 -56.2175 0
      vertex -71.6912 -58.38 0
      vertex -71.587 -58.1688 0
    endloop
  endfacet
  facet normal 0 0 -1
    outer loop
      vertex -50.4142 -56.4142 0
      vertex -71.822 -58.5758 0
      vertex -71.6912 -58.38 0
    endloop
  endfacet
  facet normal 0 0 -1
    outer loop
      vertex -50.2175 -56.5867 0
      vertex -71.9772 -58.7528 0
      vertex -71.822 -58.5758 0
    endloop
  endfacet
  facet normal 0 0 -1
    outer loop
      vertex -50 -56.732 0
      vertex -72.1542 -58.908 0
      vertex -71.9772 -58.7528 0
    endloop
  endfacet
  facet normal 0 0 -1
    outer loop
      vertex -49.7654 -56.8478 0
      vertex -72.35 -59.0388 0
      vertex -72.1542 -58.908 0
    endloop
  endfacet
  facet normal 0 0 -1
    outer loop
      vertex -49.5176 -56.9319 0
      vertex -81 -64.5 0
      vertex -72.5612 -59.143 0
    endloop
  endfacet
  facet normal 0 0 -1
    outer loop
      vertex -49.5176 -56.9319 0
      vertex -72.5612 -59.143 0
      vertex -72.35 -59.0388 0
    endloop
  endfacet
  facet normal 0 0 -1
    outer loop
      vertex -72.5612 -59.143 0
      vertex -81 -64.5 0
      vertex -72.7841 -59.2187 0
    endloop
  endfacet
  facet normal 0 0 -1
    outer loop
      vertex -72.7841 -59.2187 0
      vertex -81 -64.5 0
      vertex -73.0151 -59.2646 0
    endloop
  endfacet
  facet normal 0 0 -1
    outer loop
      vertex -73.0151 -59.2646 0
      vertex -81 -64.5 0
      vertex -73.25 -59.28 0
    endloop
  endfacet
  facet normal -0 0 -1
    outer loop
      vertex -77.4346 -57.7149 0
      vertex -85 -60.5 0
      vertex -77.45 -57.48 0
    endloop
  endfacet
  facet normal -0 0 -1
    outer loop
      vertex -77.3887 -57.9459 0
      vertex -85 -60.5 0
      vertex -77.4346 -57.7149 0
    endloop
  endfacet
  facet normal -0 0 -1
    outer loop
      vertex -77.313 -58.1688 0
      vertex -85 -60.5 0
      vertex -77.3887 -57.9459 0
    endloop
  endfacet
  facet normal -0 0 -1
    outer loop
      vertex -77.2088 -58.38 0
      vertex -85 -60.5 0
      vertex -77.313 -58.1688 0
    endloop
  endfacet
  facet normal 0 0 -1
    outer loop
      vertex -85 -60.5 0
      vertex -77.2088 -58.38 0
      vertex -81 -64.5 0
    endloop
  endfacet
  facet normal -0 0 -1
    outer loop
      vertex -77.078 -58.5758 0
      vertex -81 -64.5 0
      vertex -77.2088 -58.38 0
    endloop
  endfacet
  facet normal -0 0 -1
    outer loop
      vertex -76.9228 -58.7528 0
      vertex -81 -64.5 0
      vertex -77.078 -58.5758 0
    endloop
  endfacet
  facet normal -0 0 -1
    outer loop
      vertex -76.7458 -58.908 0
      vertex -81 -64.5 0
      vertex -76.9228 -58.7528 0
    endloop
  endfacet
  facet normal -0 0 -1
    outer loop
      vertex -76.55 -59.0388 0
      vertex -81 -64.5 0
      vertex -76.7458 -58.908 0
    endloop
  endfacet
  facet normal -0 0 -1
    outer loop
      vertex -76.3388 -59.143 0
      vertex -81 -64.5 0
      vertex -76.55 -59.0388 0
    endloop
  endfacet
  facet normal -0 0 -1
    outer loop
      vertex -76.1159 -59.2187 0
      vertex -81 -64.5 0
      vertex -76.3388 -59.143 0
    endloop
  endfacet
  facet normal -0 0 -1
    outer loop
      vertex -75.8849 -59.2646 0
      vertex -81 -64.5 0
      vertex -76.1159 -59.2187 0
    endloop
  endfacet
  facet normal -0 0 -1
    outer loop
      vertex -75.65 -59.28 0
      vertex -81 -64.5 0
      vertex -75.8849 -59.2646 0
    endloop
  endfacet
  facet normal -0 0 -1
    outer loop
      vertex -73.25 -59.28 0
      vertex -81 -64.5 0
      vertex -75.65 -59.28 0
    endloop
  endfacet
  facet normal -0 0 -1
    outer loop
      vertex 83.435 63.6734 0
      vertex 77.2088 58.38 0
      vertex 83 63.9641 0
    endloop
  endfacet
  facet normal -0 0 -1
    outer loop
      vertex 83 63.9641 0
      vertex 77.2088 58.38 0
      vertex 82.5307 64.1955 0
    endloop
  endfacet
  facet normal -0 0 -1
    outer loop
      vertex 82.5307 64.1955 0
      vertex 77.2088 58.38 0
      vertex 82.0353 64.3637 0
    endloop
  endfacet
  facet normal -0 0 -1
    outer loop
      vertex 82.0353 64.3637 0
      vertex 77.2088 58.38 0
      vertex 81.5221 64.4658 0
    endloop
  endfacet
  facet normal -0 0 -1
    outer loop
      vertex 81.5221 64.4658 0
      vertex 77.2088 58.38 0
      vertex 81 64.5 0
    endloop
  endfacet
  facet normal 0 0 -1
    outer loop
      vertex 77.078 58.5758 0
      vertex 81 64.5 0
      vertex 77.2088 58.38 0
    endloop
  endfacet
  facet normal 0 0 -1
    outer loop
      vertex 76.9228 58.7528 0
      vertex 81 64.5 0
      vertex 77.078 58.5758 0
    endloop
  endfacet
  facet normal 0 0 -1
    outer loop
      vertex 76.7458 58.908 0
      vertex 81 64.5 0
      vertex 76.9228 58.7528 0
    endloop
  endfacet
  facet normal 0 0 -1
    outer loop
      vertex 76.55 59.0388 0
      vertex 81 64.5 0
      vertex 76.7458 58.908 0
    endloop
  endfacet
  facet normal 0 0 -1
    outer loop
      vertex 76.3388 59.143 0
      vertex 81 64.5 0
      vertex 76.55 59.0388 0
    endloop
  endfacet
  facet normal 0 0 -1
    outer loop
      vertex 76.1159 59.2187 0
      vertex 81 64.5 0
      vertex 76.3388 59.143 0
    endloop
  endfacet
  facet normal 0 0 -1
    outer loop
      vertex 75.8849 59.2646 0
      vertex 81 64.5 0
      vertex 76.1159 59.2187 0
    endloop
  endfacet
  facet normal 0 0 -1
    outer loop
      vertex 75.65 59.28 0
      vertex 81 64.5 0
      vertex 75.8849 59.2646 0
    endloop
  endfacet
  facet normal 0 0 -1
    outer loop
      vertex 73.25 59.28 0
      vertex 81 64.5 0
      vertex 75.65 59.28 0
    endloop
  endfacet
  facet normal 0 0 -1
    outer loop
      vertex 73.0151 59.2646 0
      vertex 81 64.5 0
      vertex 73.25 59.28 0
    endloop
  endfacet
  facet normal 0 0 -1
    outer loop
      vertex 72.7841 59.2187 0
      vertex 81 64.5 0
      vertex 73.0151 59.2646 0
    endloop
  endfacet
  facet normal 0 0 -1
    outer loop
      vertex 72.5612 59.143 0
      vertex 81 64.5 0
      vertex 72.7841 59.2187 0
    endloop
  endfacet
  facet normal 0 0 -1
    outer loop
      vertex 72.35 59.0388 0
      vertex 81 64.5 0
      vertex 72.5612 59.143 0
    endloop
  endfacet
  facet normal -0 0 -1
    outer loop
      vertex 72.35 55.9212 0
      vertex 64.5 44.8301 0
      vertex 72.1542 56.052 0
    endloop
  endfacet
  facet normal 0 0 -1
    outer loop
      vertex 67 40.5 0
      vertex 71.215 35.1197 0
      vertex 71.0514 34.875 0
    endloop
  endfacet
  facet normal 0 0 -1
    outer loop
      vertex 67 40.5 0
      vertex 71.0514 34.875 0
      vertex 70.9213 34.611 0
    endloop
  endfacet
  facet normal 0 0 -1
    outer loop
      vertex 67 40.5 0
      vertex 70.9213 34.611 0
      vertex 70.8267 34.3323 0
    endloop
  endfacet
  facet normal 0 0 -1
    outer loop
      vertex 67 40.5 0
      vertex 70.8267 34.3323 0
      vertex 70.7692 34.0437 0
    endloop
  endfacet
  facet normal 0 0 -1
    outer loop
      vertex 67 40.5 0
      vertex 70.7692 34.0437 0
      vertex 70.75 33.75 0
    endloop
  endfacet
  facet normal 0 0 -1
    outer loop
      vertex 70.75 28.25 0
      vertex 67 40.5 0
      vertex 70.75 33.75 0
    endloop
  endfacet
  facet normal 0 0 -1
    outer loop
      vertex 71.215 35.1197 0
      vertex 67 40.5 0
      vertex 66.9572 41.1526 0
    endloop
  endfacet
  facet normal 0 0 -1
    outer loop
      vertex 71.215 35.1197 0
      vertex 66.9572 41.1526 0
      vertex 66.8296 41.7941 0
    endloop
  endfacet
  facet normal -0 0 -1
    outer loop
      vertex 72.1542 56.052 0
      vertex 64.5 44.8301 0
      vertex 71.9772 56.2072 0
    endloop
  endfacet
  facet normal 0 0 -1
    outer loop
      vertex 63.9134 45.1194 0
      vertex 71.9772 56.2072 0
      vertex 64.5 44.8301 0
    endloop
  endfacet
  facet normal -0 0 -1
    outer loop
      vertex 71.9772 56.2072 0
      vertex 63.9134 45.1194 0
      vertex 71.822 56.3842 0
    endloop
  endfacet
  facet normal 0 0 -1
    outer loop
      vertex 63.2941 45.3296 0
      vertex 71.822 56.3842 0
      vertex 63.9134 45.1194 0
    endloop
  endfacet
  facet normal -0 0 -1
    outer loop
      vertex 71.822 56.3842 0
      vertex 63.2941 45.3296 0
      vertex 71.6912 56.58 0
    endloop
  endfacet
  facet normal -0 0 -1
    outer loop
      vertex 71.6912 56.58 0
      vertex 63.2941 45.3296 0
      vertex 71.587 56.7912 0
    endloop
  endfacet
  facet normal 0 0 -1
    outer loop
      vertex 62.6526 45.4572 0
      vertex 71.587 56.7912 0
      vertex 63.2941 45.3296 0
    endloop
  endfacet
  facet normal -0 0 -1
    outer loop
      vertex 71.587 56.7912 0
      vertex 62.6526 45.4572 0
      vertex 71.5113 57.0141 0
    endloop
  endfacet
  facet normal 0 0 -1
    outer loop
      vertex 62 45.5 0
      vertex 71.5113 57.0141 0
      vertex 62.6526 45.4572 0
    endloop
  endfacet
  facet normal -0 0 -1
    outer loop
      vertex 71.5113 57.0141 0
      vertex 62 45.5 0
      vertex 71.4654 57.2451 0
    endloop
  endfacet
  facet normal -0 0 -1
    outer loop
      vertex 71.4654 57.2451 0
      vertex 62 45.5 0
      vertex 71.45 57.48 0
    endloop
  endfacet
  facet normal -0 0 -1
    outer loop
      vertex 71.45 57.48 0
      vertex 62 45.5 0
      vertex 71.4654 57.7149 0
    endloop
  endfacet
  facet normal -0 0 -1
    outer loop
      vertex 71.4654 57.7149 0
      vertex 62 45.5 0
      vertex 71.5113 57.9459 0
    endloop
  endfacet
  facet normal -0 0 -1
    outer loop
      vertex 71.5113 57.9459 0
      vertex 62 45.5 0
      vertex 71.587 58.1688 0
    endloop
  endfacet
  facet normal -0 0 -1
    outer loop
      vertex 71.587 58.1688 0
      vertex 62 45.5 0
      vertex 71.6912 58.38 0
    endloop
  endfacet
  facet normal 0 0 -1
    outer loop
      vertex -62 45.5 0
      vertex 71.6912 58.38 0
      vertex 62 45.5 0
    endloop
  endfacet
  facet normal 0 0 -1
    outer loop
      vertex -71.6912 58.38 0
      vertex 71.6912 58.38 0
      vertex -62 45.5 0
    endloop
  endfacet
  facet normal 0 0 -1
    outer loop
      vertex 71.6912 58.38 0
      vertex -71.6912 58.38 0
      vertex 71.822 58.5758 0
    endloop
  endfacet
  facet normal 0 0 -1
    outer loop
      vertex -71.822 58.5758 0
      vertex 71.822 58.5758 0
      vertex -71.6912 58.38 0
    endloop
  endfacet
  facet normal 0 0 -1
    outer loop
      vertex 71.822 58.5758 0
      vertex -71.822 58.5758 0
      vertex 71.9772 58.7528 0
    endloop
  endfacet
  facet normal 0 0 -1
    outer loop
      vertex -71.9772 58.7528 0
      vertex 71.9772 58.7528 0
      vertex -71.822 58.5758 0
    endloop
  endfacet
  facet normal 0 0 -1
    outer loop
      vertex -71.4654 57.2451 0
      vertex -62 45.5 0
      vertex -62.6526 45.4572 0
    endloop
  endfacet
  facet normal 0 0 -1
    outer loop
      vertex -70.7692 -27.9563 0
      vertex -67 -40.5 0
      vertex -70.75 -28.25 0
    endloop
  endfacet
  facet normal 0 0 -1
    outer loop
      vertex -70.8267 -27.6677 0
      vertex -67 -40.5 0
      vertex -70.7692 -27.9563 0
    endloop
  endfacet
  facet normal 0 0 -1
    outer loop
      vertex -70.75 33.75 0
      vertex -67 40.5 0
      vertex -70.75 28.25 0
    endloop
  endfacet
  facet normal 0 0 -1
    outer loop
      vertex -70.7692 34.0437 0
      vertex -67 40.5 0
      vertex -70.75 33.75 0
    endloop
  endfacet
  facet normal 0 0 -1
    outer loop
      vertex -70.8267 34.3323 0
      vertex -67 40.5 0
      vertex -70.7692 34.0437 0
    endloop
  endfacet
  facet normal 0 0 -1
    outer loop
      vertex -70.9213 34.611 0
      vertex -67 40.5 0
      vertex -70.8267 34.3323 0
    endloop
  endfacet
  facet normal 0 0 -1
    outer loop
      vertex -71.0514 34.875 0
      vertex -67 40.5 0
      vertex -70.9213 34.611 0
    endloop
  endfacet
  facet normal 0 0 -1
    outer loop
      vertex -71.215 35.1197 0
      vertex -67 40.5 0
      vertex -71.0514 34.875 0
    endloop
  endfacet
  facet normal 0 0 -1
    outer loop
      vertex -71.409 35.341 0
      vertex -67 40.5 0
      vertex -71.215 35.1197 0
    endloop
  endfacet
  facet normal 0 0 -1
    outer loop
      vertex -71.6303 35.535 0
      vertex -67 40.5 0
      vertex -71.409 35.341 0
    endloop
  endfacet
  facet normal 0 0 -1
    outer loop
      vertex -71.875 35.6986 0
      vertex -67 40.5 0
      vertex -71.6303 35.535 0
    endloop
  endfacet
  facet normal 0 0 -1
    outer loop
      vertex -72.139 35.8287 0
      vertex -67 40.5 0
      vertex -71.875 35.6986 0
    endloop
  endfacet
  facet normal 0 0 -1
    outer loop
      vertex -71.4654 57.2451 0
      vertex -66.6194 42.4134 0
      vertex -66.8296 41.7941 0
    endloop
  endfacet
  facet normal 0 0 -1
    outer loop
      vertex -71.4654 57.2451 0
      vertex -66.3301 43 0
      vertex -66.6194 42.4134 0
    endloop
  endfacet
  facet normal 0 0 -1
    outer loop
      vertex -71.4654 57.2451 0
      vertex -65.9668 43.5438 0
      vertex -66.3301 43 0
    endloop
  endfacet
  facet normal 0 0 -1
    outer loop
      vertex -71.4654 57.2451 0
      vertex -65.5355 44.0355 0
      vertex -65.9668 43.5438 0
    endloop
  endfacet
  facet normal 0 0 -1
    outer loop
      vertex -71.4654 57.2451 0
      vertex -65.0438 44.4668 0
      vertex -65.5355 44.0355 0
    endloop
  endfacet
  facet normal 0 0 -1
    outer loop
      vertex -71.4654 57.2451 0
      vertex -64.5 44.8301 0
      vertex -65.0438 44.4668 0
    endloop
  endfacet
  facet normal 0 0 -1
    outer loop
      vertex -71.4654 57.2451 0
      vertex -63.9134 45.1194 0
      vertex -64.5 44.8301 0
    endloop
  endfacet
  facet normal 0 0 -1
    outer loop
      vertex -71.4654 57.2451 0
      vertex -63.2941 45.3296 0
      vertex -63.9134 45.1194 0
    endloop
  endfacet
  facet normal 0 0 -1
    outer loop
      vertex -71.4654 57.2451 0
      vertex -62.6526 45.4572 0
      vertex -63.2941 45.3296 0
    endloop
  endfacet
  facet normal 0 0 -1
    outer loop
      vertex -62 45.5 0
      vertex -71.45 57.48 0
      vertex -71.4654 57.7149 0
    endloop
  endfacet
  facet normal 0 0 -1
    outer loop
      vertex -62 45.5 0
      vertex -71.4654 57.7149 0
      vertex -71.5113 57.9459 0
    endloop
  endfacet
  facet normal 0 0 -1
    outer loop
      vertex -62 45.5 0
      vertex -71.5113 57.9459 0
      vertex -71.587 58.1688 0
    endloop
  endfacet
  facet normal 0 0 -1
    outer loop
      vertex -62 45.5 0
      vertex -71.587 58.1688 0
      vertex -71.6912 58.38 0
    endloop
  endfacet
  facet normal 0 0 -1
    outer loop
      vertex 71.9772 58.7528 0
      vertex -71.9772 58.7528 0
      vertex 72.1542 58.908 0
    endloop
  endfacet
  facet normal 0 0 -1
    outer loop
      vertex -72.1542 58.908 0
      vertex 72.1542 58.908 0
      vertex -71.9772 58.7528 0
    endloop
  endfacet
  facet normal 0 0 -1
    outer loop
      vertex 72.1542 58.908 0
      vertex -72.1542 58.908 0
      vertex 72.35 59.0388 0
    endloop
  endfacet
  facet normal 0 0 -1
    outer loop
      vertex -72.35 59.0388 0
      vertex 72.35 59.0388 0
      vertex -72.1542 58.908 0
    endloop
  endfacet
  facet normal 0 0 -1
    outer loop
      vertex 72.35 59.0388 0
      vertex -72.35 59.0388 0
      vertex 81 64.5 0
    endloop
  endfacet
  facet normal 0 0 -1
    outer loop
      vertex -81 64.5 0
      vertex -72.35 59.0388 0
      vertex -72.5612 59.143 0
    endloop
  endfacet
  facet normal 0 0 -1
    outer loop
      vertex -81 64.5 0
      vertex -72.5612 59.143 0
      vertex -72.7841 59.2187 0
    endloop
  endfacet
  facet normal 0 0 -1
    outer loop
      vertex -81 64.5 0
      vertex -72.7841 59.2187 0
      vertex -73.0151 59.2646 0
    endloop
  endfacet
  facet normal 0 0 -1
    outer loop
      vertex -81 64.5 0
      vertex -73.0151 59.2646 0
      vertex -73.25 59.28 0
    endloop
  endfacet
  facet normal 0 0 -1
    outer loop
      vertex -81 64.5 0
      vertex -73.25 59.28 0
      vertex -75.65 59.28 0
    endloop
  endfacet
  facet normal 0 0 -1
    outer loop
      vertex -72.35 59.0388 0
      vertex -81 64.5 0
      vertex 81 64.5 0
    endloop
  endfacet
  facet normal 0 0 -1
    outer loop
      vertex -75.8849 59.2646 0
      vertex -81 64.5 0
      vertex -75.65 59.28 0
    endloop
  endfacet
  facet normal 0 0 -1
    outer loop
      vertex -76.1159 59.2187 0
      vertex -81 64.5 0
      vertex -75.8849 59.2646 0
    endloop
  endfacet
  facet normal 0 0 -1
    outer loop
      vertex -76.3388 59.143 0
      vertex -81 64.5 0
      vertex -76.1159 59.2187 0
    endloop
  endfacet
  facet normal 0 0 -1
    outer loop
      vertex -76.55 59.0388 0
      vertex -81 64.5 0
      vertex -76.3388 59.143 0
    endloop
  endfacet
  facet normal 0 0 -1
    outer loop
      vertex -76.7458 58.908 0
      vertex -81 64.5 0
      vertex -76.55 59.0388 0
    endloop
  endfacet
  facet normal 0 0 -1
    outer loop
      vertex -76.9228 58.7528 0
      vertex -81 64.5 0
      vertex -76.7458 58.908 0
    endloop
  endfacet
  facet normal 0 0 -1
    outer loop
      vertex -77.078 58.5758 0
      vertex -81 64.5 0
      vertex -76.9228 58.7528 0
    endloop
  endfacet
  facet normal 0 0 -1
    outer loop
      vertex -77.2088 58.38 0
      vertex -81 64.5 0
      vertex -77.078 58.5758 0
    endloop
  endfacet
  facet normal 0 0 -1
    outer loop
      vertex -85 60.5 0
      vertex -77.2088 58.38 0
      vertex -77.313 58.1688 0
    endloop
  endfacet
  facet normal 0 0 -1
    outer loop
      vertex -85 60.5 0
      vertex -77.313 58.1688 0
      vertex -77.3887 57.9459 0
    endloop
  endfacet
  facet normal 0 0 -1
    outer loop
      vertex -85 60.5 0
      vertex -77.3887 57.9459 0
      vertex -77.4346 57.7149 0
    endloop
  endfacet
  facet normal 0 0 -1
    outer loop
      vertex -85 60.5 0
      vertex -77.4346 57.7149 0
      vertex -77.45 57.48 0
    endloop
  endfacet
  facet normal 0 0 -1
    outer loop
      vertex -77.3887 57.0141 0
      vertex -85 60.5 0
      vertex -77.4346 57.2451 0
    endloop
  endfacet
  facet normal 0 0 -1
    outer loop
      vertex -85 -60.5 0
      vertex -81 -64.5 0
      vertex -81.5221 -64.4658 0
    endloop
  endfacet
  facet normal 0 0 -1
    outer loop
      vertex -77.4346 57.2451 0
      vertex -85 60.5 0
      vertex -77.45 57.48 0
    endloop
  endfacet
  facet normal 0 0 -1
    outer loop
      vertex -85 -60.5 0
      vertex -81.5221 -64.4658 0
      vertex -82.0353 -64.3637 0
    endloop
  endfacet
  facet normal 0 0 -1
    outer loop
      vertex -77.2088 58.38 0
      vertex -85 60.5 0
      vertex -81 64.5 0
    endloop
  endfacet
  facet normal 0 0 -1
    outer loop
      vertex -85 -60.5 0
      vertex -82.0353 -64.3637 0
      vertex -82.5307 -64.1955 0
    endloop
  endfacet
  facet normal 0 0 -1
    outer loop
      vertex -81 64.5 0
      vertex -85 60.5 0
      vertex -81.5221 64.4658 0
    endloop
  endfacet
  facet normal 0 0 -1
    outer loop
      vertex -85 -60.5 0
      vertex -82.5307 -64.1955 0
      vertex -83 -63.9641 0
    endloop
  endfacet
  facet normal 0 0 -1
    outer loop
      vertex -81.5221 64.4658 0
      vertex -85 60.5 0
      vertex -82.0353 64.3637 0
    endloop
  endfacet
  facet normal 0 0 -1
    outer loop
      vertex -85 -60.5 0
      vertex -83 -63.9641 0
      vertex -83.435 -63.6734 0
    endloop
  endfacet
  facet normal 0 0 -1
    outer loop
      vertex -82.0353 64.3637 0
      vertex -85 60.5 0
      vertex -82.5307 64.1955 0
    endloop
  endfacet
  facet normal 0 0 -1
    outer loop
      vertex -85 -60.5 0
      vertex -83.435 -63.6734 0
      vertex -83.8284 -63.3284 0
    endloop
  endfacet
  facet normal 0 0 -1
    outer loop
      vertex -82.5307 64.1955 0
      vertex -85 60.5 0
      vertex -83 63.9641 0
    endloop
  endfacet
  facet normal 0 0 -1
    outer loop
      vertex -85 -60.5 0
      vertex -83.8284 -63.3284 0
      vertex -84.1734 -62.935 0
    endloop
  endfacet
  facet normal 0 0 -1
    outer loop
      vertex -83 63.9641 0
      vertex -85 60.5 0
      vertex -83.435 63.6734 0
    endloop
  endfacet
  facet normal 0 0 -1
    outer loop
      vertex -85 -60.5 0
      vertex -84.1734 -62.935 0
      vertex -84.4641 -62.5 0
    endloop
  endfacet
  facet normal 0 0 -1
    outer loop
      vertex -83.435 63.6734 0
      vertex -85 60.5 0
      vertex -83.8284 63.3284 0
    endloop
  endfacet
  facet normal 0 0 -1
    outer loop
      vertex -85 -60.5 0
      vertex -84.4641 -62.5 0
      vertex -84.6955 -62.0307 0
    endloop
  endfacet
  facet normal 0 0 -1
    outer loop
      vertex -83.8284 63.3284 0
      vertex -85 60.5 0
      vertex -84.1734 62.935 0
    endloop
  endfacet
  facet normal 0 0 -1
    outer loop
      vertex -85 -60.5 0
      vertex -84.6955 -62.0307 0
      vertex -84.8637 -61.5353 0
    endloop
  endfacet
  facet normal 0 0 -1
    outer loop
      vertex -84.1734 62.935 0
      vertex -85 60.5 0
      vertex -84.4641 62.5 0
    endloop
  endfacet
  facet normal 0 0 -1
    outer loop
      vertex -85 -60.5 0
      vertex -84.8637 -61.5353 0
      vertex -84.9658 -61.0221 0
    endloop
  endfacet
  facet normal 0 0 -1
    outer loop
      vertex -84.4641 62.5 0
      vertex -85 60.5 0
      vertex -84.6955 62.0307 0
    endloop
  endfacet
  facet normal 0 0 -1
    outer loop
      vertex -84.6955 62.0307 0
      vertex -85 60.5 0
      vertex -84.8637 61.5353 0
    endloop
  endfacet
  facet normal 0 0 -1
    outer loop
      vertex -84.8637 61.5353 0
      vertex -85 60.5 0
      vertex -84.9658 61.0221 0
    endloop
  endfacet
  facet normal 0 0 -1
    outer loop
      vertex 85 60.5 0
      vertex 76.9228 56.2072 0
      vertex 77.078 56.3842 0
    endloop
  endfacet
  facet normal 0 0 -1
    outer loop
      vertex 85 60.5 0
      vertex 74.785 35.1197 0
      vertex 76.9228 56.2072 0
    endloop
  endfacet
  facet normal 0 0 -1
    outer loop
      vertex 76.9228 56.2072 0
      vertex 74.785 35.1197 0
      vertex 76.7458 56.052 0
    endloop
  endfacet
  facet normal 0 0 -1
    outer loop
      vertex 74.591 35.341 0
      vertex 76.7458 56.052 0
      vertex 74.785 35.1197 0
    endloop
  endfacet
  facet normal 0 0 -1
    outer loop
      vertex 76.7458 56.052 0
      vertex 74.591 35.341 0
      vertex 76.55 55.9212 0
    endloop
  endfacet
  facet normal 0 0 -1
    outer loop
      vertex 74.3697 35.535 0
      vertex 76.55 55.9212 0
      vertex 74.591 35.341 0
    endloop
  endfacet
  facet normal 0 0 -1
    outer loop
      vertex 76.55 55.9212 0
      vertex 74.3697 35.535 0
      vertex 76.3388 55.817 0
    endloop
  endfacet
  facet normal 0 0 -1
    outer loop
      vertex 74.125 35.6986 0
      vertex 76.3388 55.817 0
      vertex 74.3697 35.535 0
    endloop
  endfacet
  facet normal 0 0 -1
    outer loop
      vertex 76.3388 55.817 0
      vertex 74.125 35.6986 0
      vertex 76.1159 55.7413 0
    endloop
  endfacet
  facet normal 0 0 -1
    outer loop
      vertex 73.861 35.8287 0
      vertex 76.1159 55.7413 0
      vertex 74.125 35.6986 0
    endloop
  endfacet
  facet normal 0 0 -1
    outer loop
      vertex 76.1159 55.7413 0
      vertex 73.861 35.8287 0
      vertex 75.8849 55.6954 0
    endloop
  endfacet
  facet normal 0 0 -1
    outer loop
      vertex 73.5823 35.9233 0
      vertex 75.8849 55.6954 0
      vertex 73.861 35.8287 0
    endloop
  endfacet
  facet normal 0 0 -1
    outer loop
      vertex 75.8849 55.6954 0
      vertex 73.5823 35.9233 0
      vertex 75.65 55.68 0
    endloop
  endfacet
  facet normal 0 0 -1
    outer loop
      vertex 66.8296 41.7941 0
      vertex 73.5823 35.9233 0
      vertex 73.2937 35.9808 0
    endloop
  endfacet
  facet normal 0 0 -1
    outer loop
      vertex 66.6194 42.4134 0
      vertex 73.5823 35.9233 0
      vertex 66.8296 41.7941 0
    endloop
  endfacet
  facet normal 0 0 -1
    outer loop
      vertex 66.8296 41.7941 0
      vertex 73.2937 35.9808 0
      vertex 73 36 0
    endloop
  endfacet
  facet normal 0 0 -1
    outer loop
      vertex 73.5823 35.9233 0
      vertex 66.6194 42.4134 0
      vertex 75.65 55.68 0
    endloop
  endfacet
  facet normal 0 0 -1
    outer loop
      vertex 66.8296 41.7941 0
      vertex 73 36 0
      vertex 72.7063 35.9808 0
    endloop
  endfacet
  facet normal 0 0 -1
    outer loop
      vertex 66.3301 43 0
      vertex 75.65 55.68 0
      vertex 66.6194 42.4134 0
    endloop
  endfacet
  facet normal 0 0 -1
    outer loop
      vertex 66.8296 41.7941 0
      vertex 72.7063 35.9808 0
      vertex 72.4177 35.9233 0
    endloop
  endfacet
  facet normal -0 0 -1
    outer loop
      vertex 75.65 55.68 0
      vertex 66.3301 43 0
      vertex 73.25 55.68 0
    endloop
  endfacet
  facet normal 0 0 -1
    outer loop
      vertex 66.8296 41.7941 0
      vertex 72.4177 35.9233 0
      vertex 72.139 35.8287 0
    endloop
  endfacet
  facet normal 0 0 -1
    outer loop
      vertex 65.9668 43.5438 0
      vertex 73.25 55.68 0
      vertex 66.3301 43 0
    endloop
  endfacet
  facet normal 0 0 -1
    outer loop
      vertex 66.8296 41.7941 0
      vertex 72.139 35.8287 0
      vertex 71.875 35.6986 0
    endloop
  endfacet
  facet normal -0 0 -1
    outer loop
      vertex 73.25 55.68 0
      vertex 65.9668 43.5438 0
      vertex 73.0151 55.6954 0
    endloop
  endfacet
  facet normal 0 0 -1
    outer loop
      vertex 66.8296 41.7941 0
      vertex 71.875 35.6986 0
      vertex 71.6303 35.535 0
    endloop
  endfacet
  facet normal -0 0 -1
    outer loop
      vertex 73.0151 55.6954 0
      vertex 65.9668 43.5438 0
      vertex 72.7841 55.7413 0
    endloop
  endfacet
  facet normal 0 0 -1
    outer loop
      vertex 66.8296 41.7941 0
      vertex 71.6303 35.535 0
      vertex 71.409 35.341 0
    endloop
  endfacet
  facet normal 0 0 -1
    outer loop
      vertex 65.5355 44.0355 0
      vertex 72.7841 55.7413 0
      vertex 65.9668 43.5438 0
    endloop
  endfacet
  facet normal 0 0 -1
    outer loop
      vertex 66.8296 41.7941 0
      vertex 71.409 35.341 0
      vertex 71.215 35.1197 0
    endloop
  endfacet
  facet normal -0 0 -1
    outer loop
      vertex 72.7841 55.7413 0
      vertex 65.5355 44.0355 0
      vertex 72.5612 55.817 0
    endloop
  endfacet
  facet normal 0 0 -1
    outer loop
      vertex 65.0438 44.4668 0
      vertex 72.5612 55.817 0
      vertex 65.5355 44.0355 0
    endloop
  endfacet
  facet normal -0 0 -1
    outer loop
      vertex 72.5612 55.817 0
      vertex 65.0438 44.4668 0
      vertex 72.35 55.9212 0
    endloop
  endfacet
  facet normal 0 0 -1
    outer loop
      vertex 64.5 44.8301 0
      vertex 72.35 55.9212 0
      vertex 65.0438 44.4668 0
    endloop
  endfacet
  facet normal 0.997861 -0.0653646 0
    outer loop
      vertex 84.9658 -61.0221 3.2
      vertex 85 -60.5 0
      vertex 85 -60.5 3.2
    endloop
  endfacet
  facet normal 0.997861 -0.0653646 0
    outer loop
      vertex 85 -60.5 0
      vertex 84.9658 -61.0221 3.2
      vertex 84.9658 -61.0221 0
    endloop
  endfacet
  facet normal 0.442238 -0.896898 0
    outer loop
      vertex 82.5307 -64.1955 0
      vertex 83 -63.9641 3.2
      vertex 82.5307 -64.1955 3.2
    endloop
  endfacet
  facet normal 0.442238 -0.896898 0
    outer loop
      vertex 83 -63.9641 3.2
      vertex 82.5307 -64.1955 0
      vertex 83 -63.9641 0
    endloop
  endfacet
  facet normal -0.946941 0.321407 0
    outer loop
      vertex 66.6194 -42.4134 0
      vertex 66.8296 -41.7941 3.2
      vertex 66.8296 -41.7941 0
    endloop
  endfacet
  facet normal -0.946941 0.321407 0
    outer loop
      vertex 66.8296 -41.7941 3.2
      vertex 66.6194 -42.4134 0
      vertex 66.6194 -42.4134 3.2
    endloop
  endfacet
  facet normal -0.321407 0.946941 0
    outer loop
      vertex 63.9134 -45.1194 0
      vertex 63.2941 -45.3296 3.2
      vertex 63.9134 -45.1194 3.2
    endloop
  endfacet
  facet normal -0.321407 0.946941 0
    outer loop
      vertex 63.2941 -45.3296 3.2
      vertex 63.9134 -45.1194 0
      vertex 63.2941 -45.3296 0
    endloop
  endfacet
  facet normal 0 1 -0
    outer loop
      vertex 62 -45.5 0
      vertex -62 -45.5 3.2
      vertex 62 -45.5 3.2
    endloop
  endfacet
  facet normal 0 1 0
    outer loop
      vertex -62 -45.5 3.2
      vertex 62 -45.5 0
      vertex -62 -45.5 0
    endloop
  endfacet
  facet normal -0.195087 0.980786 0
    outer loop
      vertex 63.2941 -45.3296 0
      vertex 62.6526 -45.4572 3.2
      vertex 63.2941 -45.3296 3.2
    endloop
  endfacet
  facet normal -0.195087 0.980786 0
    outer loop
      vertex 62.6526 -45.4572 3.2
      vertex 63.2941 -45.3296 0
      vertex 62.6526 -45.4572 0
    endloop
  endfacet
  facet normal -0.0654432 0.997856 0
    outer loop
      vertex 62.6526 -45.4572 0
      vertex 62 -45.5 3.2
      vertex 62.6526 -45.4572 3.2
    endloop
  endfacet
  facet normal -0.0654432 0.997856 0
    outer loop
      vertex 62 -45.5 3.2
      vertex 62.6526 -45.4572 0
      vertex 62 -45.5 0
    endloop
  endfacet
  facet normal 0.321407 0.946941 -0
    outer loop
      vertex -63.2941 -45.3296 0
      vertex -63.9134 -45.1194 3.2
      vertex -63.2941 -45.3296 3.2
    endloop
  endfacet
  facet normal 0.321407 0.946941 0
    outer loop
      vertex -63.9134 -45.1194 3.2
      vertex -63.2941 -45.3296 0
      vertex -63.9134 -45.1194 0
    endloop
  endfacet
  facet normal 0.555512 0.831509 -0
    outer loop
      vertex -64.5 -44.8301 0
      vertex -65.0438 -44.4668 3.2
      vertex -64.5 -44.8301 3.2
    endloop
  endfacet
  facet normal 0.555512 0.831509 0
    outer loop
      vertex -65.0438 -44.4668 3.2
      vertex -64.5 -44.8301 0
      vertex -65.0438 -44.4668 0
    endloop
  endfacet
  facet normal 0.555512 -0.831509 0
    outer loop
      vertex -65.0438 44.4668 0
      vertex -64.5 44.8301 3.2
      vertex -65.0438 44.4668 3.2
    endloop
  endfacet
  facet normal 0.555512 -0.831509 0
    outer loop
      vertex -64.5 44.8301 3.2
      vertex -65.0438 44.4668 0
      vertex -64.5 44.8301 0
    endloop
  endfacet
  facet normal -0.442314 -0.89686 0
    outer loop
      vertex 63.9134 45.1194 0
      vertex 64.5 44.8301 3.2
      vertex 63.9134 45.1194 3.2
    endloop
  endfacet
  facet normal -0.442314 -0.89686 -0
    outer loop
      vertex 64.5 44.8301 3.2
      vertex 63.9134 45.1194 0
      vertex 64.5 44.8301 0
    endloop
  endfacet
  facet normal 0.442314 0.89686 -0
    outer loop
      vertex -63.9134 -45.1194 0
      vertex -64.5 -44.8301 3.2
      vertex -63.9134 -45.1194 3.2
    endloop
  endfacet
  facet normal 0.442314 0.89686 0
    outer loop
      vertex -64.5 -44.8301 3.2
      vertex -63.9134 -45.1194 0
      vertex -64.5 -44.8301 0
    endloop
  endfacet
  facet normal -1 0 0
    outer loop
      vertex 67 -40.5 0
      vertex 67 40.5 3.2
      vertex 67 40.5 0
    endloop
  endfacet
  facet normal -1 -0 0
    outer loop
      vertex 67 40.5 3.2
      vertex 67 -40.5 0
      vertex 67 -40.5 3.2
    endloop
  endfacet
  facet normal 1 -0 0
    outer loop
      vertex -67 -40.5 3.2
      vertex -67 40.5 0
      vertex -67 40.5 3.2
    endloop
  endfacet
  facet normal 1 0 0
    outer loop
      vertex -67 40.5 0
      vertex -67 -40.5 3.2
      vertex -67 -40.5 0
    endloop
  endfacet
  facet normal 0.946941 -0.321407 0
    outer loop
      vertex -66.8296 41.7941 3.2
      vertex -66.6194 42.4134 0
      vertex -66.6194 42.4134 3.2
    endloop
  endfacet
  facet normal 0.946941 -0.321407 0
    outer loop
      vertex -66.6194 42.4134 0
      vertex -66.8296 41.7941 3.2
      vertex -66.8296 41.7941 0
    endloop
  endfacet
  facet normal 0.195087 0.980786 -0
    outer loop
      vertex -62.6526 -45.4572 0
      vertex -63.2941 -45.3296 3.2
      vertex -62.6526 -45.4572 3.2
    endloop
  endfacet
  facet normal 0.195087 0.980786 0
    outer loop
      vertex -63.2941 -45.3296 3.2
      vertex -62.6526 -45.4572 0
      vertex -63.2941 -45.3296 0
    endloop
  endfacet
  facet normal 0.0654432 0.997856 -0
    outer loop
      vertex -62 -45.5 0
      vertex -62.6526 -45.4572 3.2
      vertex -62 -45.5 3.2
    endloop
  endfacet
  facet normal 0.0654432 0.997856 0
    outer loop
      vertex -62.6526 -45.4572 3.2
      vertex -62 -45.5 0
      vertex -62.6526 -45.4572 0
    endloop
  endfacet
  facet normal -0.659424 -0.751771 0
    outer loop
      vertex 65.0438 44.4668 0
      vertex 65.5355 44.0355 3.2
      vertex 65.0438 44.4668 3.2
    endloop
  endfacet
  facet normal -0.659424 -0.751771 -0
    outer loop
      vertex 65.5355 44.0355 3.2
      vertex 65.0438 44.4668 0
      vertex 65.5355 44.0355 0
    endloop
  endfacet
  facet normal 0.659424 -0.751771 0
    outer loop
      vertex -65.5355 44.0355 0
      vertex -65.0438 44.4668 3.2
      vertex -65.5355 44.0355 3.2
    endloop
  endfacet
  facet normal 0.659424 -0.751771 0
    outer loop
      vertex -65.0438 44.4668 3.2
      vertex -65.5355 44.0355 0
      vertex -65.0438 44.4668 0
    endloop
  endfacet
  facet normal 0.89686 0.442314 0
    outer loop
      vertex -66.3301 -43 3.2
      vertex -66.6194 -42.4134 0
      vertex -66.6194 -42.4134 3.2
    endloop
  endfacet
  facet normal 0.89686 0.442314 0
    outer loop
      vertex -66.6194 -42.4134 0
      vertex -66.3301 -43 3.2
      vertex -66.3301 -43 0
    endloop
  endfacet
  facet normal 0 -1 0
    outer loop
      vertex -62 45.5 0
      vertex 62 45.5 3.2
      vertex -62 45.5 3.2
    endloop
  endfacet
  facet normal 0 -1 -0
    outer loop
      vertex 62 45.5 3.2
      vertex -62 45.5 0
      vertex 62 45.5 0
    endloop
  endfacet
  facet normal 0.831509 -0.555512 0
    outer loop
      vertex -66.3301 43 3.2
      vertex -65.9668 43.5438 0
      vertex -65.9668 43.5438 3.2
    endloop
  endfacet
  facet normal 0.831509 -0.555512 0
    outer loop
      vertex -65.9668 43.5438 0
      vertex -66.3301 43 3.2
      vertex -66.3301 43 0
    endloop
  endfacet
  facet normal 0.980786 0.195087 0
    outer loop
      vertex -66.8296 -41.7941 3.2
      vertex -66.9572 -41.1526 0
      vertex -66.9572 -41.1526 3.2
    endloop
  endfacet
  facet normal 0.980786 0.195087 0
    outer loop
      vertex -66.9572 -41.1526 0
      vertex -66.8296 -41.7941 3.2
      vertex -66.8296 -41.7941 0
    endloop
  endfacet
  facet normal 0.751771 0.659424 0
    outer loop
      vertex -65.5355 -44.0355 3.2
      vertex -65.9668 -43.5438 0
      vertex -65.9668 -43.5438 3.2
    endloop
  endfacet
  facet normal 0.751771 0.659424 0
    outer loop
      vertex -65.9668 -43.5438 0
      vertex -65.5355 -44.0355 3.2
      vertex -65.5355 -44.0355 0
    endloop
  endfacet
  facet normal 0.946941 0.321407 0
    outer loop
      vertex -66.6194 -42.4134 3.2
      vertex -66.8296 -41.7941 0
      vertex -66.8296 -41.7941 3.2
    endloop
  endfacet
  facet normal 0.946941 0.321407 0
    outer loop
      vertex -66.8296 -41.7941 0
      vertex -66.6194 -42.4134 3.2
      vertex -66.6194 -42.4134 0
    endloop
  endfacet
  facet normal 0.321407 -0.946941 0
    outer loop
      vertex -63.9134 45.1194 0
      vertex -63.2941 45.3296 3.2
      vertex -63.9134 45.1194 3.2
    endloop
  endfacet
  facet normal 0.321407 -0.946941 0
    outer loop
      vertex -63.2941 45.3296 3.2
      vertex -63.9134 45.1194 0
      vertex -63.2941 45.3296 0
    endloop
  endfacet
  facet normal 0.0654432 -0.997856 0
    outer loop
      vertex -62.6526 45.4572 0
      vertex -62 45.5 3.2
      vertex -62.6526 45.4572 3.2
    endloop
  endfacet
  facet normal 0.0654432 -0.997856 0
    outer loop
      vertex -62 45.5 3.2
      vertex -62.6526 45.4572 0
      vertex -62 45.5 0
    endloop
  endfacet
  facet normal -0.195087 -0.980786 0
    outer loop
      vertex 62.6526 45.4572 0
      vertex 63.2941 45.3296 3.2
      vertex 62.6526 45.4572 3.2
    endloop
  endfacet
  facet normal -0.195087 -0.980786 -0
    outer loop
      vertex 63.2941 45.3296 3.2
      vertex 62.6526 45.4572 0
      vertex 63.2941 45.3296 0
    endloop
  endfacet
  facet normal 0.980786 -0.195087 0
    outer loop
      vertex -66.9572 41.1526 3.2
      vertex -66.8296 41.7941 0
      vertex -66.8296 41.7941 3.2
    endloop
  endfacet
  facet normal 0.980786 -0.195087 0
    outer loop
      vertex -66.8296 41.7941 0
      vertex -66.9572 41.1526 3.2
      vertex -66.9572 41.1526 0
    endloop
  endfacet
  facet normal -0.89686 -0.442314 0
    outer loop
      vertex 66.6194 42.4134 0
      vertex 66.3301 43 3.2
      vertex 66.3301 43 0
    endloop
  endfacet
  facet normal -0.89686 -0.442314 0
    outer loop
      vertex 66.3301 43 3.2
      vertex 66.6194 42.4134 0
      vertex 66.6194 42.4134 3.2
    endloop
  endfacet
  facet normal 0.751771 -0.659424 0
    outer loop
      vertex -65.9668 43.5438 3.2
      vertex -65.5355 44.0355 0
      vertex -65.5355 44.0355 3.2
    endloop
  endfacet
  facet normal 0.751771 -0.659424 0
    outer loop
      vertex -65.5355 44.0355 0
      vertex -65.9668 43.5438 3.2
      vertex -65.9668 43.5438 0
    endloop
  endfacet
  facet normal -0.321407 -0.946941 0
    outer loop
      vertex 63.2941 45.3296 0
      vertex 63.9134 45.1194 3.2
      vertex 63.2941 45.3296 3.2
    endloop
  endfacet
  facet normal -0.321407 -0.946941 -0
    outer loop
      vertex 63.9134 45.1194 3.2
      vertex 63.2941 45.3296 0
      vertex 63.9134 45.1194 0
    endloop
  endfacet
  facet normal 0.195087 -0.980786 0
    outer loop
      vertex -63.2941 45.3296 0
      vertex -62.6526 45.4572 3.2
      vertex -63.2941 45.3296 3.2
    endloop
  endfacet
  facet normal 0.195087 -0.980786 0
    outer loop
      vertex -62.6526 45.4572 3.2
      vertex -63.2941 45.3296 0
      vertex -62.6526 45.4572 0
    endloop
  endfacet
  facet normal -0.980786 0.195087 0
    outer loop
      vertex 66.8296 -41.7941 0
      vertex 66.9572 -41.1526 3.2
      vertex 66.9572 -41.1526 0
    endloop
  endfacet
  facet normal -0.980786 0.195087 0
    outer loop
      vertex 66.9572 -41.1526 3.2
      vertex 66.8296 -41.7941 0
      vertex 66.8296 -41.7941 3.2
    endloop
  endfacet
  facet normal -0.946941 -0.321407 0
    outer loop
      vertex 66.8296 41.7941 0
      vertex 66.6194 42.4134 3.2
      vertex 66.6194 42.4134 0
    endloop
  endfacet
  facet normal -0.946941 -0.321407 0
    outer loop
      vertex 66.6194 42.4134 3.2
      vertex 66.8296 41.7941 0
      vertex 66.8296 41.7941 3.2
    endloop
  endfacet
  facet normal 0.659424 0.751771 -0
    outer loop
      vertex -65.0438 -44.4668 0
      vertex -65.5355 -44.0355 3.2
      vertex -65.0438 -44.4668 3.2
    endloop
  endfacet
  facet normal 0.659424 0.751771 0
    outer loop
      vertex -65.5355 -44.0355 3.2
      vertex -65.0438 -44.4668 0
      vertex -65.5355 -44.0355 0
    endloop
  endfacet
  facet normal -0.831509 -0.555512 0
    outer loop
      vertex 66.3301 43 0
      vertex 65.9668 43.5438 3.2
      vertex 65.9668 43.5438 0
    endloop
  endfacet
  facet normal -0.831509 -0.555512 0
    outer loop
      vertex 65.9668 43.5438 3.2
      vertex 66.3301 43 0
      vertex 66.3301 43 3.2
    endloop
  endfacet
  facet normal 0.442314 -0.89686 0
    outer loop
      vertex -64.5 44.8301 0
      vertex -63.9134 45.1194 3.2
      vertex -64.5 44.8301 3.2
    endloop
  endfacet
  facet normal 0.442314 -0.89686 0
    outer loop
      vertex -63.9134 45.1194 3.2
      vertex -64.5 44.8301 0
      vertex -63.9134 45.1194 0
    endloop
  endfacet
  facet normal 0.89686 -0.442314 0
    outer loop
      vertex -66.6194 42.4134 3.2
      vertex -66.3301 43 0
      vertex -66.3301 43 3.2
    endloop
  endfacet
  facet normal 0.89686 -0.442314 0
    outer loop
      vertex -66.3301 43 0
      vertex -66.6194 42.4134 3.2
      vertex -66.6194 42.4134 0
    endloop
  endfacet
  facet normal -0.555512 -0.831509 0
    outer loop
      vertex 64.5 44.8301 0
      vertex 65.0438 44.4668 3.2
      vertex 64.5 44.8301 3.2
    endloop
  endfacet
  facet normal -0.555512 -0.831509 -0
    outer loop
      vertex 65.0438 44.4668 3.2
      vertex 64.5 44.8301 0
      vertex 65.0438 44.4668 0
    endloop
  endfacet
  facet normal -0.659424 0.751771 0
    outer loop
      vertex 65.5355 -44.0355 0
      vertex 65.0438 -44.4668 3.2
      vertex 65.5355 -44.0355 3.2
    endloop
  endfacet
  facet normal -0.659424 0.751771 0
    outer loop
      vertex 65.0438 -44.4668 3.2
      vertex 65.5355 -44.0355 0
      vertex 65.0438 -44.4668 0
    endloop
  endfacet
  facet normal -0.555512 0.831509 0
    outer loop
      vertex 65.0438 -44.4668 0
      vertex 64.5 -44.8301 3.2
      vertex 65.0438 -44.4668 3.2
    endloop
  endfacet
  facet normal -0.555512 0.831509 0
    outer loop
      vertex 64.5 -44.8301 3.2
      vertex 65.0438 -44.4668 0
      vertex 64.5 -44.8301 0
    endloop
  endfacet
  facet normal -0.0654432 -0.997856 0
    outer loop
      vertex 62 45.5 0
      vertex 62.6526 45.4572 3.2
      vertex 62 45.5 3.2
    endloop
  endfacet
  facet normal -0.0654432 -0.997856 -0
    outer loop
      vertex 62.6526 45.4572 3.2
      vertex 62 45.5 0
      vertex 62.6526 45.4572 0
    endloop
  endfacet
  facet normal 0.997856 -0.0654432 0
    outer loop
      vertex -67 40.5 3.2
      vertex -66.9572 41.1526 0
      vertex -66.9572 41.1526 3.2
    endloop
  endfacet
  facet normal 0.997856 -0.0654432 0
    outer loop
      vertex -66.9572 41.1526 0
      vertex -67 40.5 3.2
      vertex -67 40.5 0
    endloop
  endfacet
  facet normal -0.997856 -0.0654432 0
    outer loop
      vertex 67 40.5 0
      vertex 66.9572 41.1526 3.2
      vertex 66.9572 41.1526 0
    endloop
  endfacet
  facet normal -0.997856 -0.0654432 0
    outer loop
      vertex 66.9572 41.1526 3.2
      vertex 67 40.5 0
      vertex 67 40.5 3.2
    endloop
  endfacet
  facet normal -0.89686 0.442314 0
    outer loop
      vertex 66.3301 -43 0
      vertex 66.6194 -42.4134 3.2
      vertex 66.6194 -42.4134 0
    endloop
  endfacet
  facet normal -0.89686 0.442314 0
    outer loop
      vertex 66.6194 -42.4134 3.2
      vertex 66.3301 -43 0
      vertex 66.3301 -43 3.2
    endloop
  endfacet
  facet normal -0.751771 -0.659424 0
    outer loop
      vertex 65.9668 43.5438 0
      vertex 65.5355 44.0355 3.2
      vertex 65.5355 44.0355 0
    endloop
  endfacet
  facet normal -0.751771 -0.659424 0
    outer loop
      vertex 65.5355 44.0355 3.2
      vertex 65.9668 43.5438 0
      vertex 65.9668 43.5438 3.2
    endloop
  endfacet
  facet normal 0.831509 0.555512 0
    outer loop
      vertex -65.9668 -43.5438 3.2
      vertex -66.3301 -43 0
      vertex -66.3301 -43 3.2
    endloop
  endfacet
  facet normal 0.831509 0.555512 0
    outer loop
      vertex -66.3301 -43 0
      vertex -65.9668 -43.5438 3.2
      vertex -65.9668 -43.5438 0
    endloop
  endfacet
  facet normal -0.980786 -0.195087 0
    outer loop
      vertex 66.9572 41.1526 0
      vertex 66.8296 41.7941 3.2
      vertex 66.8296 41.7941 0
    endloop
  endfacet
  facet normal -0.980786 -0.195087 0
    outer loop
      vertex 66.8296 41.7941 3.2
      vertex 66.9572 41.1526 0
      vertex 66.9572 41.1526 3.2
    endloop
  endfacet
  facet normal 0.997856 0.0654432 0
    outer loop
      vertex -66.9572 -41.1526 3.2
      vertex -67 -40.5 0
      vertex -67 -40.5 3.2
    endloop
  endfacet
  facet normal 0.997856 0.0654432 0
    outer loop
      vertex -67 -40.5 0
      vertex -66.9572 -41.1526 3.2
      vertex -66.9572 -41.1526 0
    endloop
  endfacet
  facet normal -0.751771 0.659424 0
    outer loop
      vertex 65.5355 -44.0355 0
      vertex 65.9668 -43.5438 3.2
      vertex 65.9668 -43.5438 0
    endloop
  endfacet
  facet normal -0.751771 0.659424 0
    outer loop
      vertex 65.9668 -43.5438 3.2
      vertex 65.5355 -44.0355 0
      vertex 65.5355 -44.0355 3.2
    endloop
  endfacet
  facet normal -0.997856 0.0654432 0
    outer loop
      vertex 66.9572 -41.1526 0
      vertex 67 -40.5 3.2
      vertex 67 -40.5 0
    endloop
  endfacet
  facet normal -0.997856 0.0654432 0
    outer loop
      vertex 67 -40.5 3.2
      vertex 66.9572 -41.1526 0
      vertex 66.9572 -41.1526 3.2
    endloop
  endfacet
  facet normal -0.831509 0.555512 0
    outer loop
      vertex 65.9668 -43.5438 0
      vertex 66.3301 -43 3.2
      vertex 66.3301 -43 0
    endloop
  endfacet
  facet normal -0.831509 0.555512 0
    outer loop
      vertex 66.3301 -43 3.2
      vertex 65.9668 -43.5438 0
      vertex 65.9668 -43.5438 3.2
    endloop
  endfacet
  facet normal -0.442314 0.89686 0
    outer loop
      vertex 64.5 -44.8301 0
      vertex 63.9134 -45.1194 3.2
      vertex 64.5 -44.8301 3.2
    endloop
  endfacet
  facet normal -0.442314 0.89686 0
    outer loop
      vertex 63.9134 -45.1194 3.2
      vertex 64.5 -44.8301 0
      vertex 63.9134 -45.1194 0
    endloop
  endfacet
endsolid OpenSCAD_Model
